index,inno_destination,output_path,size,solid_offset,sha1,sha256,modified_utc,file_flags,storage_flags
0,{app}\aeroion_prg_sout.dot,app/aeroion_prg_sout.dot,277504,0,73623d867535fa85299299de49203acf40fa8fef,89e0bda2baa7eb22adbc4c84266c0a31b8d287c9d8af78577e61c64fe7002e4b,2025-12-02T16:45:08+00:00,33685504,128
1,{app}\apfd_prg2019_sout.dot,app/apfd_prg2019_sout.dot,849920,277504,9b0d79e059f5a155b985a21a2e8a7b42e4dcf671,ee70dacd0365d62835550a81b1b889d25f8fbb7475ed2be3c28968563f23663e,2026-08-14T11:08:50+00:00,33685504,128
2,{app}\apfd_prg_sout.dot,app/apfd_prg_sout.dot,879104,1127424,53aec0f36cae5f607ec712992dee684ecf0e4287,c5ffd2be3689b16cb240d0875b79a6c0cb7a26a2ba8ec7f22cd72077c665ec76,2026-08-25T16:51:06+00:00,33685504,128
3,{app}\Attestation51.dot,app/Attestation51.dot,20122624,2006528,d5fe1f50f75dc6a1be28a333848beea93889a8e3,2675ae9bc5678b831991f9b70f9150ef3ed39ac96e2e3cc6432c1d3aab5a39a6,2026-09-29T09:31:40+00:00,33685504,128
4,{app}\attstart51.exe,app/attstart51.exe,794624,22129152,e42d6d5a6a599eea0a4cc030c1355596549a8d96,68ace4b0a756c9293c6d8822da2808f5c0e9a1453408e5185b378f2b2d0f7732,2014-04-04T08:20:00+00:00,33685504,144
5,{app}\bio.mdb,app/bio.mdb,430080,22923776,48e4bb7c853ed9f5515bc2306e8efd7f1eefdb2f,90f80ba94df33505d490622f86a3177781331ae50904090c59ee6aaceef61b06,2024-09-12T13:24:18+00:00,33685504,128
6,{app}\biomats.xml,app/biomats.xml,65182,23353856,e693dc566fe4508fc24bfa0640c1e29ee5939dfb,f380c2b37fcac7abcd3651aae577328656f8c968336ce00ec351a04494cb22b6,2015-04-27T13:11:18+00:00,33685504,128
7,{app}\bio_prg2_sout.dot,app/bio_prg2_sout.dot,223232,23419038,77cab0925b52e9b5da2ed2d1d8fa46cc6ef4e3ef,cae4cb7385bcc9d4ca1d27c2bd964e80dadb58aa5195502983ff64c5b257a7b9,2025-08-25T08:35:46+00:00,33685504,128
8,{app}\bio_prg_sout.dot,app/bio_prg_sout.dot,149504,23642270,bcfd3985a9551ef0086f6fd4c47ecf445cf5bbd2,8a1711bda038a68d7a20d39040116a3a7fa30ac31d99dfb53422988d1df6346d,2025-04-25T10:16:56+00:00,33685504,128
9,{app}\card_hron_prg.dot,app/card_hron_prg.dot,178176,23791774,88a96a03fb784b683fac5936a81ee0e13e9d9eba,4033892b7b1f3a5587a1c8181ce28432f50ba40d336f2210aef5715833ab1557,2024-09-17T11:49:10+00:00,33685504,128
10,{app}\card_hron_prg2.dot,app/card_hron_prg2.dot,214528,23969950,83cdedb93fd052edf10a7ecd88d6fef67db3bbbd,7bb770d2977b9abf6995dc1069a9daea408ddb3c5b28669ed96fdcc38c7254a5,2024-11-21T09:16:44+00:00,33685504,128
11,{app}\card_siz2023.dot,app/card_siz2023.dot,430080,24184478,59b803ae2d231f04922f21b731c1858a930f839d,8f2b6a419e699c8174becde5c7181c8eebee389e037d0bfa16684a3b7c03b9cb,2023-12-12T09:50:54+00:00,33685504,128
12,{app}\critical_update_off2016.exe,app/critical_update_off2016.exe,707925,24614558,fd7c771f56bd605f03a259f18dad40a1fa3c2a69,532a9186da524be68e21bde50feabded66386c7d1ba10ff2750236b6aad5f2de,2017-07-26T10:14:10+00:00,33685504,144
13,{app}\critical_update_off365_16.exe,app/critical_update_off365_16.exe,780492,25322483,9d329900591a4f27d12b5c8d586984bacc028f77,400b542f5bc7e930f0021d10556cf1ea3d95951d4b1a5d022896794cd488092c,2019-06-27T13:25:42+00:00,33685504,144
14,{app}\dangers.mdb,app/dangers.mdb,180224,26102975,245f6c4faf1d6a2669aadbad29804735929e65ec,840fe84a096b40a5ced0c9ee5c3dc800330556f8a9a8e6531f63f6d65b58c390,2020-12-08T08:20:26+00:00,33685504,128
15,{app}\DataBase.mdb,app/DataBase.mdb,10477568,26283199,b7641d0c2c32172d3ba7b82bdedd319a8cb8e8bd,cdc473b1b70b20bcc4d679ac86031d8252582b18e68317003b4aab050b9566c9,2026-06-25T10:21:48+00:00,33685504,128
16,{app}\declare_prg.dot,app/declare_prg.dot,35328,36760767,e32a65432b2da4650132393fb06f71d7fcd9a229,a8da6f5acfd1b71030747f2d16e453477c7a61e3ce558a45c3960345c724955d,2014-06-17T18:29:30+00:00,33685504,128
17,{app}\declare_prg2.dot,app/declare_prg2.dot,39936,36796095,6e61ee67933df0f03bb5b80b7adb4030850b325e,aa1b4da9adb98709597a554307dd13b2820e8b50245b6490ea879034624570ae,2023-04-13T13:11:38+00:00,33685504,128
18,{app}\diag_att_ctls5.exe,app/diag_att_ctls5.exe,45056,36836031,e9c5143c7f5ec44a623787b0d6aabdbc66c50ee0,dc1ef8299c3ea864d894da6ece55b41645871c425bbb232329babc4017016c25,2011-07-14T12:11:52+00:00,33685504,144
19,{app}\dic_napr51.mdb,app/dic_napr51.mdb,212992,36881087,946e07066afc7a33efd3c7a807c9013d3c727d5a,313839769c408b0b13f4bc2725aeb0fc45fdd98ab3d314e02d181e79849505ee,2015-02-27T11:18:24+00:00,33685504,128
20,{app}\dic_siz.mdb,app/dic_siz.mdb,135168,37094079,af32f906ecd8312f020a6f7b6146049dbd4b7aaa,0a6942baa52e785bd8abd1e3a1b80ddc9b051fca04ba34b8cf11dadefaa1d971,2013-03-28T09:54:40+00:00,33685504,128
21,{app}\dic_tyag51.mdb,app/dic_tyag51.mdb,212992,37229247,1db0f800629aff88e37d1bfb266a2fc798d64775,8d2b7435bdc947fa2dff2bc9100bb4df8571ebd15a420afda56b5644ef64ee66,2015-02-27T11:18:14+00:00,33685504,128
22,{app}\dopl_prg.dot,app/dopl_prg.dot,157696,37442239,6635010cb6c5fa6b9e086abb42e2d616bd4faab9,98fb1e8352710bdbb3b3a8ae8e1182420bc625adc5aa028ad8c39b97d2d025fa,2014-05-26T11:04:30+00:00,33685504,128
23,{app}\dop_fonts.ini,app/dop_fonts.ini,119,37599935,34ae0d19fbe7ff0203e9e4edd9c142c590842963,7135f60b19caa830a800058cf6f70b1e5df1a8518aea6bfc0887d8189848f1d9,2024-10-23T12:44:20+00:00,33685504,128
24,{app}\dop_info.ini,app/dop_info.ini,102,37600054,0fdda39ad2ed9c3719970bc3119cbdc7c80f7eef,34716318f128bd4117c547e05239e752154a63ea8625c9e0a55c8f7afd1c81a3,2018-11-15T11:27:02+00:00,33685504,128
25,{app}\emp50_prg2019_sout.dot,app/emp50_prg2019_sout.dot,711680,37600156,7640ffdf06088a3a97e7cc7be0ee514c52df41b6,14a47af4f736a29fa69e63912d4c0c719c891b82f23c8ee35cac09e922c0e717,2026-09-14T08:33:52+00:00,33685504,128
26,{app}\emp50_prg_sout.dot,app/emp50_prg_sout.dot,163328,38311836,94093c10f7032ca6c5bef945354758684bae4946,db0781f0d9b9b85fe03d6c32d6ec8058d00bb4a255320c9311951f852f8300c2,2025-04-25T10:25:06+00:00,33685504,128
27,{app}\emp50_prg_sout2.dot,app/emp50_prg_sout2.dot,423424,38475164,243eea4bec91810880cf6f68efa4b95a17037bbf,be09a30313b226304850ff40cde56831789cec70d20bd482b93cf854abf555e0,2025-10-07T10:49:20+00:00,33685504,128
28,{app}\emp_pk_prg_sout.dot,app/emp_pk_prg_sout.dot,303616,38898588,63d2b4440f30c65ec3fddd27a56dbbfcc1ab48b0,10d9da2167757bb7e76724a7068ffce53bfbd78dd279033bbea192c80403ff84,2026-02-12T12:59:18+00:00,33685504,128
29,{app}\emp_rd_prg2019_sout.dot,app/emp_rd_prg2019_sout.dot,795648,39202204,6a4d0cbfe9cd5c1eb3c1cf4eb294afe38c599cd6,55da0f7784e471b9bd9157419fe849c856a00f8a58081762e6ce6fa194a31b59,2026-04-23T16:34:24+00:00,33685504,128
30,{app}\emp_rd_prg_sout.dot,app/emp_rd_prg_sout.dot,156160,39997852,8118e268b1c5e470339b02e5cb331a9db114b272,b39e051719d907fd9ebac34c26b27a927d600e920e1f67318dcadaf72a8aa00d,2025-04-25T10:22:08+00:00,33685504,128
31,{app}\emp_rd_prg_sout2.dot,app/emp_rd_prg_sout2.dot,453632,40154012,586ae95704d130156501aa58c6da053865529294,f768f92df01c0e593a7b8d89c451a82677ca3b83df5730426fce29df27c88018,2025-10-07T10:49:22+00:00,33685504,128
32,{app}\esp_prg2019_sout.dot,app/esp_prg2019_sout.dot,631808,40607644,3fc90120c96d439af182d1bbaa18ac68019d9b97,c1664297f2bbcc1e9f9c5c7b1716fe062472e97f6f86496f7a6473c4892c6594,2026-04-01T15:55:38+00:00,33685504,128
33,{app}\esp_prg_sout.dot,app/esp_prg_sout.dot,114688,41239452,b7bde47827e244c15824d3d3cd6bc75097822cbf,b0d7087a1d062c4e986ac83ed909fa7b233134f13baeaa6a9f86a71374f23210,2026-01-20T14:51:58+00:00,33685504,128
34,{app}\esp_prg_sout2.dot,app/esp_prg_sout2.dot,329728,41354140,71d4e07d2438d1f7a23ee0aeb0b66043816286a2,7f2a8e4cbbe0f0ca643098a7c8f935cb8e02fca9224a0338e2bcd5cf26c9b5ba,2026-01-20T14:52:02+00:00,33685504,128
35,{app}\exp_zakl_prg.dot,app/exp_zakl_prg.dot,176128,41683868,f00763802171703cdfd42e8e419f32d26317e6ee,ba64ca08528b664565e1a1e821143a16104934371fed2d93b7dbf07bacb743fb,2024-05-17T10:22:34+00:00,33685504,128
36,{app}\fgisra_big.dat,app/fgisra_big.dat,49786880,41859996,52371fa1a50e3e2e9cb2a5a7ca12746b160ce0f2,e309011931fd20bb9fca20846493452f50bff66b6d12cd8db3908850766aae71,2026-09-02T08:18:38+00:00,33685504,128
37,{app}\fgis_sout.dot,app/fgis_sout.dot,167936,91646876,4240f64cce323ac7b0701cffb5868c4003f88196,ffea425d58a01d0b9ea52ddcff81ad53abbf8610c2c76fc8790f372304c65e8a,2025-11-28T10:29:38+00:00,33685504,128
38,{app}\fileProtocolLoad_v4.xsd,app/fileProtocolLoad_v4.xsd,42700,91814812,124ed609a7d72709519ee330d549c9c92a9b65af,470e6493740994900e62722708f479a190f0f1fb749a86fc318870c930ed137d,2025-10-28T09:02:46+00:00,33685504,128
39,{app}\himia.mdb,app/himia.mdb,16060416,91857512,86caa4ba1149ebb31d9c9a8bd3594437f9832767,5c9b2000fc2ff692b585d18b6cabe5df4bed7f5d9905be6a61c13397e57f673a,2026-09-02T08:16:58+00:00,33685504,128
40,{app}\him_komb.mdb,app/him_komb.mdb,237568,107917928,77d722bca557ba741ef95d09e0ee157a67c6ae70,4bdb0e105fec5ddcbe6992210bfbfbcb5845fd2501513bee2d860997190a3440,2016-08-25T12:27:28+00:00,33685504,128
41,{app}\him_prg2019_sout.dot,app/him_prg2019_sout.dot,1028096,108155496,9e2cbb4bc20c567a138ffc17deb5d5121857b082,f260d80109fc32b36eb55390651462a04dba8ad3a6f305c0f1c1580ac115782b,2026-07-06T09:11:54+00:00,33685504,128
42,{app}\him_prg_sout.dot,app/him_prg_sout.dot,1212928,109183592,c7f6866e309e5e086470c0a895fcbbf82fddeba1,c04f9d1e5abf9c15be3d50d6bd351d2a3fd280d4e55ce6766e4055102a3000b0,2026-09-21T15:21:22+00:00,33685504,128
43,{app}\infra_prg2_sout.dot,app/infra_prg2_sout.dot,313856,110396520,16b7d261e89b5ca8b0c6623c815cfd2cd49bfa5e,b367f3c9cc542ada401af01184807f1786f16eecf28648d03fbc41dd73623886,2026-01-30T15:05:44+00:00,33685504,128
44,{app}\infra_prg_sout.dot,app/infra_prg_sout.dot,201728,110710376,1aab665c69538cd2438c21a8f95b820b79c99546,07ddfae1b72c0e47ed28e4527e5d89ebb6fef11f11183c0d8b72cb124e52bf7b,2025-04-25T10:28:28+00:00,33685504,128
45,{app}\infr_prg2019_sout.dot,app/infr_prg2019_sout.dot,632320,110912104,c58032e146acfd392cae082bac9f7a90ccaf0b10,abc653478221ec8894ebf3143e53636e7c821b1a1f2f75db0c2fa792643d4013,2026-08-31T11:27:26+00:00,33685504,128
46,{app}\infr_prg2019_sout2.dot,app/infr_prg2019_sout2.dot,520704,111544424,0cb6648d5cb8f38d21a11e5c021301b586b87274,e867d4b8e3881fbd679d4eb627f54d85f5b1f4005622b9d2530faa2c09299d79,2026-08-31T13:36:02+00:00,33685504,128
47,{app}\JETCOMP.exe,app/JETCOMP.exe,65536,112065128,bad2ea8ee5fe1c39bac6b3deacdef27fba4fefd8,6f3edd5c980f9000613fb3cf44c763764498fa817f10c1227dee3b8bee490bb3,1999-08-11T07:13:56+00:00,33685504,144
48,{app}\karta_prg_sout.dot,app/karta_prg_sout.dot,1070080,112130664,7ce3fd5f4b560e0379a00507983e6251bc562da1,8d9b3c97b8302757de4f732bf55e07355acfbfb0fc27d5a6be9d4f5b42351954,2026-09-29T11:50:12+00:00,33685504,128
49,{app}\karta_pril_prg_sout.dot,app/karta_pril_prg_sout.dot,167936,113200744,1a1e143a7f02ef6182c32710d13c847d2f6d0911,f1fe90bbcde1346360214f47b880153d353cf223310073861a92ca1bae051055,2023-12-12T10:19:40+00:00,33685504,128
50,{app}\kompens.mdb,app/kompens.mdb,2486272,113368680,22063f1ebeb028bdac822896a28f78ecf1b08ed6,a0071274035163578dcb3a870259a0a8641eb07dd4123af079725114c61f0f39,2024-10-11T13:30:14+00:00,33685504,128
51,{app}\laser_prg_sout.dot,app/laser_prg_sout.dot,245760,115854952,1c5313b14a262990d3e05262184e32b45eae2f89,24b748cac319ac3cc06059315aeb71fd4c9f7180b0ca0896139e7588e8fdeba3,2025-04-24T12:50:26+00:00,33685504,128
52,{app}\lazer_prg2019_sout.dot,app/lazer_prg2019_sout.dot,1586688,116100712,24ede79918ec80d4877715f8be6acaf8d6519d22,8f5c446648c1a0e4fa83423f409011c0698b47deb2440076cbe24949afd02d42,2026-08-27T16:30:52+00:00,33685504,128
53,{app}\list.dot,app/list.dot,614400,117687400,51564ae077484ded4c8b06f93baa576b093e02bf,f1eca3e69cb5a1f876872bf7eaaf19854cdcedafe2960176b995966b6021f9e2,2020-07-07T09:30:16+00:00,33685504,128
54,{app}\micro.mdb,app/micro.mdb,610304,118301800,e4728a0ea1517ce4bf94de4a358bd2c2fce1c999,5dc377d4ba059a52087b404ab8a2f4e7dc1e0b8907a153776fbe5e66e85d628a,2014-01-05T14:07:04+00:00,33685504,128
55,{app}\micro_prg2019_sout.dot,app/micro_prg2019_sout.dot,932352,118912104,ab33cf80ad7e322b72502cd485727ecbd74fa50a,29e8751630a6a64814a384ebc118ea1e95ec9145047a428472aea66dd2fe2e10,2026-07-06T11:48:00+00:00,33685504,128
56,{app}\micro_prg_sout.dot,app/micro_prg_sout.dot,454656,119844456,a29c8f60d32fa5a494b8f23fe729075bed4c5c50,6f6a7cf6ff2363b2c4d5c31204e3cce1adbfec83e87d3a1912b76298a52e0b0c,2025-09-03T09:34:02+00:00,33685504,128
57,{app}\micro_prg_sout2.dot,app/micro_prg_sout2.dot,750592,120299112,de43c31f7b8d98c8b5f5ffc3358d3645d28c362a,4206434fca230ca911d47b48be8947d67c553f0299e1c6c3b96704e67830def7,2026-08-26T15:22:54+00:00,33685504,128
58,{app}\mo_rules.xml,app/mo_rules.xml,29508,121049704,d3e2e61d18bf955ee951a0473be70749fff30035,f833f784c217879a1e386471fdfee4f5d3c50b40a92606a9db2d02f319e1b212,2024-04-10T11:53:26+00:00,33685504,128
59,{app}\mscal_update.exe,app/mscal_update.exe,348317,121079212,55f3ae4ca73d09f4f2ee2e81d27af04333d83c6f,46d49a4ab35b30d5df3f41a87edc5b152f3ec92bd8ccdecc793912a3e5e34a12,2018-11-20T09:19:18+00:00,33685504,144
60,{app}\napr_dic.dat,app/napr_dic.dat,46352,121427529,a54dd7e5147aab136e6f4fa928da2f009be20ab0,6e243261e65e70e6d3f2cbfbbd953cd971a88bd402a25b0a16bfd8eae62f8928,2010-01-28T17:27:34+00:00,33685504,128
61,{app}\napr_dic2.dat,app/napr_dic2.dat,46347,121473881,5d55adedf6d88591de700154f220fb979677522d,71cfeab93d1989236ec2fc04ebb2a863b28add3c37e0d4a1cd5dde51dd9e2eaf,2014-06-16T09:27:48+00:00,33685504,128
62,{app}\napr_prg2019_sout.dot,app/napr_prg2019_sout.dot,949760,121520228,c000f3b8850327e71cb1e44da0aa79c34e5554bb,65a23a5f8d45740e9ef1134376f763faf5c5339260048efc0f86b696f39257cb,2026-08-11T11:31:34+00:00,33685504,128
63,{app}\napr_prg2_sout.dot,app/napr_prg2_sout.dot,300032,122469988,dfeb281ad58d6a488677c8381f91d41163b4084c,a8d21ceaae6c063574c87952c0cafa116f788cea3e60d208e85f86c04e8fe9fe,2025-09-01T15:09:20+00:00,33685504,128
64,{app}\napr_prg_sout.dot,app/napr_prg_sout.dot,306688,122770020,ed9c463cf14460447833f028cf6f963675af0b07,7c085ea945f68e40a5f9bbb5dde83608a0c649b56b74cf42d19b213b7871e755,2025-09-01T15:09:16+00:00,33685504,128
65,{app}\newsprav.mdb,app/newsprav.mdb,1671168,123076708,7d7b63777e0532665d799b5def96b07e235c7c22,f7f4b606d2ee5d9cc59af8eb7be289d726b2d06adccb3c6e1ae67efb0dbc1c58,2025-04-28T14:15:30+00:00,33685504,128
66,{app}\no_base.htm,app/no_base.htm,1309,124747876,b034b623574e7c87cfc0d753f74280a265421650,c07832e227278d5dd8c9ef066d25646e25da367b9157094189c20d465eb772db,2014-02-07T15:43:56+00:00,33685504,128
67,{app}\no_user_base.htm,app/no_user_base.htm,5048,124749185,fb4f6f02d82be6cbd6824dc168b8ba89942dc41a,c32b70a18f957cdd6bed463ae913d066a261d5e3d862a866c23cdb3cc399d649,2014-02-07T15:44:28+00:00,33685504,128
68,{app}\options.ini,app/options.ini,4517,124754233,4d2033268d9745d1da758cbb693f9f6fee545908,be0e90e16cf0046ed31a1eaa27ddbfbdc9a020831281f50ba60388ef382d958b,2026-06-04T08:34:34+00:00,33685504,128
69,{app}\osv_prg2019_sout.dot,app/osv_prg2019_sout.dot,1100288,124758750,eae95465d9934a6cf445481b3d51eae05fe3e63a,45372f99a78c7efc1d467c20be1d3fefb82c5b4fe3a8fc15111abac934a72874,2026-06-16T10:52:30+00:00,33685504,128
70,{app}\osv_prg_sout.dot,app/osv_prg_sout.dot,940544,125859038,10a6080b30338d8a5f63e2fc4870a02ada2efca6,1d5bbdc197e1d024f47c4769837e1d0a91a192a4e70617126d2c86b0dcb55cf2,2026-06-18T15:01:30+00:00,33685504,128
71,{app}\otpusk.mdb,app/otpusk.mdb,6975488,126799582,17da82fcac5010491014f5dbd1add485fa364a81,59171e4a594e9c8725768dba534f072917ad459368d4c0e4dee4ce95e6131b73,2013-10-11T10:04:08+00:00,33685504,128
72,{app}\painting_sout.dot,app/painting_sout.dot,117760,133775070,e97decef4ac4088a6d7cb213bbaa0a00c7e07f72,ea7697f7254a6e6a522d28450ccb15891a4785aac649d4806bcc69a66d86e601,2019-04-12T10:01:58+00:00,33685504,128
73,{app}\pf.dat,app/pf.dat,6180864,133892830,40834140d5559c109557fa5c3e60b1f41b38af04,882f7d7f73a84f13ac6f950159b7c8952abf43b630263bf67b94c2ead2d1a47f,2026-04-22T14:17:54+00:00,33685504,128
74,{app}\pmp_prg2019_sout.dot,app/pmp_prg2019_sout.dot,632320,140073694,88c53fe3f5e802054ab7c1b3854b5c71cf2e98e2,c353d3d0f31b49c427960aa5656cca23e5bd7ebb9a8e6652b5c861895e32f7b6,2026-04-01T15:55:42+00:00,33685504,128
75,{app}\pmp_prg_sout.dot,app/pmp_prg_sout.dot,113152,140706014,63f045d5729894d2240d6d67ba0361d28f7aa80f,0f40450b6bf9d05b99770a17a47525ab5fead7fd5bc595170c8d4c17db3f8da6,2025-04-25T10:32:52+00:00,33685504,128
76,{app}\pmp_prg_sout2.dot,app/pmp_prg_sout2.dot,399360,140819166,1d24833c683f7f4977daff38ceb8e77ab24ffcf2,3f1abb173ff92a69f571eca565c97366cc7255ae66e9b2d7e64ebb571f3dd8b1,2025-04-25T10:32:48+00:00,33685504,128
77,{app}\prikaz699n_prg_sout.dot,app/prikaz699n_prg_sout.dot,121344,141218526,c2a2540cd33c3cb1eb9bb2245264a9d1fa4dca78,c0ca91a73920ea2e0269ac14f1c91b1890161bfc67e06dce6b5bb24f8cec9690,2023-04-13T09:32:54+00:00,33685504,128
78,{app}\print.dot,app/print.dot,119808,141339870,05ddd2545834b91050d14bb34f9c3f9200df5911,1eb5301dc9ee77b7b8ac61a8b66bc1c8a3ffc736bc8113a4a5b2c4b11649c473,2025-03-03T11:08:16+00:00,33685504,128
79,{app}\print2.dot,app/print2.dot,137728,141459678,6a845281bcbd6ec2b39d676890271d90a8234c56,24197b74e3c7adad2ed2e7db9afd3a7723887939a21ac88128e3eef4182ba928,2025-02-14T10:09:26+00:00,33685504,128
80,{app}\print3.dot,app/print3.dot,193536,141597406,7b5436ecdcbd70ab09e1aa5e42e477b87a921130,986add117257a5f1aa8a317a18b31e09bc6485e7ab6c97519907d2cc2408b1dc,2023-02-15T09:39:56+00:00,33685504,128
81,{app}\profrisk.mdb,app/profrisk.mdb,1089536,141790942,a3b63feb3012d77f74ec8e67e9a36e78cf014aa2,6bba3bab183baf0384caa6a2f265218388428cd7a6b3b9810e909a1f2b25a289,2026-05-25T15:22:12+00:00,33685504,128
82,{app}\profrisk_old.mdb,app/profrisk_old.mdb,753664,142880478,00eb84d73301b3707c837ff15f602f76c6d2d80f,abaf7196b0c32818c0461cf8a7d00e7fb9d577059c156d7c36878dcb50b1a230,2022-05-27T14:23:32+00:00,33685504,128
83,{app}\prot_102n_prg.dot,app/prot_102n_prg.dot,191488,143634142,c653d695fb51fe9b6d7eb4285bbd3ae350bd8eaf,0ff33df085f50a02df44b64b455612fd059244682cf62b003ddb510d72f95397,2016-08-30T10:45:10+00:00,33685504,128
84,{app}\prot_102n_prg2.dot,app/prot_102n_prg2.dot,184320,143825630,e78f14e21b11a906d51e34f46eb729b5efeb0309,89713277e69c98028be6880f95691290016df1599bbec7fee804be078221fc29,2025-09-02T09:59:16+00:00,33685504,128
85,{app}\prot_96n1_prg.dot,app/prot_96n1_prg.dot,192000,144009950,2a65981e01c29ca527ba95d593701c427d0d730d,cf068dfd88e660158e0de6b49b8da83c6713c5cb370c2e54c852272e1a7f7879,2025-09-01T16:49:58+00:00,33685504,128
86,{app}\prot_96n2_prg.dot,app/prot_96n2_prg.dot,176640,144201950,1855ae4992f2accb5c672e0e23503a961f332896,c9f1abeb409d46d304f4db718bd8596fa05aaed6d7701befdfe9d7c559075477,2025-09-01T16:49:56+00:00,33685504,128
87,{app}\radiation.mdb,app/radiation.mdb,323584,144378590,6f160c64e6df324f0e442e7bb9064100f28c0c9f,1e66c07e76a20e0004bb28f74c18d1ddd24f14e019e33d08d274430b4d001c02,2015-09-10T16:23:40+00:00,33685504,128
88,{app}\rad_prg2019_sout.dot,app/rad_prg2019_sout.dot,587264,144702174,2dc332dfee570bbfca336fd509f2d30cb8ffd83a,3b9e0b09a7b17c427b9a6e565cfffffe41645ea7a26d320bc5c4171f2abe35dc,2026-05-07T11:06:30+00:00,33685504,128
89,{app}\rad_prg_short.dot,app/rad_prg_short.dot,265728,145289438,233cf2aa3c2d401d1cc090a4bca0507885d43386,456680766c54431b31da6f23d8523c0eb0e908178761177993026dddcc41dc45,2025-12-16T08:49:46+00:00,33685504,128
90,{app}\rad_prg_sout.dot,app/rad_prg_sout.dot,402432,145555166,fe7317634f850970f733e43cd20b1208126fdb3f,9d6e21ecca3f3d647964c3101d5d4da6d50ef910792dbc926029c46e43bb9947,2026-05-04T09:01:14+00:00,33685504,128
91,{app}\raznoe.dat,app/raznoe.dat,6557696,145957598,ba84cd450f58b48bbf3ae00474ea42a898b9f37c,68fa787a7eb47b2bd1d5e45f71929d45f1a47b1943f34e95ea1b74b0297f374f,2024-10-16T16:30:22+00:00,33685504,128
92,{app}\reg_num.exe,app/reg_num.exe,192512,152515294,b58cbb9ac52af54e221d3eff00cee9fd2bc96e67,1e16e2fc73107792fbb79f43bbbe089428bba6e857b64e5dee7fee464e947865,2014-04-04T09:17:34+00:00,33685504,144
93,{app}\rep_426-18_f1.dot,app/rep_426-18_f1.dot,44032,152707806,693f83125abdfc50a445060a2a1b56b95db322c0,74c463b538cb0e41ac7f80329a206f709ac0c77f6dfcb91413f36e50f3e7fd81,2014-08-18T10:51:54+00:00,33685504,128
94,{app}\res_orgs.mdb,app/res_orgs.mdb,499712,152751838,4bc5668adafbd0cbf3adc884d18709a5ce5f6bf5,11e4a448c961f7e89814c300c31fe613e5806fffc941f933e9b657537b364b2c,2024-10-09T13:15:58+00:00,33685504,128
95,{app}\res_prot.dot,app/res_prot.dot,197120,153251550,53cdb723ac30c6ba5ba818b8ae70009d59af1a26,b490e64713ccfbf219d4040fff26991b1c1e8f6e69505456f708721dab43d81b,2020-07-14T11:18:38+00:00,33685504,128
96,{app}\res_prot_napr.dot,app/res_prot_napr.dot,184832,153448670,8477c1825afc219b9a7b3df369abbe6575fae740,640e264d592356cd929e3adb6718efe3edbd91d16d2bb0effe5b090997b4c37e,2020-07-14T11:18:40+00:00,33685504,128
97,{app}\res_prot_napr2026.dot,app/res_prot_napr2026.dot,228864,153633502,9b376757165d3e9a957038f9324250dd0462c822,00fca3ec04f1b14d17b21bc6f76968e1002dad24e0c8312108bb486d887533f6,2026-05-25T09:47:50+00:00,33685504,128
98,{app}\risk_data01.dot,app/risk_data01.dot,26112,153862366,fa6cb00ba864154943e654a68f1368eef45b168f,827e717869fd1e564988854a05e673376ea731007d5f765696745c42b8ac1cde,2021-09-28T10:01:48+00:00,33685504,128
99,{app}\risk_data02.dot,app/risk_data02.dot,26112,153888478,23c63bbf111043c1f600823caa4d36938be23dc1,728f24006616ba0f988596aa4b81d07bd41610ba4ef9e7e907eb5617f8a52a9a,2026-05-25T16:29:28+00:00,33685504,128
100,{app}\risk_doc_prg01.dot,app/risk_doc_prg01.dot,588800,153914590,4302f6b608a9dc4b22913678ac3dba501b20a3eb,2659bb33a831b3b9f149ba48c6525f1af0dd31a4650c2cc8655826d75ad1348e,2026-05-26T14:56:12+00:00,33685504,128
101,{app}\risk_doc_prg02.dot,app/risk_doc_prg02.dot,553984,154503390,a45b452c4ff22d2ee9cca8d73b1435fc67418152,f838c012afa47f15953dcebff0838fa177545d9d2874821b3eb86ff289f5e0eb,2026-02-10T09:20:18+00:00,33685504,128
102,{app}\risk_prg_01.dot,app/risk_prg_01.dot,285696,155057374,bb084ee0c783b1266497a6f77edf1753bab4fdc5,6cc61009da1fd4c0689a5721a83ec20006838242ff572530a2ce4cf02624721d,2023-12-12T10:36:40+00:00,33685504,128
103,{app}\shum_prg2019_sout.dot,app/shum_prg2019_sout.dot,686080,155343070,f7f45717d802c04aeb7166ba155b076704e95e4f,c8eb16ff5df917ec65b4f62cc0ecc4758bcd00da113b4d3f3518fd689f4e086f,2026-08-31T11:19:22+00:00,33685504,128
104,{app}\shum_prg2_sout.dot,app/shum_prg2_sout.dot,511488,156029150,c76fa297924d089920fcd9fa4a323d5136e234ec,aaa05cdd33ea2e0ae174b1b72a589120e155f145f94d4015ae086ecbce405266,2026-01-30T15:06:26+00:00,33685504,128
105,{app}\shum_prg_sout.dot,app/shum_prg_sout.dot,306688,156540638,c472176e36e115aa7e1d96fab89bb215e60080c3,cae33a40339e8ecbd3213cf24d27a0900999a8c694266717610c8218d9d9f623,2025-04-25T10:34:40+00:00,33685504,128
106,{app}\SIZ.mdb,app/SIZ.mdb,77733888,156847326,f14f4bf9e917075535b959d31e3201708cc7fbe2,5e7fd20074d5b1e3bebfc9957eca08be4ed0d927f9a4d80f23a5cbdab2baccf0,2025-03-07T15:10:02+00:00,33685504,128
107,{app}\siz2023.mdb,app/siz2023.mdb,17702912,234581214,c2a8e4bd86bf2e12b48803838ce0e97db668abb4,a6df5008e6f8ae36dcd0f8bcb3afb5c7fb4448b5a66cc206ccd38bd4359ee6ea,2026-05-13T13:08:52+00:00,33685504,128
108,{app}\siz_eff_prg.dot,app/siz_eff_prg.dot,178688,252284126,7a33414312e138e6514d84368d6bc66ec7400967,d61a03ce03cb89b60f51a43f1538210a6a51940ec9f6b05d627f7c474cb64510,2024-04-22T11:29:32+00:00,33685504,128
109,{app}\siz_prg_sout.dot,app/siz_prg_sout.dot,495616,252462814,bd557d5511bab490c35135344eea6652eb2f4993,304513ade9862685b9603c53ed0c13962d461b508b37610d08844e7d107cac0f,2023-12-12T10:42:50+00:00,33685504,128
110,{app}\sout_1.xsd,app/sout_1.xsd,810381,252958430,346e620100b48c7fa9cc7abd798d17bc320b7b67,7f527349a72a44970b082a577f84d1b32b22f4d357bababc33deb75465340098,2026-01-13T14:32:04+00:00,33685504,128
111,{app}\sout_prot.xsd,app/sout_prot.xsd,6374,253768811,4e37faef90a6ac22bb88a93b98840899f1804953,adddccab455a3bda3c94d6ca2bc5a9a1b850f5c84ffa4fbc6ade24a214eed91b,2025-11-25T16:55:46+00:00,33685504,128
112,{app}\start51.dot,app/start51.dot,271872,253775185,a22fb89f7011620b47dc6ce4ec0374b55904a0be,3b53fbf3d9f53f8fb452e2cf625d80c73ddc3e4575985b81889d3c89f8be8081,2026-07-09T09:27:06+00:00,33685504,128
113,{app}\svet.mdb,app/svet.mdb,1503232,254047057,fff72f1e40289ab62684a7876166ff9cdd39b45d,232cfb546de93bcd1541fc415fc623c97d05720bfc6e6f3313a1b9f1ae83089e,2026-06-05T08:40:02+00:00,33685504,128
114,{app}\sv_docs.dot,app/sv_docs.dot,26624,255550289,aeb0e79436784ff75408f651b2ca6b7d1ce714a7,4b6ca37864153837f6df589c2dc103d72b9733fab0f7cc14d54366b3560fad53,2014-01-21T12:08:08+00:00,33685504,128
115,{app}\sv_docs_date.dot,app/sv_docs_date.dot,35840,255576913,b1ea8a4f3c49093f0b2757b280eabaeee8c254c9,f0217b10377a38f2d426df9d26100775c61ac6a3030813673a88baa63e9262e0,2024-08-19T15:59:02+00:00,33685504,128
116,{app}\sv_docs_prot.dot,app/sv_docs_prot.dot,32768,255612753,45d7a45d60d7aaef17105b670fa7fbfcc3dd56ce,33ced45510fdd2794140585b3fe4fc3b1abb06eb6f1cdeee37abfd4b7e935430,2023-12-27T16:42:18+00:00,33685504,128
117,{app}\sv_docs_renum.dot,app/sv_docs_renum.dot,151552,255645521,0ae1c1bb77e6362a21f4daf19eae293d3f33fcef,3ca0d01ecc1d4cfafae243ac87d8e3d583e87bbd83bc9e12bd13dde5b1ef96a4,2026-03-03T09:27:36+00:00,33685504,128
118,{app}\sv_docs_sign_date.dot,app/sv_docs_sign_date.dot,28672,255797073,4b895e148606e13a257744e80a29f50d7e535385,038f0b22f5ef2e94c63eb4d67fa78c86eb317f2071427bd9a5195195f4660a8b,2025-12-02T11:00:58+00:00,33685504,128
119,{app}\sv_doc_save.dot,app/sv_doc_save.dot,29184,255825745,c82d1cc2643cbe992f604edf5f88bcde70417527,dc8b1c735280c0526a04a39a03caa03ff50040cbb4c996fa7563bc4ee36d4117,2018-06-05T13:55:14+00:00,33685504,128
120,{app}\sv_doc_save2.dot,app/sv_doc_save2.dot,36864,255854929,4227284fd64ba0de0190a99e08c3ea2a285a47e6,a236107a6882e206c45a3ada934016c2e1a9e6dc44f17fba737bb211be691b41,2020-02-03T15:46:34+00:00,33685504,128
121,{app}\sv_exp_zakl2_prg.dot,app/sv_exp_zakl2_prg.dot,34816,255891793,09a3a41b740cfdd72c9dbcda71b9caf2d98ccef3,acfea9cccb78afa7ffb30dd5ca382d7d2572dd891e823e2d8e41e4b634c48b0a,2024-05-03T15:21:12+00:00,33685504,128
122,{app}\sv_exp_zakl_prg.dot,app/sv_exp_zakl_prg.dot,34304,255926609,08f3dcc64be734cb0f375a0580d936ba98f55b55,9aa2084a7dcbada941160050b38dd12bf9a70c7c94f81a4303ba3dfc9dea014d,2014-06-04T08:40:24+00:00,33685504,128
123,{app}\sv_per_rm.dot,app/sv_per_rm.dot,34816,255960913,4f2e34ed81fefbca4febc90dd8913209dcc23447,aba65dd05dcf4d2224a5f0c8440308880c28f0875b32bc8650018ffd3e04fadb,2018-09-03T16:27:28+00:00,33685504,128
124,{app}\sv_prot.dot,app/sv_prot.dot,26624,255995729,425d7eb0128bf9d70037d31db045a7586bf626ee,1a86734a1373343a79f6a60ad84d90ce690158d3c8c0fef27e492f3eeb212841,2024-08-19T15:50:12+00:00,33685504,128
125,{app}\sv_prot2.dot,app/sv_prot2.dot,34816,256022353,c1021ec1c5c8b31371cd70b106c83183b7eea959,3eb8a48bd23a24ca1255f26253495bf9d30f5be4fe8bf48856617e00784de6d6,2024-08-22T13:23:18+00:00,33685504,128
126,{app}\sv_prot2019.dot,app/sv_prot2019.dot,30208,256057169,557225dde2275e7dfbc115af7ca84e1044b04297,ecf7b8a8e19f205e18e67cd6a1da99bfd7f7a400f2886029ca86667d60519c97,2021-02-08T11:38:24+00:00,33685504,128
127,{app}\tb_prg250n_p5_sout.dot,app/tb_prg250n_p5_sout.dot,127488,256087377,f1dc25831afa5fc957f3816d577e64c6f4e3720a,76a3b657080330737d112c879c752f312370fc3d11cf82a9ac8da0038e10d24a,2025-09-03T13:19:26+00:00,33685504,128
128,{app}\tb_prg250n_sout.dot,app/tb_prg250n_sout.dot,361472,256214865,1c7fa1a9aa82e564ca42ebb959d0a40ce0001c0e,88ea855d099a86c8e94122eb240337fdcbdd994434f5a25a92e0ea596c24b460,2025-09-03T13:19:20+00:00,33685504,128
129,{app}\tb_prg335n_sout.dot,app/tb_prg335n_sout.dot,354816,256576337,c2991b23ca79bb8225100466352d6b2959c55069,84526ca3c6f596d847e88ebff0d886de50ce3e12bfff45d94077b0633033e338,2025-09-03T13:19:22+00:00,33685504,128
130,{app}\tb_prg664n_sout.dot,app/tb_prg664n_sout.dot,134656,256931153,1c97884e82e55029e2a0ad1607b481adb8717ad2,01ed96f9da4e5cd760d4d4ff53d8710215f5bb1e56994d7c48aa6e4ad17be691,2022-08-18T15:12:12+00:00,33685504,128
131,{app}\tb_prg_sout.dot,app/tb_prg_sout.dot,423936,257065809,9dd611fc15e0dad8b1fe8bce74932b90d26a4043,2b5039cc3e34da84901f768e922fab12a3607983bddbcf615fd463e34a45db12,2025-09-01T16:15:46+00:00,33685504,128
132,{app}\templates.mdb,app/templates.mdb,1441792,257489745,46158c251c3367f591af9c33bdc3f071b2959558,2e488a56bb1b235348bd12ee488fa239047ce1a9130ffaa485c9eec0386624cc,2026-08-27T10:29:34+00:00,33685504,128
133,{app}\templates.xltx,app/templates.xltx,9270,258931537,3c169122ec0703e0e3185ee61d117dae61c831d0,cf57d5dd70c9d058e9ee61d428460e8a75cdeb1e9bf3c36484952536907c8042,2017-01-10T09:30:06+00:00,33685504,128
134,{app}\templates2.xltx,app/templates2.xltx,29315,258940807,8400773a7c9161429b125657cde03b61aea9d0ab,d03af98f353c83b67afc7a9f83f7b3512a7b6feb7be7e69d7752f2cef03e081e,2017-04-21T13:12:58+00:00,33685504,128
135,{app}\templates2_dop.xltx,app/templates2_dop.xltx,31901,258970122,7b76a7a8a0dea02030012cdd9a7f697f2256b510,d1853bdd077a96ab3de7b8fb8750409dc9f72cdf99c6da0cd66a42ced8ef3390,2022-08-01T11:09:20+00:00,33685504,128
136,{app}\tin.mdb,app/tin.mdb,204800,259002023,74a77bda7c30352edf3ca51eca26bed2d2d2c75b,834286def05ad31f56a16847e58d69a31c2fa0005b211e050dc337246d10bd7b,2026-05-12T09:55:52+00:00,33685504,128
137,{app}\tin2.mdb,app/tin2.mdb,331776,259206823,a09cb1afefdc0c04dfcbb1d40fff332500183199,02be37a2e6e0509dc50dec25cef1719d088001b357aca51c87b6e64621ae8bb9,2018-09-28T09:22:54+00:00,33685504,128
138,{app}\tin2019.mdb,app/tin2019.mdb,299008,259538599,80e3be00ed76a482a2e7a8425e6e8386228899a9,76af57c2cc5e6867ed13ede902f028137e251ea9df83a7dca4d3e22515761456,2026-05-12T13:04:06+00:00,33685504,128
139,{app}\tin3.mdb,app/tin3.mdb,495616,259837607,6bd2aa0d33c08eee43c7624db60000872f21c1d9,c3f5edacbf4f5bc997d6d3cf80045ca7751193f090b70b744b9d2139c3ed2c42,2024-08-26T10:40:04+00:00,33685504,128
140,{app}\tjag_dic2.dat,app/tjag_dic2.dat,45256,260333223,5757ba054331699e5a3ca3e37e3260ce2ab65ac2,90052f711a7d9a07c9cf56afd4a757ea3ea6ecff15e4356aba7ae64dea0a9540,2014-05-29T10:49:22+00:00,33685504,128
141,{app}\tjag_prg_classic.dot,app/tjag_prg_classic.dot,327168,260378479,6a93068a8801161cd6bb5f59772c47d9bea68f32,d7c693fdc2f891ab218ba7210ffa9a0683864170684b45c02dcec6776a1f7017,2025-05-21T09:57:42+00:00,33685504,128
142,{app}\tjag_prg_niiot.dot,app/tjag_prg_niiot.dot,384000,260705647,ba3412de19e75fa30deba3c4d55b4e660ea6f5af,0301f5af6b7eb54c8695876f3baf29394ae25358e45173aa1a18be9639469dad,2024-04-05T16:16:14+00:00,33685504,128
143,{app}\tjag_prg_sout.dot,app/tjag_prg_sout.dot,314880,261089647,f55a52f720c6eb726604784de0649301e3e97dcb,77b2d9bc83820e527dceb576bd0541db31517f2d88679ef12229b41f9c5ff9c8,2024-04-05T16:14:46+00:00,33685504,128
144,{app}\tjag_prg_sout2.dot,app/tjag_prg_sout2.dot,419840,261404527,c45456631d258cf7dcb877b6a66256fdfca11690,cbdec726077a6af18f29aeeaac335b21f3a4adb569c2ec6d9d57f468e764e433,2025-11-18T08:50:04+00:00,33685504,128
145,{app}\TO_data.mdb,app/TO_data.mdb,253952,261824367,7b8c94bcf4865afddcdca6cae1d3ada977407f02,dbc5082958d6841a2cda5fac91965ed63bd2d5da6ceb6b72a05ec8690bb52ef3,2011-09-20T16:35:02+00:00,33685504,128
146,{app}\TO_data250n.mdb,app/TO_data250n.mdb,278528,262078319,ba7610d3bf975aa4c91ea486475c58def16e566a,d89d4ebfdd7a86f51023c948832fb62c342f28c809a84f0a7be89c5f4775592f,2015-05-28T12:12:08+00:00,33685504,128
147,{app}\TO_data335n — копия.mdb,app/TO_data335n — копия.mdb,278528,262356847,ba7610d3bf975aa4c91ea486475c58def16e566a,d89d4ebfdd7a86f51023c948832fb62c342f28c809a84f0a7be89c5f4775592f,2015-05-28T12:12:08+00:00,33685504,128
148,{app}\TO_data335n.mdb,app/TO_data335n.mdb,278528,262635375,ba7610d3bf975aa4c91ea486475c58def16e566a,d89d4ebfdd7a86f51023c948832fb62c342f28c809a84f0a7be89c5f4775592f,2015-05-28T12:12:08+00:00,33685504,128
149,{app}\tyag_prg2019_sout.dot,app/tyag_prg2019_sout.dot,1239040,262913903,9ce2d3bca52b5f4e751c1b801c56362323ccd4b6,941370ad2545a0d8558d696d5c5b6924eb7ff789bc91a9f83d5b70fe94aa5e01,2026-09-17T11:23:58+00:00,33685504,128
150,{app}\tyag_prg2019_sout2.dot,app/tyag_prg2019_sout2.dot,1253376,264152943,ddf7887b80fe72b2146d6554e49f8ca859be246f,3777084e580eab265bd83acddd4263b1f44474278b6c56fcde20da5ad51ec6aa,2026-09-17T15:04:10+00:00,33685504,128
151,{app}\ufi_prg2019_sout.dot,app/ufi_prg2019_sout.dot,659968,265406319,75b19aeb6d3435eacbed629781c04d52da7686de,9a63d4f43c8af38fec044ecec51ee8ca9146358c965ca0207e6238f144248be2,2026-08-27T14:49:42+00:00,33685504,128
152,{app}\ufi_prg_sout.dot,app/ufi_prg_sout.dot,158208,266066287,1c50aeee91fed87820ee146ca9eebc0523c3ea5a,e07bedb4ead0435a1e818b6683350bf8defe265e73505028b66dfc0e1dfd9957,2025-04-25T10:34:34+00:00,33685504,128
153,{app}\ufi_prg_sout2.dot,app/ufi_prg_sout2.dot,356864,266224495,c855d7d626719a753a2822db0bb6aad6b99276c3,77e637c6f7d20b1606f2ec04ef28a5118efa62451ecdb4aa1036c2c6fafd0826,2025-10-07T11:02:22+00:00,33685504,128
154,{app}\ufi_prg_sout2_1.dot,app/ufi_prg_sout2_1.dot,238080,266581359,f99479ae9f6eb6679359f443cca8630c95307eb2,bb0ab0378185a2bc21490d6bb039f73c58b96e9558e5fc1b68566578af8a47ca,2025-04-25T11:11:54+00:00,33685504,128
155,{app}\ultra_prg2_sout.dot,app/ultra_prg2_sout.dot,248320,266819439,d29f8288fec012bae9f20eeb9a7abeb2f71f4436,5eb01c3fba64fdb15cfb9f7c17aa737d922cf2129018899ef99c4a2cd8da9c6c,2025-09-08T09:48:30+00:00,33685504,128
156,{app}\ultra_prg_sout.dot,app/ultra_prg_sout.dot,136704,267067759,1aa3d4e819666cdfeb4de93c998683fcddfc96bf,5b7fa2e6a2d38815dd1464b628fcfbe6f1f124f794e3fd16b8d05160e3a9c681,2025-04-25T10:36:50+00:00,33685504,128
157,{app}\ultr_prg2019_sout.dot,app/ultr_prg2019_sout.dot,683008,267204463,1781c3c500c85c99d0e92fcf7655b758c9e67d6f,1db4b858c1852def24193f18a04434280775b06a78f5cb4060c77493f4fba7fb,2026-08-31T11:45:10+00:00,33685504,128
158,{app}\ultr_prg2019_sout2.dot,app/ultr_prg2019_sout2.dot,448512,267887471,d6740717a1c30e9d57c76409f3cedb1b0faf9e7c,60687ca4294177cc4d0d08f390879f6a9c6dcbbb95cee262f3d1073e1a0a579d,2026-03-12T10:27:26+00:00,33685504,128
159,{app}\uni_prg_sout.dot,app/uni_prg_sout.dot,96768,268335983,a4618bfcd0bb887e4d7acc3f95fb41870fbe6681,73f2a058f954ddfac86a6fac61ccb75c34e1c094cfea0a2fbb3034e803a7a3b6,2014-02-07T17:00:44+00:00,33685504,128
160,{app}\user_data.mdb,app/user_data.mdb,413696,268432751,1787601a8d77a74270d84dea78aaf242349d95d9,90da33ba27ac8883102d8d6b27cbea5b1f0532159456c54cabc347929ed8acda,2016-02-05T12:58:20+00:00,33685504,128
161,{app}\user_himia.mdb,app/user_himia.mdb,151552,268846447,303a8044ea1e262bebf061aa5c1683cc793b4e92,cf82ce869fb60a09bb0d1add52bf3ddb87aab5fc18b577d7426d7cb7fe36633d,2018-02-01T11:37:40+00:00,33685504,128
162,{app}\v5_imp_doc_frm.frx,app/v5_imp_doc_frm.frx,8216,268997999,1c94129311b4911ed67a9b9096d6c1182e21789a,62ab418842a2ae59cb3781c8363c27f4acb7d1bac423aed2eb85da1088543b38,2020-01-13T16:57:30+00:00,33685504,128
163,{app}\vibr.mdb,app/vibr.mdb,385024,269006215,5b6daef742bd8a0b10af3b3155e46d325a47bb3a,fa0ab9d5b686e1230474741502548d230c6721997d024b519f70e29df8558cdc,2015-06-18T15:25:52+00:00,33685504,128
164,{app}\vibr2022.mdb,app/vibr2022.mdb,532480,269391239,fd41dbe0819fb82b7552c462bc867495d67ffde1,fac2a897257e779735ac1dbe43d94e33a4443a8c937857793b8ae4d995943c5d,2022-07-19T10:38:28+00:00,33685504,128
165,{app}\vibr_loc_prg2019_sout .dot,app/vibr_loc_prg2019_sout .dot,810496,269923719,c1b9986affcb42d2fbcc00a63b2f207c8acf6b6e,0f9d23bc92ffe423c4391d90f96932af3dd484787dfd09911d6d0baf418d124a,2026-05-21T10:56:12+00:00,33685504,128
166,{app}\vibr_prg2019_sout.dot,app/vibr_prg2019_sout.dot,843776,270734215,abd1f3952f418db260eedb78548b5e26d67b73dc,21829ce018711fa7745e2c378e17ac6ac10c3094352a83a6e8d0660ec0abb9de,2026-05-21T10:56:08+00:00,33685504,128
167,{app}\vibr_prg2_sout.dot,app/vibr_prg2_sout.dot,468480,271577991,82c0a93cf2f90f669b00dcb80522cf6a0fabedfd,9914a7348c3fa3988373388802b6c683a048b962f7488736826a97dfe36fe522,2025-09-01T11:52:06+00:00,33685504,128
168,{app}\vibr_prg_sout.dot,app/vibr_prg_sout.dot,257024,272046471,9391bae7b611b3edc0af80ef3f78feaa413ebc0f,4695770ddf0d6854dd847a64b4272b31135ca3bf91ee298c0d0a4063c88e5789,2025-09-01T11:52:10+00:00,33685504,128
169,{app}\Дополнительные разделы.doc,app/Дополнительные разделы.doc,252928,272303495,1dc60ec6d06aff5cbffdea349786e012b0aef62f,5523045d70f2cd7f1c079e4424d1ada54c075643a1d48b14dbda67be019f8680,2026-06-08T12:57:06+00:00,33685504,128
170,{app}\Дополнительные разделы2.doc,app/Дополнительные разделы2.doc,79360,272556423,03f4d130408f96e0afc50c6fe0f1372a40a44b4e,4e9d7b376b2721ae31b9abe2641679443af824cb63376d065d6fbc2ce3a02bbd,2025-10-06T11:49:46+00:00,33685504,128
171,{app}\Дополнительные разделы3.doc,app/Дополнительные разделы3.doc,60928,272635783,d9e3829b1368693bfcae61389fa1a4a2ba1c4047,d975a2cf9c5594b0a8348140060a191f713c431e909855fdd84951df6f1a5b8c,2022-11-22T11:30:36+00:00,33685504,128
172,{app}\Дополнительные разделы4.doc,app/Дополнительные разделы4.doc,44032,272696711,be76a5e73512141b11feed970cf18d5c6ef017b9,e0a282a770f44283033da1653c606c581b0a325f6048122fac8f6f2f43678638,2024-08-15T09:58:20+00:00,33685504,128
173,{app}\Дополнительные разделы5.doc,app/Дополнительные разделы5.doc,37888,272740743,4332dac341a2646dffcc72cfa62c979390ae9555,4e8cd3610a985c61f5a10b34f3bea8af4d3a2667b1253d2239263fd8aae6c8d4,2026-01-27T08:55:20+00:00,33685504,128
174,{app}\Дополнительные разделы6.doc,app/Дополнительные разделы6.doc,34816,272778631,ac5f8b6bdf901ce1d8b3b2ce3fb1c8743c71ecb4,82493e7107e052b9bf476af753f78e7621b0b8664527a61a745a658170c107cb,2020-09-08T13:05:00+00:00,33685504,128
175,{app}\Дополнительные разделы7.doc,app/Дополнительные разделы7.doc,31232,272813447,b5c507c109f8a11811683735215ce4443030fec0,0e0d7030bae69c71623aa10d4ea7b783830220c9a91967575a72a9d321ef6ee1,2023-05-18T13:17:10+00:00,33685504,128
176,{app}\Дополнительные разделы8.doc,app/Дополнительные разделы8.doc,31744,272844679,87c8d2970b96685ff58c3c42902f1e4be519eaed,39fea7d2ac193b1ea5d0e4c9246fa92e1e42d7040b2df2d858f7663bd75e36c7,2020-03-12T11:02:08+00:00,33685504,128
177,{app}\Микроклимат.dat,app/Микроклимат.dat,0,272876423,da39a3ee5e6b4b0d3255bfef95601890afd80709,e3b0c44298fc1c149afbf4c8996fb92427ae41e4649b934ca495991b7852b855,2014-01-04T13:25:38+00:00,33685504,128
178,{app}\Пояснение к ТБ.doc,app/Пояснение к ТБ.doc,389120,272876423,8253a9e776c821db11120e458b20162b1b9ab5da,7e607b81f5bd76be3b85a3b16aba64c8f0e8c3023fbd9362567a86ce7e58bba6,2015-02-02T11:00:08+00:00,33685504,128
179,{app}\Руководство по регистрации программы.doc,app/Руководство по регистрации программы.doc,385024,273265543,18a3ec9e018dabc84a7079b42935901bba779287,3a80bd9271a2ff54dc19dc6bd73845f443f5f1ad03abf10cee19cdc9b4da3de7,2020-03-04T09:14:10+00:00,33685504,128
180,{app}\Руководство пользователя.doc,app/Руководство пользователя.doc,11073536,273650567,9fc312fac5e9e73614893da1245c35d0060fd8a8,54f6cd815a27059eafc1c736d8df6dbe98e2b6119faa829e13e852ea1797513f,2024-02-06T14:48:28+00:00,33685504,128
181,{app}\fgis_ra\fsa_v02.xsd,app/fgis_ra/fsa_v02.xsd,22402,284724103,18da5d6e2c2dcbc4ad2141f5b768b25d3db51d86,ce29eba059842e45acc13519740df4ec444edc5e5eab0df8ad703a4f9bdd3dae,2021-02-19T10:55:58+00:00,33685504,128
182,{app}\fgis_ra\xsl\prot.xsl,app/fgis_ra/xsl/prot.xsl,6130,284746505,0842570190d2318c041d95cd5249059b4384ef7e,1fe759202d1aec116c00f295ba61e75abbf7dd957db373de0db18649a91ebc82,2023-03-02T16:18:50+00:00,33685504,128
183,{app}\fgis_ra\xsl\prot2.xsl,app/fgis_ra/xsl/prot2.xsl,7714,284752635,674367c755fd52b03d2f0f15dd9db59056191ec8,fc0353e07c7768edb8caa5bd41d169d3e7578a45f8b5badcd5f33fc73edc5d3a,2025-04-01T12:39:06+00:00,33685504,128
184,{app}\fgis_ra\xsl\prot3.xsl,app/fgis_ra/xsl/prot3.xsl,25726,284760349,b4f2556b9bcd9122af9545d8fb9a29612b0a0d30,76282e391ae00096fc1135ab19a0ec975abfc85ba8cd9d339dad6055d33d5105,2025-11-14T08:59:34+00:00,33685504,128
185,{app}\html\index.html,app/html/index.html,155,284786075,8b259ea5b7e69ddf8e7183ba6775a91762e54a8e,47f117ff4286afb1f92afa7e46cb57d8801c7bb0a9fcb485709201608f40a6f5,2014-11-18T11:33:10+00:00,33685504,128
186,{app}\html\data\empty.html,app/html/data/empty.html,0,284786230,da39a3ee5e6b4b0d3255bfef95601890afd80709,e3b0c44298fc1c149afbf4c8996fb92427ae41e4649b934ca495991b7852b855,2014-11-18T15:49:50+00:00,33685504,128
187,{app}\html\data\api\dtree.css,app/html/data/api/dtree.css,795,284786230,9f1ff0785f10b8d96d2570a056f072ce675931e7,1b89005e727ce5b6128e8f0e415cd8511d3cb871bfe8d2b16ee2a986e1b9c1c5,2012-06-21T13:35:04+00:00,33685504,128
188,{app}\html\data\api\dtree.js,app/html/data/api/dtree.js,12420,284787025,b99b53df01d0d23c954e39a72438caac7af32041,75f3a1250ed91d4cdfba6e740b8ae8cd6448fe95955baeb3a8a2fb898093da9a,2012-06-21T13:38:58+00:00,33685504,128
189,{app}\html\data\api\tree2.css,app/html/data/api/tree2.css,725,284799445,ceed3d49805eec564581c1ec38359b6e63230835,44670f0846e025f6b2513f5c76a4784cfdbded8cef34d399eda01b6083eb3ee9,2020-11-23T11:39:46+00:00,33685504,128
190,{app}\html\data\css\styles.css,app/html/data/css/styles.css,14192,284800170,3e20217e2a4a3859e700157dd90f70ff1124cb95,fee1a3ca8738d00be954671e70a17986ab3b12ebfa08e596eca74941129d1c8e,2014-11-20T13:26:12+00:00,33685504,128
191,{app}\html\data\img\empty.gif,app/html/data/img/empty.gif,62,284814362,619127e2754d2a8e77b139517717db25af6c0e01,152c84e46b3466b723a4cb9bacbbce881a1fd9af042dfa716eaf02df28d6ad7d,2002-10-19T21:26:00+00:00,33685504,128
192,{app}\html\data\img\folder.gif,app/html/data/img/folder.gif,372,284814424,f01de70c53922a47266849478aedd925fe5021fd,9dd5b6674e4e3ba7df36aaf3592d8dfb689173f8367563c5086b69179da2ee2d,2002-10-19T21:26:00+00:00,33685504,128
193,{app}\html\data\img\folderopen.gif,app/html/data/img/folderopen.gif,376,284814796,c4a09d54c809758e757ab6cf0f24fbc459678678,ac33b0aad5108195a1dfd12dc00c1f9b81d9e9b13f9fa77c5d5ba02204476b0c,2002-10-19T21:26:00+00:00,33685504,128
194,{app}\html\data\img\join.gif,app/html/data/img/join.gif,69,284815172,d5016c0a2bd06e5e1faa16758bd7e71e9c9a6378,6def35062b5bf23ba38ef8cf3e11d6560fdda9e7fff7be6b84594eee8ca5369c,2002-10-17T17:56:00+00:00,33685504,128
195,{app}\html\data\img\joinbottom.gif,app/html/data/img/joinbottom.gif,66,284815241,e17624ee848ce7246b7561ac36952e036dd91c02,e7da2318deae5ac66e1a08e890ce607be5d6497b6801afbf06aa54e6e412bcd2,2002-10-17T17:56:00+00:00,33685504,128
196,{app}\html\data\img\line.gif,app/html/data/img/line.gif,66,284815307,d4f04e140dc5cfd49152776343a1e164ae4a577f,b53c9e4623e45d49fd5d602e9208e0694062d42f84ceda840c98ab57961d2a3f,2002-10-17T17:56:00+00:00,33685504,128
197,{app}\html\data\img\main.gif,app/html/data/img/main.gif,389,284815373,df0195fe8cbe33024f507c9e837d9f2bf071647e,06a4bbc4bca4ef602dc2cc658bca14b3628c1fd8d4828456e017b1d977ac4377,2012-06-21T13:37:56+00:00,33685504,128
198,{app}\html\data\img\minus.gif,app/html/data/img/minus.gif,86,284815762,028f04efed2d8b481228f58689064f4c0b693914,0e0cb21b435d0884a76c4b9b6f10565223aaa8c586988905a9ca246dd98b0ff4,2002-10-17T17:56:00+00:00,33685504,128
199,{app}\html\data\img\minusbottom.gif,app/html/data/img/minusbottom.gif,85,284815848,f2d705eb76b919143d3baf4e840bb21c10943d31,e62b1e30111f763c9bdff72900afc9ecc9b456b939589f7f32859e4e84eddeaa,2002-10-17T17:56:00+00:00,33685504,128
200,{app}\html\data\img\nolines_minus.gif,app/html/data/img/nolines_minus.gif,861,284815933,8c3f15b19a75a75bcffc5ecccb193f8974adbca7,29f308b5dda5166af0077345fe65925212bb330624fff7b43107b2a8e559276c,2002-10-19T21:26:00+00:00,33685504,128
201,{app}\html\data\img\nolines_plus.gif,app/html/data/img/nolines_plus.gif,870,284816794,eabe1d0dd520810779aef5dbbd6ea3f8ff0049d1,987a8de26058309b4cca5525cefdc07d21046b47054cd2049272b30aa79fd836,2002-10-19T21:26:00+00:00,33685504,128
202,{app}\html\data\img\plus.gif,app/html/data/img/plus.gif,89,284817664,4d756eebfb98bd3524551df03f5fd2377b854118,632cb2532c746978b117a9141019afff577fc2a614887090ab7c0b6121663be5,2002-10-17T17:56:00+00:00,33685504,128
203,{app}\html\data\img\plusbottom.gif,app/html/data/img/plusbottom.gif,88,284817753,00bc9d8fc8ef915d0ca90ae6cca718c384d210b4,69eab49ddc4379315f9ca973ec8838536a65e0dce530963a926333a137f1099d,2002-10-17T17:56:00+00:00,33685504,128
204,{app}\html\data\img\rm.gif,app/html/data/img/rm.gif,355,284817841,41a2c53a28f78cf8cb0fd7727d47551c40760603,8a756f5dbc53fe4c9920923585e3b915da502c83de85874efac8938770a47c8d,2014-11-17T17:09:10+00:00,33685504,128
205,{app}\imp_ved\import51_1.dot,app/imp_ved/import51_1.dot,46080,284818196,262f6057703760299de886ee39ff127cf9efd71c,a4e7d09d2d733586e6dd6bb0d9178a95ae7964a039e7a032da16c6d73ae97b60,2015-04-24T11:14:38+00:00,33685504,128
206,{app}\imp_ved\import51_10.dot,app/imp_ved/import51_10.dot,36352,284864276,5f82c6605781def9ea730b6834a2e6eece0dc45b,73843def04a60b8095f94a2dcc1cfd513966df24cdd7927aa2dfacca4b42bacd,2021-07-06T16:41:04+00:00,33685504,128
207,{app}\imp_ved\import51_10_1.dot,app/imp_ved/import51_10_1.dot,36864,284900628,e6ebe6b9792787502e2108ed3890a57f75f9e219,c76e4274b6406dadb503a1bff7829fc94897477f8ba8e5e6d25d0ba3b7435ae7,2021-07-06T16:56:04+00:00,33685504,128
208,{app}\imp_ved\import51_11.dot,app/imp_ved/import51_11.dot,37888,284937492,744e6b98169286921841957a0a147c1b1b021311,c1ae15686b4723264779e7ee4652de61bd877e2ff39123b9f4264af3bad893c2,2019-03-04T16:47:08+00:00,33685504,128
209,{app}\imp_ved\import51_12.dot,app/imp_ved/import51_12.dot,36864,284975380,03ea72ccb420accbd14088aebb711e232095663e,de3156b961996585ff1ca2c08e7e30a16c1940fc88cccebb90094004445b0917,2021-07-06T17:04:16+00:00,33685504,128
210,{app}\imp_ved\import51_12_1.dot,app/imp_ved/import51_12_1.dot,36864,285012244,76407f9c9ddd28ad23597ccb6d0397e45c5f10e0,13e5efb222c3eadec6dc6ce4132ce3d5b42051efcecd0ea772bffcfed038cc4a,2021-07-06T17:08:14+00:00,33685504,128
211,{app}\imp_ved\import51_13.dot,app/imp_ved/import51_13.dot,161280,285049108,4ea1cdcd456982653a406d97b3f10b35ea93fc2b,63ae566fe4cf9025ce1d07f24e3b33652204fa62a2188f8df670972a5b3e3f70,2024-11-26T15:25:20+00:00,33685504,128
212,{app}\imp_ved\import51_14.dot,app/imp_ved/import51_14.dot,36352,285210388,0d371bc1efe64048dc0736fad736bde4a6e53ac1,d27595b71499d3601a35ab0a38219246561810a3909e4f01f34b4eeb756d885e,2021-07-06T17:18:38+00:00,33685504,128
213,{app}\imp_ved\import51_14_main.dot,app/imp_ved/import51_14_main.dot,36352,285246740,c781c6876918e3fa4234f9a394db5cf41d004d25,96c5c4dd8c08bacf40af2348305b27f2fd1e7d0ddbc2124ac583f22c7b73c864,2021-07-06T17:16:00+00:00,33685504,128
214,{app}\imp_ved\import51_15.dot,app/imp_ved/import51_15.dot,45056,285283092,19d6111f8de3eadb0656015aff4eeb77fca54fa6,2346e4e153d179b1703c71c870312f59ebcc29fa654d7d231be719407fd095b7,2022-12-15T10:25:46+00:00,33685504,128
215,{app}\imp_ved\import51_16.dot,app/imp_ved/import51_16.dot,48640,285328148,b3b7cd693cedd8a1e670e901cfbe53c5f334a693,84739272291b907c9f8c21761c0845c43d7cb3d735e6c1bad2dcb2eb18df9d00,2023-08-11T12:39:40+00:00,33685504,128
216,{app}\imp_ved\import51_17.dot,app/imp_ved/import51_17.dot,57856,285376788,56828dc98ed19207252d3aa10d43bc63a3de8ede,133f0be46d47185da1d9dee4d736d0eed414eef5ff4d938aade30d716f6f08c0,2024-10-25T15:57:04+00:00,33685504,128
217,{app}\imp_ved\import51_18.dot,app/imp_ved/import51_18.dot,61952,285434644,4ed3cff8db14c008170de6a167d19e84473fc9b0,431fd50ada01306a45cce00945a1dae2a5124b8ffa31cb3c18986e61d046ac60,2026-09-10T09:27:42+00:00,33685504,128
218,{app}\imp_ved\import51_2.dot,app/imp_ved/import51_2.dot,44544,285496596,c9e78ea5e7d293f1f2082d3ded5990e2bca49f61,ea3048ccd5a4aeca4f0236f93754b277dcf070b8ea41d3e82dbe32495da3ce5a,2015-04-24T11:14:36+00:00,33685504,128
219,{app}\imp_ved\import51_3.1.dot,app/imp_ved/import51_3.1.dot,46592,285541140,e8c4824ad693b1374f16a08f3bbbd2f523ceab93,910dc2b96a9b0dac64762d7b3d27f5b20075b806d21e2121098f260d73ac883e,2016-09-28T12:19:16+00:00,33685504,128
220,{app}\imp_ved\import51_3.dot,app/imp_ved/import51_3.dot,44032,285587732,cf7a70e14a82f77e2171d815321f0d8e574fe4d5,e28bab14fb7260cbb993a2c54366948044f242df0b60d1757be9fb6ceb927aa9,2015-04-24T11:14:34+00:00,33685504,128
221,{app}\imp_ved\import51_4.dot,app/imp_ved/import51_4.dot,45568,285631764,805ee3c5b74a520322d839dc038a4e2869663557,fccf207e010216aea7eceec627f3962d38ece21f36e96895419e2a0f7820b28c,2017-03-01T12:27:22+00:00,33685504,128
222,{app}\imp_ved\import51_4b.dot,app/imp_ved/import51_4b.dot,48640,285677332,b48681d580777271857bd267b555daf630d64ad5,fea1f57e7dfda3ee5f3e6bab17467778f35cf2d2b6522ce0f23877863312c5af,2024-03-21T12:40:20+00:00,33685504,128
223,{app}\imp_ved\import51_5.dot,app/imp_ved/import51_5.dot,44544,285725972,3deb49bb38f5e504409768610c0f40eddf7994d3,42adaac8b25d38912efc1284fd831660a11b453135e3c8d4ddc2fd87846ddf3b,2016-05-12T13:55:32+00:00,33685504,128
224,{app}\imp_ved\import51_6.dot,app/imp_ved/import51_6.dot,45056,285770516,fee1a808d08d28169ffa4bb22b0212d004ef28e2,7b53ca1ac2f7a8225ba8570f36a92571ec156a08102cd2d3148ea709194a4c9e,2020-03-24T08:57:50+00:00,33685504,128
225,{app}\imp_ved\import51_7.dot,app/imp_ved/import51_7.dot,38400,285815572,0ac99b97065c64a7dbe77caf4d3dccb67dac5253,dff48bd24c62c92777671c2c311f4f4704a903c6651b887c420d710836d03cdf,2016-10-18T12:11:06+00:00,33685504,128
226,{app}\imp_ved\import51_8.dot,app/imp_ved/import51_8.dot,48640,285853972,5cc58ae7fb62692995ed6f18ceb2e127e70255c2,6c6c014a20893881c3a113ccbc2ca89b0eeecd370417f9dc84cbb2b0751a93e8,2019-10-25T08:36:06+00:00,33685504,128
227,{app}\imp_ved\import51_9.dot,app/imp_ved/import51_9.dot,80384,285902612,52dce902e92cf3cce9323f2e806cc93a29448f83,f4b822b0dcf9802d5540bb179b407c162d8dee19b044064671c33176cb7bfffa,2024-11-18T08:35:02+00:00,33685504,128
228,{app}\imp_ved\import_f1.dot,app/imp_ved/import_f1.dot,81408,285982996,7309f3988a0052aa7ee7194b25828ef1042948a8,cb65ce760ca2bbc323abd360443bfa4c8f7fd8899331dbdb4f38596dd6284393,2021-09-01T14:52:20+00:00,33685504,128
229,{app}\imp_ved\import_f11.dot,app/imp_ved/import_f11.dot,65536,286064404,f122443438839fa0255463d21d0149c83275b1e5,3c200a1f43a8bd83dfdab929beb46a8bccc5fd7c24b8cf437d8943a7e690d25c,2021-06-15T09:56:50+00:00,33685504,128
230,{app}\imp_ved\import_f12.dot,app/imp_ved/import_f12.dot,65536,286129940,84881a2f5f3f4d97b34070111af33208cea96fd4,5c49ec0336ed797f6b71b3d893ab47de93c2c23ec6bdeeb0a018da3c33421067,2021-06-15T09:56:36+00:00,33685504,128
231,{app}\imp_ved\import_f13.dot,app/imp_ved/import_f13.dot,34816,286195476,c64da50444512b5c30b83cebf5c5fb1e2e0a499f,cecc3c899858e94cec50f8e858f2ad55935b476d28d029df3edc7b888cb785bf,2021-06-15T09:57:20+00:00,33685504,128
232,{app}\imp_ved\import_f14.dot,app/imp_ved/import_f14.dot,55296,286230292,02608e8eafb01fdc73e92a523210737d8f1ca0eb,a548622285a73429fd4d2b6ea6a1dc7cf44ac74c644f87df403e48cd9b30f983,2021-09-01T15:29:18+00:00,33685504,128
233,{app}\imp_ved\import_f1_02.dot,app/imp_ved/import_f1_02.dot,81920,286285588,ea6c72ce6230c4f7dcc529e9f69df06d40d899b2,1173b365fdc689213055a03a0bc2ca7376e86e34c29c6569556252380717d574,2025-12-29T16:29:46+00:00,33685504,128
234,{app}\imp_ved\import_f26.dot,app/imp_ved/import_f26.dot,75264,286367508,3ebbd8cca0fec5d85537edb8cdd8cfafa72be6be,b14ebe2a3aba6c3b6972ecbb89c765434b6807cc1530acd38d6e65bc7510d216,2021-06-29T16:44:54+00:00,33685504,128
235,{app}\imp_ved\import_f3.dot,app/imp_ved/import_f3.dot,80896,286442772,9c9a22501a2adc266c7a483882fa1bea66ef5226,b0dea1a3772ddaafec1ad9df6f07aec42adb0e9d11cbe71bba3aa18b78c14619,2021-09-01T14:52:08+00:00,33685504,128
236,{app}\imp_ved\import_f4.dot,app/imp_ved/import_f4.dot,54784,286523668,7da45bff149c5b80227b008e46ce4bf12ca780b0,7bf6c34a8a960737371f36bd6881ed95d49cdf290e5cd7cf5d5923bdb9968ce3,2022-10-27T11:15:52+00:00,33685504,128
237,{app}\imp_ved\import_f5.dot,app/imp_ved/import_f5.dot,69120,286578452,9e93675d695a9dbcd914ec3a9e958684301d026a,dd1b2f0de1f9054eed21db044f7f80e5acc8e66f05e28bab6ddd1214e023fedf,2021-06-15T09:57:04+00:00,33685504,128
238,{app}\imp_ved\import_f6.dot,app/imp_ved/import_f6.dot,71680,286647572,80100aec607e8427eae6cdc825b5f6938b4b017d,89c77205e3cff3748adbbc12d32a3ceca1065b75fe1b0ab045f6d1efd99c0687,2021-06-16T16:01:26+00:00,33685504,128
239,{app}\imp_ved\import_f7.dot,app/imp_ved/import_f7.dot,70144,286719252,0e2e5876934009e6c1129d6c3076593df5768535,0680e1b72429ff2e2b538762b39df393b78e071e4770233e8791d235111e1869,2021-06-18T10:52:16+00:00,33685504,128
240,{app}\imp_ved\import_f8.dot,app/imp_ved/import_f8.dot,70144,286789396,96ac2ac182f31fa58f8899d687a48ab86f3f4f4b,d27a5b4a7edf1a773d641213c657f2a35b93b6af2b7243dba978b0644327f53b,2021-06-18T16:22:56+00:00,33685504,128
241,{app}\imp_ved\import_f91.dot,app/imp_ved/import_f91.dot,73216,286859540,6e84118dfb17497c978b43ed85a4f416a7ce9784,f1a420a77b5ec1f223f0cc53792ea30fe200c36f204cd10a4df736f3fed986ef,2021-06-23T11:28:14+00:00,33685504,128
242,{app}\imp_ved\import_f92.dot,app/imp_ved/import_f92.dot,72704,286932756,b9243ce95dc8a17bc0869c75dedbe37b76fb4c8f,3261b5bde25f26eabfec10bdf06d411c6b52f366477cc50caa337772893479f9,2021-06-24T15:18:36+00:00,33685504,128
243,{app}\imp_ved\import_f93.dot,app/imp_ved/import_f93.dot,72704,287005460,d061799918c482c985aa0e4837588c7f92a4c16a,d0f4dc6dd0a39a470966853a15feffe8dd797dc7ed376060cb7c689e54c76140,2021-06-25T11:49:10+00:00,33685504,128
244,{app}\imp_ved\import_f94.dot,app/imp_ved/import_f94.dot,74752,287078164,7fda3ba8d1b420dd6ce87fe8913b1fc199c9e8df,0fef476b2feb261c21c31cf49e5dc9d91daa20eab706c63b6410c07ed070976c,2021-06-28T16:56:38+00:00,33685504,128
245,{app}\imp_ved\import_f_classic.dot,app/imp_ved/import_f_classic.dot,55808,287152916,90ee71c886faef83783a04e8c345c11ba53c553a,a49e2fa26c83f31d0daf898e3387a0085e2c70c36d5807781a84d0551889fa1a,2023-09-14T16:57:14+00:00,33685504,128
246,{app}\imp_ved\import_f_classic1_3.dot,app/imp_ved/import_f_classic1_3.dot,68096,287208724,dae8825e32f7baa76d562ad6bbbc557a41072333,119a6ab87885cb1a25debc6569bc59c21ac0f4464d72ad26c0f0f268c506d489,2023-09-25T10:07:22+00:00,33685504,128
247,{app}\imp_ved\import_obuch2023.dot,app/imp_ved/import_obuch2023.dot,102912,287276820,714c5de8e264982596839cb3181c8d7ba33ae45b,06318f672daf359da92fd458fa918a1d5d6efbb7bffe371524ac6dbe626d9e18,2023-10-06T13:27:00+00:00,33685504,128
248,{app}\imp_ved\import_si.dot,app/imp_ved/import_si.dot,59904,287379732,3a8c86aa8efb178c6f4952fa45f69538a8944fa5,5e7523a043a5087c0f4b7f887c943b2b3f6e7d3a312acc5fe99c4eab901b45db,2025-06-09T14:29:00+00:00,33685504,128
249,{app}\imp_ved\import_siz2023.dot,app/imp_ved/import_siz2023.dot,48640,287439636,9f201d27031a461ffc6a3d8af8191d21df98b172,8025890b816f01df5440748da7ed782d22806228a85d24123815aa433789abc3,2024-07-29T10:33:58+00:00,33685504,128
250,{app}\imp_ved\xsl\dangers.xsl,app/imp_ved/xsl/dangers.xsl,3255,287488276,73e0cacb24e5efcd8e7593c742fe0a7a88c96237,b58c3919fca2433b847cbceb90fc40ef26c15da46adc107c590e50c668c51d04,2020-11-30T12:43:26+00:00,33685504,128
251,{app}\imp_ved\xsl\fac_info.xsl,app/imp_ved/xsl/fac_info.xsl,6981,287491531,0bb19160ea04793b715336c534681c1d722aa43b,1c242846729831623c99c9d383d99583a34ddc27fae044af61e26eb4b77b89f1,2018-11-13T16:58:36+00:00,33685504,128
252,{app}\imp_ved\xsl\fac_info10_1.xsl,app/imp_ved/xsl/fac_info10_1.xsl,7286,287498512,37659b2de960342064e93e01ad34b123b0930fcc,288849cea2f8c9eaa0858ec0363cc70267df300184790fa8657f8e0607355e66,2020-10-09T09:39:56+00:00,33685504,128
253,{app}\imp_ved\xsl\fac_info12.xsl,app/imp_ved/xsl/fac_info12.xsl,3363,287505798,46acac9990d15acaccd5a27693f21b395ddae6f3,6294569be6de75d4c10090ddef1b0ee287139d2e2bf3aa4380a7e92e6ce7c979,2020-01-23T15:39:08+00:00,33685504,128
254,{app}\imp_ved\xsl\fac_info12_1.xsl,app/imp_ved/xsl/fac_info12_1.xsl,3234,287509161,0101d41ecc7553b688b2a18cd0bcca908d9fb8e5,85e7e756d861225c5af6763996a2bea4acf9fd88d9bd2b00d737a528144277de,2020-08-04T10:24:18+00:00,33685504,128
255,{app}\imp_ved\xsl\s040.xsl,app/imp_ved/xsl/s040.xsl,5794,287512395,89770af8c44952790e9078063fa9ef2a55843d98,b2b9e8ebe53990da8c077988dd7bcbe16aaee16fbe998dac90ecb4bea42d8532,2024-11-25T11:53:02+00:00,33685504,128
256,{app}\imp_ved\xsl\s050.xsl,app/imp_ved/xsl/s050.xsl,4264,287518189,57e38b78c838077066c1b5003e54cfe0b1bbbeda,723a7770981f1be88fa4be94a1bcdf1921c2b7a72723976668cb774b3837dd72,2021-02-11T10:15:14+00:00,33685504,128
257,{app}\imp_ved\xsl\factors\fac11_01.xsl,app/imp_ved/xsl/factors/fac11_01.xsl,7446,287522453,8850cefdd92ede9973804ee000a97cd77a834003,79dc43c4b77bcc8fe97c9068610ba70974fdc3e72acce0fd0d47b3dafe39202d,2021-04-29T13:59:24+00:00,33685504,128
258,{app}\imp_ved\xsl\factors\fac12_01.xsl,app/imp_ved/xsl/factors/fac12_01.xsl,9276,287529899,152f30f198087d7fc8c1ec957b4bc0051ac9c9a5,0b486a3339fa82f0910e80a429b60013fe5c81284921912b20c300b870918f74,2021-05-13T15:39:38+00:00,33685504,128
259,{app}\imp_ved\xsl\factors\fac13_01.xsl,app/imp_ved/xsl/factors/fac13_01.xsl,19124,287539175,d2360d5bbd56ef1397419123ca5f41a8dc4cbd2c,66985222857c646f0d374ae2ef65e61424c530d9019b540aa8d318d2c72e689a,2024-06-27T13:18:34+00:00,33685504,128
260,{app}\imp_ved\xsl\factors\fac14_01.xsl,app/imp_ved/xsl/factors/fac14_01.xsl,15068,287558299,7d26732d1d1e3c905284c4c04249caa7341d1fc0,af7a4a6d198bbd51a7fed79c90c07e6c535a8d207dbcbe573dc653283af74268,2021-09-02T16:45:24+00:00,33685504,128
261,{app}\imp_ved\xsl\factors\fac1_01.xsl,app/imp_ved/xsl/factors/fac1_01.xsl,7154,287573367,ad77fd7a516aba2c594234910c7979dd629f838a,85a1a972d8c6dbed7d3784c5f6cd5a347f0a84da2daa39e4603ee3182f66aaef,2026-02-11T16:41:38+00:00,33685504,128
262,{app}\imp_ved\xsl\factors\fac1_02.xsl,app/imp_ved/xsl/factors/fac1_02.xsl,7603,287580521,bf1ef9ebda4e8d6d13f8c78dca556343748e1184,585ccfdd367fe15df105699c506ad42f46fb8f9d0b48a8c1b48af982603198c2,2026-02-12T09:26:24+00:00,33685504,128
263,{app}\imp_ved\xsl\factors\fac26_01.xsl,app/imp_ved/xsl/factors/fac26_01.xsl,7074,287588124,6754e25018cbbf052aba87839b5fdf3a12d30bfd,75fd75882b760ff4b606dcc4fc6eb25e794044f9707840cd80c1df14160b7644,2021-06-30T14:51:50+00:00,33685504,128
264,{app}\imp_ved\xsl\factors\fac3_01.xsl,app/imp_ved/xsl/factors/fac3_01.xsl,6981,287595198,c405bb512203786424144c949cbf165ccc00f09f,b49c4192f526ec611b19638aa9d2b782dada1b9a77da0280b959ff428ddb0843,2021-07-20T11:38:26+00:00,33685504,128
265,{app}\imp_ved\xsl\factors\fac4_01.xsl,app/imp_ved/xsl/factors/fac4_01.xsl,7459,287602179,f50f5b401c75f3a8a794ac16eea5c02767794451,d4745b74b52f4ae86186cca51fcd0f088bfec0ce45baef8c046ff7efc27a0e15,2021-06-08T11:30:10+00:00,33685504,128
266,{app}\imp_ved\xsl\factors\fac5_01.xsl,app/imp_ved/xsl/factors/fac5_01.xsl,7013,287609638,d1ce4a23e6a5aad080f41df0245215b748b9a41d,3b46527730396db32afbc8bfda1cf15b616182c31a7c130219ba70cced5d19d5,2021-06-16T14:50:28+00:00,33685504,128
267,{app}\imp_ved\xsl\factors\fac5_02.xsl,app/imp_ved/xsl/factors/fac5_02.xsl,8527,287616651,2bfa93a1c6f92ec286beaf353a74f79a0138430a,004ffa3d490bd9765b3e1f8a31902b12bd77ede20b8dfc8cf0c34abf3cc78502,2021-06-16T14:50:48+00:00,33685504,128
268,{app}\imp_ved\xsl\factors\fac6_01.xsl,app/imp_ved/xsl/factors/fac6_01.xsl,7414,287625178,396a3ba32b22d7ea39e728a8d8dcf74f0493831f,5fda9897c848381242900cdcdee05c522479766d17e48f5d15b4a1824203a9da,2021-06-16T15:44:04+00:00,33685504,128
269,{app}\imp_ved\xsl\factors\fac7_01.xsl,app/imp_ved/xsl/factors/fac7_01.xsl,6953,287632592,a8266563f77d914dbc5e479444fe7a6ecff056eb,fd27334ce79a87eb0126fa6bdd9a88f0110076cd62078f72342ed71dc651a50d,2021-06-18T15:23:32+00:00,33685504,128
270,{app}\imp_ved\xsl\factors\fac8_01.xsl,app/imp_ved/xsl/factors/fac8_01.xsl,6961,287639545,482a19292aa5fbb7b9326424d2eec4399864e936,77e9bfa3ac07d1007918be73e3576a75cbadd3d28632204d03124901837781f0,2021-06-18T16:20:46+00:00,33685504,128
271,{app}\imp_ved\xsl\factors\fac91_01.xsl,app/imp_ved/xsl/factors/fac91_01.xsl,8721,287646506,e9cad846cb007f3149defdd5ee0589aa166c389c,d51ab5a726f3f8e3d79d5782c120430e8a69de97aa5f80c63d4ebfd971b89420,2021-06-29T15:44:32+00:00,33685504,128
272,{app}\imp_ved\xsl\factors\fac92_01.xsl,app/imp_ved/xsl/factors/fac92_01.xsl,6785,287655227,0e6f6f83bb52846c4247c0e66bba85945e544fe7,e62e2d9ef06d27b805fdf0d7358e5df89a36e6c4363e14ce669ef1513092e604,2021-06-29T15:44:14+00:00,33685504,128
273,{app}\imp_ved\xsl\factors\fac93_01.xsl,app/imp_ved/xsl/factors/fac93_01.xsl,5984,287662012,12825dcf6963b16ffa6e7df60b699ff1d20ea6c9,29ce6749065cf3c91154afbbc688a788205ac645427d218611126b3420b5eddb,2021-06-29T15:45:28+00:00,33685504,128
274,{app}\imp_ved\xsl\factors\fac94_01.xsl,app/imp_ved/xsl/factors/fac94_01.xsl,7664,287667996,9f59c52e10a796f2e9b17bf79a4e4ebd76cdeb3d,6b786ab904bbd97f3131e64c5198a2dba3c969c1ce7979066424556a94b51ae8,2021-07-05T13:33:30+00:00,33685504,128
275,{app}\imp_ved\xsl\factors\fac_classic1_01.xsl,app/imp_ved/xsl/factors/fac_classic1_01.xsl,7259,287675660,54dc6f7ebc299c5b6bd81db2a4958e0fc2f26b86,4e44f949c669e7c24e0f2b6ae1f0f2788f2b37ca6280d98554a667000cb29d23,2023-09-22T14:55:50+00:00,33685504,128
276,{app}\imp_ved\xsl\factors\fac_classic3_01.xsl,app/imp_ved/xsl/factors/fac_classic3_01.xsl,7259,287682919,54dc6f7ebc299c5b6bd81db2a4958e0fc2f26b86,4e44f949c669e7c24e0f2b6ae1f0f2788f2b37ca6280d98554a667000cb29d23,2023-09-22T14:55:50+00:00,33685504,128
277,{app}\imp_ved\xsl\factors\fac_classic4_03.xsl,app/imp_ved/xsl/factors/fac_classic4_03.xsl,4464,287690178,cc13d8753dbc11cf6a15c0487ff3747acea583f5,9c9c61acb74998664c89c5c04ce31a1644e57a44da47cacd94a6b3473d1aad48,2023-09-13T11:27:34+00:00,33685504,128
278,{app}\imp_ved\xsl\factors\fac_classic5_03.xsl,app/imp_ved/xsl/factors/fac_classic5_03.xsl,4537,287694642,c2854f4a72ba0ff0b4e39fd2f4f63fa07e775014,fa60808ac4e6e4be01acdd578091c87cbf5af8d595411d34c10a1592293a697c,2023-09-14T13:35:32+00:00,33685504,128
279,{app}\imp_ved\xsl\factors\fac_classic6_02.xsl,app/imp_ved/xsl/factors/fac_classic6_02.xsl,6184,287699179,46d1e89b340c2f577cf057b6d223e4da46a71010,820160dd28e3a71e4f37334448911aec24bcb21f72cd586f6dab613f3887958c,2023-09-18T09:56:46+00:00,33685504,128
280,{app}\imp_ved\xsl\factors\fac_classic7_04.xsl,app/imp_ved/xsl/factors/fac_classic7_04.xsl,5197,287705363,4b8541392ba3ea46dc1665aa9926a970ca3a143d,008e4d878f302023a12d6283f47357e28a32cf6cb907c36dc06a9c8bc127eef3,2023-09-14T16:25:40+00:00,33685504,128
281,{app}\imp_ved\xsl\factors\fac_classic8_03.xsl,app/imp_ved/xsl/factors/fac_classic8_03.xsl,5237,287710560,254dafa8f6b8429c84cf2fc5b54a458f05558b37,2186239debc6d843703e848b488690df62db3ac9840603496b828e09cd07f9ed,2023-09-15T14:07:54+00:00,33685504,128
282,{app}\model\ARMv51.MDB,app/model/ARMv51.MDB,946176,287715797,611342aa91e5708a069231f7d0c03b5ca4ee0c81,95b6e2da563eb47eebf52169dfe0c8818da8ace021af0b927d5b99c4eec09993,2026-08-18T11:30:12+00:00,33685504,128
283,{app}\model\diag_data.at5,app/model/diag_data.at5,856064,288661973,d3b43479eb44ce76edadee1459fa37a777073de5,d201310c6afa15c8622c21776c9bc61daa3f6c33c38725ac3c9d5d19e42eb41b,2026-08-03T11:51:14+00:00,33685504,128
284,{app}\model\exp.a51,app/model/exp.a51,757760,289518037,d27b8da999c48b87ae408388eaa6d5eea8ee3157,c630939b61dc992bc2c6aec11064cad7441e2e00cbf2ed4475a9581274440692,2021-10-14T10:22:46+00:00,33685504,128
285,{app}\model\exp_opt.att,app/model/exp_opt.att,856064,290275797,7655338e3f640fc55a2022d6e96b0b7e1ba25821,6c1c3f5bea6ab9cdc8eb6611c38ce25168fe4506880fb1060a4d4b99c64061fb,2026-07-30T14:58:16+00:00,33685504,128
286,{app}\model\profrisk.mdb,app/model/profrisk.mdb,397312,291131861,36c8d9c6c59ec14c6cec5882a0afff59bb1752da,5d67ff18ae76b8c2279953f8f7ace03af4203542ae81093f7e967b13bf0f18c4,2021-09-27T10:01:02+00:00,33685504,128
287,{app}\model\ps.mdb,app/model/ps.mdb,204800,291529173,73a63d579dee0184a682e835ef187f9bb569ded4,c91d881642992168e041de8036262d8cac90e370f5ffdad4397c7dafc4ee74cd,2025-12-23T15:19:02+00:00,33685504,128
288,{app}\model\res_orgs_files\fac13\main.xml,app/model/res_orgs_files/fac13/main.xml,3129,291733973,7da923b48aa905c675defed9229b13511a7dde20,b9ab9b33456a96095702890dcffee4a1bbd49d6623e480944778ab1f31dc08bc,2024-11-22T13:59:22+00:00,33685504,128
289,{app}\model\res_orgs_files\fac14\main.xml,app/model/res_orgs_files/fac14/main.xml,670,291737102,9759b9e9acd63ca66ea57175df91e416022737f0,c259049fbeb1d7de072eca3e6d5fe666960fc5fe133e3d70aeb6a0a158d261da,2026-05-12T11:10:26+00:00,33685504,128
290,{app}\model\res_orgs_files\fac14\mi2024.xml,app/model/res_orgs_files/fac14/mi2024.xml,949,291737772,69d0f2f26e093f4ed9374513e19715e15aba8266,864ff16e19a5825caad23e18bc9835e75beca90b6403674ac4e9ea34f2c4e749,2026-05-12T12:57:14+00:00,33685504,128
291,{app}\NPA5\Bullet7.gif,app/NPA5/Bullet7.gif,140,291738721,feb31933a3e492293f142d6b4b4656765ea25625,d23eb0569fcb7ff5564cd0da66f35dedb9c609de7ecb8996440425c5b06af311,1997-10-09T00:00:00+00:00,33685504,128
292,{app}\NPA5\Image21.gif,app/NPA5/Image21.gif,32087,291738861,ab3d875f62c2a8232ad63c66956f54769d1a3c96,5d88e3a8cf032f730a572d01ec69b002db640e1d24b02c6ec1da5529f86c046e,1998-03-25T10:09:06+00:00,33685504,128
293,{app}\NPA5\Image22.gif,app/NPA5/Image22.gif,4699,291770948,e327c8b7369476c116e8feb9461043e8a2e7c971,4493bf1e8abc0cf7866235c00dcdaf3502392cf907b941c6bb0603336ac1f32d,1998-03-14T14:03:32+00:00,33685504,128
294,{app}\NPA5\main.htm,app/NPA5/main.htm,48938,291775647,03a5055d09abad6f08048f5465a44540b028a3cd,5db59995a130d4fff6e69757850bd5d84b50611a4132c48e9d08d03ed5a27ec0,2025-09-02T11:29:34+00:00,33685504,128
295,{app}\NPA5\2023\prikaz_699n.htm,app/NPA5/2023/prikaz_699n.htm,95179,291824585,da0c39ac0f895c040adb25120be25989b803ead4,9033b1eca543224692764b4d88afe1b3806b38ed00ac2a3176a537460aa94df1,2023-02-22T11:14:54+00:00,33685504,128
296,{app}\NPA5\2023\prikaz_766n.htm,app/NPA5/2023/prikaz_766n.htm,283353,291919764,75d5c8f21573488876553193e2c286b6c1d6a7ff,f4a790abeeb9f1b265461a1bf132302bf6962dff5573d9986be1f2ca377883d0,2023-08-29T14:43:56+00:00,33685504,128
297,{app}\NPA5\2023\prikaz_767n.htm,app/NPA5/2023/prikaz_767n.htm,5833,292203117,0e7b23dca32269ef6004f62455ecf188aa7fe9dd,f1fbf8b275e7000f98cb23464ff6b9e5e90a77e6dd248a0887e25864a73d1206,2023-08-29T15:25:06+00:00,33685504,128
298,{app}\NPA5\2023\prikaz_843n.htm,app/NPA5/2023/prikaz_843n.htm,27634,292208950,32211a0a8348d9fb785b67a4ee751994af84b5a8,8c0bf32dd32b0cc4863fa85e17efaf9787ffd465bac340a6262b82e73980ed98,2025-11-28T11:00:26+00:00,33685504,128
299,{app}\NPA5\2023\prikaz_699n.files\image001.jpg,app/NPA5/2023/prikaz_699n.files/image001.jpg,472,292236584,c5ef22a6e549f866aa3a597f0a29220e0772d5e9,0dacd59e211eb39972e7a04b41d182fe5b254fec875eb1815039b897e9db07cf,2023-02-22T11:14:54+00:00,33685504,128
300,{app}\NPA5\2023\prikaz_767n\pril1.htm,app/NPA5/2023/prikaz_767n/pril1.htm,42105300,292237056,3eed539d873f6b3f4d801ffcf55251d08e48e3b5,aa23b79114640cbdedffc40fd97ec991cb0ad4ece4e4535dde4014efd26a15e8,2023-08-29T15:18:56+00:00,33685504,128
301,{app}\NPA5\2023\prikaz_767n\pril2.htm,app/NPA5/2023/prikaz_767n/pril2.htm,812389,334342356,71e05ab334dcbea4594004adc1177e429d9e8a4a,f73706ceb40fe64b8f806dd3712f2623f0e6a56eb626905fbac2abe45aaab5c8,2023-08-29T15:23:30+00:00,33685504,128
302,{app}\NPA5\2023\prikaz_767n\pril3.htm,app/NPA5/2023/prikaz_767n/pril3.htm,111223,335154745,4dfa0b62ddc895bbb43e2c312b8b1563656db035,d191a5faae1ceb5cf77d42956e2e3bc809d104751ee5f2ac173d0df6f943b9ae,2023-08-29T15:24:28+00:00,33685504,128
303,{app}\NPA5\2024\prikaz_817n\prikaz_817n.htm,app/NPA5/2024/prikaz_817n/prikaz_817n.htm,750797,335265968,a806b29298ef691638f9cca5b3bcc43efd00c4d9,853e66a7e2c4d176bdf27ae7f2137879b6f556f7b0f0857721bdbca8c8630bfc,2024-05-15T14:37:22+00:00,33685504,128
304,{app}\NPA5\2024\prikaz_817n\prikaz_817n.files\image001.gif,app/NPA5/2024/prikaz_817n/prikaz_817n.files/image001.gif,1383,336016765,9173bb8a9434f062696bc3650a24f42b4484401f,dab7a0482d416120f5963f48b18b7fb76c32bf78b037dceb6e6a3bdb8c113f57,2024-05-15T14:37:22+00:00,33685504,128
305,{app}\NPA5\2024\prikaz_817n\prikaz_817n.files\image002.gif,app/NPA5/2024/prikaz_817n/prikaz_817n.files/image002.gif,206,336018148,6d873a8d1391bc522a795cd0acb9e5988650bc00,07a6cac8376949942e3b09c1ff1ecdb9588bc7736ebe6f9d82610f3d23715ad0,2024-05-15T14:37:22+00:00,33685504,128
306,{app}\NPA5\2024\prikaz_817n\prikaz_817n.files\image003.gif,app/NPA5/2024/prikaz_817n/prikaz_817n.files/image003.gif,875,336018354,e5e75eda427aca3243dd6ea67e6a3685326e8de9,7260b41f7850ae31a0fc637433bf96d9b4ccb20e493b212ede3fc78a251f2278,2024-05-15T14:37:22+00:00,33685504,128
307,{app}\NPA5\2024\prikaz_817n\prikaz_817n.files\image004.gif,app/NPA5/2024/prikaz_817n/prikaz_817n.files/image004.gif,1326,336019229,48d949f421956ad921dc171c3b98c816f3db15fa,50a9f177891030e00eaa517928fc23ec413446125711d5fb7f1876e86ed9b3b4,2024-05-15T14:37:22+00:00,33685504,128
308,{app}\NPA5\2024\prikaz_817n\prikaz_817n.files\image005.gif,app/NPA5/2024/prikaz_817n/prikaz_817n.files/image005.gif,776,336020555,b5a097397c1e42248a14f694c75a70e5eb9dc9a4,ed0632cc163dfc6eb8053be925269f978efa1cc3f4cae791a2465fe5040f1e12,2024-05-15T14:37:22+00:00,33685504,128
309,{app}\NPA5\2024\prikaz_817n\prikaz_817n.files\image006.gif,app/NPA5/2024/prikaz_817n/prikaz_817n.files/image006.gif,198,336021331,8f0f081965b67c5e23c42973aa9afd437751396a,44b2b83b1f240e12ff4a5a61ef4a7fb15ca7ae97413e77afa5f00e937cc39dff,2024-05-15T14:37:22+00:00,33685504,128
310,{app}\NPA5\2024\prikaz_817n\prikaz_817n.files\image007.gif,app/NPA5/2024/prikaz_817n/prikaz_817n.files/image007.gif,206,336021529,261787720919287b2a471c58f71f8037b6a23aca,84b687c1f033b2273aeaa53132ecc44f661d117e02835d190121bb24f5e191bb,2024-05-15T14:37:22+00:00,33685504,128
311,{app}\NPA5\2024\prikaz_817n\prikaz_817n.files\image008.gif,app/NPA5/2024/prikaz_817n/prikaz_817n.files/image008.gif,1352,336021735,24d9db76e06f862ff0add94e33672a5772ee9aac,4aa990c5b23fe03ecd394f5e9a7bb281dab1d1e779e32851dcfae1685aadda69,2024-05-15T14:37:22+00:00,33685504,128
312,{app}\NPA5\2024\prikaz_817n\prikaz_817n.files\image009.gif,app/NPA5/2024/prikaz_817n/prikaz_817n.files/image009.gif,1120,336023087,92cc5d73b9441c014a85f6ab8ee8bae7795d7538,0a7b5628b5d497f21074530ab40a37589740f48b3de6a0e36dc606261ce11779,2024-05-15T14:37:22+00:00,33685504,128
313,{app}\NPA5\2024\prikaz_817n\prikaz_817n.files\image010.gif,app/NPA5/2024/prikaz_817n/prikaz_817n.files/image010.gif,223,336024207,b2272e7647b264f515e0bd335209c5861c3c1db2,55af10a0b86e24f6150d2abbf085f6f2a4c78f9818ba0414c5a94e25307e9c3c,2024-05-15T14:37:22+00:00,33685504,128
314,{app}\NPA5\2024\prikaz_817n\prikaz_817n.files\image011.gif,app/NPA5/2024/prikaz_817n/prikaz_817n.files/image011.gif,2070,336024430,3bf801adcf8b3610e8b95f1f46a85865355d8cb8,a0d162dd2b2c23cc1a7a51b60b98b134b972fa6abe46d722654c93735000d18b,2024-05-15T14:37:22+00:00,33685504,128
315,{app}\NPA5\2024\prikaz_817n\prikaz_817n.files\image012.gif,app/NPA5/2024/prikaz_817n/prikaz_817n.files/image012.gif,576,336026500,310f42f931020a737fe7034482bc25fd797bd7de,8fb9c538135948be8e1b4193a65d988e25fb9936edf3d2df44f039951cc8b79c,2024-05-15T14:37:22+00:00,33685504,128
316,{app}\NPA5\2024\prikaz_817n\prikaz_817n.files\image013.gif,app/NPA5/2024/prikaz_817n/prikaz_817n.files/image013.gif,555,336027076,6f194d92bfc8472615a61f88ffd31a09a9bba120,a932f90c3764ee06ca51990a35acb6fcacf33516453ebf0d02dc705430fea9c7,2024-05-15T14:37:22+00:00,33685504,128
317,{app}\NPA5\2024\prikaz_817n\prikaz_817n.files\image014.gif,app/NPA5/2024/prikaz_817n/prikaz_817n.files/image014.gif,553,336027631,9e04fbe612a9350524476188b5868b83b7595e1a,10bcf5e541d87fcdadde5dc76f4f29e1da764591a9f97342487ff10a2ae00e34,2024-05-15T14:37:22+00:00,33685504,128
318,{app}\NPA5\2024\prikaz_817n\prikaz_817n.files\image015.gif,app/NPA5/2024/prikaz_817n/prikaz_817n.files/image015.gif,978,336028184,514be4a694457d52038cd15ff1302271ffb9427c,d97fe311a25bffaadda2db4ac4156116309e71cfe758a5437b56d127db91553c,2024-05-15T14:37:22+00:00,33685504,128
319,{app}\NPA5\2024\prikaz_817n\prikaz_817n.files\image016.gif,app/NPA5/2024/prikaz_817n/prikaz_817n.files/image016.gif,1673,336029162,617857eb9c41a72c4ad51a3dc4ff5ce592fe1a6f,c5528c7b3977169617770f26ca35cc250ff9fadd9ec2845014cd10d77ebdc38d,2024-05-15T14:37:22+00:00,33685504,128
320,{app}\NPA5\2024\prikaz_817n\prikaz_817n.files\image017.gif,app/NPA5/2024/prikaz_817n/prikaz_817n.files/image017.gif,276,336030835,c2ae6c09698ebf1777f9b35d7acb75f3a3c0e85e,b53e619e020a83c7b01aaf0eb12e519989affe4b41e7afaecf882316dba65c1c,2024-05-15T14:37:22+00:00,33685504,128
321,{app}\NPA5\Attest\attest.htm,app/NPA5/Attest/attest.htm,24796,336031111,5f7a1e7514c1200c659bac96519cc7f18e8c4206,2bd5bf694b4fad15e428ddfec735cd9fd5653f0b7f406c13fbc39f64322f08cd,2023-02-22T11:09:24+00:00,33685504,128
322,{app}\NPA5\Attest\Bullet7.gif,app/NPA5/Attest/Bullet7.gif,140,336055907,feb31933a3e492293f142d6b4b4656765ea25625,d23eb0569fcb7ff5564cd0da66f35dedb9c609de7ecb8996440425c5b06af311,1997-10-09T00:00:00+00:00,33685504,128
323,{app}\NPA5\Attest\emp_evm.htm,app/NPA5/Attest/emp_evm.htm,5710,336056047,6a7a36ae557f869632c23301002f7e1afe839dc4,ef83d2ff399ca8e14fab84e43ee40bb951285a9315500e73579c62b540ec02a4,2012-11-15T10:58:10+00:00,33685504,128
324,{app}\NPA5\Attest\mi2019_info.htm,app/NPA5/Attest/mi2019_info.htm,3173,336061757,823f6dfca9525128b70d5d3cc2574c145b27f66b,7fb0e59845f071439ece2cbb24b70b844ed9fd16cf60a25828460b0fa6537d47,2019-12-18T09:08:30+00:00,33685504,128
325,{app}\NPA5\Attest\2022\prikaz291n.htm,app/NPA5/Attest/2022/prikaz291n.htm,527449,336064930,30ca2c6a701ecb9793bfd5e6f2ff9d4301aa2b0f,e88a7954eb9a1311351323ff5a532e0de07dfbdea26a0b26ac9cc8f5737c38ec,2022-08-11T11:19:24+00:00,33685504,128
326,{app}\NPA5\Attest\2022\prikaz298n.htm,app/NPA5/Attest/2022/prikaz298n.htm,3925357,336592379,18862af2c7a5cdfa817964eca392543992617e66,d44651c2860ebc4bbe50bc0a2751e1d5a2bd66100c82fd408d017239403bc872,2024-10-11T12:54:52+00:00,33685504,128
327,{app}\NPA5\Attest\2022\prikaz291n.files\image001.gif,app/NPA5/Attest/2022/prikaz291n.files/image001.gif,232,340517736,e439c473762f12d769a0185afad174e6cd767aa0,2c37af49e3d120c1d078fa4feca735a00dc209878db829399db01fd1656a0599,2022-08-11T11:19:24+00:00,33685504,128
328,{app}\NPA5\Attest\2022\prikaz291n.files\image002.gif,app/NPA5/Attest/2022/prikaz291n.files/image002.gif,216,340517968,b371260eb93ce3019eae448716e28870046faf49,800256debc1b03c24e58cdb951afdbaf6963bfa04dcf6c40919f40639eeb78a2,2022-08-11T11:19:24+00:00,33685504,128
329,{app}\NPA5\Attest\2023\Приказ 714.htm,app/NPA5/Attest/2023/Приказ 714.htm,100696,340518184,d3bf28b5d2c22ed4f6e81eec80eab843d08eb58c,764a042cf17652c9fc5ca4d1570860fd2e4f622dd1af4395db3cf7f12f8fc5f1,2023-02-22T11:04:40+00:00,33685504,128
330,{app}\NPA5\Attest\laser\snip5804.htm,app/NPA5/Attest/laser/snip5804.htm,492807,340618880,cdd1c5ba278854c250b10869231cc6c3b8b889c9,e34d085a80cdb1124df54179a0a6c1724122731124409983ac285c8adbc1772e,2016-06-01T17:13:08+00:00,33685504,128
331,{app}\NPA5\Attest\medosmot\main.htm,app/NPA5/Attest/medosmot/main.htm,1442,341111687,565de4029865ed7f10298eddedb238b21e3d663c,6c835c9014d6f3fa74d0506297e17e0df3ddefe89126d2a84f1359638df9e48f,2005-04-20T17:48:50+00:00,33685504,128
332,{app}\NPA5\Attest\medosmot\medocmot-1.htm,app/NPA5/Attest/medosmot/medocmot-1.htm,1188846,341113129,fd64a15eaae39f4f20ebc148fe1ce07c3f1207a5,ac5078dd038d9581ed0b26d5a59e5722bd917cdb18bcf71b1e0ea5951b30d05a,2001-09-14T15:24:16+00:00,33685504,128
333,{app}\NPA5\Attest\medosmot\medocmot-2.htm,app/NPA5/Attest/medosmot/medocmot-2.htm,167309,342301975,5af65b5279d3407a810fec3d7347151d5390d962,1aed15a104c039a366a931076c7978bf8d0d9da325addad215635e1c179de823,2001-09-14T15:35:54+00:00,33685504,128
334,{app}\NPA5\Attest\medosmot\medocmot-3.htm,app/NPA5/Attest/medosmot/medocmot-3.htm,35206,342469284,74f987e3fe7ebd888af7d36e14291588a3082659,8af2b459f921650a3663684cdc1bb09a0709c8f5aa1612db6754394dbdb0da4a,2001-09-14T15:36:58+00:00,33685504,128
335,{app}\NPA5\Attest\medosmot\medocmot-4.htm,app/NPA5/Attest/medosmot/medocmot-4.htm,10440,342504490,1a3e2fc96f7ed73fdf240ae5b7728b4871a7516e,0c56d4077237a1094923f34b47881ef3d9630e85008d825e78f407feb8b5ca2e,2001-09-14T15:37:44+00:00,33685504,128
336,{app}\NPA5\Attest\medosmot\medocmot-5.htm,app/NPA5/Attest/medosmot/medocmot-5.htm,258097,342514930,2e59214a450b2fb50bf350e76dd293064cb8b777,7b88f84e46fa29cf00691ff648f5d10123cdc31c750a0bc6e2d9cdb1717820fb,2001-09-14T15:38:58+00:00,33685504,128
337,{app}\NPA5\Attest\medosmot\medocmot-6.htm,app/NPA5/Attest/medosmot/medocmot-6.htm,15479,342773027,dced84b96a7ba1cd030552ce528bc54d159845c6,43b04d6361f6086c814b1c8748eeda8d45e88d690fd7b6a0780005621bec4ab1,2001-09-14T15:40:10+00:00,33685504,128
338,{app}\NPA5\Attest\medosmot\medocmot.htm,app/NPA5/Attest/medosmot/medocmot.htm,256698,342788506,a9a929cbaf534db8af15911db9faf32235fb73cd,1f471e0e2145fc6a0b07792d47837ce9a54ef56e6f85cfb5b1381eb0a3d01730,2006-03-29T09:36:20+00:00,33685504,128
339,{app}\NPA5\Attest\medosmot\medocmot95.htm,app/NPA5/Attest/medosmot/medocmot95.htm,86400,343045204,e1f14aca8afcc61cd509c86ea405a218a7f6539f,1d0429c5cf3dd9d9d9faea7cabc12eb47bdac54271bdf63b67e22f02133be688,2001-09-14T16:19:52+00:00,33685504,128
340,{app}\NPA5\Attest\medosmot\medosmotr_90.htm,app/NPA5/Attest/medosmot/medosmotr_90.htm,1454560,343131604,b70eb68922c3614f3278d88c14a60be5ce2d3bcd,e48155214c2823b784c6f822c9468a46a5be94d513a331296513d5e74dd80692,2005-04-20T17:43:44+00:00,33685504,128
341,{app}\NPA5\Attest\micro\micro.htm,app/NPA5/Attest/micro/micro.htm,6352,344586164,822ae42ae66896812c6f0eefe4c95de369b896d6,075394f5d5e4d6b5e66ea3e5887d35e551f965a55d0f556d85044aba9bec1f60,2013-07-15T12:24:44+00:00,33685504,128
342,{app}\NPA5\Attest\micro\МУК 4.3.2756-10.htm,app/NPA5/Attest/micro/МУК 4.3.2756-10.htm,253491,344592516,7fac469558f78c7b3dc3eab5d0245a5212912816,5574c85b3bd35458394d86adb4ca4700ad91d2c8987f308910fdbcf55910406d,2012-08-14T12:04:36+00:00,33685504,128
343,{app}\NPA5\Attest\Osvechen\Osvechen.htm,app/NPA5/Attest/Osvechen/Osvechen.htm,8752,344846007,739ef497ef8078fe3cd2d0db1f97306c07f5c1e5,72c7e8bb11fa3c50b515cf727bd54b16020a5c751e7078f9acf66f61735437f3,2017-06-20T09:11:06+00:00,33685504,128
344,{app}\NPA5\Attest\Osvechen\MUOTRM\МУ ОТ РМ 01-98-1.htm,app/NPA5/Attest/Osvechen/MUOTRM/МУ ОТ РМ 01-98-1.htm,1448,344854759,6de88c4aed3cb3558e73a891ccf95cd1f1037abc,0ff4b1a3e052bcaf9121ecdb6adb96a7826db8c67901d7ad289894b297c06f2c,2001-10-03T14:09:42+00:00,33685504,128
345,{app}\NPA5\Attest\Osvechen\MUOTRM\МУ ОТ РМ 01-98-2.htm,app/NPA5/Attest/Osvechen/MUOTRM/МУ ОТ РМ 01-98-2.htm,3901,344856207,60851522a315cac4f10c921db959060ad2a10e4e,7f0e80f989463e1c2775036407341469efc9fe1ead516ddbe7cec47db6d62321,2001-10-03T14:09:44+00:00,33685504,128
346,{app}\NPA5\Attest\Osvechen\MUOTRM\МУ ОТ РМ 01-98-3.htm,app/NPA5/Attest/Osvechen/MUOTRM/МУ ОТ РМ 01-98-3.htm,13354,344860108,429a068288120a3f832571f7d6f56741cc8d13bf,862636e804acc524282a4bf88459ebb9249b5bc07f2c1277bebe2959567817f1,2001-10-03T14:09:46+00:00,33685504,128
347,{app}\NPA5\Attest\Osvechen\MUOTRM\МУ ОТ РМ 01-98-4.htm,app/NPA5/Attest/Osvechen/MUOTRM/МУ ОТ РМ 01-98-4.htm,7437,344873462,776570e9c5a658a67804e87923100f7052ac4db4,5eb43d288f0cde86f80b6d8f34fa06f4f0bdeb2c19f4369a1b80d43549412177,2001-10-03T14:09:46+00:00,33685504,128
348,{app}\NPA5\Attest\Osvechen\MUOTRM\МУ ОТ РМ 01-98-5.htm,app/NPA5/Attest/Osvechen/MUOTRM/МУ ОТ РМ 01-98-5.htm,8296,344880899,a9d4635dceb80df4b861a93b22fa75447956fa92,085b0ad74c1e659c2db5c3eec96567bbf6f08b5d6d5cc6dd6ba165a1d131ff77,2001-10-03T14:09:48+00:00,33685504,128
349,{app}\NPA5\Attest\Osvechen\MUOTRM\МУ ОТ РМ 01-98-6.htm,app/NPA5/Attest/Osvechen/MUOTRM/МУ ОТ РМ 01-98-6.htm,10947,344889195,e9494abb09b37edd4958ad6a01642aae25a2e769,2ed5f95a90281841b72299ec64d133e00f08fbb85a5bce1f25ce791ea814332c,2012-07-12T14:49:42+00:00,33685504,128
350,{app}\NPA5\Attest\Osvechen\MUOTRM\МУ ОТ РМ 01-98-п1.htm,app/NPA5/Attest/Osvechen/MUOTRM/МУ ОТ РМ 01-98-п1.htm,3212,344900142,71941780905f6e49f1d260b43c9f5396a81d3aa4,90a5d3202a96be9f74aefd1cca2e5d75ec21c128b34d8ccb9dc0e9343b2ff7c1,2001-10-03T14:07:56+00:00,33685504,128
351,{app}\NPA5\Attest\Osvechen\MUOTRM\МУ ОТ РМ 01-98-п10.htm,app/NPA5/Attest/Osvechen/MUOTRM/МУ ОТ РМ 01-98-п10.htm,55530,344903354,6e48278819b91f663dba4c876a910a4ba6149b54,1279a4d890a9ddd53fdffba7b97d3b64f2934f57ae10ca78f00053059cb0f3c4,2001-10-03T14:07:30+00:00,33685504,128
352,{app}\NPA5\Attest\Osvechen\MUOTRM\МУ ОТ РМ 01-98-п11.htm,app/NPA5/Attest/Osvechen/MUOTRM/МУ ОТ РМ 01-98-п11.htm,2870,344958884,b83509df244535f177b999ad5bf960d12480424d,65e20fc507807d3504eacb01e60917a0eb3cbb12c2681734fe3add3968546653,2001-10-03T14:07:34+00:00,33685504,128
353,{app}\NPA5\Attest\Osvechen\MUOTRM\МУ ОТ РМ 01-98-п12.htm,app/NPA5/Attest/Osvechen/MUOTRM/МУ ОТ РМ 01-98-п12.htm,1715,344961754,c52ada440f99116809af9f1e0d708c0950be1d9a,b9e3d8e59848d634e32ede669ab0c0f0b8f5b098e3b0a18306cd243d30c7d60c,2001-10-03T14:07:36+00:00,33685504,128
354,{app}\NPA5\Attest\Osvechen\MUOTRM\МУ ОТ РМ 01-98-п13.htm,app/NPA5/Attest/Osvechen/MUOTRM/МУ ОТ РМ 01-98-п13.htm,2923,344963469,53c710a85e8ef2cc52816aea57991661687507e1,58e0f240b176ddd4ed9888567fe52f22dc1530f110aad91d654637d0c88939bb,2001-10-03T14:07:38+00:00,33685504,128
355,{app}\NPA5\Attest\Osvechen\MUOTRM\МУ ОТ РМ 01-98-п14.htm,app/NPA5/Attest/Osvechen/MUOTRM/МУ ОТ РМ 01-98-п14.htm,5403,344966392,94a9da8831168289be6a37e8e2e0473d32aabe33,8107ad9b069ea615087fee80fd94585e0c623705e299804a83dc6518f714c6c8,2001-10-03T14:07:38+00:00,33685504,128
356,{app}\NPA5\Attest\Osvechen\MUOTRM\МУ ОТ РМ 01-98-п2.htm,app/NPA5/Attest/Osvechen/MUOTRM/МУ ОТ РМ 01-98-п2.htm,4423,344971795,697cbc8156fc035f129b5d377a8f3c8a3e392189,69164b8d97394b7424514c0031c176a5c3b4e3bb58eb61463dbd3d362edaf57a,2001-10-03T14:07:58+00:00,33685504,128
357,{app}\NPA5\Attest\Osvechen\MUOTRM\МУ ОТ РМ 01-98-п3.htm,app/NPA5/Attest/Osvechen/MUOTRM/МУ ОТ РМ 01-98-п3.htm,7368,344976218,446e4726b4a0241e4a563c9580dc5d049a2c048b,f53b572a042a34a319bdae1768315ec4c01bcd4a0725af52057c271a1b931581,2001-10-03T14:08:00+00:00,33685504,128
358,{app}\NPA5\Attest\Osvechen\MUOTRM\МУ ОТ РМ 01-98-п4.htm,app/NPA5/Attest/Osvechen/MUOTRM/МУ ОТ РМ 01-98-п4.htm,8297,344983586,130351087241885376cbbf8be0a9da44b08c481f,381c6bb2a6fcd3f4b48164bf5c3b35c278ad8a60bd41cb04d27d9f8cd66aca24,2001-10-03T14:08:02+00:00,33685504,128
359,{app}\NPA5\Attest\Osvechen\MUOTRM\МУ ОТ РМ 01-98-п5.htm,app/NPA5/Attest/Osvechen/MUOTRM/МУ ОТ РМ 01-98-п5.htm,4076,344991883,32a7759dedd049cfe27f2df71c628a520533af38,d787b785a0212815167454f2510fff48a5517eac234f1a258913ec85a3c02e5a,2001-10-03T14:08:04+00:00,33685504,128
360,{app}\NPA5\Attest\Osvechen\MUOTRM\МУ ОТ РМ 01-98-п6.htm,app/NPA5/Attest/Osvechen/MUOTRM/МУ ОТ РМ 01-98-п6.htm,9191,344995959,2001fd25846227e87e73171333325fa3f1f06760,a51994ba1bb08d270e99d77bca4ea415b17bc8408ff636240b41206047afbc98,2001-10-03T14:08:04+00:00,33685504,128
361,{app}\NPA5\Attest\Osvechen\MUOTRM\МУ ОТ РМ 01-98-п7.htm,app/NPA5/Attest/Osvechen/MUOTRM/МУ ОТ РМ 01-98-п7.htm,69362,345005150,906d0e2dcf52fa5fc236fc63a168d79a5ca55290,0936a6a6d7da74e0762ca286f79798165c9417a5e790265a1dc8915213ccd0b1,2001-10-03T14:08:06+00:00,33685504,128
362,{app}\NPA5\Attest\Osvechen\MUOTRM\МУ ОТ РМ 01-98-п8.htm,app/NPA5/Attest/Osvechen/MUOTRM/МУ ОТ РМ 01-98-п8.htm,2133,345074512,27e979f3922ce11e911a5b67b473604348d6527a,cfec642eb580ea84cd5ebe5b955d8d7a84807388ac2b39263755be2fdd875651,2001-10-03T14:08:10+00:00,33685504,128
363,{app}\NPA5\Attest\Osvechen\MUOTRM\МУ ОТ РМ 01-98-п9.htm,app/NPA5/Attest/Osvechen/MUOTRM/МУ ОТ РМ 01-98-п9.htm,6183,345076645,1209baa73c361ab472c084502e54c0e8383cb7d4,0f7c9b55b0bf3979095276e91a2e84da430eda85f8a35e13892f27929ee9965c,2001-10-03T14:08:10+00:00,33685504,128
364,{app}\NPA5\Attest\Osvechen\MUOTRM\МУ ОТ РМ 01-98.htm,app/NPA5/Attest/Osvechen/MUOTRM/МУ ОТ РМ 01-98.htm,8776,345082828,ed5b962428d11db38a7ad6fed72ab3b9815de9b3,e79b0d217e2a56421eafc2069c5c105fe1a1887391058395f1f66d1a662664de,2001-10-03T14:10:32+00:00,33685504,128
365,{app}\NPA5\Attest\Osvechen\MUOTRM\Перечень.htm,app/NPA5/Attest/Osvechen/MUOTRM/Перечень.htm,5316,345091604,a5bfff3df320bbe9298784e95c80fb0f4f457711,3a4d0ee760956694c870872deb2563b501d5bfedde026813d2894483b47c7a73,2001-10-03T14:07:26+00:00,33685504,128
366,{app}\NPA5\Attest\Osvechen\Spravoch\T a 6 л и ц a 17.htm,app/NPA5/Attest/Osvechen/Spravoch/T a 6 л и ц a 17.htm,21873,345096920,d310d283baccbfb30a1511d06f444f012de9d14f,1831ef18c526d7d49b1f54ed2ff7ecde44539184117c78b9ddcabef0592c6cfe,2001-10-10T13:15:32+00:00,33685504,128
367,{app}\NPA5\Attest\Osvechen\Spravoch\T a б л и ц a 14.htm,app/NPA5/Attest/Osvechen/Spravoch/T a б л и ц a 14.htm,24267,345118793,b861e12aa78df4cab043a6dda8e94d0d0768fff2,06a0024ff71a4911ab73bac026a96f3979bb5658cb78f03d693587da81428211,2001-10-10T13:16:24+00:00,33685504,128
368,{app}\NPA5\Attest\Osvechen\Spravoch\T a б л и ц a 15.htm,app/NPA5/Attest/Osvechen/Spravoch/T a б л и ц a 15.htm,16223,345143060,d41740a3e29c2acc5579936a8f7d3a408870983f,6737322a2d2e8adea20b8a9b36ff5d3524628d1f75b6b7d4a8825edb7d966b0d,2001-10-10T13:28:46+00:00,33685504,128
369,{app}\NPA5\Attest\Osvechen\Spravoch\T a б л и ц a 16.htm,app/NPA5/Attest/Osvechen/Spravoch/T a б л и ц a 16.htm,26588,345159283,cb103e3245bf9711b0ad7a472eb9b22c7d2a3b31,ea0985ec84ab59f4aecc0b69966c8db6d26396cf8cd9e8140341db978b85215a,2001-10-10T13:16:06+00:00,33685504,128
370,{app}\NPA5\Attest\Osvechen\Spravoch\T a б л и ц a 22.htm,app/NPA5/Attest/Osvechen/Spravoch/T a б л и ц a 22.htm,11346,345185871,67338d1d79cf9543a1816c1c5fb1213870cc5db9,374093b192c14e2f4be102478664c75af8e3dd4374f7f24ac7efc545cfcc575b,2001-10-10T13:30:12+00:00,33685504,128
371,{app}\NPA5\Attest\Osvechen\Spravoch\T a б л и ц a 23.htm,app/NPA5/Attest/Osvechen/Spravoch/T a б л и ц a 23.htm,4778,345197217,3d45208bb2e91300948b3bd39c241c4c05270d0f,9f0c6e11cbbc4213e0e2c2699d4ab9b280af1677e83bc2896bf2b6294a76edc1,2001-10-10T13:29:54+00:00,33685504,128
372,{app}\NPA5\Attest\Osvechen\Spravoch\T a б л и ц a 24.htm,app/NPA5/Attest/Osvechen/Spravoch/T a б л и ц a 24.htm,11116,345201995,e4eae3e5c301517f2cd126c1f0466d1ca7b52afe,0cf818b8c07c411d9c6b026a31a08a4ab81e01219565b9beac3311a5e45d8243,2001-10-10T13:26:02+00:00,33685504,128
373,{app}\NPA5\Attest\Osvechen\Spravoch\T a б л и ц a 26.htm,app/NPA5/Attest/Osvechen/Spravoch/T a б л и ц a 26.htm,12539,345213111,86b723339c0709c9eb453b329e35c7bff4ff206f,d181cc7811a2802cc24c6c47e5db096ba08055a119326134adcfb9a5efa39e1f,2001-10-10T13:24:40+00:00,33685504,128
374,{app}\NPA5\Attest\Osvechen\Spravoch\Taблиua  20.htm,app/NPA5/Attest/Osvechen/Spravoch/Taблиua  20.htm,19587,345225650,543f5b7f9feab8ed9611ecdc5420036bbcbcddf6,b27cb753fd87b7594533d87e84272bb06c485a4258f7460710b82b3b8d5bc8ec,2001-10-10T13:29:42+00:00,33685504,128
375,{app}\NPA5\Attest\Osvechen\Spravoch\Taблицa  12.htm,app/NPA5/Attest/Osvechen/Spravoch/Taблицa  12.htm,7627,345245237,3688aa3f390509e6da19d1bbe7106d89a016287d,ac46f01720286f480cdc6d17256db91eef45be8b9cb6c838ba77310e069de978,2001-10-10T13:17:06+00:00,33685504,128
376,{app}\NPA5\Attest\Osvechen\Spravoch\Taблицa 10.htm,app/NPA5/Attest/Osvechen/Spravoch/Taблицa 10.htm,32186,345252864,18ebd917261d8e03cf625d4ae89bf1df915f1a8d,e864799e5b7a0ae9141183c483bef06b458ad836c31aaa54d2edeb421eac2051,2001-10-10T13:17:38+00:00,33685504,128
377,{app}\NPA5\Attest\Osvechen\Spravoch\Taблицa 11.htm,app/NPA5/Attest/Osvechen/Spravoch/Taблицa 11.htm,25057,345285050,7c1c013065327ad5daa29cd38af8e2b1940e8deb,ac193c31e0be4f9eebc0dfd38e4c414726fb4edb34b1f6df02ded06372f1d12a,2001-10-10T13:17:22+00:00,33685504,128
378,{app}\NPA5\Attest\Osvechen\Spravoch\Taблицa 19.htm,app/NPA5/Attest/Osvechen/Spravoch/Taблицa 19.htm,18335,345310107,dc3be87d29a1a30d2a60e218a798e70dce3ea2c1,8ff3d8f3805f583e53009201becdbb938489b438d0ef9e482ee88860935fbd8e,2001-10-10T13:28:18+00:00,33685504,128
379,{app}\NPA5\Attest\Osvechen\Spravoch\Taблицa 21.htm,app/NPA5/Attest/Osvechen/Spravoch/Taблицa 21.htm,17225,345328442,4dceb5d8642ecf198c42b852bc17931bec7412cb,67c6b4c02b585f8c938594598443ea9638a7335f99028c5d138e58073cb70f51,2001-10-10T13:28:32+00:00,33685504,128
380,{app}\NPA5\Attest\Osvechen\Spravoch\Taблицa 25.htm,app/NPA5/Attest/Osvechen/Spravoch/Taблицa 25.htm,9777,345345667,0af380ae155660c510c6a3fd4d734396a4024237,67c92a192efd8b8ed7332c6ff32606d07fc4eb4d4442602d0aaf13608b2d169d,2001-10-10T13:25:04+00:00,33685504,128
381,{app}\NPA5\Attest\Osvechen\Spravoch\Taблицa 8.htm,app/NPA5/Attest/Osvechen/Spravoch/Taблицa 8.htm,33679,345355444,5b058f08ed40f05ed021054e47b31057eabdd2de,8f8c82bbe1e8c0872fb23c95bc802f5f5a60efc57ccb8253afe07c0f19416b4f,2001-10-11T13:04:52+00:00,33685504,128
382,{app}\NPA5\Attest\Osvechen\Spravoch\Taблицa 9.htm,app/NPA5/Attest/Osvechen/Spravoch/Taблицa 9.htm,9988,345389123,13ef0947858251cee23d9931112279f24f8c6446,6abc44d96c04ed65c7009d8cedb082434427c03c26d3c9ee023dc06edd71067e,2001-10-10T13:24:20+00:00,33685504,128
383,{app}\NPA5\Attest\Osvechen\Spravoch\Taблицa18.htm,app/NPA5/Attest/Osvechen/Spravoch/Taблицa18.htm,7263,345399111,f9a685e20e248792643c286a72ef141910a156ce,bcfa64a10ebb4dd685e5da66b4bccf377c7f8056f56b45dbe4e5f41430e6794b,2001-10-10T13:29:30+00:00,33685504,128
384,{app}\NPA5\Attest\Osvechen\Spravoch\СОДЕРЖАНИЕ.htm,app/NPA5/Attest/Osvechen/Spravoch/СОДЕРЖАНИЕ.htm,3154,345406374,e51b9c741cf64eda5b2d80cb78f53cf7c7f0b015,fbbff96926892ddb45f5b444689d7e6ba9e5ba936cf89e642a90c7ab8450cdd5,2001-10-10T13:38:42+00:00,33685504,128
385,{app}\NPA5\Attest\Osvechen\Spravoch\Таблица 13.htm,app/NPA5/Attest/Osvechen/Spravoch/Таблица 13.htm,22715,345409528,dea66fd85e034b433b5106b5845f6d03decdb3e3,bb5c7266f50d5b65a46292cd5a17ef966126b0a8c1e4111eb3a0b1833068dd24,2001-10-10T13:16:44+00:00,33685504,128
386,{app}\NPA5\Attest\Osvechen\Spravoch\Таблица 6.htm,app/NPA5/Attest/Osvechen/Spravoch/Таблица 6.htm,17316,345432243,3cabe53a56a117b11971b1d927476a2f630c7694,e63539cda16f631ee0304e76015e6abcd6c5eb5e3778acd78065386402320c98,2001-10-10T13:27:52+00:00,33685504,128
387,{app}\NPA5\Attest\Osvechen\Spravoch\Таблица 7.htm,app/NPA5/Attest/Osvechen/Spravoch/Таблица 7.htm,5435,345449559,55b07a3f35997860965ea98025b199ad1e629e45,201d2a325aa5f0c0eba204673d2e44b91f155a1269a69c6f935b488c0c9a547e,2001-10-10T13:29:16+00:00,33685504,128
388,{app}\NPA5\Attest\Osvechen\МУК_4.3.2812-10\МУК 4.3.2812-10.htm,app/NPA5/Attest/Osvechen/МУК_4.3.2812-10/МУК 4.3.2812-10.htm,62419,345454994,bce7ea8116d074fe3b6090ca7c8b86af9f706a50,e0646b7881ce6293068ebbaac45cb3eff7f3ea07df362ea47b43935a8eeac694,2011-10-24T10:02:00+00:00,33685504,128
389,{app}\NPA5\Attest\otpusk\Постановление_298_П_22.htm,app/NPA5/Attest/otpusk/Постановление_298_П_22.htm,7662432,345517413,d01bffcee335db505f0e48fbfb3eac9811c38ed4,cfeec3d96c705ce4284e1383db108f88d64a7e4c897d9bc94a4b8216af8a4dd0,2009-08-20T10:53:16+00:00,33685504,128
390,{app}\NPA5\Attest\PENS\Bullet7.gif,app/NPA5/Attest/PENS/Bullet7.gif,140,353179845,feb31933a3e492293f142d6b4b4656765ea25625,d23eb0569fcb7ff5564cd0da66f35dedb9c609de7ecb8996440425c5b06af311,1997-10-09T00:00:00+00:00,33685504,128
391,{app}\NPA5\Attest\PENS\main.htm,app/NPA5/Attest/PENS/main.htm,19290,353179985,3ef560d518b2dc7e8cf5e81193b9658c25835fc6,6f1a634b52d1e2ee82a6b6daa12c52a1605ffa32b1ae0f223aa093bdee246c2b,2015-02-26T15:29:28+00:00,33685504,128
392,{app}\NPA5\Attest\PENS\pkm_26_01_91n10.htm,app/NPA5/Attest/PENS/pkm_26_01_91n10.htm,973480,353199275,78653fa25202b7f826e63cb741ff8ac96a8911cf,db958558e626933c39a858288adac6a8808b73184dc499626bdc23dafb7f2c41,2008-12-12T11:59:52+00:00,33685504,128
393,{app}\NPA5\Attest\PENS\post_781.htm,app/NPA5/Attest/PENS/post_781.htm,133397,354172755,1ef046d3e81da86f4abb622f320f0370f5aad3fd,0040b397f8b9b08d77615f3de5ac83039a124cb158d2e11ba3c8bc916490fd80,2012-08-13T12:15:28+00:00,33685504,128
394,{app}\NPA5\Attest\PENS\пост от 1 марта 1992 N 130.htm,app/NPA5/Attest/PENS/пост от 1 марта 1992 N 130.htm,7485,354306152,f0d928964fb8d8dff89ba2030a8bb2287dfcbc86,846fe40a5e16d020a900d3f43ab0ff2567843cc8c1fc210af1ca6d60580d69a2,2006-08-18T11:12:30+00:00,33685504,128
395,{app}\NPA5\Attest\PENS\пост от 13 сентября 1991  N 481.htm,app/NPA5/Attest/PENS/пост от 13 сентября 1991  N 481.htm,3666,354313637,da96f763ddb1b91688cb263164999093711469a9,84a5b7d1b13889f1c85b57f361586bf72e91a7cd77ee3ef419e2d3dfc64d1a8f,2006-08-18T11:56:50+00:00,33685504,128
396,{app}\NPA5\Attest\PENS\пост от 18.07.2002.htm,app/NPA5/Attest/PENS/пост от 18.07.2002.htm,15720,354317303,35848a8f7194a86dfd9e38576d0242c9a48b84de,e4760c620a37f98ebf4d393838aff3a7228f0f035517f3907fc741e79a449713,2006-08-18T12:06:52+00:00,33685504,128
397,{app}\NPA5\Attest\PENS\пост от 24 апреля 1992 N 272.htm,app/NPA5/Attest/PENS/пост от 24 апреля 1992 N 272.htm,5981,354333023,0468a2f37f86679ea0ce9e15a892752ef6b19041,71972476d12cf33742018f128ccd5be68468af6408e1cbe9d7f78fb612635e28,2006-08-18T11:15:54+00:00,33685504,128
398,{app}\NPA5\Attest\PENS\пост от 24 апреля 1992 г. N 273.htm,app/NPA5/Attest/PENS/пост от 24 апреля 1992 г. N 273.htm,4204,354339004,aa277cac36809c4c58698036c2c5f0b4c17c73dd,cf53ab48d3f51846721c6fcfca71962d7b29bc4bf4a16456aa5e2e603f91b465,2006-08-18T11:38:54+00:00,33685504,128
399,{app}\NPA5\Attest\PENS\пост от 4 сентября 1991 N 459.htm,app/NPA5/Attest/PENS/пост от 4 сентября 1991 N 459.htm,11142,354343208,240dbc275cd19de992241a1f45e82296d8bab29d,f631089627516ca3498f6a2876caac1f1e29085c7668fe01cb27433c4b35bb7d,2006-08-18T12:09:10+00:00,33685504,128
400,{app}\NPA5\Attest\PENS\пост от 7 июля 1992 N 467.htm,app/NPA5/Attest/PENS/пост от 7 июля 1992 N 467.htm,2977,354354350,7849f64c1c64be9492b30414af35205bc7c63080,10d26fcafb9e632a2a246d3a5c513519c8919fd22822d26768d62dc7d7fdd7dc,2006-08-18T12:02:26+00:00,33685504,128
401,{app}\NPA5\Attest\PENS\FZ-400\FZ-400.htm,app/NPA5/Attest/PENS/FZ-400/FZ-400.htm,304644,354357327,9668597f9ed6026d71398eb423d2bb6d86f806ee,3bb8f96537b071bbda4393c2896c387cef8d67ad83c609732218073f43cf959a,2017-07-19T09:31:10+00:00,33685504,128
402,{app}\NPA5\Attest\PENS\FZ-400\FZ-400.files\image001.gif,app/NPA5/Attest/PENS/FZ-400/FZ-400.files/image001.gif,910,354661971,02228a6903c119abb59a00ba5e54e037278765b5,3e91a63d53e30f9a796c45792450826d047283b5319546d0e165feab064006b4,2017-07-19T09:31:10+00:00,33685504,128
403,{app}\NPA5\Attest\PENS\FZ-400\FZ-400.files\image002.gif,app/NPA5/Attest/PENS/FZ-400/FZ-400.files/image002.gif,346,354662881,7c0ba1a2942673f7d6f40e2e5994a81107fb19b1,8553658c00ab49db38c7adacd84f45b618c95d0960f61bedd77becabde717433,2017-07-19T09:31:10+00:00,33685504,128
404,{app}\NPA5\Attest\PENS\FZ-400\FZ-400.files\image003.gif,app/NPA5/Attest/PENS/FZ-400/FZ-400.files/image003.gif,1056,354663227,22a62b19d570586df6d409b35a17505ecc7f6e2c,acfe2650683e52448aaedb0c83d0df013d14e97b578cfbb6593f0422fdfec759,2017-07-19T09:31:10+00:00,33685504,128
405,{app}\NPA5\Attest\PENS\FZ-400\FZ-400.files\image004.gif,app/NPA5/Attest/PENS/FZ-400/FZ-400.files/image004.gif,1027,354664283,a7bc1a8e250000227550bdbcbbcb33d03381c296,9a1b1ee12c17842037444e50228cdc3033083823ce17085b15681835a4df38bf,2017-07-19T09:31:10+00:00,33685504,128
406,{app}\NPA5\Attest\PENS\FZ-400\FZ-400.files\image005.gif,app/NPA5/Attest/PENS/FZ-400/FZ-400.files/image005.gif,353,354665310,fd0c7a2acc0807d1086696e608160fa2c9aff672,5d4de71cdea4200fd9dae44fb0c09d6d10a153d77eeb8d848a39099cd0242778,2017-07-19T09:31:10+00:00,33685504,128
407,{app}\NPA5\Attest\PENS\FZ-400\FZ-400.files\image006.gif,app/NPA5/Attest/PENS/FZ-400/FZ-400.files/image006.gif,1094,354665663,b9e7d59e293a1aa76ec469b316f114d7550b66c2,58914ccc9aa6cba8cb75472f3fc1cd246e8a6655a51efe4ae200c97b97b15e7c,2017-07-19T09:31:10+00:00,33685504,128
408,{app}\NPA5\Attest\PENS\FZ-400\FZ-400.files\image007.gif,app/NPA5/Attest/PENS/FZ-400/FZ-400.files/image007.gif,531,354666757,f5b06a480da0cf682ac111e193c6512d5a9bc7ca,ed5ce7ebfdb3a21f79b4f6ca670da2141dd12b01ab87f93f7ded81b574fa8cf8,2017-07-19T09:31:10+00:00,33685504,128
409,{app}\NPA5\Attest\PENS\FZ-400\FZ-400.files\image008.gif,app/NPA5/Attest/PENS/FZ-400/FZ-400.files/image008.gif,1116,354667288,e4022f9a691794c476c357b76e0e7a3e57fcd32d,7c9a7b1f1294a1fb4d11c9c5b3a3e3a93670b120007ffbed7e653640998f30c9,2017-07-19T09:31:10+00:00,33685504,128
410,{app}\NPA5\Attest\PENS\FZ-400\FZ-400.files\image009.gif,app/NPA5/Attest/PENS/FZ-400/FZ-400.files/image009.gif,512,354668404,95d6775c45e1949987d19ba3fe8ca9c0a41ce49e,717ac752ea66038071e7d8680f258d91f2e82c934efc0dbf0182195ad2d1c429,2017-07-19T09:31:10+00:00,33685504,128
411,{app}\NPA5\Attest\PENS\fz_173\fz_173.htm,app/NPA5/Attest/PENS/fz_173/fz_173.htm,342721,354668916,71e4d8cd2f958d870aa4b4f8c34106f6ab7a4564,eda10bc8c7509537b7ebf9a95f049f7718c76a3cc8fbe4ccd140150929128e27,2017-07-19T09:36:02+00:00,33685504,128
412,{app}\NPA5\Attest\PENS\изменения\Пост Минтруда РФ от 11 июня 1992 г. N 21з.htm,app/NPA5/Attest/PENS/изменения/Пост Минтруда РФ от 11 июня 1992 г. N 21з.htm,5818,355011637,a06d49c4fbf44489c4da1b1c2e596348ac6f56bb,1478b0a84dd752bbc0707071c0d5cc5d2d1bef89d9bc71156d4a2fb9790951e0,2006-08-18T12:36:28+00:00,33685504,128
413,{app}\NPA5\Attest\PENS\изменения\Пост Минтруда РФ от 11 мая 1993 г. N 105.htm,app/NPA5/Attest/PENS/изменения/Пост Минтруда РФ от 11 мая 1993 г. N 105.htm,468432,355017455,669cfe01cdc95c682256b03f0a0a9c0a132a3a4d,ad7931de724221f7ddb572f921f23e4340b63c43a9af346d66a2018f1214efb4,2006-08-18T12:37:52+00:00,33685504,128
414,{app}\NPA5\Attest\PENS\изменения\Пост Минтруда РФ от 22 мая 1996 г. N 29.htm,app/NPA5/Attest/PENS/изменения/Пост Минтруда РФ от 22 мая 1996 г. N 29.htm,24616,355485887,832b66c99086cfc059f2f6699ab981100dfdc2fc,b0ff4d6d09350dd3e8336ad7628494ef49aa83ab656d52d50f1baaa260238939,2006-08-18T12:39:14+00:00,33685504,128
415,{app}\NPA5\Attest\PENS\изменения\Пост Минтруда РФ от 23 июня 1995 г. N 34.htm,app/NPA5/Attest/PENS/изменения/Пост Минтруда РФ от 23 июня 1995 г. N 34.htm,67407,355510503,92a91c770824fa0fa11203898cd4d8ba10391f8b,80e749e882ed5ba21540010f4df17ec03eba4f0bfa19ba56265b619adeb3a8d6,2006-08-18T12:41:20+00:00,33685504,128
416,{app}\NPA5\Attest\PENS\изменения\Пост Минтруда РФ от 25 февраля 1994 г. N 18.htm,app/NPA5/Attest/PENS/изменения/Пост Минтруда РФ от 25 февраля 1994 г. N 18.htm,90255,355577910,35c49d450bdf355b777bbf1d080c9c6407b6c15a,7f57877e974efb4f6c0a878657f42efdeb4313d92aff04d68551711f10ff56d8,2006-08-18T12:43:24+00:00,33685504,128
417,{app}\NPA5\Attest\PENS\изменения\Пост Минтруда РФ от 30 сентября 1997 г. N 51.htm,app/NPA5/Attest/PENS/изменения/Пост Минтруда РФ от 30 сентября 1997 г. N 51.htm,187137,355668165,306697ce4e4749f78dc8da9252288277022b9262,9c45e0ae043af09cb4803e8f484e3c1ecc65cf66a31d380b5bad0f4537b6fc72,2006-08-18T13:12:34+00:00,33685504,128
418,{app}\NPA5\Attest\PENS\пост от 26 января 1991 г. N 10\pencia.htm,app/NPA5/Attest/PENS/пост от 26 января 1991 г. N 10/pencia.htm,1219235,355855302,a88589077459257b3be94514ef2bc930890e0f18,d58d24d61fb598a3ad6c481e4f01f4f160397fed69b0f2b523695bfcdcb090ff,2004-08-11T11:21:42+00:00,33685504,128
419,{app}\NPA5\Attest\plan_mer\планир.мероприятий.htm,app/NPA5/Attest/plan_mer/планир.мероприятий.htm,53365,357074537,cb15b071359e6d0aff7c51a65e0269fa8d6d04e0,52fda70423c4fafbd31f0042184e36ac80c74da2aa9c0ea450b7ff6c1e206c80,2009-02-02T15:46:10+00:00,33685504,128
420,{app}\NPA5\Attest\post_101\p_101.htm,app/NPA5/Attest/post_101/p_101.htm,61711,357127902,bcf8d574b94cb26b7ca6abd7f27ad3ee9cf8c4e4,f6c2e2eb9b95e810393afc5744fde898140dab1331be2e40d4ecad689c730cfc,2017-07-18T16:50:46+00:00,33685504,128
421,{app}\NPA5\Attest\post_101\p_101.files\filelist.xml,app/NPA5/Attest/post_101/p_101.files/filelist.xml,161,357189613,7ff44bbe01a631fe0dce8b3cdab90fa06827db08,964ec4c9207745c5d028b77a5ffe1ce91e32b69815000b179da2c3b69c687aaa,2017-07-18T16:50:46+00:00,33685504,128
422,{app}\NPA5\Attest\post_101\p_101.files\header.htm,app/NPA5/Attest/post_101/p_101.files/header.htm,1942,357189774,44134f63196905c676811ab748ef85a8d506342b,f7f4c9d20a40cfa7e91777ab6c694f81c4c0ad126b26bb14858b498f1d650a43,2017-07-18T16:50:46+00:00,33685504,128
423,{app}\NPA5\Attest\post_162\post_162.htm,app/NPA5/Attest/post_162/post_162.htm,138363,357191716,93707143f69670cc1357e981f4b4be678f4902ef,e695cd7869bd37e65d04d8c4f1230fa12830715bd88ed18030aeb2699aff4bc3,2011-02-14T11:35:38+00:00,33685504,128
424,{app}\NPA5\Attest\post_163\post_163.htm,app/NPA5/Attest/post_163/post_163.htm,392946,357330079,9a5e715a106825e7a3fdde422b34edfdd4a16551,e0760308c327685078bf35f87b118f240a706d4c9b600b521ee560d0f5da0aba,2012-01-23T12:04:14+00:00,33685504,128
425,{app}\NPA5\Attest\post_191\p191.htm,app/NPA5/Attest/post_191/p191.htm,11668,357723025,42fff99b3b1fd0e9ad4f87def8f068fde559dce3,c13a1494d78c000d0df007c59c8a0d783a5e9c83e5297a0de4b6c9de4b405d79,2009-09-30T11:46:02+00:00,33685504,128
426,{app}\NPA5\Attest\post_298_3_1990\post_298_3_1990.htm,app/NPA5/Attest/post_298_3_1990/post_298_3_1990.htm,6717,357734693,c6150d9c17354f72f7ceba9fe512939df8445b5c,39149aeb8494543377f12feb87ecb5da4b955115a459164cf364f7d1f8347fba,2010-07-13T09:43:28+00:00,33685504,128
427,{app}\NPA5\Attest\post_466\p466.htm,app/NPA5/Attest/post_466/p466.htm,28756,357741410,a0a366fb4a96c2f8817f286db94c049537004779,a96f42f00e9308d6e7a7fbb3bc07de0a197f61350c1e58ad47c7f44c925039f4,2017-07-18T15:37:22+00:00,33685504,128
428,{app}\NPA5\Attest\post_482\post_482.htm,app/NPA5/Attest/post_482/post_482.htm,23342,357770166,1962244e433ef51091c99cf72c9d7500ecedb098,7f5664d81b5b58b161bca876dd482df85670d569d8146eaa877ed6b866ad521a,2017-07-18T16:47:22+00:00,33685504,128
429,{app}\NPA5\Attest\post_647\post_647.htm,app/NPA5/Attest/post_647/post_647.htm,52727,357793508,c938da14220c090ed5480ce9f4d81146d7726e5a,35265c120af343e771c2e721b21831206017cf2ccbc7f42f58c34be33226f154,2010-10-08T15:20:12+00:00,33685504,128
430,{app}\NPA5\Attest\post_724\p_724.htm,app/NPA5/Attest/post_724/p_724.htm,84330,357846235,bd1c4d8f838e86be96e998674e7650826f302aca,26ef4c04a0d138eddc3b10f8504e8b608a0026c95161d706c6f1e9b89f20336d,2012-09-28T12:28:20+00:00,33685504,128
431,{app}\NPA5\Attest\post_n20\post_n20.htm,app/NPA5/Attest/post_n20/post_n20.htm,35909,357930565,4f257cd4c8c13343be8ee4d68b0b942f09064e9c,d86af732f66506e12816828a201f2fda18930081a5216dfa2cb08ddbe0faf232,2017-07-19T09:19:16+00:00,33685504,128
432,{app}\NPA5\Attest\prikaz_1601\p1601.htm,app/NPA5/Attest/prikaz_1601/p1601.htm,51601,357966474,c81e5e72d5a13f0cde8b4accafd38d45bdf25859,9a9aa6921d3397b329f479532e0e5c07ef6b2c52392e7187007ed07281edd2c6,2017-07-18T15:39:40+00:00,33685504,128
433,{app}\NPA5\Attest\prikaz_2009\45н.htm,app/NPA5/Attest/prikaz_2009/45н.htm,306253,358018075,80b0958f9194dfc069277643d65b03a67028e361,4889e3a0a3f75935773d78ad4baeacb00d48a18350f2c45c9f20abcbd6eefdbf,2017-07-18T16:30:40+00:00,33685504,128
434,{app}\NPA5\Attest\prikaz_2009\46н.htm,app/NPA5/Attest/prikaz_2009/46н.htm,2859612,358324328,f79c3bc883e2dd965c8c416eb5acf0c7f6d2a038,79e04a0fb0b17d4566141a8ccbc67560273654f6b9f71e72f6e81665c8bf941a,2021-10-08T14:41:32+00:00,33685504,128
435,{app}\NPA5\Attest\prikaz_2075\prikaz_2075.htm,app/NPA5/Attest/prikaz_2075/prikaz_2075.htm,19490,361183940,732d81a00473e1e81e7326a5de01cf779d1c1a5a,a273d4dea1291c9a521002c1164a84b5b8356ac0c817fe5ad7b4d2ad1ba9be46,2011-11-24T14:18:40+00:00,33685504,128
436,{app}\NPA5\Attest\prikaz_29n\prikaz_29n.htm,app/NPA5/Attest/prikaz_29n/prikaz_29n.htm,595603,361203430,997e204ec48edbd1386d67d6a278576ee73e6919,1e8780a1f43253d14d7d6b907da30b731006f45a4044826b84d1d011c76532be,2022-09-15T13:09:42+00:00,33685504,128
437,{app}\NPA5\Attest\prikaz_302n\prikaz_302n.htm,app/NPA5/Attest/prikaz_302n/prikaz_302n.htm,796790,361799033,64d1ab716985554a9f1ccaeebf06237e14782c4e,d223eb98f3e1662ac78d05e85afc0cdb4029f8bfff052790c362b3c2859ed2e7,2020-05-29T14:29:56+00:00,33685504,128
438,{app}\NPA5\Attest\prikaz_342n\342н.htm,app/NPA5/Attest/prikaz_342n/342н.htm,321890,362595823,5569404078cb72c51805a15276e33630c9fe61f4,25113b6a1e9d380a82b9bfdfbbbbaf10bca2f0afdc24e5f2802757fa68d4adf7,2013-02-25T07:32:40+00:00,33685504,128
439,{app}\NPA5\Attest\prikaz_342n\АРМ_приказ_342н.htm,app/NPA5/Attest/prikaz_342n/АРМ_приказ_342н.htm,277025,362917713,698b6c97ff4f5ed30ea68c94dd959c0999c1944c,4b596077bb18ae06e8f5c117d678bf1755a51f0bf67f2ef2310bb80b3598fb4b,2011-07-13T13:08:16+00:00,33685504,128
440,{app}\NPA5\Attest\prikaz_342n\АРМ_приказ_342н.ht_,app/NPA5/Attest/prikaz_342n/АРМ_приказ_342н.ht_,438272,363194738,9fafdb650db04849f6023244aa37bf418d444f01,4bcb2fa7bfbe9171f1a51151b1017879c596086c418c47d5662c3a3f8fb46c81,2013-02-25T07:26:38+00:00,33685504,128
441,{app}\NPA5\Attest\prikaz_342n\АРМ_приказ_342н.files\header.ht_,app/NPA5/Attest/prikaz_342n/АРМ_приказ_342н.files/header.ht_,0,363633010,da39a3ee5e6b4b0d3255bfef95601890afd80709,e3b0c44298fc1c149afbf4c8996fb92427ae41e4649b934ca495991b7852b855,2013-02-25T07:25:16+00:00,33685504,128
442,{app}\NPA5\Attest\prikaz_512\prikaz_512.htm,app/NPA5/Attest/prikaz_512/prikaz_512.htm,70213,363633010,7e30ecda434de122e19d0891ce45b9d179f29cd9,29e270af7d4521080f913968d664115b185d541ffc8c1ab7fef169038f14d5c1,2025-04-28T14:19:28+00:00,33685504,128
443,{app}\NPA5\Attest\prikaz_984n\prikaz_984n.htm,app/NPA5/Attest/prikaz_984n/prikaz_984n.htm,379038,363703223,d586d207e6c2086728c7f31065388f6e77ce789c,49626ce9bf538cb42584451ca84e3289b2d15b9b699d8a55104c6becec47cd0d,2012-02-13T08:58:50+00:00,33685504,128
444,{app}\NPA5\Attest\prikaz_984n\prikaz_984n.files\image001.gif,app/NPA5/Attest/prikaz_984n/prikaz_984n.files/image001.gif,1499,364082261,9b948dd4299cb9919f9c69ce2cd1a764f77b46be,495c41a14d0e1054676abae0fa19f98e910ee720818fd1c3057cd56b280dbeff,2012-02-13T08:58:50+00:00,33685504,128
445,{app}\NPA5\Attest\prikaz_998n\prikaz_998n.htm,app/NPA5/Attest/prikaz_998n/prikaz_998n.htm,71652,364083760,61c0d2faf9ff70382747f0acccc78fa6c3a5a801,152e89b6dccb286283e7c1668f45526be042ad14557df233ed6d1df3811001b1,2021-03-19T11:07:06+00:00,33685504,128
446,{app}\NPA5\Attest\Доплаты\Доплаты.htm,app/NPA5/Attest/Доплаты/Доплаты.htm,134276,364155412,16b11f8314a6f29ee404de6434e73706057100bc,edef276a449442b1cc4883983005397e3f7aa1394a9692f1fc27b003bbfe79e8,2002-11-14T08:59:38+00:00,33685504,128
447,{app}\NPA5\fz-426\fz-426.htm,app/NPA5/fz-426/fz-426.htm,151695,364289688,ad1ec7009fd5db0e187e6138e8e1edb65a84e062,8c84e0fd4cece10bb870397c44c0614680b616450716448782ab26cca7f86c46,2023-08-09T08:33:42+00:00,33685504,128
448,{app}\NPA5\fz-426\fz-426.files\image001.gif,app/NPA5/fz-426/fz-426.files/image001.gif,347,364441383,5a141aea8363ca3338695ab0a6149d74e52d82e2,d6f3b7014060b69324b129b1dbb1ab96e9a6615e7d539b608c0804ecbd7f7b73,2023-08-09T08:33:42+00:00,33685504,128
449,{app}\NPA5\GOST\ГОСТ ISO 9612-2016\ГОСТ ISO 9612-2016.htm,app/NPA5/GOST/ГОСТ ISO 9612-2016/ГОСТ ISO 9612-2016.htm,345582,364441730,d786a9b97a77653a9dab42409b5f5beeb77f8938,d781590c754c10588dca93f5ef24cb5ec9729437e88b207aae3bd8b532d20f99,2017-09-04T16:28:06+00:00,33685504,128
450,{app}\NPA5\GOST\ГОСТ ISO 9612-2016\ГОСТ ISO 9612-2016.files\image001.gif,app/NPA5/GOST/ГОСТ ISO 9612-2016/ГОСТ ISO 9612-2016.files/image001.gif,163,364787312,cde62ee3c71fb19c6eb8809ea0ef1cb320e4c1e3,103e2429da39fe3271bb3932a9cbcd1b9154ed00c4d29f4c443ebcc5a6bd39d1,2017-09-04T16:27:54+00:00,33685504,128
451,{app}\NPA5\GOST\ГОСТ ISO 9612-2016\ГОСТ ISO 9612-2016.files\image002.gif,app/NPA5/GOST/ГОСТ ISO 9612-2016/ГОСТ ISO 9612-2016.files/image002.gif,176,364787475,845464eeb4464b91854683958f0d5ed60b826624,d46bc997357d7ca69262e756b1ee5a9c33ea2f8db16f9b042f3d760e4492e870,2017-09-04T16:27:54+00:00,33685504,128
452,{app}\NPA5\GOST\ГОСТ ISO 9612-2016\ГОСТ ISO 9612-2016.files\image003.gif,app/NPA5/GOST/ГОСТ ISO 9612-2016/ГОСТ ISO 9612-2016.files/image003.gif,91,364787651,46a395db13db04383cf9c1abe1e6c1057d22dfdf,d7ac11b80b35e37915cea275add0ad63fd13be85087e46e003c15f05d06aebfc,2017-09-04T16:27:54+00:00,33685504,128
453,{app}\NPA5\GOST\ГОСТ ISO 9612-2016\ГОСТ ISO 9612-2016.files\image004.gif,app/NPA5/GOST/ГОСТ ISO 9612-2016/ГОСТ ISO 9612-2016.files/image004.gif,94,364787742,1499bf4df213747fa26c607e4123965e14ba4732,0c0af7d32f8316001cf46ee9adfb14564d497e336d548cae61ab45762ff4fb59,2017-09-04T16:27:54+00:00,33685504,128
454,{app}\NPA5\GOST\ГОСТ ISO 9612-2016\ГОСТ ISO 9612-2016.files\image005.gif,app/NPA5/GOST/ГОСТ ISO 9612-2016/ГОСТ ISO 9612-2016.files/image005.gif,108,364787836,1f7bb3eeba97d45ab4a08c8afd02aba0afab7059,359187f9be8f28d5c772cf372e98a0f72fa41f38fa0abb091d90d8fbbb81fc60,2017-09-04T16:27:54+00:00,33685504,128
455,{app}\NPA5\GOST\ГОСТ ISO 9612-2016\ГОСТ ISO 9612-2016.files\image006.gif,app/NPA5/GOST/ГОСТ ISO 9612-2016/ГОСТ ISO 9612-2016.files/image006.gif,105,364787944,e9dd163242ff8352743a726301a3585f71e104a8,983c99876578cafe2732071bbb31e5116e241b76e0ac887cd378c31f1bd47d04,2017-09-04T16:27:54+00:00,33685504,128
456,{app}\NPA5\GOST\ГОСТ ISO 9612-2016\ГОСТ ISO 9612-2016.files\image007.jpg,app/NPA5/GOST/ГОСТ ISO 9612-2016/ГОСТ ISO 9612-2016.files/image007.jpg,3302,364788049,eabcb7b4d95185435470ccc850f853c94861238c,ad2d2f5a0359615cff877a62b87743c641adea5892da59f06794481620da624f,2017-09-04T16:27:54+00:00,33685504,128
457,{app}\NPA5\GOST\ГОСТ ISO 9612-2016\ГОСТ ISO 9612-2016.files\image008.jpg,app/NPA5/GOST/ГОСТ ISO 9612-2016/ГОСТ ISO 9612-2016.files/image008.jpg,2195,364791351,02882382f729e98a5ea9a7909feec5766971f5e3,9c9b1773aae170ea4b005de0db2dc8a04bf4c06e7ac6da0ecfbd6f5cd8efaa24,2017-09-04T16:27:54+00:00,33685504,128
458,{app}\NPA5\GOST\ГОСТ ISO 9612-2016\ГОСТ ISO 9612-2016.files\image009.gif,app/NPA5/GOST/ГОСТ ISO 9612-2016/ГОСТ ISO 9612-2016.files/image009.gif,186,364793546,1380235a1830261151a3176b6556fdf2167084e2,b85e90ca4a19cb8820cd54ff06b359b7a28224d649e1e42158b87e7563478c47,2017-09-04T16:27:54+00:00,33685504,128
459,{app}\NPA5\GOST\ГОСТ ISO 9612-2016\ГОСТ ISO 9612-2016.files\image010.gif,app/NPA5/GOST/ГОСТ ISO 9612-2016/ГОСТ ISO 9612-2016.files/image010.gif,103,364793732,2cbfea5b514a4323a8fc361257ff03169af758d1,74778774afec8082380909d2f30dcc2353016dec51c299ec7b024f792d5e0e17,2017-09-04T16:27:54+00:00,33685504,128
460,{app}\NPA5\GOST\ГОСТ ISO 9612-2016\ГОСТ ISO 9612-2016.files\image011.gif,app/NPA5/GOST/ГОСТ ISO 9612-2016/ГОСТ ISO 9612-2016.files/image011.gif,105,364793835,11ae5fcb5c28b3a7742598e709f245afc9e5e198,959016e8dc75abc4238c15e3e660eb59f8ab96d631ca4eb3f1135e69cb97f38a,2017-09-04T16:27:54+00:00,33685504,128
461,{app}\NPA5\GOST\ГОСТ ISO 9612-2016\ГОСТ ISO 9612-2016.files\image012.gif,app/NPA5/GOST/ГОСТ ISO 9612-2016/ГОСТ ISO 9612-2016.files/image012.gif,196,364793940,29c21ba6861d7d3cac30f7125000bf0190e496e2,81014c3a44fc18a1e6902b7e3425aecc03a4591c5a6ef49b0c2b32e3a27c02b3,2017-09-04T16:27:54+00:00,33685504,128
462,{app}\NPA5\GOST\ГОСТ ISO 9612-2016\ГОСТ ISO 9612-2016.files\image013.jpg,app/NPA5/GOST/ГОСТ ISO 9612-2016/ГОСТ ISO 9612-2016.files/image013.jpg,3425,364794136,e4c9a700c594319f07d80ef3dbb1b83adf196fe9,9d70ce05ba13e7e0e36562a87ddc1acbecf4099bceb0a58571f6c046d52535ce,2017-09-04T16:27:54+00:00,33685504,128
463,{app}\NPA5\GOST\ГОСТ ISO 9612-2016\ГОСТ ISO 9612-2016.files\image014.gif,app/NPA5/GOST/ГОСТ ISO 9612-2016/ГОСТ ISO 9612-2016.files/image014.gif,186,364797561,7d0267589dc7acccd508d0b79cc29deb61e86c1f,1ede72d917a62a03f8156abe5918a88fbd3c740ddab751b0120edbd073b08bdb,2017-09-04T16:27:54+00:00,33685504,128
464,{app}\NPA5\GOST\ГОСТ ISO 9612-2016\ГОСТ ISO 9612-2016.files\image015.gif,app/NPA5/GOST/ГОСТ ISO 9612-2016/ГОСТ ISO 9612-2016.files/image015.gif,155,364797747,eee02446cb81550c1a942dcfe5c7a78a68fa72aa,029c544e75987b433c4853521c9c68631f05323cae83f0def1932c79f5095d75,2017-09-04T16:27:54+00:00,33685504,128
465,{app}\NPA5\GOST\ГОСТ ISO 9612-2016\ГОСТ ISO 9612-2016.files\image016.jpg,app/NPA5/GOST/ГОСТ ISO 9612-2016/ГОСТ ISO 9612-2016.files/image016.jpg,3332,364797902,c6d915c125a852ec13ff048506460da86b3303b1,46bb16e25d928064ce05419880f5ceaadd28140a0a02008334e9b9dcc78d1cd1,2017-09-04T16:27:54+00:00,33685504,128
466,{app}\NPA5\GOST\ГОСТ ISO 9612-2016\ГОСТ ISO 9612-2016.files\image017.jpg,app/NPA5/GOST/ГОСТ ISO 9612-2016/ГОСТ ISO 9612-2016.files/image017.jpg,21535,364801234,53b918ef9d5dec41ecf30ce81a448ca2a03d7640,bc5bc5450f2c379481eb217e0d885217d846920a476f32fba5916660a21ccae9,2017-09-04T16:27:54+00:00,33685504,128
467,{app}\NPA5\GOST\ГОСТ ISO 9612-2016\ГОСТ ISO 9612-2016.files\image018.gif,app/NPA5/GOST/ГОСТ ISO 9612-2016/ГОСТ ISO 9612-2016.files/image018.gif,89,364822769,398f61fa8dd86e103fca9135c0dbda5f79f16b0e,7c28d28b394aff016cd0c2c4bafe3a9a1581fc68e847308b9123d590bfb06710,2017-09-04T16:27:54+00:00,33685504,128
468,{app}\NPA5\GOST\ГОСТ ISO 9612-2016\ГОСТ ISO 9612-2016.files\image019.gif,app/NPA5/GOST/ГОСТ ISO 9612-2016/ГОСТ ISO 9612-2016.files/image019.gif,117,364822858,ad345d612203023fe18bb0092dab97a059d52c41,ff6810f02a857dc37a2eaac98a056fb7237d797c13976730d95f86435536ff57,2017-09-04T16:27:54+00:00,33685504,128
469,{app}\NPA5\GOST\ГОСТ ISO 9612-2016\ГОСТ ISO 9612-2016.files\image020.gif,app/NPA5/GOST/ГОСТ ISO 9612-2016/ГОСТ ISO 9612-2016.files/image020.gif,118,364822975,873f4b8199e75df7682ad95f7504fdef0d769618,ed13f5adfcff61aa9ad80b883a8f2c78ac5a0e6ebde304f7fa67b95a12d8a3d3,2017-09-04T16:27:54+00:00,33685504,128
470,{app}\NPA5\GOST\ГОСТ ISO 9612-2016\ГОСТ ISO 9612-2016.files\image021.gif,app/NPA5/GOST/ГОСТ ISO 9612-2016/ГОСТ ISO 9612-2016.files/image021.gif,148,364823093,94b15fd71586ede5ecf63f583e894b0ac4b3e892,2bd8fbff535d9becd3d6da28bbf4eec5ddbd6a9e64ba35745f1ae618e8d91a1a,2017-09-04T16:27:54+00:00,33685504,128
471,{app}\NPA5\GOST\ГОСТ ISO 9612-2016\ГОСТ ISO 9612-2016.files\image022.gif,app/NPA5/GOST/ГОСТ ISO 9612-2016/ГОСТ ISO 9612-2016.files/image022.gif,90,364823241,252d4fab616590f3b03bc39dc16db21080f06523,2554fbb34c6baa244f671fc2a4a4c0539923a149cf6004036b46c67108ea03ff,2017-09-04T16:27:54+00:00,33685504,128
472,{app}\NPA5\GOST\ГОСТ ISO 9612-2016\ГОСТ ISO 9612-2016.files\image023.gif,app/NPA5/GOST/ГОСТ ISO 9612-2016/ГОСТ ISO 9612-2016.files/image023.gif,89,364823331,edc3eff0996ad7d1225110f96ae3299b9660ef64,35e96d184edfdfa671a2880c87e5a6d55a6881c58eb39ab2a50c07018cd57d7b,2017-09-04T16:27:54+00:00,33685504,128
473,{app}\NPA5\GOST\ГОСТ ISO 9612-2016\ГОСТ ISO 9612-2016.files\image024.gif,app/NPA5/GOST/ГОСТ ISO 9612-2016/ГОСТ ISO 9612-2016.files/image024.gif,112,364823420,1336df7a8421454d2be5c995653ea7c8a93337ca,de794b5425f8f069ac267bcdc26d3ad4940f104a2a1dff7be6b57762042230de,2017-09-04T16:27:54+00:00,33685504,128
474,{app}\NPA5\GOST\ГОСТ ISO 9612-2016\ГОСТ ISO 9612-2016.files\image025.gif,app/NPA5/GOST/ГОСТ ISO 9612-2016/ГОСТ ISO 9612-2016.files/image025.gif,142,364823532,51efa1979a1e327f314d8677ef52398f0378f316,6cb3bdf72f3a6b02e5f9ccb83009e9680837f9d7a3afd56d1602e1eb1e1e16c9,2017-09-04T16:27:54+00:00,33685504,128
475,{app}\NPA5\GOST\ГОСТ ISO 9612-2016\ГОСТ ISO 9612-2016.files\image026.gif,app/NPA5/GOST/ГОСТ ISO 9612-2016/ГОСТ ISO 9612-2016.files/image026.gif,149,364823674,07ede61722d1d4c1767073655aec70c2949fd9da,2c3d914a045fc8d29efc2e1cf86f3562eca8b8c61f5e1b630c85ac7276a98609,2017-09-04T16:27:54+00:00,33685504,128
476,{app}\NPA5\GOST\ГОСТ ISO 9612-2016\ГОСТ ISO 9612-2016.files\image027.gif,app/NPA5/GOST/ГОСТ ISO 9612-2016/ГОСТ ISO 9612-2016.files/image027.gif,154,364823823,33924a1df43f32592e39cc66938f24500246a631,a1a533c9fa5c6e605592beec5a4dd462a414f2db58448ec402e51f3753f57ec3,2017-09-04T16:27:54+00:00,33685504,128
477,{app}\NPA5\GOST\ГОСТ ISO 9612-2016\ГОСТ ISO 9612-2016.files\image028.gif,app/NPA5/GOST/ГОСТ ISO 9612-2016/ГОСТ ISO 9612-2016.files/image028.gif,179,364823977,15a86b0cf3d9740232bf1696aa4c3f5930e8c446,544746bd769f52c46a56dcda49b3760092db028c3214e3b5fff4fc9fea75943f,2017-09-04T16:27:54+00:00,33685504,128
478,{app}\NPA5\GOST\ГОСТ ISO 9612-2016\ГОСТ ISO 9612-2016.files\image029.gif,app/NPA5/GOST/ГОСТ ISO 9612-2016/ГОСТ ISO 9612-2016.files/image029.gif,153,364824156,4b9c953ca69489b50b4fc08ecdb14790a430e044,008b301b32429a5264d8e21bf601857f726559abccd51705902fd9ebc632f5fc,2017-09-04T16:27:54+00:00,33685504,128
479,{app}\NPA5\GOST\ГОСТ ISO 9612-2016\ГОСТ ISO 9612-2016.files\image030.gif,app/NPA5/GOST/ГОСТ ISO 9612-2016/ГОСТ ISO 9612-2016.files/image030.gif,165,364824309,e1ee522cb2284bd339ceb9e80ece6e872b6a51dc,b750f3eef590911d6b5c743c7af83d9b09442c0bac336eef8744a83fe0253a7e,2017-09-04T16:27:54+00:00,33685504,128
480,{app}\NPA5\GOST\ГОСТ ISO 9612-2016\ГОСТ ISO 9612-2016.files\image031.gif,app/NPA5/GOST/ГОСТ ISO 9612-2016/ГОСТ ISO 9612-2016.files/image031.gif,174,364824474,cae783cb44bdac4bae9f9a568c57355d86d9f140,9093317d1e42a80a3092fdb23f883df964d4842d4c4e99844a027154b43e1834,2017-09-04T16:27:54+00:00,33685504,128
481,{app}\NPA5\GOST\ГОСТ ISO 9612-2016\ГОСТ ISO 9612-2016.files\image032.gif,app/NPA5/GOST/ГОСТ ISO 9612-2016/ГОСТ ISO 9612-2016.files/image032.gif,165,364824648,2ed9cd7092a56970d78334321a022ad259f88cf5,8b04240cb72c5adf7861f27fab88f6e0bcd5121181e288976426ba221e4ca3f0,2017-09-04T16:27:54+00:00,33685504,128
482,{app}\NPA5\GOST\ГОСТ ISO 9612-2016\ГОСТ ISO 9612-2016.files\image033.gif,app/NPA5/GOST/ГОСТ ISO 9612-2016/ГОСТ ISO 9612-2016.files/image033.gif,182,364824813,41a164ed0cbaa196aecba4f9cb780b09ebcdb14b,cdc82920f3a4d5206c2ec543c7e64ae4d15647d174d968c960c1201b17a7b9c3,2017-09-04T16:27:54+00:00,33685504,128
483,{app}\NPA5\GOST\ГОСТ ISO 9612-2016\ГОСТ ISO 9612-2016.files\image034.gif,app/NPA5/GOST/ГОСТ ISO 9612-2016/ГОСТ ISO 9612-2016.files/image034.gif,156,364824995,bbc54dc205fbc407b4dea731278e9aefbb6cdef1,bb6c1858f5c2bfb7d8533f8ad274a9de2e92160d9fea8d81e3f21fb1dcbfb034,2017-09-04T16:27:56+00:00,33685504,128
484,{app}\NPA5\GOST\ГОСТ ISO 9612-2016\ГОСТ ISO 9612-2016.files\image035.gif,app/NPA5/GOST/ГОСТ ISO 9612-2016/ГОСТ ISO 9612-2016.files/image035.gif,98,364825151,eab9be6a62122d8b0efd645eb66c087268f49fc7,b698efdc7c8d9614154efaf80873b828a3e7d397b1b56f16c6519a20ec3dcd90,2017-09-04T16:27:56+00:00,33685504,128
485,{app}\NPA5\GOST\ГОСТ ISO 9612-2016\ГОСТ ISO 9612-2016.files\image036.gif,app/NPA5/GOST/ГОСТ ISO 9612-2016/ГОСТ ISO 9612-2016.files/image036.gif,97,364825249,997896c8b0c3d067dbae843bb6d98a596b4ffc29,c8937a461aea8237311a4124e2decde698b6e13726d3ac2441dad26bd5889595,2017-09-04T16:27:56+00:00,33685504,128
486,{app}\NPA5\GOST\ГОСТ ISO 9612-2016\ГОСТ ISO 9612-2016.files\image037.gif,app/NPA5/GOST/ГОСТ ISO 9612-2016/ГОСТ ISO 9612-2016.files/image037.gif,145,364825346,63e683f181fa2116f55d2e9951a6b6f91e42a0f6,f44f33841b82837a94cf4f9f5711639673c5b524733214f20cf4684a599d00f7,2017-09-04T16:27:56+00:00,33685504,128
487,{app}\NPA5\GOST\ГОСТ ISO 9612-2016\ГОСТ ISO 9612-2016.files\image038.gif,app/NPA5/GOST/ГОСТ ISO 9612-2016/ГОСТ ISO 9612-2016.files/image038.gif,100,364825491,29cf0ba1bcc9ab8cf67b5bb0d34a051aa92d801c,b55b48e54d43c430d6758f146a1434c06f65ff8720495b5c125e22f97b0a4ba5,2017-09-04T16:27:56+00:00,33685504,128
488,{app}\NPA5\GOST\ГОСТ ISO 9612-2016\ГОСТ ISO 9612-2016.files\image039.gif,app/NPA5/GOST/ГОСТ ISO 9612-2016/ГОСТ ISO 9612-2016.files/image039.gif,135,364825591,2a5f9289eed732f18102660b7ecc9e12a080a628,e01154dc78bbe713d146dfcf3fddda75b2fd9bf895ccf296250215c494454a59,2017-09-04T16:27:56+00:00,33685504,128
489,{app}\NPA5\GOST\ГОСТ ISO 9612-2016\ГОСТ ISO 9612-2016.files\image040.gif,app/NPA5/GOST/ГОСТ ISO 9612-2016/ГОСТ ISO 9612-2016.files/image040.gif,100,364825726,da0d0c58630bd03cee5cedbf9724c97207e2617a,b9eac720799fd7114d4b744e414d5fae1ec46873d277f84cdbb7aa534ce8faa7,2017-09-04T16:27:56+00:00,33685504,128
490,{app}\NPA5\GOST\ГОСТ ISO 9612-2016\ГОСТ ISO 9612-2016.files\image041.gif,app/NPA5/GOST/ГОСТ ISO 9612-2016/ГОСТ ISO 9612-2016.files/image041.gif,101,364825826,14ef0d10aa5b3189a3abbda41d92e00246c31823,fe013d66ac796382c8da126f9965e56398abe6df2daea7106ed1962101e4e3b1,2017-09-04T16:27:56+00:00,33685504,128
491,{app}\NPA5\GOST\ГОСТ ISO 9612-2016\ГОСТ ISO 9612-2016.files\image042.gif,app/NPA5/GOST/ГОСТ ISO 9612-2016/ГОСТ ISO 9612-2016.files/image042.gif,96,364825927,450af8c02e5197b6d9453880e9cc03e7e514cd64,ca2018b293fc84a98af2131be4d007b21b02cd04380b21cfe96fc3671eb93031,2017-09-04T16:27:56+00:00,33685504,128
492,{app}\NPA5\GOST\ГОСТ ISO 9612-2016\ГОСТ ISO 9612-2016.files\image043.gif,app/NPA5/GOST/ГОСТ ISO 9612-2016/ГОСТ ISO 9612-2016.files/image043.gif,95,364826023,73c31e9b545b835ee23a3400a52b7f1914f89f24,5b5d6eec6befa59375cc1879e88198ed7e85c1ee89386edbb01b69a009baca74,2017-09-04T16:27:56+00:00,33685504,128
493,{app}\NPA5\GOST\ГОСТ ISO 9612-2016\ГОСТ ISO 9612-2016.files\image044.gif,app/NPA5/GOST/ГОСТ ISO 9612-2016/ГОСТ ISO 9612-2016.files/image044.gif,99,364826118,036122a9f7a531530ace3bf39772c822ad25910a,16b83a59359e2e5ffa4b87e7e530936b58fb12bd1117840febfb1bf82bbfb4df,2017-09-04T16:27:56+00:00,33685504,128
494,{app}\NPA5\GOST\ГОСТ ISO 9612-2016\ГОСТ ISO 9612-2016.files\image045.gif,app/NPA5/GOST/ГОСТ ISO 9612-2016/ГОСТ ISO 9612-2016.files/image045.gif,118,364826217,9cce4f14e05cde41baa73aab122c1f88e0ad6eb3,6c50c5f86637bdb7f685b58a62dab8a8df91a3864e9af6d73ccee3b7b0f0ec49,2017-09-04T16:27:56+00:00,33685504,128
495,{app}\NPA5\GOST\ГОСТ ISO 9612-2016\ГОСТ ISO 9612-2016.files\image046.gif,app/NPA5/GOST/ГОСТ ISO 9612-2016/ГОСТ ISO 9612-2016.files/image046.gif,97,364826335,31ddce37a8e2b2e830c6623a64391b1ffe92da2f,88b34223c6eafa1e3c73e125005c96d9529ed7cc7a01abc012cb4d708e3efff5,2017-09-04T16:27:56+00:00,33685504,128
496,{app}\NPA5\GOST\ГОСТ ISO 9612-2016\ГОСТ ISO 9612-2016.files\image047.gif,app/NPA5/GOST/ГОСТ ISO 9612-2016/ГОСТ ISO 9612-2016.files/image047.gif,91,364826432,4f0765e1456aef3b960a29e70807ccdb4cc54199,ca08687546c57f9a751e60035d90676d47e6a9a4e405869815d03fee92f3483c,2017-09-04T16:27:56+00:00,33685504,128
497,{app}\NPA5\GOST\ГОСТ ISO 9612-2016\ГОСТ ISO 9612-2016.files\image048.gif,app/NPA5/GOST/ГОСТ ISO 9612-2016/ГОСТ ISO 9612-2016.files/image048.gif,92,364826523,bae448f02c1fab8a3736fbc51c34300208d02444,1388239bc335b13af8d998dd67429b799f8adb2789e48e9b3352064bfd593c5e,2017-09-04T16:27:56+00:00,33685504,128
498,{app}\NPA5\GOST\ГОСТ ISO 9612-2016\ГОСТ ISO 9612-2016.files\image049.gif,app/NPA5/GOST/ГОСТ ISO 9612-2016/ГОСТ ISO 9612-2016.files/image049.gif,107,364826615,7ce614033cfa6ab4206f03fbbad241efa4099807,66e612c0edc70c59b68e2c5243a0a88076ed6a9e61af6a9ba600ad64848d2518,2017-09-04T16:27:56+00:00,33685504,128
499,{app}\NPA5\GOST\ГОСТ ISO 9612-2016\ГОСТ ISO 9612-2016.files\image050.gif,app/NPA5/GOST/ГОСТ ISO 9612-2016/ГОСТ ISO 9612-2016.files/image050.gif,121,364826722,5aca8506505df0de60afc7cddf13ab115b59ce69,01b2621c89d68378a50baafe9571d98279bf07b267fbad5ddbc9e43a89bc8c47,2017-09-04T16:27:56+00:00,33685504,128
500,{app}\NPA5\GOST\ГОСТ ISO 9612-2016\ГОСТ ISO 9612-2016.files\image051.gif,app/NPA5/GOST/ГОСТ ISO 9612-2016/ГОСТ ISO 9612-2016.files/image051.gif,123,364826843,f43efc41121539da8722e5eae56f446d58f29987,b1b0e075b1776625dfbf309620190182817b651b7026a16038394c53606d9f5b,2017-09-04T16:27:56+00:00,33685504,128
501,{app}\NPA5\GOST\ГОСТ ISO 9612-2016\ГОСТ ISO 9612-2016.files\image052.gif,app/NPA5/GOST/ГОСТ ISO 9612-2016/ГОСТ ISO 9612-2016.files/image052.gif,92,364826966,824b6e6ee1dada532b0f8cb4b44e2ed3a20f6eaf,b4eb1a7734170b45cddbd20b400c38a649785786d66abae017be8974e5e0d27c,2017-09-04T16:27:56+00:00,33685504,128
502,{app}\NPA5\GOST\ГОСТ ISO 9612-2016\ГОСТ ISO 9612-2016.files\image053.gif,app/NPA5/GOST/ГОСТ ISO 9612-2016/ГОСТ ISO 9612-2016.files/image053.gif,114,364827058,efe5d6819dd2a58376600f093a6024428c22e0a4,d4d38e86a3f1ce7bfd32aa2c0433d5a47a12f20a733156f14f2d8c2071ae71b5,2017-09-04T16:27:56+00:00,33685504,128
503,{app}\NPA5\GOST\ГОСТ ISO 9612-2016\ГОСТ ISO 9612-2016.files\image054.gif,app/NPA5/GOST/ГОСТ ISO 9612-2016/ГОСТ ISO 9612-2016.files/image054.gif,92,364827172,bebd5a1b964a2055108b853cf097a92c19e1c6e3,d590b864f3efe99c85ec4d480a2d5d795dcbbc1f56c219e08906c5f2a7515d95,2017-09-04T16:27:56+00:00,33685504,128
504,{app}\NPA5\GOST\ГОСТ ISO 9612-2016\ГОСТ ISO 9612-2016.files\image055.gif,app/NPA5/GOST/ГОСТ ISO 9612-2016/ГОСТ ISO 9612-2016.files/image055.gif,111,364827264,95a556b9f37c2a198569c8b10f7295e3caf05ad5,98960a8450232060de04f93ddd0c8975dad182cd3ac14a5412532e6ccc3d2e81,2017-09-04T16:27:56+00:00,33685504,128
505,{app}\NPA5\GOST\ГОСТ ISO 9612-2016\ГОСТ ISO 9612-2016.files\image056.gif,app/NPA5/GOST/ГОСТ ISO 9612-2016/ГОСТ ISO 9612-2016.files/image056.gif,135,364827375,c427048626f0f86b78592dcd84e900e0ae7b9f1a,ab21bea4ccd0fb8b6acd9222a9eb2575626b62c4e3e08e5d2b330312fda217ba,2017-09-04T16:27:56+00:00,33685504,128
506,{app}\NPA5\GOST\ГОСТ ISO 9612-2016\ГОСТ ISO 9612-2016.files\image057.gif,app/NPA5/GOST/ГОСТ ISO 9612-2016/ГОСТ ISO 9612-2016.files/image057.gif,117,364827510,b592772494a26c06f904052f2db0634605bf59a8,07e377c0666732a4fe9f62568ab9b426d3c51cb1c5261d231cde85860744855c,2017-09-04T16:27:56+00:00,33685504,128
507,{app}\NPA5\GOST\ГОСТ ISO 9612-2016\ГОСТ ISO 9612-2016.files\image058.jpg,app/NPA5/GOST/ГОСТ ISO 9612-2016/ГОСТ ISO 9612-2016.files/image058.jpg,1777,364827627,0eefcd3220fad00e1783bbe3baad487f831cb8c8,7fd1045f7dffa49e514441c018a0e7b1b6394a7ba191bf47662aa9626258b16e,2017-09-04T16:27:56+00:00,33685504,128
508,{app}\NPA5\GOST\ГОСТ ISO 9612-2016\ГОСТ ISO 9612-2016.files\image059.jpg,app/NPA5/GOST/ГОСТ ISO 9612-2016/ГОСТ ISO 9612-2016.files/image059.jpg,1421,364829404,85e444ccdad9b35e699e0adf2f4ec415d8d48525,988a97957735941f1fb18a3a1b99db2a9d9bb344ea17465636e0ae799cc1adf2,2017-09-04T16:27:56+00:00,33685504,128
509,{app}\NPA5\GOST\ГОСТ ISO 9612-2016\ГОСТ ISO 9612-2016.files\image060.gif,app/NPA5/GOST/ГОСТ ISO 9612-2016/ГОСТ ISO 9612-2016.files/image060.gif,199,364830825,16d032fa232bb4cca49cd495970e0274cc45be76,41efc8f8f3daae34bd2f95968d4d1577ce895c9aaff26f6deb2ed6f6e0428c28,2017-09-04T16:27:56+00:00,33685504,128
510,{app}\NPA5\GOST\ГОСТ ISO 9612-2016\ГОСТ ISO 9612-2016.files\image061.jpg,app/NPA5/GOST/ГОСТ ISO 9612-2016/ГОСТ ISO 9612-2016.files/image061.jpg,28647,364831024,598abe015612200cdf15187a4e742100a024e1c4,c7d065df11adda6406641d550258cb18c23364414c91986e979e0a00725cabf5,2017-09-04T16:27:56+00:00,33685504,128
511,{app}\NPA5\GOST\ГОСТ ISO 9612-2016\ГОСТ ISO 9612-2016.files\image062.jpg,app/NPA5/GOST/ГОСТ ISO 9612-2016/ГОСТ ISO 9612-2016.files/image062.jpg,3084,364859671,8a4699ae61fc560e629c889d04714ca454958a7b,063fa7cd99fe58f0daf3306744b8752d570e5144adc13b7f0ce07bf79e680211,2017-09-04T16:27:56+00:00,33685504,128
512,{app}\NPA5\GOST\ГОСТ ISO 9612-2016\ГОСТ ISO 9612-2016.files\image063.gif,app/NPA5/GOST/ГОСТ ISO 9612-2016/ГОСТ ISO 9612-2016.files/image063.gif,203,364862755,e6066214019ed11788a64c7ad1b4fb0a9aa5d08f,ac28fcb6cf5add10e76a019ad49f59d8e15144337d2ba5c06d1b1a2480cefb01,2017-09-04T16:27:56+00:00,33685504,128
513,{app}\NPA5\GOST\ГОСТ ISO 9612-2016\ГОСТ ISO 9612-2016.files\image064.gif,app/NPA5/GOST/ГОСТ ISO 9612-2016/ГОСТ ISO 9612-2016.files/image064.gif,185,364862958,0d09f44fe960d2779d01bdcb87bdb64681f0c0f1,d52ffb0fcc623018c5c2ee82e39e8bceb4677eff11cf0db9045a1a837fbc71cf,2017-09-04T16:27:56+00:00,33685504,128
514,{app}\NPA5\GOST\ГОСТ ISO 9612-2016\ГОСТ ISO 9612-2016.files\image065.jpg,app/NPA5/GOST/ГОСТ ISO 9612-2016/ГОСТ ISO 9612-2016.files/image065.jpg,3059,364863143,5a3f2fbeac85767b7aa8ca6291401f5b5c0cdc92,39fe01bd44384e61e0a94aa25719017b9c1dfa0ba0ece93a615983367a760cc8,2017-09-04T16:27:56+00:00,33685504,128
515,{app}\NPA5\GOST\ГОСТ ISO 9612-2016\ГОСТ ISO 9612-2016.files\image066.jpg,app/NPA5/GOST/ГОСТ ISO 9612-2016/ГОСТ ISO 9612-2016.files/image066.jpg,3734,364866202,f09c64af0df2141d6b03716414e2909bf9e9bdeb,db5a2a5eb0e24de5380211c4ea7a7be2b56e1f89b32364fcee5c1681ca73890c,2017-09-04T16:27:58+00:00,33685504,128
516,{app}\NPA5\GOST\ГОСТ ISO 9612-2016\ГОСТ ISO 9612-2016.files\image067.jpg,app/NPA5/GOST/ГОСТ ISO 9612-2016/ГОСТ ISO 9612-2016.files/image067.jpg,3347,364869936,9776ce02dc1a4a8acc6f482a04eb39a3db282681,79a11d091b39977550253e137c8464ddb88e570d132fd29b1634b0cb2cbc4311,2017-09-04T16:27:58+00:00,33685504,128
517,{app}\NPA5\GOST\ГОСТ ISO 9612-2016\ГОСТ ISO 9612-2016.files\image068.gif,app/NPA5/GOST/ГОСТ ISO 9612-2016/ГОСТ ISO 9612-2016.files/image068.gif,105,364873283,4cc4d342b9831a89a6948d0eb824a4c7e2c122a1,f90f7657748c4e6ade8c8bc8e4bdf5008e0feb1835a7b6aad55771ce3fce4b31,2017-09-04T16:27:58+00:00,33685504,128
518,{app}\NPA5\GOST\ГОСТ ISO 9612-2016\ГОСТ ISO 9612-2016.files\image069.gif,app/NPA5/GOST/ГОСТ ISO 9612-2016/ГОСТ ISO 9612-2016.files/image069.gif,203,364873388,fe3420371fcb75d6805dcad3636a9f2be67c7ce9,cb068cd0333ea28fea4deb135f960bb9371016375eda9acc401895374b8800ee,2017-09-04T16:27:58+00:00,33685504,128
519,{app}\NPA5\GOST\ГОСТ ISO 9612-2016\ГОСТ ISO 9612-2016.files\image070.gif,app/NPA5/GOST/ГОСТ ISO 9612-2016/ГОСТ ISO 9612-2016.files/image070.gif,189,364873591,a194525d76bc0f21859670b36ebb6f029155be49,963f135060d7023d9161cdb2ac6326d9c50c864adb85608a2b59e59819b36071,2017-09-04T16:27:58+00:00,33685504,128
520,{app}\NPA5\GOST\ГОСТ ISO 9612-2016\ГОСТ ISO 9612-2016.files\image071.jpg,app/NPA5/GOST/ГОСТ ISO 9612-2016/ГОСТ ISO 9612-2016.files/image071.jpg,3163,364873780,2b2c6960119dda9595b5c4c723d1f2d9fcc7608f,27e902dbe79802c721abe3d6575f161a4ab480f7fb116d8591719b766e03cba5,2017-09-04T16:27:58+00:00,33685504,128
521,{app}\NPA5\GOST\ГОСТ ISO 9612-2016\ГОСТ ISO 9612-2016.files\image072.gif,app/NPA5/GOST/ГОСТ ISO 9612-2016/ГОСТ ISO 9612-2016.files/image072.gif,197,364876943,495a4eafbadf22b2cfbe84d756159a70c4f72cd2,72465d5388fc7fef95d438e9fa4697eefa9cb416ca5c8ef290098b7236006664,2017-09-04T16:27:58+00:00,33685504,128
522,{app}\NPA5\GOST\ГОСТ ISO 9612-2016\ГОСТ ISO 9612-2016.files\image073.jpg,app/NPA5/GOST/ГОСТ ISO 9612-2016/ГОСТ ISO 9612-2016.files/image073.jpg,2695,364877140,a48d65daf5fb9be78fdfe989b9ab6730e94458c4,696f9d88e7b9ec2d515171929c024e5eab091cd1e5b0b81e04294c82f4aaa83b,2017-09-04T16:27:58+00:00,33685504,128
523,{app}\NPA5\GOST\ГОСТ ISO 9612-2016\ГОСТ ISO 9612-2016.files\image074.gif,app/NPA5/GOST/ГОСТ ISO 9612-2016/ГОСТ ISO 9612-2016.files/image074.gif,116,364879835,1f0b9cfc7ff0e320b7b14fa31ae2a583dc8fb154,34dbff1c415c14894bcef5aaf707fc142f6d6b24ab06bdbd753be56c86306712,2017-09-04T16:27:58+00:00,33685504,128
524,{app}\NPA5\GOST\ГОСТ ISO 9612-2016\ГОСТ ISO 9612-2016.files\image075.gif,app/NPA5/GOST/ГОСТ ISO 9612-2016/ГОСТ ISO 9612-2016.files/image075.gif,119,364879951,c36c8107491b8511550e48c5370a2c0cc5e2330a,cd5b267d27b5cb6cc135b058c9b870bb85f9b4e616e2dfa0ec5fb2dee51f5939,2017-09-04T16:27:58+00:00,33685504,128
525,{app}\NPA5\GOST\ГОСТ ISO 9612-2016\ГОСТ ISO 9612-2016.files\image076.gif,app/NPA5/GOST/ГОСТ ISO 9612-2016/ГОСТ ISO 9612-2016.files/image076.gif,93,364880070,db8fbac00ccfb9d501354cf6d4c4e4bfd01062da,87ca2cb6be99a12ceddeefc2c93c7b43467d74950b336e6e2f5815d39252338b,2017-09-04T16:27:58+00:00,33685504,128
526,{app}\NPA5\GOST\ГОСТ ISO 9612-2016\ГОСТ ISO 9612-2016.files\image077.gif,app/NPA5/GOST/ГОСТ ISO 9612-2016/ГОСТ ISO 9612-2016.files/image077.gif,98,364880163,ebf59b0ae6c4ba93a97b48820be0b14c5667109d,193280c57e6d39a7c121f51c55610e27fe321c6a94933127fb1561b6f320aae4,2017-09-04T16:27:58+00:00,33685504,128
527,{app}\NPA5\GOST\ГОСТ ISO 9612-2016\ГОСТ ISO 9612-2016.files\image078.jpg,app/NPA5/GOST/ГОСТ ISO 9612-2016/ГОСТ ISO 9612-2016.files/image078.jpg,2212,364880261,4637c19128556cfbc1138de63fcdf9e059159915,2a8169692ab92b357ab5347905427ce7c6318c40dbc4de12ec620de661baad70,2017-09-04T16:27:58+00:00,33685504,128
528,{app}\NPA5\GOST\ГОСТ ISO 9612-2016\ГОСТ ISO 9612-2016.files\image079.gif,app/NPA5/GOST/ГОСТ ISO 9612-2016/ГОСТ ISO 9612-2016.files/image079.gif,91,364882473,5e8d34e7ec3c9c5c5fe6f0bd6d3c298c8fcf5868,11ac56e1bb37734c1e67b8b6854473f286108ebe2af221b6714bdfd0992d97b4,2017-09-04T16:27:58+00:00,33685504,128
529,{app}\NPA5\GOST\ГОСТ ISO 9612-2016\ГОСТ ISO 9612-2016.files\image080.gif,app/NPA5/GOST/ГОСТ ISO 9612-2016/ГОСТ ISO 9612-2016.files/image080.gif,83,364882564,7b7a0a2b1f1c9b7a47351f4f17879d8735703d98,dd85aef581304866b2ed893e71b72f5da8af4f2db4e974f82ac52bcdabfe4241,2017-09-04T16:27:58+00:00,33685504,128
530,{app}\NPA5\GOST\ГОСТ ISO 9612-2016\ГОСТ ISO 9612-2016.files\image081.gif,app/NPA5/GOST/ГОСТ ISO 9612-2016/ГОСТ ISO 9612-2016.files/image081.gif,81,364882647,51a9d3fe743db9a38db8f477b9e44d3dc8796573,f49d61311ccb87bbca1679dcf24d6b65eb25fffdd53082109f831b10695a5b16,2017-09-04T16:27:58+00:00,33685504,128
531,{app}\NPA5\GOST\ГОСТ ISO 9612-2016\ГОСТ ISO 9612-2016.files\image082.gif,app/NPA5/GOST/ГОСТ ISO 9612-2016/ГОСТ ISO 9612-2016.files/image082.gif,86,364882728,0951f45fd43a93594137d819e3b9bd9606b28373,7d14e9c1796b84ff20ce0d73aacc57bc45edca0dc5347ac02713f88dc05abe5f,2017-09-04T16:28:00+00:00,33685504,128
532,{app}\NPA5\GOST\ГОСТ ISO 9612-2016\ГОСТ ISO 9612-2016.files\image083.gif,app/NPA5/GOST/ГОСТ ISO 9612-2016/ГОСТ ISO 9612-2016.files/image083.gif,97,364882814,aa77a69aed4b2198b029817d6db6b1faa132c6a1,056d42bc452c8944d24e97ef7f18f3fdcd16953bec6b6413d139f024b005e48d,2017-09-04T16:28:00+00:00,33685504,128
533,{app}\NPA5\GOST\ГОСТ ISO 9612-2016\ГОСТ ISO 9612-2016.files\image084.gif,app/NPA5/GOST/ГОСТ ISO 9612-2016/ГОСТ ISO 9612-2016.files/image084.gif,89,364882911,a5f8a632620cc9a05fcdc95e037da77da7c2b38b,9645dcbfcee75a25e16c46883ef5fa35c142f958154dea5cbc380142022b75c9,2017-09-04T16:28:00+00:00,33685504,128
534,{app}\NPA5\GOST\ГОСТ ISO 9612-2016\ГОСТ ISO 9612-2016.files\image085.jpg,app/NPA5/GOST/ГОСТ ISO 9612-2016/ГОСТ ISO 9612-2016.files/image085.jpg,1410,364883000,79ffcf60362e83e9191a74fe5a5b5cdaddaeb305,2b1f2eda5d09923f20787f7222c5f51be7b14a8675febc0b0d3576c1bbae849e,2017-09-04T16:28:00+00:00,33685504,128
535,{app}\NPA5\GOST\ГОСТ ISO 9612-2016\ГОСТ ISO 9612-2016.files\image086.jpg,app/NPA5/GOST/ГОСТ ISO 9612-2016/ГОСТ ISO 9612-2016.files/image086.jpg,3504,364884410,7bcb1fc978c215027d636777af4463c83b5d6538,1d0285d1507488be44dd17737459d8457bc83be1543f82f392f7f577d09e4cef,2017-09-04T16:28:00+00:00,33685504,128
536,{app}\NPA5\GOST\ГОСТ ISO 9612-2016\ГОСТ ISO 9612-2016.files\image087.gif,app/NPA5/GOST/ГОСТ ISO 9612-2016/ГОСТ ISO 9612-2016.files/image087.gif,213,364887914,1f2e00223530418af533b566cc49729cd514c166,2273eb6938204d6ff1d07b2eb7ef2844e8bb4f8a9aaaf475bd4501c749155212,2017-09-04T16:28:00+00:00,33685504,128
537,{app}\NPA5\GOST\ГОСТ ISO 9612-2016\ГОСТ ISO 9612-2016.files\image088.jpg,app/NPA5/GOST/ГОСТ ISO 9612-2016/ГОСТ ISO 9612-2016.files/image088.jpg,2269,364888127,b357765c40ffc078efa55b780b57bf90f897f55c,ea19e1602a4b1e3f7696ca22b813839f8445471db5d3c8c8d809b96cef8b4032,2017-09-04T16:28:00+00:00,33685504,128
538,{app}\NPA5\GOST\ГОСТ ISO 9612-2016\ГОСТ ISO 9612-2016.files\image089.gif,app/NPA5/GOST/ГОСТ ISO 9612-2016/ГОСТ ISO 9612-2016.files/image089.gif,110,364890396,61d0b4fa27af6c235a5d6c7b8dad832e3b0094c5,9b2d40b8ca8bcb6ef8f0f13a0fc428f61c46d1c047c4db0823c4565adb251bba,2017-09-04T16:28:00+00:00,33685504,128
539,{app}\NPA5\GOST\ГОСТ ISO 9612-2016\ГОСТ ISO 9612-2016.files\image090.gif,app/NPA5/GOST/ГОСТ ISO 9612-2016/ГОСТ ISO 9612-2016.files/image090.gif,109,364890506,4d2ad8d99f163cfe260d1eae1890dc2a1545df05,ddf93ce99040042ee5930b279db191b80a85b8a1b518d9e2aa3cbb441a80d5ff,2017-09-04T16:28:00+00:00,33685504,128
540,{app}\NPA5\GOST\ГОСТ ISO 9612-2016\ГОСТ ISO 9612-2016.files\image091.gif,app/NPA5/GOST/ГОСТ ISO 9612-2016/ГОСТ ISO 9612-2016.files/image091.gif,142,364890615,7571a8dccd8359d26f3f76f7680e0a9ded14e6a5,6dff3dfcffb0212677aafcb8e01820fceef1bcf6947caf25c0d860c8c33d0884,2017-09-04T16:28:00+00:00,33685504,128
541,{app}\NPA5\GOST\ГОСТ ISO 9612-2016\ГОСТ ISO 9612-2016.files\image092.jpg,app/NPA5/GOST/ГОСТ ISO 9612-2016/ГОСТ ISO 9612-2016.files/image092.jpg,5252,364890757,b4c4040b6add8f19477b21524b908b85904e8a51,e05b3a32edf65ac61032cd362f5686a9fd2d07e6720f8fd3288de2b85ebd14ac,2017-09-04T16:28:00+00:00,33685504,128
542,{app}\NPA5\GOST\ГОСТ ISO 9612-2016\ГОСТ ISO 9612-2016.files\image093.gif,app/NPA5/GOST/ГОСТ ISO 9612-2016/ГОСТ ISO 9612-2016.files/image093.gif,138,364896009,69019abdb773767fdfd330c73b522bb2d795de4e,da74192202695871d18fc97ab5db58fd40cca375307f257e51e388d16e402260,2017-09-04T16:28:00+00:00,33685504,128
543,{app}\NPA5\GOST\ГОСТ ISO 9612-2016\ГОСТ ISO 9612-2016.files\image094.gif,app/NPA5/GOST/ГОСТ ISO 9612-2016/ГОСТ ISO 9612-2016.files/image094.gif,139,364896147,ddb0a84b5f12764012b464ad0ec8dfb86abb60db,223db73ae19030727791d6efddab5d95508e6fe9ea6a7b814c9f7e2aa4cbd8ee,2017-09-04T16:28:00+00:00,33685504,128
544,{app}\NPA5\GOST\ГОСТ ISO 9612-2016\ГОСТ ISO 9612-2016.files\image095.gif,app/NPA5/GOST/ГОСТ ISO 9612-2016/ГОСТ ISO 9612-2016.files/image095.gif,127,364896286,1e23a92e6de182f47c2a2199fa585637c8a7ef4a,6fce28fa8d6c276d378bb8a90f9267e2438fbfc36b16eb3512724cdc5147bbcb,2017-09-04T16:28:00+00:00,33685504,128
545,{app}\NPA5\GOST\ГОСТ ISO 9612-2016\ГОСТ ISO 9612-2016.files\image096.gif,app/NPA5/GOST/ГОСТ ISO 9612-2016/ГОСТ ISO 9612-2016.files/image096.gif,100,364896413,a68d3049f3c82593ddd971bf299c5cf0845582b5,6bcf0a543e55757a7eaeaebb9832d6bdc9211bcf197f58b6cdef2ab7b6ebfa38,2017-09-04T16:28:00+00:00,33685504,128
546,{app}\NPA5\GOST\ГОСТ ISO 9612-2016\ГОСТ ISO 9612-2016.files\image097.gif,app/NPA5/GOST/ГОСТ ISO 9612-2016/ГОСТ ISO 9612-2016.files/image097.gif,133,364896513,3fd8c06b30b36e8bcb42313c4c5c71e296f14bbd,49b934ac58cec5c89e5068c8b41f72002e0f7cf5da760925526137c6987a2c76,2017-09-04T16:28:00+00:00,33685504,128
547,{app}\NPA5\GOST\ГОСТ ISO 9612-2016\ГОСТ ISO 9612-2016.files\image098.gif,app/NPA5/GOST/ГОСТ ISO 9612-2016/ГОСТ ISO 9612-2016.files/image098.gif,133,364896646,b99f22c0a6460c1bf8717fe984b7f7045c914a2f,6a7c786be77018cb25dd1a779fa5b80e584f6b08ffd253881251ad4cc185a733,2017-09-04T16:28:00+00:00,33685504,128
548,{app}\NPA5\GOST\ГОСТ ISO 9612-2016\ГОСТ ISO 9612-2016.files\image099.gif,app/NPA5/GOST/ГОСТ ISO 9612-2016/ГОСТ ISO 9612-2016.files/image099.gif,121,364896779,78839587c4e756ae2b2261cf8667df7e81811323,82a1d4245dd45badc231d3c09673c092e5f7adfbc9982985c5fe472b50200e7f,2017-09-04T16:28:00+00:00,33685504,128
549,{app}\NPA5\GOST\ГОСТ ISO 9612-2016\ГОСТ ISO 9612-2016.files\image100.gif,app/NPA5/GOST/ГОСТ ISO 9612-2016/ГОСТ ISO 9612-2016.files/image100.gif,121,364896900,58ca2a9004b8613c5ec13f9dc498ea521dd24677,0a00d1d7221689ae5e4270c8b8e9e058c4894fac395af984ad2578d2e9b7ab7c,2017-09-04T16:28:00+00:00,33685504,128
550,{app}\NPA5\GOST\ГОСТ ISO 9612-2016\ГОСТ ISO 9612-2016.files\image101.gif,app/NPA5/GOST/ГОСТ ISO 9612-2016/ГОСТ ISO 9612-2016.files/image101.gif,88,364897021,6bed38d5308fdbebfafafc04068194e7688d925b,b28e6c45f6635553241a725fdb66367d0b6ba4604168d037fc5ca649774d0c64,2017-09-04T16:28:00+00:00,33685504,128
551,{app}\NPA5\GOST\ГОСТ ISO 9612-2016\ГОСТ ISO 9612-2016.files\image102.gif,app/NPA5/GOST/ГОСТ ISO 9612-2016/ГОСТ ISO 9612-2016.files/image102.gif,103,364897109,955babe5810003107b8a770fa40c20a69aa14eab,63635f65fd723d69bc77f67e4c1d304e0828aaf3e9057390217d8bd58ea845ff,2017-09-04T16:28:00+00:00,33685504,128
552,{app}\NPA5\GOST\ГОСТ ISO 9612-2016\ГОСТ ISO 9612-2016.files\image103.gif,app/NPA5/GOST/ГОСТ ISO 9612-2016/ГОСТ ISO 9612-2016.files/image103.gif,166,364897212,9c4db10d8347e8254df3226a287825ce36234186,25a0eb93725adfe91cec2ea4d1f50f027c7ab10e6d97ce99817ea23e96b67b55,2017-09-04T16:28:00+00:00,33685504,128
553,{app}\NPA5\GOST\ГОСТ ISO 9612-2016\ГОСТ ISO 9612-2016.files\image104.gif,app/NPA5/GOST/ГОСТ ISO 9612-2016/ГОСТ ISO 9612-2016.files/image104.gif,160,364897378,23110828ad08ee75995929a87a6c8257d38b770b,45f7981300fa21afc26d6dcf14cdc210941b31d7b4b5f948569a4492b4272caa,2017-09-04T16:28:00+00:00,33685504,128
554,{app}\NPA5\GOST\ГОСТ ISO 9612-2016\ГОСТ ISO 9612-2016.files\image105.gif,app/NPA5/GOST/ГОСТ ISO 9612-2016/ГОСТ ISO 9612-2016.files/image105.gif,162,364897538,e9dda64234ce5db5d0261bca1a7f58b2d035d73f,275a42faf34f62915e21567924a40c0ab5867f06308c86c5fdfd43873facd290,2017-09-04T16:28:00+00:00,33685504,128
555,{app}\NPA5\GOST\ГОСТ ISO 9612-2016\ГОСТ ISO 9612-2016.files\image106.gif,app/NPA5/GOST/ГОСТ ISO 9612-2016/ГОСТ ISO 9612-2016.files/image106.gif,109,364897700,bb3f0619b7db832c0ad5c9d4136289ca924d6325,186dff068fad29e3ed9b1f4ce6a3e431c9226c3f12530af047c32e512f69f5fc,2017-09-04T16:28:02+00:00,33685504,128
556,{app}\NPA5\GOST\ГОСТ ISO 9612-2016\ГОСТ ISO 9612-2016.files\image107.gif,app/NPA5/GOST/ГОСТ ISO 9612-2016/ГОСТ ISO 9612-2016.files/image107.gif,154,364897809,ae7a1329697cbbd8976d5b0a866ec2f6c1aa863a,8c008137d5782409f54d4747c7f0c83c7fc7987596d8692b12dc031676492f81,2017-09-04T16:28:02+00:00,33685504,128
557,{app}\NPA5\GOST\ГОСТ ISO 9612-2016\ГОСТ ISO 9612-2016.files\image108.gif,app/NPA5/GOST/ГОСТ ISO 9612-2016/ГОСТ ISO 9612-2016.files/image108.gif,109,364897963,f5645908abc4d19a7d5ff7a6e861ac8d482d6faa,ee554f6bb128f2899e8eee9230ed64a0a531ba9cc1ed417366115428299d06f4,2017-09-04T16:28:02+00:00,33685504,128
558,{app}\NPA5\GOST\ГОСТ ISO 9612-2016\ГОСТ ISO 9612-2016.files\image109.gif,app/NPA5/GOST/ГОСТ ISO 9612-2016/ГОСТ ISO 9612-2016.files/image109.gif,139,364898072,d9bae30bf865be129d84e7420790284a637b7c83,4992199cefa7475af5beae35c8e922febfc7a5d629d81912e284eb1921dceb69,2017-09-04T16:28:02+00:00,33685504,128
559,{app}\NPA5\GOST\ГОСТ ISO 9612-2016\ГОСТ ISO 9612-2016.files\image110.jpg,app/NPA5/GOST/ГОСТ ISO 9612-2016/ГОСТ ISO 9612-2016.files/image110.jpg,3401,364898211,8751df4ed9daf0a497d8a6afcb044e703c574b7f,b618f1aea4cac2473751e604a1ab7e2f686d645dda0b395bed2a342c4ae96e16,2017-09-04T16:28:02+00:00,33685504,128
560,{app}\NPA5\GOST\ГОСТ ISO 9612-2016\ГОСТ ISO 9612-2016.files\image111.jpg,app/NPA5/GOST/ГОСТ ISO 9612-2016/ГОСТ ISO 9612-2016.files/image111.jpg,2137,364901612,563d36b48f372698c292feb2313956b4f761b663,276971f9318d188ed8250d067dcf40420039cde886b9a2067ce9b61fa6494e58,2017-09-04T16:28:02+00:00,33685504,128
561,{app}\NPA5\GOST\ГОСТ ISO 9612-2016\ГОСТ ISO 9612-2016.files\image112.jpg,app/NPA5/GOST/ГОСТ ISO 9612-2016/ГОСТ ISO 9612-2016.files/image112.jpg,5058,364903749,02b537d327ceed12af6b18aeab1b76d32f67614c,e1b31da09fd388082348847dae57fcd725881375237037733636f46d806bff7d,2017-09-04T16:28:02+00:00,33685504,128
562,{app}\NPA5\GOST\ГОСТ ISO 9612-2016\ГОСТ ISO 9612-2016.files\image113.gif,app/NPA5/GOST/ГОСТ ISO 9612-2016/ГОСТ ISO 9612-2016.files/image113.gif,209,364908807,8880b2d69fedbba9bedb9d2d82eb019be4d1fea6,898af596c7edb3857e16a8fe437d5688554b1ad98142cad0afaedf2e607fb192,2017-09-04T16:28:02+00:00,33685504,128
563,{app}\NPA5\GOST\ГОСТ ISO 9612-2016\ГОСТ ISO 9612-2016.files\image114.jpg,app/NPA5/GOST/ГОСТ ISO 9612-2016/ГОСТ ISO 9612-2016.files/image114.jpg,3192,364909016,3afe6fef71f3481a0e363c9296ccd50fd3cde054,e0a922c866ceb8357a0f52a8bbc4ee94529ad74d3b2cabea4be7607a416860ea,2017-09-04T16:28:02+00:00,33685504,128
564,{app}\NPA5\GOST\ГОСТ ISO 9612-2016\ГОСТ ISO 9612-2016.files\image115.jpg,app/NPA5/GOST/ГОСТ ISO 9612-2016/ГОСТ ISO 9612-2016.files/image115.jpg,3008,364912208,333a9230bd4455d2ed21ac1641a73e199c481059,a20bb6e0d6e3a8005e1931608b2c2a0c152f0fbfd4bbaafb9bf3b998e47082d4,2017-09-04T16:28:02+00:00,33685504,128
565,{app}\NPA5\GOST\ГОСТ ISO 9612-2016\ГОСТ ISO 9612-2016.files\image116.gif,app/NPA5/GOST/ГОСТ ISO 9612-2016/ГОСТ ISO 9612-2016.files/image116.gif,130,364915216,9c2354574be15b45aa4ab112e5e1dc26e3ab3636,6458da43212e9bac262bd23a00400af261c687603ef5eeaff7e4174d146178f5,2017-09-04T16:28:02+00:00,33685504,128
566,{app}\NPA5\GOST\ГОСТ ISO 9612-2016\ГОСТ ISO 9612-2016.files\image117.gif,app/NPA5/GOST/ГОСТ ISO 9612-2016/ГОСТ ISO 9612-2016.files/image117.gif,135,364915346,cd1e21c949228c53bf55b3ec4a3ce23cdc652fdb,aafb99b3717c44a970bad0890530b30a2c6d8813afb1de104a6090f0755029c0,2017-09-04T16:28:02+00:00,33685504,128
567,{app}\NPA5\GOST\ГОСТ ISO 9612-2016\ГОСТ ISO 9612-2016.files\image118.jpg,app/NPA5/GOST/ГОСТ ISO 9612-2016/ГОСТ ISO 9612-2016.files/image118.jpg,3647,364915481,81346239f48b628b75924a177bcd29c77338948f,5c67098a7c868c50a305a61ef57345fcc046a12b80d28635af0753d0bb155570,2017-09-04T16:28:02+00:00,33685504,128
568,{app}\NPA5\GOST\ГОСТ ISO 9612-2016\ГОСТ ISO 9612-2016.files\image119.gif,app/NPA5/GOST/ГОСТ ISO 9612-2016/ГОСТ ISO 9612-2016.files/image119.gif,208,364919128,c4a3e5597feb42322e20eec84b986d39239d8a02,517b3e9df97764444d56680aa4d82f4c34a8235173f17389fdd0c0409db56948,2017-09-04T16:28:02+00:00,33685504,128
569,{app}\NPA5\GOST\ГОСТ ISO 9612-2016\ГОСТ ISO 9612-2016.files\image120.jpg,app/NPA5/GOST/ГОСТ ISO 9612-2016/ГОСТ ISO 9612-2016.files/image120.jpg,2384,364919336,8add744a84fbc2ace2e0b4a826b482f7a46090ec,98d789fbadf004c8e880296ff1c742f453abf9e4f7e249914db13c6ff590ac65,2017-09-04T16:28:02+00:00,33685504,128
570,{app}\NPA5\GOST\ГОСТ ISO 9612-2016\ГОСТ ISO 9612-2016.files\image121.jpg,app/NPA5/GOST/ГОСТ ISO 9612-2016/ГОСТ ISO 9612-2016.files/image121.jpg,2593,364921720,272e9ff8765ada382b3756b85e70d0acd215b672,accb791df43729c21d94c333ec6cdbbf44fe213352b9c94573a9b58aaec6c86f,2017-09-04T16:28:02+00:00,33685504,128
571,{app}\NPA5\GOST\ГОСТ ISO 9612-2016\ГОСТ ISO 9612-2016.files\image122.gif,app/NPA5/GOST/ГОСТ ISO 9612-2016/ГОСТ ISO 9612-2016.files/image122.gif,118,364924313,d6e454ce07a2683cb3ff742e63e582a78ef09ba0,2bfcb6e2ab6346a9724271bd11f1e023d87adcb2b6320a66554fb35dafb5d50e,2017-09-04T16:28:02+00:00,33685504,128
572,{app}\NPA5\GOST\ГОСТ ISO 9612-2016\ГОСТ ISO 9612-2016.files\image123.gif,app/NPA5/GOST/ГОСТ ISO 9612-2016/ГОСТ ISO 9612-2016.files/image123.gif,96,364924431,70a18ca0fb8f94d2c9c0de7d0fc5520fcdbd8170,0fa109dc9b8797a6a4cd9ddbeabf7a1fbe8ec078c41c879263032eb04f4c00eb,2017-09-04T16:28:02+00:00,33685504,128
573,{app}\NPA5\GOST\ГОСТ ISO 9612-2016\ГОСТ ISO 9612-2016.files\image124.gif,app/NPA5/GOST/ГОСТ ISO 9612-2016/ГОСТ ISO 9612-2016.files/image124.gif,95,364924527,ca3edc3dc869d48d94e564a36680309490e93dc3,bad83cf298552f4d2d809a0d65e3a7efe3c9106f6b666461f87384b0bb092600,2017-09-04T16:28:02+00:00,33685504,128
574,{app}\NPA5\GOST\ГОСТ ISO 9612-2016\ГОСТ ISO 9612-2016.files\image125.gif,app/NPA5/GOST/ГОСТ ISO 9612-2016/ГОСТ ISO 9612-2016.files/image125.gif,157,364924622,e370c6fdbc009b7ce8d9845f63244a8df2eb80ab,d60223c292e1cc96893e8c6bffef45a4dc7160d9c07de8c00a760401a375af56,2017-09-04T16:28:02+00:00,33685504,128
575,{app}\NPA5\GOST\ГОСТ ISO 9612-2016\ГОСТ ISO 9612-2016.files\image126.gif,app/NPA5/GOST/ГОСТ ISO 9612-2016/ГОСТ ISO 9612-2016.files/image126.gif,156,364924779,ff738413d71e58bc96459f0afc69a20af3034276,a1a11be6e4024eda1d1ab1b997f9a35fa8760ed002a491a9bd91d53958c588bb,2017-09-04T16:28:02+00:00,33685504,128
576,{app}\NPA5\GOST\ГОСТ ISO 9612-2016\ГОСТ ISO 9612-2016.files\image127.gif,app/NPA5/GOST/ГОСТ ISO 9612-2016/ГОСТ ISO 9612-2016.files/image127.gif,165,364924935,15c2ffa9d8df5dc6cda542230aa9b4c9fdfffc5f,bb0b982ce3470e029b374de418dc94244d07a6ffaaa62f342768b77bf79bf4a0,2017-09-04T16:28:02+00:00,33685504,128
577,{app}\NPA5\GOST\ГОСТ ISO 9612-2016\ГОСТ ISO 9612-2016.files\image128.gif,app/NPA5/GOST/ГОСТ ISO 9612-2016/ГОСТ ISO 9612-2016.files/image128.gif,108,364925100,0d9223a0fd67d71bfed25acd9719aaabade0740c,2a870a331f8219827471cfa1ad091ce1b25574bfcbea721adf795e9311c6a2a1,2017-09-04T16:28:02+00:00,33685504,128
578,{app}\NPA5\GOST\ГОСТ ISO 9612-2016\ГОСТ ISO 9612-2016.files\image129.gif,app/NPA5/GOST/ГОСТ ISO 9612-2016/ГОСТ ISO 9612-2016.files/image129.gif,100,364925208,8ca3080c82feed20e900ec248e16a6af9e4e0607,57cb4b0625b60e1c1e30028cd018390fb6020c2ef445e0ee28fce4c3ffa63c1f,2017-09-04T16:28:02+00:00,33685504,128
579,{app}\NPA5\GOST\ГОСТ ISO 9612-2016\ГОСТ ISO 9612-2016.files\image130.jpg,app/NPA5/GOST/ГОСТ ISO 9612-2016/ГОСТ ISO 9612-2016.files/image130.jpg,3561,364925308,215348d9ea8c84804ead4a11aaf1311869e7700e,d689499de9e88a380fd28033ad07b2c2818ca7aef033c7660d454bcd84a4e838,2017-09-04T16:28:04+00:00,33685504,128
580,{app}\NPA5\GOST\ГОСТ ISO 9612-2016\ГОСТ ISO 9612-2016.files\image131.gif,app/NPA5/GOST/ГОСТ ISO 9612-2016/ГОСТ ISO 9612-2016.files/image131.gif,205,364928869,95e045fcb3eaf768c9a8577d2757837bb594ae99,cc73c5381b8c86638b41661f5308afc68ff9f7de2240294055daf286235f254f,2017-09-04T16:28:04+00:00,33685504,128
581,{app}\NPA5\GOST\ГОСТ ISO 9612-2016\ГОСТ ISO 9612-2016.files\image132.jpg,app/NPA5/GOST/ГОСТ ISO 9612-2016/ГОСТ ISO 9612-2016.files/image132.jpg,1862,364929074,db432c26c4ff5bc7fa045d461f51203e800881d7,5214c5fa5fa3bc00ff6a9560b9318e9336960b55870980ee926929184f6eaae9,2017-09-04T16:28:04+00:00,33685504,128
582,{app}\NPA5\GOST\ГОСТ ISO 9612-2016\ГОСТ ISO 9612-2016.files\image133.gif,app/NPA5/GOST/ГОСТ ISO 9612-2016/ГОСТ ISO 9612-2016.files/image133.gif,305,364930936,11a4ef38727c032f0b67bc6b5fe87a7013fd641e,f81a8620df155d199419a741dbb536f1013ade4c4b45a61892df1fe440309018,2017-09-04T16:28:04+00:00,33685504,128
583,{app}\NPA5\GOST\ГОСТ ISO 9612-2016\ГОСТ ISO 9612-2016.files\image134.gif,app/NPA5/GOST/ГОСТ ISO 9612-2016/ГОСТ ISO 9612-2016.files/image134.gif,114,364931241,678ddf7d37c4bbdbb5692ae2700795a813cd854b,ad160b84c4d51a3f5196c7bb3f32ee7856e1acdfbef90b03dae68cc73fdba236,2017-09-04T16:28:04+00:00,33685504,128
584,{app}\NPA5\GOST\ГОСТ ISO 9612-2016\ГОСТ ISO 9612-2016.files\image135.gif,app/NPA5/GOST/ГОСТ ISO 9612-2016/ГОСТ ISO 9612-2016.files/image135.gif,360,364931355,4931ab1c46f5d165fbbb72a2e364c3bf189f3ea7,637c7ae011820303e76aa75fcdaf73bf23c4448f734c78435108bc0a63864a1a,2017-09-04T16:28:04+00:00,33685504,128
585,{app}\NPA5\GOST\ГОСТ ISO 9612-2016\ГОСТ ISO 9612-2016.files\image136.gif,app/NPA5/GOST/ГОСТ ISO 9612-2016/ГОСТ ISO 9612-2016.files/image136.gif,356,364931715,5c58670263d3edef3c52db7553c466c6322ba0e8,bb647ce810790e75bb84f5fc0c7e265171b2ea710ffd72e5dee384873cc09231,2017-09-04T16:28:04+00:00,33685504,128
586,{app}\NPA5\GOST\ГОСТ ISO 9612-2016\ГОСТ ISO 9612-2016.files\image137.jpg,app/NPA5/GOST/ГОСТ ISO 9612-2016/ГОСТ ISO 9612-2016.files/image137.jpg,2944,364932071,31949a62923cc2f7ca6ec7422b97e30109cf9453,fe7b9ab4e1e877461aa395b56065d38ec5babfd3868f59c0006356dceda299f4,2017-09-04T16:28:04+00:00,33685504,128
587,{app}\NPA5\GOST\ГОСТ ISO 9612-2016\ГОСТ ISO 9612-2016.files\image138.jpg,app/NPA5/GOST/ГОСТ ISO 9612-2016/ГОСТ ISO 9612-2016.files/image138.jpg,3464,364935015,6ebce9ebe5207509c86e6c33ef61c9b2246686d1,7ced223d31f8f4680486584035be66e5a8980835fcb4f8b75c9fe1c7c9c67d6c,2017-09-04T16:28:04+00:00,33685504,128
588,{app}\NPA5\GOST\ГОСТ ISO 9612-2016\ГОСТ ISO 9612-2016.files\image139.gif,app/NPA5/GOST/ГОСТ ISO 9612-2016/ГОСТ ISO 9612-2016.files/image139.gif,100,364938479,ad1a6d2dd0ca9732ac07b5604bec41bdc097355b,903edebc6e6e082bb576a0b67d747f926621580462714e7fd26bc710d0374f33,2017-09-04T16:28:04+00:00,33685504,128
589,{app}\NPA5\GOST\ГОСТ ISO 9612-2016\ГОСТ ISO 9612-2016.files\image140.gif,app/NPA5/GOST/ГОСТ ISO 9612-2016/ГОСТ ISO 9612-2016.files/image140.gif,205,364938579,bbc1495e821e4b09de001d330341a2d08d922c5c,ec1ebf9b2f3be404d6d46637cf4f16d7d624a8cf83a3a9e0a88cb0ff898b0341,2017-09-04T16:28:04+00:00,33685504,128
590,{app}\NPA5\GOST\ГОСТ ISO 9612-2016\ГОСТ ISO 9612-2016.files\image141.gif,app/NPA5/GOST/ГОСТ ISO 9612-2016/ГОСТ ISO 9612-2016.files/image141.gif,202,364938784,afb84f81d524d7da8fbe76c48d7fbf07ab7243ef,81cb4faf5fe11c72bd2182c302080323c98f30b65017fca1bc82b41bcaaefc64,2017-09-04T16:28:04+00:00,33685504,128
591,{app}\NPA5\GOST\ГОСТ ISO 9612-2016\ГОСТ ISO 9612-2016.files\image142.gif,app/NPA5/GOST/ГОСТ ISO 9612-2016/ГОСТ ISO 9612-2016.files/image142.gif,208,364938986,e4529d37f8dd4af7613902ad6ba305fd5f9e7d7a,6c64884cc3a7da7ff3d99127f2d74f32689fc0bfcdc810c1b1dee3036a01d397,2017-09-04T16:28:04+00:00,33685504,128
592,{app}\NPA5\GOST\ГОСТ ISO 9612-2016\ГОСТ ISO 9612-2016.files\image143.gif,app/NPA5/GOST/ГОСТ ISO 9612-2016/ГОСТ ISO 9612-2016.files/image143.gif,204,364939194,e6bf043509814f491e0261d462ab3de5131a0391,83e6e272580e1ff013930bb12819ed3fd7f7505ba3749c7c4a604eab59bbb06c,2017-09-04T16:28:04+00:00,33685504,128
593,{app}\NPA5\GOST\ГОСТ ISO 9612-2016\ГОСТ ISO 9612-2016.files\image144.gif,app/NPA5/GOST/ГОСТ ISO 9612-2016/ГОСТ ISO 9612-2016.files/image144.gif,207,364939398,d098a9b5cf63f952f0bfe9e223cac008d717e366,88a0a487d01ab1b7e05b9be266280f3d0f41fa743f260a2f16c8b50d750c5465,2017-09-04T16:28:04+00:00,33685504,128
594,{app}\NPA5\GOST\ГОСТ ISO 9612-2016\ГОСТ ISO 9612-2016.files\image145.jpg,app/NPA5/GOST/ГОСТ ISO 9612-2016/ГОСТ ISO 9612-2016.files/image145.jpg,3522,364939605,b2245de8ce2139990bebc26e5802c450ca61131d,12ee19d4c18013d372211262e90fcc167fc7e2499e54a75b2266e10f9d6a2c97,2017-09-04T16:28:04+00:00,33685504,128
595,{app}\NPA5\GOST\ГОСТ ISO 9612-2016\ГОСТ ISO 9612-2016.files\image146.jpg,app/NPA5/GOST/ГОСТ ISO 9612-2016/ГОСТ ISO 9612-2016.files/image146.jpg,3772,364943127,2eb0081e09a3f94950a2ec78e87c327e79fc4311,05b9318c51e5395f65befa481ad970a83246c38516180f6ae0fa48b4e5b4f738,2017-09-04T16:28:04+00:00,33685504,128
596,{app}\NPA5\GOST\ГОСТ ISO 9612-2016\ГОСТ ISO 9612-2016.files\image147.gif,app/NPA5/GOST/ГОСТ ISO 9612-2016/ГОСТ ISO 9612-2016.files/image147.gif,195,364946899,1e7c26b3b5c95e255500762ad2d5ea5220b36982,23eab92a09fe7945257053232d03128ab793d71174520ceef1529675aecc72dc,2017-09-04T16:28:04+00:00,33685504,128
597,{app}\NPA5\GOST\ГОСТ ISO 9612-2016\ГОСТ ISO 9612-2016.files\image148.gif,app/NPA5/GOST/ГОСТ ISO 9612-2016/ГОСТ ISO 9612-2016.files/image148.gif,194,364947094,447c13cc7c0af2f58859059077fc4387742303db,2f155939f0f724a616285c31fac4c46befae82cc6d6e3b44e2be9ed631c4d36e,2017-09-04T16:28:04+00:00,33685504,128
598,{app}\NPA5\GOST\ГОСТ ISO 9612-2016\ГОСТ ISO 9612-2016.files\image149.jpg,app/NPA5/GOST/ГОСТ ISO 9612-2016/ГОСТ ISO 9612-2016.files/image149.jpg,2368,364947288,3e49af06db1c4f1ba0e03ef4000b5d00fcdc6628,b208161c4b5f85154ffd3be3ab979f790f6f6300388823de8e4c85c4739324bf,2017-09-04T16:28:04+00:00,33685504,128
599,{app}\NPA5\GOST\ГОСТ ISO 9612-2016\ГОСТ ISO 9612-2016.files\image150.jpg,app/NPA5/GOST/ГОСТ ISO 9612-2016/ГОСТ ISO 9612-2016.files/image150.jpg,2367,364949656,939f1a0ac319a99c4e81de96ad3e79268b010c0d,94759698ac4fec1fcb3c1454a5833376b988e05362e96fb35981957eb61afee0,2017-09-04T16:28:04+00:00,33685504,128
600,{app}\NPA5\GOST\ГОСТ ISO 9612-2016\ГОСТ ISO 9612-2016.files\image151.jpg,app/NPA5/GOST/ГОСТ ISO 9612-2016/ГОСТ ISO 9612-2016.files/image151.jpg,2848,364952023,3becab893bea0036a53f5cfb63a09ec02075d20d,d8b9a9907e62b7e52b1cbe7100cd8c8d94e118e6252c315dcb6f29866054f883,2017-09-04T16:28:04+00:00,33685504,128
601,{app}\NPA5\GOST\ГОСТ ISO 9612-2016\ГОСТ ISO 9612-2016.files\image152.jpg,app/NPA5/GOST/ГОСТ ISO 9612-2016/ГОСТ ISO 9612-2016.files/image152.jpg,3918,364954871,05f399ce181c82ddc51dd0ef727e8ec9386a274f,dd6bed52f97b2d364ac4cb537ba3da06fca4ebe6112b18395101e5ffbe54bb90,2017-09-04T16:28:04+00:00,33685504,128
602,{app}\NPA5\GOST\ГОСТ ISO 9612-2016\ГОСТ ISO 9612-2016.files\image153.gif,app/NPA5/GOST/ГОСТ ISO 9612-2016/ГОСТ ISO 9612-2016.files/image153.gif,133,364958789,bcbcb957711815418238885435b5934624b9071b,ff820e0f8e7ea5a4f30387369a801edf7bc92f133180c4228aadae2d6775b59e,2017-09-04T16:28:04+00:00,33685504,128
603,{app}\NPA5\GOST\ГОСТ ISO 9612-2016\ГОСТ ISO 9612-2016.files\image154.jpg,app/NPA5/GOST/ГОСТ ISO 9612-2016/ГОСТ ISO 9612-2016.files/image154.jpg,4132,364958922,a955bb282c7dee0466cc6498dd614897fc8b7d6d,d173ba04312cc96044c32542d8ea8e5c3b520f5db4061a8451f7709fcf1126d1,2017-09-04T16:28:04+00:00,33685504,128
604,{app}\NPA5\GOST\ГОСТ ISO 9612-2016\ГОСТ ISO 9612-2016.files\image155.gif,app/NPA5/GOST/ГОСТ ISO 9612-2016/ГОСТ ISO 9612-2016.files/image155.gif,134,364963054,cc67fb34e78a12b86770847c151dd6b2e2b2ff99,324d6a5dade359ad9955ea8de88282a47b47bca69f47da41159ec8a7b7d374d2,2017-09-04T16:28:04+00:00,33685504,128
605,{app}\NPA5\GOST\ГОСТ ISO 9612-2016\ГОСТ ISO 9612-2016.files\image156.jpg,app/NPA5/GOST/ГОСТ ISO 9612-2016/ГОСТ ISO 9612-2016.files/image156.jpg,2337,364963188,6d558fa3b7d117d5cab9c45d054986357c4ebb96,6f5bc0411f62ba8b8acecd4c5a4e9e7602d4eb109a677fbfb78811cebcd58e6d,2017-09-04T16:28:04+00:00,33685504,128
606,{app}\NPA5\GOST\ГОСТ ISO 9612-2016\ГОСТ ISO 9612-2016.files\image157.jpg,app/NPA5/GOST/ГОСТ ISO 9612-2016/ГОСТ ISO 9612-2016.files/image157.jpg,1982,364965525,498f17019b05aa4eef29886cb9ad35befb47c9d8,3184fb35df9e16d6ad7e430ac2a2fb439f68256eb4dfb1603f90875ba395153f,2017-09-04T16:28:04+00:00,33685504,128
607,{app}\NPA5\GOST\ГОСТ ISO 9612-2016\ГОСТ ISO 9612-2016.files\image158.jpg,app/NPA5/GOST/ГОСТ ISO 9612-2016/ГОСТ ISO 9612-2016.files/image158.jpg,2035,364967507,112acf397ab9c0fa6ec3e3ed4d2dd3deae2f6c3b,dcc412976e6ce6b46ef56b204c99628a307ca236607d1e4fa56f59193e60d46a,2017-09-04T16:28:04+00:00,33685504,128
608,{app}\NPA5\GOST\ГОСТ ISO 9612-2016\ГОСТ ISO 9612-2016.files\image159.jpg,app/NPA5/GOST/ГОСТ ISO 9612-2016/ГОСТ ISO 9612-2016.files/image159.jpg,4703,364969542,e967830934543b48478a0e99ccc95386472ebd1a,e6e9955dc1de96f9d8056366432ce5f2a7259c27cbbac4a203d6e8ac655f2c84,2017-09-04T16:28:04+00:00,33685504,128
609,{app}\NPA5\GOST\ГОСТ ISO 9612-2016\ГОСТ ISO 9612-2016.files\image160.jpg,app/NPA5/GOST/ГОСТ ISO 9612-2016/ГОСТ ISO 9612-2016.files/image160.jpg,2139,364974245,7dfd1180de5c3d2a7c321510ac5090a5ee0668ae,9dafe535522b3194a123c6013d3825573a351c085b970d89a02396e45fbf1c57,2017-09-04T16:28:04+00:00,33685504,128
610,{app}\NPA5\GOST\ГОСТ ISO 9612-2016\ГОСТ ISO 9612-2016.files\image161.gif,app/NPA5/GOST/ГОСТ ISO 9612-2016/ГОСТ ISO 9612-2016.files/image161.gif,135,364976384,9a70f50825433f4ac420966936e973b4e3135cff,61a601fc48ca97db63680ad4ae6c67ef93e21b436fa61e8fa0f4a1ca5a792fd8,2017-09-04T16:28:04+00:00,33685504,128
611,{app}\NPA5\GOST\ГОСТ ISO 9612-2016\ГОСТ ISO 9612-2016.files\image162.jpg,app/NPA5/GOST/ГОСТ ISO 9612-2016/ГОСТ ISO 9612-2016.files/image162.jpg,2254,364976519,0ec61346158bec299450cfa70284c26d6c093afb,8da4bccdc702ca79589ee86b33b82a7f0a105df16b813fc4e09d62449ac195ba,2017-09-04T16:28:04+00:00,33685504,128
612,{app}\NPA5\GOST\ГОСТ ISO 9612-2016\ГОСТ ISO 9612-2016.files\image163.jpg,app/NPA5/GOST/ГОСТ ISO 9612-2016/ГОСТ ISO 9612-2016.files/image163.jpg,2379,364978773,f07b5ca48d8c415747faba7930891aa873b1a3d6,ecb30650521cdb989aa5c6937c8da96952036d22a287094c4d843ea8daf0abd2,2017-09-04T16:28:04+00:00,33685504,128
613,{app}\NPA5\GOST\ГОСТ ISO 9612-2016\ГОСТ ISO 9612-2016.files\image164.gif,app/NPA5/GOST/ГОСТ ISO 9612-2016/ГОСТ ISO 9612-2016.files/image164.gif,135,364981152,203622c2ca249a19ae4326727659c62c549102e7,968425155b0d080f09e70383716b8cd3b4c608ad903e64749c3df0a55b8e6152,2017-09-04T16:28:04+00:00,33685504,128
614,{app}\NPA5\GOST\ГОСТ ISO 9612-2016\ГОСТ ISO 9612-2016.files\image165.gif,app/NPA5/GOST/ГОСТ ISO 9612-2016/ГОСТ ISO 9612-2016.files/image165.gif,128,364981287,49824bdbf7567df0fdb5be3e699c494e800cd38c,4e8a46f043454a8c5ca174775c184d078761158a7b4161ff0b1bbab8d7d920f4,2017-09-04T16:28:04+00:00,33685504,128
615,{app}\NPA5\GOST\ГОСТ ISO 9612-2016\ГОСТ ISO 9612-2016.files\image166.gif,app/NPA5/GOST/ГОСТ ISO 9612-2016/ГОСТ ISO 9612-2016.files/image166.gif,256,364981415,dc7357e52c25296e95551311608b9901cd2ad451,1674053dd2c7048eb54428295b322dd2ce04896fdc2b0f79461238fb94a159fa,2017-09-04T16:28:04+00:00,33685504,128
616,{app}\NPA5\GOST\ГОСТ ISO 9612-2016\ГОСТ ISO 9612-2016.files\image167.jpg,app/NPA5/GOST/ГОСТ ISO 9612-2016/ГОСТ ISO 9612-2016.files/image167.jpg,4499,364981671,0f3108b4551e00ded9c4d506809afdf134c3c14c,a309a4594a0c707cdf2713af581a159014999722ac2a8faed06ee3f712e7465d,2017-09-04T16:28:04+00:00,33685504,128
617,{app}\NPA5\GOST\ГОСТ ISO 9612-2016\ГОСТ ISO 9612-2016.files\image168.jpg,app/NPA5/GOST/ГОСТ ISO 9612-2016/ГОСТ ISO 9612-2016.files/image168.jpg,2055,364986170,e1ed45d5742ec7ad4f52237f0b03ba08013f86af,831466da587ee7605ba66cf7333014d293293544a5fc76011340f56fbe769ec0,2017-09-04T16:28:06+00:00,33685504,128
618,{app}\NPA5\GOST\ГОСТ ISO 9612-2016\ГОСТ ISO 9612-2016.files\image169.jpg,app/NPA5/GOST/ГОСТ ISO 9612-2016/ГОСТ ISO 9612-2016.files/image169.jpg,3498,364988225,3baea8e0311c8467855697daeb32c5f2033bea1f,a6a241c65ca720cb5a738e0096aa7dc18047bfe83c53c04a7bab9fbad4193ca2,2017-09-04T16:28:06+00:00,33685504,128
619,{app}\NPA5\GOST\ГОСТ ISO 9612-2016\ГОСТ ISO 9612-2016.files\image170.jpg,app/NPA5/GOST/ГОСТ ISO 9612-2016/ГОСТ ISO 9612-2016.files/image170.jpg,2448,364991723,8e3d80a4af8c12ed1b093318231a2840e1d2cf8b,ffd67b937c922d633eb31014d4d0f24d25cd3d0d904f3c65538e0dbd64daf9fd,2017-09-04T16:28:06+00:00,33685504,128
620,{app}\NPA5\GOST\ГОСТ ISO 9612-2016\ГОСТ ISO 9612-2016.files\image171.jpg,app/NPA5/GOST/ГОСТ ISO 9612-2016/ГОСТ ISO 9612-2016.files/image171.jpg,1259,364994171,87a4344a8f12ba085f8507890f3d4a171b31ccf8,24b110f195bedb04007c4b32468f86eb4ceea5dd719f7b3a7a1da7b4d68d68f7,2017-09-04T16:28:06+00:00,33685504,128
621,{app}\NPA5\GOST\ГОСТ ISO 9612-2016\ГОСТ ISO 9612-2016.files\image172.gif,app/NPA5/GOST/ГОСТ ISO 9612-2016/ГОСТ ISO 9612-2016.files/image172.gif,191,364995430,38d57eccc5ba2104a9fc65d191061c77378f5a24,313d89b5d33672c116065020b371e097b6056f1144d63d5dc4d6519e2c9a99a3,2017-09-04T16:28:06+00:00,33685504,128
622,{app}\NPA5\GOST\ГОСТ ISO 9612-2016\ГОСТ ISO 9612-2016.files\image173.jpg,app/NPA5/GOST/ГОСТ ISO 9612-2016/ГОСТ ISO 9612-2016.files/image173.jpg,2535,364995621,1c821a95a2c5c8a25efbea016385ea6212cfb1c6,137bb3f047a19161162d682bc62606ec6cb6e8b0b37ce56c7da2c73b44cd27ff,2017-09-04T16:28:06+00:00,33685504,128
623,{app}\NPA5\GOST\ГОСТ ISO 9612-2016\ГОСТ ISO 9612-2016.files\image174.jpg,app/NPA5/GOST/ГОСТ ISO 9612-2016/ГОСТ ISO 9612-2016.files/image174.jpg,2913,364998156,55b45fd291db7bb2ac2b6fd8941ee0e7eac88fe5,206d590e768f4a185bfa3c06c02d523c64a784f1ea91ecb86658ebeec2a98324,2017-09-04T16:28:06+00:00,33685504,128
624,{app}\NPA5\GOST\ГОСТ ISO 9612-2016\ГОСТ ISO 9612-2016.files\image175.jpg,app/NPA5/GOST/ГОСТ ISO 9612-2016/ГОСТ ISO 9612-2016.files/image175.jpg,4786,365001069,c88e38cda809cc14f907219c5800ad2975b359c2,352da028324b5edcdf241c7d7504d1b75e3aedda1d59a5b21a11ed527c6593e9,2017-09-04T16:28:06+00:00,33685504,128
625,{app}\NPA5\GOST\ГОСТ ISO 9612-2016\ГОСТ ISO 9612-2016.files\image176.jpg,app/NPA5/GOST/ГОСТ ISO 9612-2016/ГОСТ ISO 9612-2016.files/image176.jpg,2794,365005855,3a82465051dad6b45f95f517c96e7024134d8d34,9cdcf171a7a56a12cb5dd48bedc01ebeb5f0483d4375eebf24d259f51f639938,2017-09-04T16:28:06+00:00,33685504,128
626,{app}\NPA5\GOST\ГОСТ ISO 9612-2016\ГОСТ ISO 9612-2016.files\image177.jpg,app/NPA5/GOST/ГОСТ ISO 9612-2016/ГОСТ ISO 9612-2016.files/image177.jpg,1574,365008649,9f2de0533896d8602136ec8f15a727142d638da2,47f841c4638c329b6d0186dc861a19bb719d04f61acb56affda002f9f2a41ee9,2017-09-04T16:28:06+00:00,33685504,128
627,{app}\NPA5\GOST\ГОСТ ISO 9612-2016\ГОСТ ISO 9612-2016.files\image178.gif,app/NPA5/GOST/ГОСТ ISO 9612-2016/ГОСТ ISO 9612-2016.files/image178.gif,91,365010223,26093d09f49b5d48a46eb9375b5febcf6ecd3f86,be18b92a2a7ce8621fd731aba197b229eb2b9a0e5587730aac776769509a5518,2017-09-04T16:28:06+00:00,33685504,128
628,{app}\NPA5\GOST\ГОСТ Р ИСО 9612-2013\ГОСТ Р ИСО 9612-2013.html,app/NPA5/GOST/ГОСТ Р ИСО 9612-2013/ГОСТ Р ИСО 9612-2013.html,9195,365010314,0bc04ee6d2dca17d31b416926ba90bc3780c8641,1217147920f78eacef8429ccecba9606db15aad29760f4dea607589654a5fec3,2014-11-25T12:31:10+00:00,33685504,128
629,{app}\NPA5\GOST\ГОСТ Р ИСО 9612-2013\ГОСТ Р ИСО 9612-2013_files\0.gif,app/NPA5/GOST/ГОСТ Р ИСО 9612-2013/ГОСТ Р ИСО 9612-2013_files/0.gif,18578,365019509,2bab7dbefaea694b898adb186beea4fb9e51ae98,016c68df6bb3c4e16717cfd784526487461972e20295dbf808760a57e6179323,2014-11-25T12:13:24+00:00,33685504,128
630,{app}\NPA5\GOST\ГОСТ Р ИСО 9612-2013\ГОСТ Р ИСО 9612-2013_files\1.gif,app/NPA5/GOST/ГОСТ Р ИСО 9612-2013/ГОСТ Р ИСО 9612-2013_files/1.gif,55698,365038087,b82abf96026c047f34e14ddd41ae2b147efeddd3,af560bdeaf668149696730622017b0aebf60ed6724a1650e00dfb763c387b2eb,2014-11-25T12:13:48+00:00,33685504,128
631,{app}\NPA5\GOST\ГОСТ Р ИСО 9612-2013\ГОСТ Р ИСО 9612-2013_files\10.gif,app/NPA5/GOST/ГОСТ Р ИСО 9612-2013/ГОСТ Р ИСО 9612-2013_files/10.gif,56670,365093785,fb489d535f1f759e5c4f534cbcf93dc0083540a9,567a97e490e9e68b73caf8a798379833b5ca2cc32730789bdb0d6b831c15226b,2014-11-25T12:14:46+00:00,33685504,128
632,{app}\NPA5\GOST\ГОСТ Р ИСО 9612-2013\ГОСТ Р ИСО 9612-2013_files\11.gif,app/NPA5/GOST/ГОСТ Р ИСО 9612-2013/ГОСТ Р ИСО 9612-2013_files/11.gif,52379,365150455,86cae64a819c1df0662c393504063eb11e24137e,0360dc197251df10609d61035ac78e4b49c0beebf7a7ff434e3d873e85ba5c2c,2014-11-25T12:14:52+00:00,33685504,128
633,{app}\NPA5\GOST\ГОСТ Р ИСО 9612-2013\ГОСТ Р ИСО 9612-2013_files\12.gif,app/NPA5/GOST/ГОСТ Р ИСО 9612-2013/ГОСТ Р ИСО 9612-2013_files/12.gif,49188,365202834,a0e5f0abea59b68728a81e9e981bb3f1c8661fe3,c48f92f2340a27e32087c7dd23899e81a56b93a80803b8fc29722b3df788b187,2014-11-25T12:14:56+00:00,33685504,128
634,{app}\NPA5\GOST\ГОСТ Р ИСО 9612-2013\ГОСТ Р ИСО 9612-2013_files\13.gif,app/NPA5/GOST/ГОСТ Р ИСО 9612-2013/ГОСТ Р ИСО 9612-2013_files/13.gif,60091,365252022,b7cccb01a8885fa15ae74ba6be96cc85864723ec,a4b124c6c2a258c08f6b0482ab5265901fee9ea4c25b0b04fa459f09010075dd,2014-11-25T12:15:02+00:00,33685504,128
635,{app}\NPA5\GOST\ГОСТ Р ИСО 9612-2013\ГОСТ Р ИСО 9612-2013_files\14.gif,app/NPA5/GOST/ГОСТ Р ИСО 9612-2013/ГОСТ Р ИСО 9612-2013_files/14.gif,54247,365312113,b31dca8833d04b20a559a2374c47fff479ff1a31,b0d4f75fb844a24b7c0afbcefb3bd3a6eff5f7cad5b11017c1e356dbffffa78c,2014-11-25T12:15:08+00:00,33685504,128
636,{app}\NPA5\GOST\ГОСТ Р ИСО 9612-2013\ГОСТ Р ИСО 9612-2013_files\15.gif,app/NPA5/GOST/ГОСТ Р ИСО 9612-2013/ГОСТ Р ИСО 9612-2013_files/15.gif,48745,365366360,c6492a5b89b993d7af4fa73aaa0cff222730b016,6816811223c659847209b74b4e8012b4489ac314febe2f012a61e27c276b21c6,2014-11-25T12:15:16+00:00,33685504,128
637,{app}\NPA5\GOST\ГОСТ Р ИСО 9612-2013\ГОСТ Р ИСО 9612-2013_files\16.gif,app/NPA5/GOST/ГОСТ Р ИСО 9612-2013/ГОСТ Р ИСО 9612-2013_files/16.gif,44734,365415105,fc72d72115d2b863017b1e7e75065049845e0a16,5322860a41c975e22b5ad7a4c03c6a75efa9c7aec1f9134f661ecb02d752666a,2014-11-25T12:15:22+00:00,33685504,128
638,{app}\NPA5\GOST\ГОСТ Р ИСО 9612-2013\ГОСТ Р ИСО 9612-2013_files\17.gif,app/NPA5/GOST/ГОСТ Р ИСО 9612-2013/ГОСТ Р ИСО 9612-2013_files/17.gif,53266,365459839,42b6bac6c6b74654cdd225fa809ab3d56c9c8699,2933399b4ba0bd6c24c976aacd393e706422e1df5057ce943dda00e67a06c220,2014-11-25T12:15:28+00:00,33685504,128
639,{app}\NPA5\GOST\ГОСТ Р ИСО 9612-2013\ГОСТ Р ИСО 9612-2013_files\18.gif,app/NPA5/GOST/ГОСТ Р ИСО 9612-2013/ГОСТ Р ИСО 9612-2013_files/18.gif,34200,365513105,0b47049abc77220fc1c8d2c967a1d4ea42820087,7d0615ee8b7ef17e10e8fe49eff7fa4cd7358b509000f396c3e6e959c19dedbc,2014-11-25T12:15:32+00:00,33685504,128
640,{app}\NPA5\GOST\ГОСТ Р ИСО 9612-2013\ГОСТ Р ИСО 9612-2013_files\19.gif,app/NPA5/GOST/ГОСТ Р ИСО 9612-2013/ГОСТ Р ИСО 9612-2013_files/19.gif,41265,365547305,c1d1a6e950600fecc1b45af3208d85ce5ce05d93,7a9f91cd1975f90450ade175a47990a0bfa72420346936ecb350d435903e91ae,2014-11-25T12:15:38+00:00,33685504,128
641,{app}\NPA5\GOST\ГОСТ Р ИСО 9612-2013\ГОСТ Р ИСО 9612-2013_files\2.gif,app/NPA5/GOST/ГОСТ Р ИСО 9612-2013/ГОСТ Р ИСО 9612-2013_files/2.gif,27107,365588570,71c860b7ea04853394fdf9eb0ea663849268f325,2b8836524d202d1218a97d1a648d5fb5c45f09f82a8ed16d919e43103c1c87b1,2014-11-25T12:13:54+00:00,33685504,128
642,{app}\NPA5\GOST\ГОСТ Р ИСО 9612-2013\ГОСТ Р ИСО 9612-2013_files\20.gif,app/NPA5/GOST/ГОСТ Р ИСО 9612-2013/ГОСТ Р ИСО 9612-2013_files/20.gif,41534,365615677,68db7bd7e1c31a35ce729c0447a2fb111e360646,38e0844ca54f3a5ea226352af0961f896a925193a70621f409874e01382a7028,2014-11-25T12:15:44+00:00,33685504,128
643,{app}\NPA5\GOST\ГОСТ Р ИСО 9612-2013\ГОСТ Р ИСО 9612-2013_files\21.gif,app/NPA5/GOST/ГОСТ Р ИСО 9612-2013/ГОСТ Р ИСО 9612-2013_files/21.gif,49050,365657211,065f11a13ce77d41e28fbfcb76a1fdbe748b21f4,cc1366920a25a85dc19ea764416b9c408cee559fc30c89b9782626f1443fb389,2014-11-25T12:15:50+00:00,33685504,128
644,{app}\NPA5\GOST\ГОСТ Р ИСО 9612-2013\ГОСТ Р ИСО 9612-2013_files\22.gif,app/NPA5/GOST/ГОСТ Р ИСО 9612-2013/ГОСТ Р ИСО 9612-2013_files/22.gif,37853,365706261,66db1aa8dd40ff27c8930e7e6716a64ae6b74c9b,ba4c5d137bda183d5b07d55616e44a33d0320654f1f312888916dfaf3075786c,2014-11-25T12:15:56+00:00,33685504,128
645,{app}\NPA5\GOST\ГОСТ Р ИСО 9612-2013\ГОСТ Р ИСО 9612-2013_files\23.gif,app/NPA5/GOST/ГОСТ Р ИСО 9612-2013/ГОСТ Р ИСО 9612-2013_files/23.gif,56360,365744114,ddd8719599b00bd9742f7f84304216763e7c00bd,a5f016fb21b117bd9573c44538d4b6946ddf3fe76384495ed9c1445e62782e9a,2014-11-25T12:16:02+00:00,33685504,128
646,{app}\NPA5\GOST\ГОСТ Р ИСО 9612-2013\ГОСТ Р ИСО 9612-2013_files\24.gif,app/NPA5/GOST/ГОСТ Р ИСО 9612-2013/ГОСТ Р ИСО 9612-2013_files/24.gif,43209,365800474,46c9899d2aad6b49f8dd38aa66759e1023c45dc1,347ed444218e925e723b2a88c67c485f1d9b46edc6700326b9c7583d6dea87c3,2014-11-25T12:16:06+00:00,33685504,128
647,{app}\NPA5\GOST\ГОСТ Р ИСО 9612-2013\ГОСТ Р ИСО 9612-2013_files\25.gif,app/NPA5/GOST/ГОСТ Р ИСО 9612-2013/ГОСТ Р ИСО 9612-2013_files/25.gif,62361,365843683,be86d3594baa9e8b1d1e24ccac7444fbd195062b,e43707bbf90b72395052ccf7e941f56f54a59394e3f2bd84884074024ea61c7a,2014-11-25T12:16:12+00:00,33685504,128
648,{app}\NPA5\GOST\ГОСТ Р ИСО 9612-2013\ГОСТ Р ИСО 9612-2013_files\26.gif,app/NPA5/GOST/ГОСТ Р ИСО 9612-2013/ГОСТ Р ИСО 9612-2013_files/26.gif,60669,365906044,cf46f0e6fb616c727e0c9fce519b8ed38ea16675,8b54a8ed5e57e3a35de9d60007429561cc42f0291c4d6e06d111ea966b481336,2014-11-25T12:16:18+00:00,33685504,128
649,{app}\NPA5\GOST\ГОСТ Р ИСО 9612-2013\ГОСТ Р ИСО 9612-2013_files\27.gif,app/NPA5/GOST/ГОСТ Р ИСО 9612-2013/ГОСТ Р ИСО 9612-2013_files/27.gif,61040,365966713,b4e8a8026df1436b64cdeec7f2fb4c2a2a6addf9,25b7c0a1f391bcc41a0feeece1d1afde5e7e30e31dbb2fe3ff6ba77d4241685a,2014-11-25T12:16:24+00:00,33685504,128
650,{app}\NPA5\GOST\ГОСТ Р ИСО 9612-2013\ГОСТ Р ИСО 9612-2013_files\28.gif,app/NPA5/GOST/ГОСТ Р ИСО 9612-2013/ГОСТ Р ИСО 9612-2013_files/28.gif,57696,366027753,cc37ae75e2a6f5528020cb0aaaf560225cb2a8c5,3f49869c1ad2b953db7f3281c42c08b676e086dda6d5426bf1923e9b6448b709,2014-11-25T12:16:30+00:00,33685504,128
651,{app}\NPA5\GOST\ГОСТ Р ИСО 9612-2013\ГОСТ Р ИСО 9612-2013_files\29.gif,app/NPA5/GOST/ГОСТ Р ИСО 9612-2013/ГОСТ Р ИСО 9612-2013_files/29.gif,56980,366085449,7a02564bed4126562b3d0f33d828ffdeb907db56,c18922afcc29cea841bc6d86f40d38ba72f0da20197fcbc9816f8b4db6bb3c34,2014-11-25T12:16:34+00:00,33685504,128
652,{app}\NPA5\GOST\ГОСТ Р ИСО 9612-2013\ГОСТ Р ИСО 9612-2013_files\3.gif,app/NPA5/GOST/ГОСТ Р ИСО 9612-2013/ГОСТ Р ИСО 9612-2013_files/3.gif,56280,366142429,4e65b3b7cfc66a6d8a2c9782d81db95304e5df59,1269adeae4d21610194deb0be6a70bf56df354d5181867e3424660f753f987ae,2014-11-25T12:14:00+00:00,33685504,128
653,{app}\NPA5\GOST\ГОСТ Р ИСО 9612-2013\ГОСТ Р ИСО 9612-2013_files\30.gif,app/NPA5/GOST/ГОСТ Р ИСО 9612-2013/ГОСТ Р ИСО 9612-2013_files/30.gif,58640,366198709,67b1dd8d84fdc0590dea5e8f1762cdf8f1d48b55,d8c68f5c76a5f966ea8a00cb59bf3be5fc198662ab3a3a12a16c7574ede0d734,2014-11-25T12:16:40+00:00,33685504,128
654,{app}\NPA5\GOST\ГОСТ Р ИСО 9612-2013\ГОСТ Р ИСО 9612-2013_files\31.gif,app/NPA5/GOST/ГОСТ Р ИСО 9612-2013/ГОСТ Р ИСО 9612-2013_files/31.gif,50377,366257349,af6707b694acbd9956f5a532312af5363f821d2e,0d72f712d8626f831653b1c626950a83296731814fb1168259184d065bdbd021,2014-11-25T12:16:46+00:00,33685504,128
655,{app}\NPA5\GOST\ГОСТ Р ИСО 9612-2013\ГОСТ Р ИСО 9612-2013_files\32.gif,app/NPA5/GOST/ГОСТ Р ИСО 9612-2013/ГОСТ Р ИСО 9612-2013_files/32.gif,45071,366307726,10ec2abefd6b8eb399f5e7c3fb78c24e2605d29f,4b415dfe0faaefec1c26be59bca29280138bf3c7c8a3dfa9c304bf8e3bbc607f,2014-11-25T12:16:52+00:00,33685504,128
656,{app}\NPA5\GOST\ГОСТ Р ИСО 9612-2013\ГОСТ Р ИСО 9612-2013_files\33.gif,app/NPA5/GOST/ГОСТ Р ИСО 9612-2013/ГОСТ Р ИСО 9612-2013_files/33.gif,42570,366352797,4b2ad2b61c7cdc28a760b6eb70ae037286f89f9a,2dc88edb95325c97342c78490ca4d8d8640f974d845cb05067c9fefb673a6369,2014-11-25T12:16:58+00:00,33685504,128
657,{app}\NPA5\GOST\ГОСТ Р ИСО 9612-2013\ГОСТ Р ИСО 9612-2013_files\34.gif,app/NPA5/GOST/ГОСТ Р ИСО 9612-2013/ГОСТ Р ИСО 9612-2013_files/34.gif,27529,366395367,61dea05dbc07aaf2036620ecc89f0757f709b058,9c44514b2c5e6dfb47379694ee08341f9507fa6a88e88c0a49723feaa37421aa,2014-11-25T12:17:02+00:00,33685504,128
658,{app}\NPA5\GOST\ГОСТ Р ИСО 9612-2013\ГОСТ Р ИСО 9612-2013_files\35.gif,app/NPA5/GOST/ГОСТ Р ИСО 9612-2013/ГОСТ Р ИСО 9612-2013_files/35.gif,55446,366422896,e2ed808cffd04034e31bb240829433372476a815,6ea3c1bb54440fa8b7a4041e939c8bf3183f18c7296453492dc4c9aa98d70791,2014-11-25T12:17:08+00:00,33685504,128
659,{app}\NPA5\GOST\ГОСТ Р ИСО 9612-2013\ГОСТ Р ИСО 9612-2013_files\36.gif,app/NPA5/GOST/ГОСТ Р ИСО 9612-2013/ГОСТ Р ИСО 9612-2013_files/36.gif,53210,366478342,a83aa160116c382f4c654737b29f3fd433eb215b,8eff8f3f9dd73ff6972d43690e02893f8c5633e82e46974f662179004ee3377e,2014-11-25T12:17:12+00:00,33685504,128
660,{app}\NPA5\GOST\ГОСТ Р ИСО 9612-2013\ГОСТ Р ИСО 9612-2013_files\37.gif,app/NPA5/GOST/ГОСТ Р ИСО 9612-2013/ГОСТ Р ИСО 9612-2013_files/37.gif,55312,366531552,845926848e1fa6fdbeea37dc890658aebfdecde2,ff6fa13506c41faaa45baa8ebc972021921eaaf1f21fc9e8c0563cd62df9884b,2014-11-25T12:17:20+00:00,33685504,128
661,{app}\NPA5\GOST\ГОСТ Р ИСО 9612-2013\ГОСТ Р ИСО 9612-2013_files\38.gif,app/NPA5/GOST/ГОСТ Р ИСО 9612-2013/ГОСТ Р ИСО 9612-2013_files/38.gif,57862,366586864,b472181d11eac128c8436aa6d64e070ade0a69cb,d2e6635a83e52a6071a762f048623e1c15a8caae33d77185e95ee84e7347d964,2014-11-25T12:17:24+00:00,33685504,128
662,{app}\NPA5\GOST\ГОСТ Р ИСО 9612-2013\ГОСТ Р ИСО 9612-2013_files\39.gif,app/NPA5/GOST/ГОСТ Р ИСО 9612-2013/ГОСТ Р ИСО 9612-2013_files/39.gif,41208,366644726,a47398bb96c046032d582d454c1aa9df8de936b9,98ff30ba7ba614f7da660fac2816c82dd237a738c9609874d7004996e6c4d300,2014-11-25T12:17:30+00:00,33685504,128
663,{app}\NPA5\GOST\ГОСТ Р ИСО 9612-2013\ГОСТ Р ИСО 9612-2013_files\4.gif,app/NPA5/GOST/ГОСТ Р ИСО 9612-2013/ГОСТ Р ИСО 9612-2013_files/4.gif,46858,366685934,eef2d8cd7ae857d9e7493dec8f332aca65862729,4285f5feef2caa6c40aad6667af9eaa51b5f9b9e8553ce8427918fd8698b7c08,2014-11-25T12:14:06+00:00,33685504,128
664,{app}\NPA5\GOST\ГОСТ Р ИСО 9612-2013\ГОСТ Р ИСО 9612-2013_files\40.gif,app/NPA5/GOST/ГОСТ Р ИСО 9612-2013/ГОСТ Р ИСО 9612-2013_files/40.gif,49124,366732792,0e358ecfcb96ce32ac8a493328bab08321462e38,875e15d0e8c19403828b4545d0070d84e51c40e75f45d1914f18d9d8224b3501,2014-11-25T12:17:34+00:00,33685504,128
665,{app}\NPA5\GOST\ГОСТ Р ИСО 9612-2013\ГОСТ Р ИСО 9612-2013_files\41.gif,app/NPA5/GOST/ГОСТ Р ИСО 9612-2013/ГОСТ Р ИСО 9612-2013_files/41.gif,54937,366781916,64522c32404dddc0f4ebb8a0a272d332080b4ec0,0feff3f6f3ae613ffa340864dfcca2248680742b03e79636196b62fc869b0a25,2014-11-25T12:17:40+00:00,33685504,128
666,{app}\NPA5\GOST\ГОСТ Р ИСО 9612-2013\ГОСТ Р ИСО 9612-2013_files\42.gif,app/NPA5/GOST/ГОСТ Р ИСО 9612-2013/ГОСТ Р ИСО 9612-2013_files/42.gif,48083,366836853,b4d92c454b58095e852754028e109e2522b5b5dd,5bc4dc53221de7002381780cff8df961b2d9b3d230793aaf447d79954f6cf904,2014-11-25T12:17:44+00:00,33685504,128
667,{app}\NPA5\GOST\ГОСТ Р ИСО 9612-2013\ГОСТ Р ИСО 9612-2013_files\43.gif,app/NPA5/GOST/ГОСТ Р ИСО 9612-2013/ГОСТ Р ИСО 9612-2013_files/43.gif,41769,366884936,9e70ace9351cca9650fc9516a58f2d79e3c486be,4eafd038609f33feb01042308dd6ea8297d969e293dede0a81fe34f23bc8b1fd,2014-11-25T12:17:48+00:00,33685504,128
668,{app}\NPA5\GOST\ГОСТ Р ИСО 9612-2013\ГОСТ Р ИСО 9612-2013_files\44.gif,app/NPA5/GOST/ГОСТ Р ИСО 9612-2013/ГОСТ Р ИСО 9612-2013_files/44.gif,46347,366926705,df8eb2c90466d298cb737b2ec892305376e9e468,7a1e8e83e6a5aee131acfd625ee671925f65fae367aff60d88a7725e32fb8012,2014-11-25T12:17:54+00:00,33685504,128
669,{app}\NPA5\GOST\ГОСТ Р ИСО 9612-2013\ГОСТ Р ИСО 9612-2013_files\45.gif,app/NPA5/GOST/ГОСТ Р ИСО 9612-2013/ГОСТ Р ИСО 9612-2013_files/45.gif,33820,366973052,8e65cf755a57da9aca592af5fdb4a2928f36f17a,b11976beaba7cf7f355a7ab87b7ab251c80330125207e1b5f750126e082f4bff,2014-11-25T12:17:58+00:00,33685504,128
670,{app}\NPA5\GOST\ГОСТ Р ИСО 9612-2013\ГОСТ Р ИСО 9612-2013_files\46.gif,app/NPA5/GOST/ГОСТ Р ИСО 9612-2013/ГОСТ Р ИСО 9612-2013_files/46.gif,41098,367006872,7cb983e42628d86003ec7e828c44e3d22e056884,b75f312d0595c5625c742af6944aa2a980b61b167180e73a0ad6c2055e3cc9f1,2014-11-25T12:18:04+00:00,33685504,128
671,{app}\NPA5\GOST\ГОСТ Р ИСО 9612-2013\ГОСТ Р ИСО 9612-2013_files\47.gif,app/NPA5/GOST/ГОСТ Р ИСО 9612-2013/ГОСТ Р ИСО 9612-2013_files/47.gif,44124,367047970,2402f9d054d7a9b6272c2abd83b6feb249f90df6,ebef220371681a52cd9580a42b9e171180fb8791497dad354a5ff6d560380783,2014-11-25T12:18:08+00:00,33685504,128
672,{app}\NPA5\GOST\ГОСТ Р ИСО 9612-2013\ГОСТ Р ИСО 9612-2013_files\48.gif,app/NPA5/GOST/ГОСТ Р ИСО 9612-2013/ГОСТ Р ИСО 9612-2013_files/48.gif,46790,367092094,86aeaa694720e8703729af1578cf93a07fd66afd,4f7b1b883fdd5bcc853daf76442ea34c2c4badf84f45aefd3f621dc5fc076296,2014-11-25T12:18:14+00:00,33685504,128
673,{app}\NPA5\GOST\ГОСТ Р ИСО 9612-2013\ГОСТ Р ИСО 9612-2013_files\49.gif,app/NPA5/GOST/ГОСТ Р ИСО 9612-2013/ГОСТ Р ИСО 9612-2013_files/49.gif,39548,367138884,6706573478d83316ded46f02cb681ba9a7bad36d,f9801af0fe948fd73170c7c80eff8bc64e9139415f3ea6767b3e465ba97e1148,2014-11-25T12:18:20+00:00,33685504,128
674,{app}\NPA5\GOST\ГОСТ Р ИСО 9612-2013\ГОСТ Р ИСО 9612-2013_files\5.gif,app/NPA5/GOST/ГОСТ Р ИСО 9612-2013/ГОСТ Р ИСО 9612-2013_files/5.gif,39674,367178432,f1e7b29ce6de2a954398a5a086580d81ef9c8828,9c67d17b9ce37da2787934683bcca9f15d022d33f47e1a0d3457817bd850b4b7,2014-11-25T12:14:12+00:00,33685504,128
675,{app}\NPA5\GOST\ГОСТ Р ИСО 9612-2013\ГОСТ Р ИСО 9612-2013_files\50.gif,app/NPA5/GOST/ГОСТ Р ИСО 9612-2013/ГОСТ Р ИСО 9612-2013_files/50.gif,50577,367218106,15410aae9d38ee867ee980654256ff668b92fb22,dcc5fddb8327be7565609f4b8fecd0b62be1ef59deb1792ace16512eac29f261,2014-11-25T12:18:24+00:00,33685504,128
676,{app}\NPA5\GOST\ГОСТ Р ИСО 9612-2013\ГОСТ Р ИСО 9612-2013_files\51.gif,app/NPA5/GOST/ГОСТ Р ИСО 9612-2013/ГОСТ Р ИСО 9612-2013_files/51.gif,4782,367268683,ce47de9a6ee346c3993364e4fd6709d61b0db7a1,c2d29680130d2984541544fe487afbf17fcfa008daaaadd8e6c9b466fe4414c7,2014-11-25T12:18:30+00:00,33685504,128
677,{app}\NPA5\GOST\ГОСТ Р ИСО 9612-2013\ГОСТ Р ИСО 9612-2013_files\52.gif,app/NPA5/GOST/ГОСТ Р ИСО 9612-2013/ГОСТ Р ИСО 9612-2013_files/52.gif,41706,367273465,502ed8eedc05e53faeabe516e530570fa7cf49d9,3986b2e52d0b92974e442859dd61b13dbc0f103a53d2f248105f8d7261fce0bd,2014-11-25T12:18:34+00:00,33685504,128
678,{app}\NPA5\GOST\ГОСТ Р ИСО 9612-2013\ГОСТ Р ИСО 9612-2013_files\53.gif,app/NPA5/GOST/ГОСТ Р ИСО 9612-2013/ГОСТ Р ИСО 9612-2013_files/53.gif,49408,367315171,96bf26f908dfda18aee966477fc64b188b65c30a,fc1678fced16ec5a218288783660b486589bac6c272e96d60477d8f9ca9e55a5,2014-11-25T12:18:40+00:00,33685504,128
679,{app}\NPA5\GOST\ГОСТ Р ИСО 9612-2013\ГОСТ Р ИСО 9612-2013_files\54.gif,app/NPA5/GOST/ГОСТ Р ИСО 9612-2013/ГОСТ Р ИСО 9612-2013_files/54.gif,38307,367364579,ec0812e3291c58bf60a0a8846c3b1941e11377dc,0b852d0abe62341ddd611e8e5c11690842b9575fe7e9a4fb7e0b6644b78646e5,2014-11-25T12:18:44+00:00,33685504,128
680,{app}\NPA5\GOST\ГОСТ Р ИСО 9612-2013\ГОСТ Р ИСО 9612-2013_files\55.gif,app/NPA5/GOST/ГОСТ Р ИСО 9612-2013/ГОСТ Р ИСО 9612-2013_files/55.gif,38398,367402886,8e8825f9cf516ebd3753c573c16b969fa2519a4e,be8e7989021e0d4fe7a095b06dcca468f457b4931f185944e338b73e1fe9806c,2014-11-25T12:18:50+00:00,33685504,128
681,{app}\NPA5\GOST\ГОСТ Р ИСО 9612-2013\ГОСТ Р ИСО 9612-2013_files\56.gif,app/NPA5/GOST/ГОСТ Р ИСО 9612-2013/ГОСТ Р ИСО 9612-2013_files/56.gif,36427,367441284,bbaa912d41e893408c4da2a58a0a95ebada646ab,005ac5a4e5a750931331f25282d73d27d65671fb21241442dbb50e80e9a08834,2014-11-25T12:18:54+00:00,33685504,128
682,{app}\NPA5\GOST\ГОСТ Р ИСО 9612-2013\ГОСТ Р ИСО 9612-2013_files\57.gif,app/NPA5/GOST/ГОСТ Р ИСО 9612-2013/ГОСТ Р ИСО 9612-2013_files/57.gif,6172,367477711,106e251e1305992b482f24dc55dacc95d19233cc,4c150ab930adca6e518fbaa68dfaba8f792b83443aecb9cb658e2282781184f7,2014-11-25T12:18:58+00:00,33685504,128
683,{app}\NPA5\GOST\ГОСТ Р ИСО 9612-2013\ГОСТ Р ИСО 9612-2013_files\58.gif,app/NPA5/GOST/ГОСТ Р ИСО 9612-2013/ГОСТ Р ИСО 9612-2013_files/58.gif,42992,367483883,9162078483ebd6eb1f7709bddd7796e2fa18b1db,9e8f30039df9af1e30b7414deb5ee1f3a8cf8c523b113ca740b26ca2048dd517,2014-11-25T12:19:04+00:00,33685504,128
684,{app}\NPA5\GOST\ГОСТ Р ИСО 9612-2013\ГОСТ Р ИСО 9612-2013_files\59.gif,app/NPA5/GOST/ГОСТ Р ИСО 9612-2013/ГОСТ Р ИСО 9612-2013_files/59.gif,37036,367526875,3f1895df96b00f200e748c0522e778e7d3e342b2,b6d0224568a9354ee95d27f0b1d75eeccc53312e33066ab20b42f67031519753,2014-11-25T12:19:10+00:00,33685504,128
685,{app}\NPA5\GOST\ГОСТ Р ИСО 9612-2013\ГОСТ Р ИСО 9612-2013_files\6.gif,app/NPA5/GOST/ГОСТ Р ИСО 9612-2013/ГОСТ Р ИСО 9612-2013_files/6.gif,47490,367563911,cb3899393ce443aa9634b29dafe9ade9bd585a84,11f15196e18316373946c413f509fb7eebb7c175a355d30651f323208061b15d,2014-11-25T12:14:20+00:00,33685504,128
686,{app}\NPA5\GOST\ГОСТ Р ИСО 9612-2013\ГОСТ Р ИСО 9612-2013_files\60.gif,app/NPA5/GOST/ГОСТ Р ИСО 9612-2013/ГОСТ Р ИСО 9612-2013_files/60.gif,38139,367611401,c6ad2688facbbc36ef1351c5711dd1afef80ef0f,5c04a31a9573c6bd297685c617fce7726b282d52b9aa2c19b1df4909469d7831,2014-11-25T12:19:16+00:00,33685504,128
687,{app}\NPA5\GOST\ГОСТ Р ИСО 9612-2013\ГОСТ Р ИСО 9612-2013_files\61.gif,app/NPA5/GOST/ГОСТ Р ИСО 9612-2013/ГОСТ Р ИСО 9612-2013_files/61.gif,7008,367649540,2e80717bc10aa475ae9c90564f478096ba3177ec,fdbfc1ef441ef64718b4b23b6be50758d76deaa09367f3a5c92a1641a10ceff7,2014-11-25T12:19:20+00:00,33685504,128
688,{app}\NPA5\GOST\ГОСТ Р ИСО 9612-2013\ГОСТ Р ИСО 9612-2013_files\62.gif,app/NPA5/GOST/ГОСТ Р ИСО 9612-2013/ГОСТ Р ИСО 9612-2013_files/62.gif,50854,367656548,7431ada8bf21345c07d2eb8df261f269c103c309,f1452aa6475d0bd5cbf743031087f2f3bc3479178e09514c6f2acfa6717dc1f3,2014-11-25T12:19:24+00:00,33685504,128
689,{app}\NPA5\GOST\ГОСТ Р ИСО 9612-2013\ГОСТ Р ИСО 9612-2013_files\63.gif,app/NPA5/GOST/ГОСТ Р ИСО 9612-2013/ГОСТ Р ИСО 9612-2013_files/63.gif,50172,367707402,aa86e27030b23b99d18a3bdaae382e56451e9dad,ee84e300f75d7fe900b2351d6cf840886ef7cf8641462cc5951ff42390824618,2014-11-25T12:19:30+00:00,33685504,128
690,{app}\NPA5\GOST\ГОСТ Р ИСО 9612-2013\ГОСТ Р ИСО 9612-2013_files\64.gif,app/NPA5/GOST/ГОСТ Р ИСО 9612-2013/ГОСТ Р ИСО 9612-2013_files/64.gif,42297,367757574,21a47e71d36ddc68bfaba5dcce3c19bd24ff2116,e7b72a0d06113cee8d6e125642e2e3de2ea5e1150db1a91c3589b243f3c728bf,2014-11-25T12:19:34+00:00,33685504,128
691,{app}\NPA5\GOST\ГОСТ Р ИСО 9612-2013\ГОСТ Р ИСО 9612-2013_files\65.gif,app/NPA5/GOST/ГОСТ Р ИСО 9612-2013/ГОСТ Р ИСО 9612-2013_files/65.gif,38431,367799871,b7e8112209f2bb27cea79d99e4bf0a781c9d7aa7,4e40370aedc70db60850a3fe3f1e0f68eaa3aa97d76b2fe1665460ca63babece,2014-11-25T12:19:40+00:00,33685504,128
692,{app}\NPA5\GOST\ГОСТ Р ИСО 9612-2013\ГОСТ Р ИСО 9612-2013_files\66.gif,app/NPA5/GOST/ГОСТ Р ИСО 9612-2013/ГОСТ Р ИСО 9612-2013_files/66.gif,36762,367838302,390ce3d56726725c4c8842bdf30728063515d3df,5411e8b296f10f605ebdd60f6a303003e9e813e57dc6a4dae9922a14ad88daf8,2014-11-25T12:19:44+00:00,33685504,128
693,{app}\NPA5\GOST\ГОСТ Р ИСО 9612-2013\ГОСТ Р ИСО 9612-2013_files\67.gif,app/NPA5/GOST/ГОСТ Р ИСО 9612-2013/ГОСТ Р ИСО 9612-2013_files/67.gif,53134,367875064,66b343e8fd01ca3f53425c9183f09ec00dce66f2,56ce1e54ed92d2ed036b7aabb117748821ae6ea5ef8bb4de3a76bfab1768d27c,2014-11-25T12:19:50+00:00,33685504,128
694,{app}\NPA5\GOST\ГОСТ Р ИСО 9612-2013\ГОСТ Р ИСО 9612-2013_files\68.gif,app/NPA5/GOST/ГОСТ Р ИСО 9612-2013/ГОСТ Р ИСО 9612-2013_files/68.gif,7083,367928198,3377fb6243af122cbac77973e6068ea1d8d088dc,28cbc49dba7b7af87977ec08e0007c5799f163d7425f3ff2cda704c12571f637,2014-11-25T12:19:56+00:00,33685504,128
695,{app}\NPA5\GOST\ГОСТ Р ИСО 9612-2013\ГОСТ Р ИСО 9612-2013_files\7.gif,app/NPA5/GOST/ГОСТ Р ИСО 9612-2013/ГОСТ Р ИСО 9612-2013_files/7.gif,44631,367935281,2c1ad3c24aae056a8a9b0e3bdc88859bea74baa4,eba7ffa28e825157cce98341c0b5bb33d5bdb01efa1549550e6f0b18fcf28f29,2014-11-25T12:14:30+00:00,33685504,128
696,{app}\NPA5\GOST\ГОСТ Р ИСО 9612-2013\ГОСТ Р ИСО 9612-2013_files\8.gif,app/NPA5/GOST/ГОСТ Р ИСО 9612-2013/ГОСТ Р ИСО 9612-2013_files/8.gif,54226,367979912,25cca53e7112f32fc036158f3ae20c3622df4ee1,d0c87278bbedcdf8c45b564b734676de366445ea0d0421becbf22c0992dfdd38,2014-11-25T12:14:36+00:00,33685504,128
697,{app}\NPA5\GOST\ГОСТ Р ИСО 9612-2013\ГОСТ Р ИСО 9612-2013_files\9.gif,app/NPA5/GOST/ГОСТ Р ИСО 9612-2013/ГОСТ Р ИСО 9612-2013_files/9.gif,55616,368034138,3db0b825dc1572fcae066e454ba5f85bc01744e3,e779bb2a1f8e70b15e668ed4ff41a70fbfca41a9dd4f51f609220a07352be4ea,2014-11-25T12:14:40+00:00,33685504,128
698,{app}\NPA5\post_1830\post_1830.htm,app/NPA5/post_1830/post_1830.htm,21477,368089754,f7150f1857657a3a68097f1e9ea17c38d0785bb6,9fdb0e22f1c2a119d4c1ddd3395fe1f9f5efd4d2c404853fee68dd70d5bac712,2023-03-17T11:31:58+00:00,33685504,128
699,{app}\NPA5\prikaz-33n\Image1.gif,app/NPA5/prikaz-33n/Image1.gif,969,368111231,56be9710496c9ad847a9ea096c24e07fe484f7ad,e2edf5afdda0d1940892f437e0befd6c1591c31870b867509abf7b4555160268,2014-03-28T12:15:44+00:00,33685504,128
700,{app}\NPA5\prikaz-33n\Image10.gif,app/NPA5/prikaz-33n/Image10.gif,937,368112200,970f37a53a71c3c12631220071ac10809089141f,242ed98a50b701e1cb43dca0f443664dfc80b90846dc6797eb6fda7031f262ba,2014-03-28T12:15:44+00:00,33685504,128
701,{app}\NPA5\prikaz-33n\Image11.gif,app/NPA5/prikaz-33n/Image11.gif,1091,368113137,94fa68073e57ea0bf140d568a53518df92a732ce,2f846fe49d4d9e9acba1c7e62460ae9fe348f3e7a40cba5367c989f2a387720e,2014-03-28T12:15:44+00:00,33685504,128
702,{app}\NPA5\prikaz-33n\Image12.gif,app/NPA5/prikaz-33n/Image12.gif,886,368114228,bfbdb2a2f81ca659e7f163f316b862ec1c5ecd76,22b6383343d55086bc17ec6c5c64254bf58c016339465a929b05759c6a40a236,2014-03-28T12:15:44+00:00,33685504,128
703,{app}\NPA5\prikaz-33n\Image13.gif,app/NPA5/prikaz-33n/Image13.gif,937,368115114,970f37a53a71c3c12631220071ac10809089141f,242ed98a50b701e1cb43dca0f443664dfc80b90846dc6797eb6fda7031f262ba,2014-03-28T12:15:44+00:00,33685504,128
704,{app}\NPA5\prikaz-33n\Image14.gif,app/NPA5/prikaz-33n/Image14.gif,907,368116051,d1fc502a1d2d4a93a8761cf9f08d88e5c02ef5c8,bd86b4ba085884b463cbda33a48b6dc9243762f0c901af76fbc69f105c89da81,2014-03-28T12:15:44+00:00,33685504,128
705,{app}\NPA5\prikaz-33n\Image15.gif,app/NPA5/prikaz-33n/Image15.gif,1190,368116958,286915e108bfa11e31d0ad6c611243b8c3c4e445,1e3cf68d1341d47df851638442b31d49b192403a19ca03d2763c5e11c46e86cb,2014-03-28T12:15:44+00:00,33685504,128
706,{app}\NPA5\prikaz-33n\Image16.gif,app/NPA5/prikaz-33n/Image16.gif,969,368118148,8af137f396495861f7e32e2613b12c24d84f0d2b,cf86023c766f91af1e5ffb1f20134d2b7023eb34b923a26b31a9b199e15a6db3,2014-03-28T12:15:44+00:00,33685504,128
707,{app}\NPA5\prikaz-33n\Image17.gif,app/NPA5/prikaz-33n/Image17.gif,1067,368119117,58a93e21511fd38a78d9673564819e8bbade41f7,13740520b32d17bd655d87682448162343ad8630e1c92abee3ebd154029ae0fb,2014-03-28T12:15:44+00:00,33685504,128
708,{app}\NPA5\prikaz-33n\Image18.gif,app/NPA5/prikaz-33n/Image18.gif,1229,368120184,8b00542b23ecadab0726d781484dff75e58945b3,95d41285f9df91d6f88879edac60f4c4cbd12f40fcd29943765814f13f941e7b,2014-03-28T12:15:44+00:00,33685504,128
709,{app}\NPA5\prikaz-33n\Image19.gif,app/NPA5/prikaz-33n/Image19.gif,889,368121413,e2917777b3a41616a6c8ebbd507df35d3d845512,ff4aa42c82b6602043d748c103e969b25477819bc6cc8e58a0d5128c225f0fea,2014-03-28T12:15:44+00:00,33685504,128
710,{app}\NPA5\prikaz-33n\Image2.gif,app/NPA5/prikaz-33n/Image2.gif,949,368122302,40cb415eb958cf6ed76343dcc54dc09ed045cdba,c02e9cec13da5b56836b19a7ecf546780f6b80811bac5f3dd0fa7c0a19678677,2014-03-28T12:15:44+00:00,33685504,128
711,{app}\NPA5\prikaz-33n\Image20.gif,app/NPA5/prikaz-33n/Image20.gif,857,368123251,d9581d7fd4819c81c3e9a41c1e6cdbb9aaf2272a,ce2c14ea209deaea371e2ef7d1a7b932caf455083f67003abcc410294603736b,2014-03-28T12:15:44+00:00,33685504,128
712,{app}\NPA5\prikaz-33n\Image21.gif,app/NPA5/prikaz-33n/Image21.gif,917,368124108,85140fb02864065af0c1b3fc57729e37b140ff38,b29083c239d9f72685993bfc8e355cad1f8f6d83821b8987f3ce5846476c2dcd,2014-03-28T12:15:44+00:00,33685504,128
713,{app}\NPA5\prikaz-33n\Image22.gif,app/NPA5/prikaz-33n/Image22.gif,1351,368125025,d40683949c3c5c799caf5e95e2487ec1375d6ff0,54d8efd715382d37fc214e7efd1a3208aee26b51d4752d3dff68c6b045d740af,2014-03-28T12:15:44+00:00,33685504,128
714,{app}\NPA5\prikaz-33n\Image23.gif,app/NPA5/prikaz-33n/Image23.gif,899,368126376,19724c0e7599ae78a4a8f5ae439db09abda3ad37,0550385a1c9322f15362d710013ea4dfb835daccbc9c802dc27e2c8613127aa2,2014-03-28T12:15:44+00:00,33685504,128
715,{app}\NPA5\prikaz-33n\Image24.gif,app/NPA5/prikaz-33n/Image24.gif,902,368127275,8e79983343d0a99feb48802d1e2322f6b928c8d6,16b08220f4248972dc658c6425f1e214a3dd021bbbb5b63a94bf6d45831120a8,2014-03-28T12:15:44+00:00,33685504,128
716,{app}\NPA5\prikaz-33n\Image25.gif,app/NPA5/prikaz-33n/Image25.gif,904,368128177,2571c248ee7549ea0b196434e7384d5b1011cbea,e0eb7f0d8e98ed05372a41ebe56be22c9c23c0d03d947fa1dfb5ff2368b1233d,2014-03-28T12:15:44+00:00,33685504,128
717,{app}\NPA5\prikaz-33n\Image26.gif,app/NPA5/prikaz-33n/Image26.gif,856,368129081,74ef5581819eec503c49b57023f13176f77573d7,c00b6c5eb68153616c824055e443cb098633ebd0ef1e7d3415bc297220d96f12,2014-03-28T12:15:44+00:00,33685504,128
718,{app}\NPA5\prikaz-33n\Image27.gif,app/NPA5/prikaz-33n/Image27.gif,860,368129937,9db68ba13265d8c960095d1ef052b94a2df742a8,0e6c354e695b4d0a9f7354a5c8d1f30adc1d841bd5288e44b49534b36c3cf82a,2014-03-28T12:15:44+00:00,33685504,128
719,{app}\NPA5\prikaz-33n\Image28.gif,app/NPA5/prikaz-33n/Image28.gif,862,368130797,d365cf33f7a6d32431fba2422f39614d61b691b6,e9212662ebdba88dc063804502dde758d378826409f7d0348511ca1bb58c4646,2014-03-28T12:15:44+00:00,33685504,128
720,{app}\NPA5\prikaz-33n\Image29.gif,app/NPA5/prikaz-33n/Image29.gif,922,368131659,706c4c671068b43478a3fca3120adbd93f9113a2,a43e568428b47306580dea637a0eb22cae0a8c38ac9837ddb7e2a4196c01d222,2014-03-28T12:15:44+00:00,33685504,128
721,{app}\NPA5\prikaz-33n\Image3.gif,app/NPA5/prikaz-33n/Image3.gif,1358,368132581,691ab22c6ef6dcfb3f710c9849f80bd87b7f0b16,bd81b810366b789a0e4957558c5b392155acd5a72c2d53b7108a050ad7798de3,2014-03-28T12:15:44+00:00,33685504,128
722,{app}\NPA5\prikaz-33n\Image30.gif,app/NPA5/prikaz-33n/Image30.gif,922,368133939,706c4c671068b43478a3fca3120adbd93f9113a2,a43e568428b47306580dea637a0eb22cae0a8c38ac9837ddb7e2a4196c01d222,2014-03-28T12:15:44+00:00,33685504,128
723,{app}\NPA5\prikaz-33n\Image31.gif,app/NPA5/prikaz-33n/Image31.gif,1237,368134861,a48d996130f3ae8c42f5134f4177c2e2d392d257,7e3269b3764a4714a3c1c130c0c48790ebe74e54edea854bde77edd42a375c94,2014-03-28T12:15:44+00:00,33685504,128
724,{app}\NPA5\prikaz-33n\Image32.gif,app/NPA5/prikaz-33n/Image32.gif,862,368136098,c6be65ce326d683c651bff626857cc83b63c64c0,0791c71287c8da4850442c99d4a9642ad16364311133ddc1ed2e7bc855e60949,2014-03-28T12:15:44+00:00,33685504,128
725,{app}\NPA5\prikaz-33n\Image33.gif,app/NPA5/prikaz-33n/Image33.gif,865,368136960,5d3e9f9e9b71303d12310516baaa65c51b1ab5ea,b53cb8df2e7b433ac5df3d997bde7a5b876970e0682b68a6c15a35f99ff64cae,2014-03-28T12:15:44+00:00,33685504,128
726,{app}\NPA5\prikaz-33n\Image34.gif,app/NPA5/prikaz-33n/Image34.gif,865,368137825,6c7555bbdec02f902018a61b524d83c69ff5eb9c,632c4682618ae9d6b6aa1ee3337b37b139c1b7493ea97d050e80dbbcf90931e7,2014-03-28T12:15:44+00:00,33685504,128
727,{app}\NPA5\prikaz-33n\Image35.gif,app/NPA5/prikaz-33n/Image35.gif,850,368138690,3539935c41bcadd19acaa4ec4426a0fe6d1f5e0d,1f2d8bac6e00924bfd8c1b8d3989efbdbdbbd1a24b75e021f82329afd8a1b236,2014-03-28T12:15:44+00:00,33685504,128
728,{app}\NPA5\prikaz-33n\Image36.gif,app/NPA5/prikaz-33n/Image36.gif,1594,368139540,071a5f1741b97d4bef3ce9cbd904083e818f3470,ee3cc9d187a0f38887d0279de55a5f022f75cf8f34c844dc850dba7eaaf8b7ac,2014-03-28T12:15:44+00:00,33685504,128
729,{app}\NPA5\prikaz-33n\Image37.gif,app/NPA5/prikaz-33n/Image37.gif,913,368141134,218d2d7cf6e5af1005f5adc545b0f49ad1bba3ad,f869bf6ef2be0762264261ef78bc3543833f0976defa30d129af4c4dcb51b833,2014-03-28T12:15:44+00:00,33685504,128
730,{app}\NPA5\prikaz-33n\Image38.gif,app/NPA5/prikaz-33n/Image38.gif,906,368142047,e7a8bc6be80df844c3767eb74958f833c9a60660,4bb0326d335673d77bbee328bd9e14a94374479e3cb7cc3d54bec9746e8a582c,2014-03-28T12:15:44+00:00,33685504,128
731,{app}\NPA5\prikaz-33n\Image39.gif,app/NPA5/prikaz-33n/Image39.gif,960,368142953,d3b215ad4a559de82b073048eae4e3d15896bb07,858d485ae844073d9fe8b3e327345c17fa2218e7ecea42f261dd0376542ea859,2014-03-28T12:15:44+00:00,33685504,128
732,{app}\NPA5\prikaz-33n\Image4.gif,app/NPA5/prikaz-33n/Image4.gif,879,368143913,dabd0790bd774f0fde55fca72cf095bd3bb92436,2ddf003d0bb7f24ccf070fab736e99e7ce4a6153280e8d3d07425893656eee52,2014-03-28T12:15:44+00:00,33685504,128
733,{app}\NPA5\prikaz-33n\Image40.gif,app/NPA5/prikaz-33n/Image40.gif,884,368144792,51ffed16913e4df654551ac35e322bdaf640a6da,f48cbfb5d5474921c3a1016df66819ed54ac83717741fc9601c1711f4a7a9449,2014-03-28T12:15:44+00:00,33685504,128
734,{app}\NPA5\prikaz-33n\Image41.gif,app/NPA5/prikaz-33n/Image41.gif,888,368145676,9822509d488505bddc45e500e73ffbfac6d92340,87c69bac723770d3409e2d76dbb6553b344be521cf2c442faff5406e7d14742d,2014-03-28T12:15:44+00:00,33685504,128
735,{app}\NPA5\prikaz-33n\Image42.gif,app/NPA5/prikaz-33n/Image42.gif,1162,368146564,d0612d2638edc512caad00331a0256e802e9216c,c3f77bc84fa0a3d21f0038b41cf7817c95dd1aa3492c59dda0220d2cf53c3f1e,2014-03-28T12:15:44+00:00,33685504,128
736,{app}\NPA5\prikaz-33n\Image43.gif,app/NPA5/prikaz-33n/Image43.gif,990,368147726,aa8a8641c9e2ac925eb27b29ff992259c0dc36ff,a34c55ede55105db7eea77e733dcdc3b1494f70db26405dd87d88ece1685a15a,2014-03-28T12:15:44+00:00,33685504,128
737,{app}\NPA5\prikaz-33n\Image44.gif,app/NPA5/prikaz-33n/Image44.gif,962,368148716,5a538e0aac43385db20ceae6fea9777b06389efe,38651b716373dded7189a61c28800933c7403775b24ae98368e0a3cf89c1a9b4,2014-03-28T12:15:44+00:00,33685504,128
738,{app}\NPA5\prikaz-33n\Image45.gif,app/NPA5/prikaz-33n/Image45.gif,1431,368149678,08dce0f778bc728b88142fece283fde1fcdd8933,50bab4e7988f8c1e951b8ee4d2ca103d3c502a86c5a92deee7b642ebe4e0e04d,2014-03-28T12:15:44+00:00,33685504,128
739,{app}\NPA5\prikaz-33n\Image46.gif,app/NPA5/prikaz-33n/Image46.gif,953,368151109,c68189b32bba374b46b9610d5f1578305e76b848,7cbfadccc76755df72168c06e6542bca82b4226b50a45cf639bfb906def27fd4,2014-03-28T12:15:44+00:00,33685504,128
740,{app}\NPA5\prikaz-33n\Image47.gif,app/NPA5/prikaz-33n/Image47.gif,884,368152062,b626d849c1998c505d099c2c13c0938b6746663e,b4c11e6b26f4189ae8211916e5d1e02fde9974317b20468d938b378484bc10a0,2014-03-28T12:15:44+00:00,33685504,128
741,{app}\NPA5\prikaz-33n\Image5.gif,app/NPA5/prikaz-33n/Image5.gif,880,368152946,9a67d84e2b8f3afae31ba6cce9e2698a77e6c071,832e9c313e8049777b9bc5b15b16e51f62e7063413e732bf5635f20a08bf1480,2014-03-28T12:15:44+00:00,33685504,128
742,{app}\NPA5\prikaz-33n\Image6.gif,app/NPA5/prikaz-33n/Image6.gif,882,368153826,1e78c95dd95bffc83b4725701a5789972c0ffe6b,5e5417c4efac9a9fa7e16459d80a37916bc2e2d7af6c731cb116c48954d580d1,2014-03-28T12:15:44+00:00,33685504,128
743,{app}\NPA5\prikaz-33n\Image7.gif,app/NPA5/prikaz-33n/Image7.gif,941,368154708,067558b83f29bf14036b3842c55b52281c78c8da,a482510a85bcc8296aa2b7db54b11e006424038fd7878de3ad0836a16f75202e,2014-03-28T12:15:44+00:00,33685504,128
744,{app}\NPA5\prikaz-33n\Image8.gif,app/NPA5/prikaz-33n/Image8.gif,944,368155649,b23905f893676f18815b818f1695cc0c6477269e,33e23f35f8fbeea62927de1eeb41d583d1c454fddefc1113072cec762ec2d9f1,2014-03-28T12:15:44+00:00,33685504,128
745,{app}\NPA5\prikaz-33n\Image9.gif,app/NPA5/prikaz-33n/Image9.gif,945,368156593,eda68df1c16c4e33d023a2ad5f27abdbe61df540,3ab9b7a5793ff0a5e1cf2d9eedae6d1089c3c525f75a60dd5e40aab7d1984196,2014-03-28T12:15:44+00:00,33685504,128
746,{app}\NPA5\prikaz-33n\pril1.htm,app/NPA5/prikaz-33n/pril1.htm,96086,368157538,97d6f3b518eca3d80edda766269c66251a5fa719,9ba981ae7a25b1a462a8ed4390b2a1aa73d21b8723695dd7914527bab1eedcd8,2020-08-31T10:58:20+00:00,33685504,128
747,{app}\NPA5\prikaz-33n\pril2.htm,app/NPA5/prikaz-33n/pril2.htm,50838,368253624,5201ebaa2f415cdc0ad90cc1613a2206201ba102,cf116568e9a5d1a9af084ccc7a41c94859b365383e506b7649f86ef5e1027727,2020-08-31T11:00:08+00:00,33685504,128
748,{app}\NPA5\prikaz-33n\pril3.htm,app/NPA5/prikaz-33n/pril3.htm,273261,368304462,b962c2d63a883971c6359de91d0d4eb50e343d07,cc4d0cac69367af128317ac45508dc45b79098cda2823df21a06e94d96d0477f,2020-08-31T11:04:24+00:00,33685504,128
749,{app}\NPA5\prikaz-33n\pril4.htm,app/NPA5/prikaz-33n/pril4.htm,38454,368577723,8ff997e09597ef9a2061d42ee79311042a323fc5,4aea6f3a27ed153da50b7b7920ac5051ac4b70737b76a16297511eb857e7ab48,2020-08-31T11:08:00+00:00,33685504,128
750,{app}\NPA5\prikaz-33n\metod_prils\pril1.htm,app/NPA5/prikaz-33n/metod_prils/pril1.htm,44024,368616177,a35d3ab5be72c68a624fc1ff4bbd3251a49f518c,2718e17ad7253e9719aed2b858ec5fe9510bcb3f0a8b8491e452572b85961b67,2014-02-04T12:29:26+00:00,33685504,128
751,{app}\NPA5\prikaz-33n\metod_prils\pril10.htm,app/NPA5/prikaz-33n/metod_prils/pril10.htm,38201,368660201,e742496144d8aafcba23b7fc4e7cb61219a0282d,aeb4cef4509535fd7363e78bfc1b7a606705cf6f6fc41fe04c2371ccee8b48b4,2014-02-04T15:29:02+00:00,33685504,128
752,{app}\NPA5\prikaz-33n\metod_prils\pril11.htm,app/NPA5/prikaz-33n/metod_prils/pril11.htm,121357,368698402,70279b964f75da4bd348ef8655defb1b1f8e1e4a,fe0dc927a64445d77c2c9fd6cd430e86b4fdb857bec8a8d3fb7232e8874ef834,2014-02-04T13:45:52+00:00,33685504,128
753,{app}\NPA5\prikaz-33n\metod_prils\pril12.htm,app/NPA5/prikaz-33n/metod_prils/pril12.htm,78205,368819759,03afe2b8af1316b13ea845c1b5e534ffc4926d27,c41641b5b58955e5df71c744362624ef400e45ea863840976bf8b5dfebef26ab,2014-02-04T15:30:34+00:00,33685504,128
754,{app}\NPA5\prikaz-33n\metod_prils\pril13.htm,app/NPA5/prikaz-33n/metod_prils/pril13.htm,48756,368897964,44778859d04ffb92d587af30b675f65130145c29,03c1c4935438042139cf65f6a6e9e7d92a1a4b76d9a688a0a23e65f6610866f8,2014-02-04T13:53:48+00:00,33685504,128
755,{app}\NPA5\prikaz-33n\metod_prils\pril14.htm,app/NPA5/prikaz-33n/metod_prils/pril14.htm,68741,368946720,df22130dd7e9b8f9f51bd538f080935e926055af,54fc473d94e2497032f37c1791c0a92b6c3cc3478190c828f95bde5dcb88aa3d,2014-02-04T14:39:00+00:00,33685504,128
756,{app}\NPA5\prikaz-33n\metod_prils\pril15.htm,app/NPA5/prikaz-33n/metod_prils/pril15.htm,33529,369015461,552597e9665b0c6cc3d964bbee8b334f1f1e8d4a,fd9a88712819ece5d898a507eb54695125f8b77a0dad65eafb4b1c02a11a55db,2014-02-04T13:58:36+00:00,33685504,128
757,{app}\NPA5\prikaz-33n\metod_prils\pril16.htm,app/NPA5/prikaz-33n/metod_prils/pril16.htm,33419,369048990,d0b70406641aac27cda969b8b3586a9e44a4ef74,168eca9bc246dcb993aea1b468705342262c15512e72354e2f7d410e341659a8,2014-02-04T14:39:50+00:00,33685504,128
758,{app}\NPA5\prikaz-33n\metod_prils\pril17.htm,app/NPA5/prikaz-33n/metod_prils/pril17.htm,88789,369082409,e1a0bf410108a41db4d720935076756a395fee2f,bc7573840835cf61f9ea573dad924959b2dcf805ee45d59f0e04cbd47941523d,2016-03-09T10:20:44+00:00,33685504,128
759,{app}\NPA5\prikaz-33n\metod_prils\pril18.htm,app/NPA5/prikaz-33n/metod_prils/pril18.htm,37403,369171198,030e2855c9a5b08d48e206a4195aeb48352c0908,dd8d7b5c967cb356fd1eaaca70f30e4be651198c0cdbda3c82e20da68ff6dc97,2014-02-04T14:43:18+00:00,33685504,128
760,{app}\NPA5\prikaz-33n\metod_prils\pril19.htm,app/NPA5/prikaz-33n/metod_prils/pril19.htm,38314,369208601,b822777e43dc29a84bcf48636bbccb021eebeec0,766247d1189369bdb2b358c24fc0b8e10607c66ccc1b01d6150c572b389ae1b5,2014-02-04T14:12:18+00:00,33685504,128
761,{app}\NPA5\prikaz-33n\metod_prils\pril2.htm,app/NPA5/prikaz-33n/metod_prils/pril2.htm,290698,369246915,e0febba769af0132222a3820467913d41b2c9ea2,42cd13b543212f6215e20d15a1deb3d1ad62ef20bb30ae7b756c441509137ef0,2014-02-04T12:35:14+00:00,33685504,128
762,{app}\NPA5\prikaz-33n\metod_prils\pril20.htm,app/NPA5/prikaz-33n/metod_prils/pril20.htm,106550,369537613,0d5c66c1f0db869a83d4d70cf817b165b695670e,9a67978b97c40722d481e6b1d59310964d901f3f41554d7c6f0c3cddc003c690,2014-02-04T14:48:22+00:00,33685504,128
763,{app}\NPA5\prikaz-33n\metod_prils\pril21.htm,app/NPA5/prikaz-33n/metod_prils/pril21.htm,63836,369644163,5d5def44c34ac9492e69931bc022b5e808f1bae9,5ad269aab90831e2a9469999a5607dfb193dcaeb5ce54299f96e211abaef9d0e,2014-02-04T15:32:50+00:00,33685504,128
764,{app}\NPA5\prikaz-33n\metod_prils\pril22.htm,app/NPA5/prikaz-33n/metod_prils/pril22.htm,39787,369707999,f00f02e06591cb1d3fb712e7342d6e68f605c85b,b6476f411f5e29a3c060ca2dfa28fd941a63c0d3b57dca14088f91301e630b85,2014-02-04T14:51:06+00:00,33685504,128
765,{app}\NPA5\prikaz-33n\metod_prils\pril3.htm,app/NPA5/prikaz-33n/metod_prils/pril3.htm,100385,369747786,486bf3ff8173c80734b54a51bed8435f8722d8b7,b220a401df0ff0d31a31780db455d629f36ebb2cc310af486ef5fa244a45ab4f,2014-02-04T12:39:22+00:00,33685504,128
766,{app}\NPA5\prikaz-33n\metod_prils\pril4.htm,app/NPA5/prikaz-33n/metod_prils/pril4.htm,298745,369848171,9ad1fea401704002f7bbff55552b6be8b1b7b55f,d3067526499e97ff27ccb1e4c5e22f6643905453042919cb10e66879614336aa,2014-02-04T15:42:20+00:00,33685504,128
767,{app}\NPA5\prikaz-33n\metod_prils\pril5.htm,app/NPA5/prikaz-33n/metod_prils/pril5.htm,50112,370146916,edb106f1da270f991a082c08181df9f89fb23862,b9143ef810517ff5a11225743104797bdc37dd6a055e1548ed5cc6dd4b93ed89,2014-02-04T13:06:40+00:00,33685504,128
768,{app}\NPA5\prikaz-33n\metod_prils\pril6.htm,app/NPA5/prikaz-33n/metod_prils/pril6.htm,46106,370197028,77e7ea149a3c501d43d7d7fb1eba71ef577cbdd6,ce6c04af9d4f5bc1fa345bd8b76fabe800074278b4072b248128ff512671fce3,2014-02-04T13:10:14+00:00,33685504,128
769,{app}\NPA5\prikaz-33n\metod_prils\pril7.htm,app/NPA5/prikaz-33n/metod_prils/pril7.htm,71708,370243134,44881029f2490385058125c71ea8d85ef36c1ba5,8b5759ecdc9abdc114a6083e93efa1cf67f746b638e04815d24a096cb2008970,2014-02-04T14:23:00+00:00,33685504,128
770,{app}\NPA5\prikaz-33n\metod_prils\pril8.htm,app/NPA5/prikaz-33n/metod_prils/pril8.htm,34454,370314842,dbfd9563734dc4522b8cc190ae27e7fa1ae95254,4d89d9c4a17a139639c2a20eaca75651b06fc089281a8d05084d880f04cf9354,2014-02-04T13:14:54+00:00,33685504,128
771,{app}\NPA5\prikaz-33n\metod_prils\pril9.htm,app/NPA5/prikaz-33n/metod_prils/pril9.htm,75452,370349296,be02ff87c14715c2b9ba221931f271fb3037e1d9,7af11c02216bc4402f0ca13a6d9223c59be0b5af4d0b6d8e360445f139230b86,2015-02-12T17:01:32+00:00,33685504,128
772,{app}\NPA5\prikaz-33n\metod_prils\pril9.files\filelist.xml,app/NPA5/prikaz-33n/metod_prils/pril9.files/filelist.xml,195,370424748,2e9ac702e9d4d47e6e74632f1febeccceb31b89b,1d441254ddf26291dff6ad81072bc3bd0eb2f938eaec45ffebe27751ca9cb628,2015-02-12T17:01:32+00:00,33685504,128
773,{app}\NPA5\prikaz-33n\metod_prils\pril9.files\image001.wmz,app/NPA5/prikaz-33n/metod_prils/pril9.files/image001.wmz,444,370424943,10a0c6a3ce99a6e6691b44c13564b3fbd8cabb15,f4f6bfb526ca4d47bd9a72035b61f02193d76a7ad5988cbcde0c7cccdc5d8638,2015-02-12T17:01:32+00:00,33685504,128
774,{app}\NPA5\prikaz-33n\metod_prils\pril9.files\image002.gif,app/NPA5/prikaz-33n/metod_prils/pril9.files/image002.gif,141,370425387,ba204dd6cef65707ca219601bc61c2d9d2a87689,9a4c660990be8e4721d9311b16ab1db6600efc8b0e0f1de0949e31e9c47e65cb,2015-02-12T17:01:32+00:00,33685504,128
775,{app}\NPA5\prikaz-436n\prikaz436n.htm,app/NPA5/prikaz-436n/prikaz436n.htm,17294,370425528,9e99cabe5fb7ce8028d28b7172d78896c9ee67e7,bae576652711dc91a23a060087175c3b6107cbae16b718b8708e94018319e841,2014-09-08T11:54:00+00:00,33685504,128
776,{app}\NPA5\prikaz_102n\prikaz_102n.htm,app/NPA5/prikaz_102n/prikaz_102n.htm,21803,370442822,d03b6f581a16c9240943eeab5c9d2205ba751594,7001705bbb4afea5425ae44b62be2657026abc059a99e4e5d33572d17c3828c4,2015-07-06T13:35:32+00:00,33685504,128
777,{app}\NPA5\prikaz_186n\prikaz_186n.htm,app/NPA5/prikaz_186n/prikaz_186n.htm,21586,370464625,0d96dcb9c40cd7cac17d08ac7d45d0cc898aa6e4,3fe4a6dd3e86f579729d509a9ca88e5fcac481486320732c91cc656eee2d7973,2025-09-01T12:08:26+00:00,33685504,128
778,{app}\NPA5\prikaz_187n\prikaz_187n.htm,app/NPA5/prikaz_187n/prikaz_187n.htm,24021,370486211,cc5d51921551603b35f26ab700dc7f59ab94e6f2,ac58c75b5cfb203c4d99a3986806f67e93b86464a8d900216ee782c6c8642efa,2025-09-01T12:35:00+00:00,33685504,128
779,{app}\NPA5\prikaz_188n\prikaz_188n.htm,app/NPA5/prikaz_188n/prikaz_188n.htm,15401,370510232,a0ea52a597698b83c77e3ac52aabd2b979ccc1dc,413d7028144e5276405cb4e4fadf6c163c285ef55782417ab3e98b2094d612d8,2025-09-01T15:39:50+00:00,33685504,128
780,{app}\NPA5\prikaz_189n\prikaz_189n.htm,app/NPA5/prikaz_189n/prikaz_189n.htm,23634,370525633,62997f84dbc744398a9496347e070bba22b8aa32,1d004a6cbabb6a2041eaa8d919b545dfbad52758aefdecaec6155c5a821ac621,2025-09-01T11:27:50+00:00,33685504,128
781,{app}\NPA5\prikaz_191n\prikaz_191n.htm,app/NPA5/prikaz_191n/prikaz_191n.htm,29330,370549267,16a0e892a772fee536dc36e744db48c931a32b9f,d8c64474fd0f08c10b5cf9496ddaab1db71db0196b64d13e5e6556a3f4ffdb6d,2025-09-01T16:26:50+00:00,33685504,128
782,{app}\NPA5\prikaz_192n\prikaz_192n.htm,app/NPA5/prikaz_192n/prikaz_192n.htm,20382,370578597,6a4c4ac38ed4e9d3fc2c5bd2627a1d1272796318,ef73f4cd988adfa93d3046103d5fe3d758a1ca21c160df120bd74b42be38d4a3,2025-09-02T08:57:04+00:00,33685504,128
783,{app}\NPA5\prikaz_197n\prikaz_197n.htm,app/NPA5/prikaz_197n/prikaz_197n.htm,46490,370598979,424431d7091aaaed8f74fe9784ccaccef69351ac,fd817cac53678f8e3164e615c43528fc0138e1ebf9098cbaf5fbe282e23b28c9,2025-08-28T11:44:30+00:00,33685504,128
784,{app}\NPA5\prikaz_198n\prikaz_198n.htm,app/NPA5/prikaz_198n/prikaz_198n.htm,77519,370645469,c0ab42990447db553ba120ead0b5f7cff5698b90,96077ff07b5c4cdf3af948265c0f52a2a9c40716b0d569762dc8c1b6839c7059,2025-09-02T11:27:34+00:00,33685504,128
785,{app}\NPA5\prikaz_250n\prikaz_250n.htm,app/NPA5/prikaz_250n/prikaz_250n.htm,54923,370722988,2b9366cafe08defc6f775040237df061ac9d650f,30f3a8c7562a3d0837c682f923d78188e535256a18815a9b0d260ef90c1d852b,2017-09-18T14:14:32+00:00,33685504,128
786,{app}\NPA5\prikaz_255n\prikaz_255n.htm,app/NPA5/prikaz_255n/prikaz_255n.htm,30992,370777911,faa4437416ab5fc242fa3265290b96497f775175,fd66015c3436a64b824952ad4e8194cdb00e514f2b3144614b713eddac11b1b4,2025-05-21T10:25:52+00:00,33685504,128
787,{app}\NPA5\prikaz_301n\prikaz_301n.htm,app/NPA5/prikaz_301n/prikaz_301n.htm,25760,370808903,c9cce637530f76636873ec7b3b85a089b937b69c,f82c6f2a7572002dab4c225d1a65d94f0ec1e629930a28b4ab1c0a397b4da7dc,2015-06-22T11:10:34+00:00,33685504,128
788,{app}\NPA5\prikaz_301n\prikaz_301n.files\image001.gif,app/NPA5/prikaz_301n/prikaz_301n.files/image001.gif,141,370834663,ba204dd6cef65707ca219601bc61c2d9d2a87689,9a4c660990be8e4721d9311b16ab1db6600efc8b0e0f1de0949e31e9c47e65cb,2015-06-22T11:10:34+00:00,33685504,128
789,{app}\NPA5\prikaz_309n\post_85.htm,app/NPA5/prikaz_309n/post_85.htm,11683,370834804,71194007235e2f4949c660b017a6a8e70550c05e,d29073d2b30936de06e14db0beea5e72db699d30d2d90f2f36ff27b792bfb778,2023-08-08T11:31:00+00:00,33685504,128
790,{app}\NPA5\prikaz_309n\prikaz_309n.htm,app/NPA5/prikaz_309n/prikaz_309n.htm,15662,370846487,93863aca2860cd8d536772115adf714219956865,9aa96eb982b27c0b7735416388f0412fe970d9eaba3c40d1d82645661e6141d7,2023-08-08T11:31:24+00:00,33685504,128
791,{app}\NPA5\prikaz_335n\prikaz_335n.htm,app/NPA5/prikaz_335n/prikaz_335n.htm,21875,370862149,14e0829c62c711a443df94596547ec830aec4ac3,5cba46e47033f63ff13ea6128c0bf6f10b10d1d28e6fce76376320553796596b,2015-08-31T16:49:32+00:00,33685504,128
792,{app}\NPA5\prikaz_406n\prikaz_406n.htm,app/NPA5/prikaz_406n/prikaz_406n.htm,36685,370884024,6370747fd7758c9ebc2753428fb4d56a45c370c5,ff97cc20ce68b09619ee459a0952053438cd07f809406ec1ab27c6c415654268,2022-02-22T08:46:34+00:00,33685504,128
793,{app}\NPA5\prikaz_433n\prikaz_433n.htm,app/NPA5/prikaz_433n/prikaz_433n.htm,33420,370920709,7a62d9b2cfad9133406b32192f1a64d201e39672,7d53b68b7527888f0eb7cf294cc386a31b1375a60a4ce77e4fd394dfa1943ef4,2018-08-20T15:47:52+00:00,33685504,128
794,{app}\NPA5\prikaz_46n\prikaz_46n.htm,app/NPA5/prikaz_46n/prikaz_46n.htm,23573,370954129,bcb2d5b7d2081da79e00d929a4d8b303be55b100,cb9d9b364037b08daf9181a8d6959166adfcf81dc20c5fca5ae8dd956faa7372,2018-05-30T08:48:56+00:00,33685504,128
795,{app}\NPA5\prikaz_46n\prikaz_46n.files\image001.gif,app/NPA5/prikaz_46n/prikaz_46n.files/image001.gif,94,370977702,ae9d7a1bbcfe44d6d5c819a978102eceff3ec890,966113c479619b0f3188f3042fe9c3b645c2d73b1de30c716bc2bb3e9b884643,2018-05-30T08:48:56+00:00,33685504,128
796,{app}\NPA5\prikaz_46n\prikaz_46n.files\image002.gif,app/NPA5/prikaz_46n/prikaz_46n.files/image002.gif,99,370977796,7861d2314cd75965eab9b48a1764b4c9439a1cb3,b80bcd2e39286a60ae2324f34da2fa39e8f2c3cba96ed69727a5beae9e6775d8,2018-05-30T08:48:56+00:00,33685504,128
797,{app}\NPA5\prikaz_46n\prikaz_46n.files\image003.gif,app/NPA5/prikaz_46n/prikaz_46n.files/image003.gif,98,370977895,2858a543c02cefa0c302d63fe48f346e2d043c97,c174f4002f83e87be75ebac83ebb5c1153393218f363f697b6ab98ad58ae125c,2018-05-30T08:48:56+00:00,33685504,128
798,{app}\NPA5\prikaz_46n\prikaz_46n.files\image004.gif,app/NPA5/prikaz_46n/prikaz_46n.files/image004.gif,99,370977993,ce9a1080d25d4dda9560bca97cc2ad6b66fc387e,c13dee395daa848410a823d83cc045d1197c301bf8081b039e6318bf0c53a752,2018-05-30T08:48:56+00:00,33685504,128
799,{app}\NPA5\prikaz_46n\prikaz_46n.files\image005.gif,app/NPA5/prikaz_46n/prikaz_46n.files/image005.gif,96,370978092,5da4c0e41722936e8e9bcbe31707e0275a5535ff,ee8384142a011303ce397ad3004edae28c27f23ccb29079e0e607b357ebf2019,2018-05-30T08:48:56+00:00,33685504,128
800,{app}\NPA5\prikaz_46n\prikaz_46n.files\image006.gif,app/NPA5/prikaz_46n/prikaz_46n.files/image006.gif,100,370978188,3942b0dca0501d9c29379608fb5276e457cbc91e,307da0dae30452b2cd1128980cdbcff539bb3056949fee059e0dccfcd7d00c5e,2018-05-30T08:48:56+00:00,33685504,128
801,{app}\NPA5\prikaz_543n\prikaz_543n.htm,app/NPA5/prikaz_543n/prikaz_543n.htm,19894,370978288,8006bc3cf631e3cded3b5998357a864a78977aac,80ba526bcbdd098bfa08d6a4a98e63eabba1e8ea7bad6cd42e95afa526a718e8,2018-01-12T16:51:48+00:00,33685504,128
802,{app}\NPA5\prikaz_664n\prikaz_664n.htm,app/NPA5/prikaz_664n/prikaz_664n.htm,19176,370998182,ca6d27f25c44d80752ffdb3109c834872cecc803,036d31acd121bb11ccb1423e7cb8c5b6377e1e30c039898ea08c70b0f95ffe1d,2022-08-11T11:34:48+00:00,33685504,128
803,{app}\NPA5\prikaz_80n\prikaz_80n.htm,app/NPA5/prikaz_80n/prikaz_80n.htm,33570,371017358,e721e9be715f3b1f2bb3512aaad3597453a5103d,da53de7b1ebbd103e5e68cd7822b32fa2a688fae2b91cb9c7d8f2954a4c3d439,2017-02-14T09:14:40+00:00,33685504,128
804,{app}\NPA5\prikaz_882n\prikaz_882n.htm,app/NPA5/prikaz_882n/prikaz_882n.htm,15512,371050928,2090aa4ce8302672d9a01533150fe72d2126051c,f42f718689f3813684cec5640c186b081cb79a767810ffb4d5faef58a8729875,2015-02-03T13:37:36+00:00,33685504,128
805,{app}\NPA5\prikaz_96n\prikaz_96n.htm,app/NPA5/prikaz_96n/prikaz_96n.htm,30586,371066440,8d00f35a0ea9c016df71a0655fbd035d2ec63a9a,93b47742b2d1be1976411f60e8cb5731eb8d2d97f9c026b46664d8a89ced8025,2015-08-10T15:51:36+00:00,33685504,128
806,{app}\NPA5\prikaz_976n\prikaz_976n.htm,app/NPA5/prikaz_976n/prikaz_976n.htm,91492,371097026,daaae4bb57e0bc44d84af2d8a87f0fe1b1df6cdb,e37417001c9e62e5a85875ec4abd26ed07431a0c3efb2abf0609b6c46cd8c36f,2017-02-14T09:19:54+00:00,33685504,128
807,{app}\NPA5\prikaz_976n\prikaz_976n.files\image001.gif,app/NPA5/prikaz_976n/prikaz_976n.files/image001.gif,887,371188518,afd71466560b3c5c71d2540db78f1acf1fae092a,4631fc843baf42b8965210c5e0947759fc4ca4913b36d3dd5887f45d46f36fee,2015-05-21T13:06:08+00:00,33685504,128
808,{app}\NPA5\prikaz_976n\prikaz_976n.files\image002.gif,app/NPA5/prikaz_976n/prikaz_976n.files/image002.gif,882,371189405,a648442296311417a60b98a7d31051464a8bb24d,1099646404a981c5be25cc04bb0dc61b7c0b396a78b337152b8afed3117e57c4,2015-05-21T13:06:08+00:00,33685504,128
809,{app}\NPA5\prikaz_976n\prikaz_976n.files\image003.gif,app/NPA5/prikaz_976n/prikaz_976n.files/image003.gif,879,371190287,fe1c1696b859caafa270af660ed3cb4710576be2,6aa76aeb2ba541ed2e0da6bd24ecbbf7dc626449fbc7590cf3924d744b3db5d2,2015-05-21T13:06:08+00:00,33685504,128
810,{app}\NPA5\prikaz_976n\prikaz_976n.files\image004.gif,app/NPA5/prikaz_976n/prikaz_976n.files/image004.gif,880,371191166,d2e4adc834ed5605e959cd463bd61347af779310,fd361e98c56851e0268af439770f628ae328bd3080a009d4e46b8f180509ec73,2015-05-21T13:06:08+00:00,33685504,128
811,{app}\NPA5\prikaz_976n\prikaz_976n.files\image005.gif,app/NPA5/prikaz_976n/prikaz_976n.files/image005.gif,887,371192046,afd71466560b3c5c71d2540db78f1acf1fae092a,4631fc843baf42b8965210c5e0947759fc4ca4913b36d3dd5887f45d46f36fee,2015-05-21T13:06:08+00:00,33685504,128
812,{app}\NPA5\prikaz_976n\prikaz_976n.files\image006.gif,app/NPA5/prikaz_976n/prikaz_976n.files/image006.gif,879,371192933,7e4f7368d745d83e93f8dd5efa2f58ca9631ec69,0a655d0f93c8ba0a4db7def22b0acce227e379756ceb27b90fa44e83ff94c187,2015-05-21T13:06:08+00:00,33685504,128
813,{app}\NPA5\prikaz_976n\prikaz_976n.files\image007.gif,app/NPA5/prikaz_976n/prikaz_976n.files/image007.gif,883,371193812,774a17b579a94eed4370423d6e4bcb0aca84042a,54a0612c4a6392e166c5d778600657306e9e4af2ee3144e02790121d24ae7c0b,2015-05-21T13:06:08+00:00,33685504,128
814,{app}\NPA5\prikaz_976n\prikaz_976n.files\image008.gif,app/NPA5/prikaz_976n/prikaz_976n.files/image008.gif,889,371194695,c69a7756cbf629fc34c3b18e63e25821490cb20d,f4b0460152a4652e7be1cab23b6a5b39ddd24f1642295212a66acaf6cfc81b2c,2015-05-21T13:06:08+00:00,33685504,128
815,{app}\NPA5\prikaz_976n\prikaz_976n.files\image009.gif,app/NPA5/prikaz_976n/prikaz_976n.files/image009.gif,879,371195584,92cb764ddaad3c2fc8f1d54d0d1de63e8fba8c49,8261ef031b8bfda3274aa916e5f9d059f4e07c0abb3b443c704c7fb73001fd12,2015-05-21T13:06:08+00:00,33685504,128
816,{app}\NPA5\prikaz_976n\prikaz_976n.files\image010.gif,app/NPA5/prikaz_976n/prikaz_976n.files/image010.gif,889,371196463,d54b4eafaf0061b800d4c16679f6dc8ee2c02873,67861585d47d9b48c7a1d45d9bc85386176d242d0771bb05dbd624c8920fb8c3,2015-05-21T13:06:08+00:00,33685504,128
817,{app}\NPA5\prikaz_976n\prikaz_976n.files\image011.gif,app/NPA5/prikaz_976n/prikaz_976n.files/image011.gif,889,371197352,c69a7756cbf629fc34c3b18e63e25821490cb20d,f4b0460152a4652e7be1cab23b6a5b39ddd24f1642295212a66acaf6cfc81b2c,2015-05-21T13:06:08+00:00,33685504,128
818,{app}\NPA5\prikaz_976n\prikaz_976n.files\image012.gif,app/NPA5/prikaz_976n/prikaz_976n.files/image012.gif,879,371198241,fe1c1696b859caafa270af660ed3cb4710576be2,6aa76aeb2ba541ed2e0da6bd24ecbbf7dc626449fbc7590cf3924d744b3db5d2,2015-05-21T13:06:08+00:00,33685504,128
819,{app}\NPA5\prikaz_976n\prikaz_976n.files\image013.gif,app/NPA5/prikaz_976n/prikaz_976n.files/image013.gif,879,371199120,7e4f7368d745d83e93f8dd5efa2f58ca9631ec69,0a655d0f93c8ba0a4db7def22b0acce227e379756ceb27b90fa44e83ff94c187,2015-05-21T13:06:08+00:00,33685504,128
820,{app}\NPA5\prikaz_976n\prikaz_976n.files\image014.gif,app/NPA5/prikaz_976n/prikaz_976n.files/image014.gif,879,371199999,92cb764ddaad3c2fc8f1d54d0d1de63e8fba8c49,8261ef031b8bfda3274aa916e5f9d059f4e07c0abb3b443c704c7fb73001fd12,2015-05-21T13:06:08+00:00,33685504,128
821,{app}\NPA5\prikaz_976n\prikaz_976n.files\image015.gif,app/NPA5/prikaz_976n/prikaz_976n.files/image015.gif,889,371200878,d54b4eafaf0061b800d4c16679f6dc8ee2c02873,67861585d47d9b48c7a1d45d9bc85386176d242d0771bb05dbd624c8920fb8c3,2015-05-21T13:06:08+00:00,33685504,128
822,{app}\NPA5\prikaz_996n\prikaz_996n.htm,app/NPA5/prikaz_996n/prikaz_996n.htm,107145,371201767,53dae251f36240a57f631a10e3b52a64b74433b9,7999387f912f62835e8108213c6152df1b697d3bd71fc78501c3c6b097811270,2020-04-07T12:52:28+00:00,33685504,128
823,{app}\NPA5\prikaz_996n\prikaz_996n.files\filelist.xml,app/NPA5/prikaz_996n/prikaz_996n.files/filelist.xml,167,371308912,43609f9962cb26b278e8a868a21a0edb4d08577a,811914a84e06484e8d611999281006189d63dc6ca9da664022eb550d0258355a,2020-04-07T12:52:28+00:00,33685504,128
824,{app}\NPA5\prikaz_996n\prikaz_996n.files\header.htm,app/NPA5/prikaz_996n/prikaz_996n.files/header.htm,693,371309079,59213d088090d4a9b630a2dcf70db88c7f28941b,8e46d90296132789a58090d7b75f357de715552143bb2199a99583828cbb6219,2020-04-07T12:52:28+00:00,33685504,128
825,{app}\NPA5\SanPin\biofactor.htm,app/NPA5/SanPin/biofactor.htm,6024,371309772,65604f8c64148ced8ea7049d211c7898e3fcc9f1,fa5d24b0774928dbf5b031b25e7c35339c7fd04f28923ddc6dff2a224e03e6aa,2015-02-17T09:43:50+00:00,33685504,128
826,{app}\NPA5\SanPin\Bullet7.gif,app/NPA5/SanPin/Bullet7.gif,140,371315796,feb31933a3e492293f142d6b4b4656765ea25625,d23eb0569fcb7ff5564cd0da66f35dedb9c609de7ecb8996440425c5b06af311,1997-10-09T00:00:00+00:00,33685504,128
827,{app}\NPA5\SanPin\САНИТАРНЫЕ.htm,app/NPA5/SanPin/САНИТАРНЫЕ.htm,20430,371315936,385cfcb8934de329e6637916d7b7e65ed072aaaf,0fa40e945e23cac733673819e2fe59ed13dfb71eb389e8e922cb3c8c25e5a4f3,2024-11-27T11:17:02+00:00,33685504,128
828,{app}\NPA5\SanPin\CH 4557-88\CH 4557-88.htm,app/NPA5/SanPin/CH 4557-88/CH 4557-88.htm,8418,371336366,88a166653471172b80597dd767f46bc05db105e2,0d1066e2b6939b0a4213c2f535a5085c88083730186ec9d8b6bffc03d49fef8a,2010-06-24T12:06:46+00:00,33685504,128
829,{app}\NPA5\SanPin\Sanshum\body.htm,app/NPA5/SanPin/Sanshum/body.htm,72113,371344784,ec9b6dfb23140b9f61088dddb610ec56607f1ff3,53ff2c9aeb557afa3e6930169a224c7385661c0beab838edebab22ec2dd04728,2005-04-11T17:40:32+00:00,33685504,128
830,{app}\NPA5\SanPin\Sanshum\Intro.htm,app/NPA5/SanPin/Sanshum/Intro.htm,10428,371416897,0b610a00ac3322c460bdb36e96e66e615bfe4ebc,02641c840583dbddb6685a564172378e43a48524a23ff0698e494b82cafe9d53,1998-03-29T17:18:46+00:00,33685504,128
831,{app}\NPA5\SanPin\Sanshum\body.files\filelist.xml,app/NPA5/SanPin/Sanshum/body.files/filelist.xml,160,371427325,d24c59480c4ee8227c224ac104183fa51f1cdf88,939b07209140601f8c4313096bf83946ac5d49a178dffd2137da09c6203e089d,1998-03-23T15:44:42+00:00,33685504,128
832,{app}\NPA5\SanPin\Sanshum\body.files\header.htm,app/NPA5/SanPin/Sanshum/body.files/header.htm,1426,371427485,89b07daffe8ce5c6558c6e0b478c4869897debef,b9d6ae95309a72e7fa78f6d4b6a963c7b964397d174baa3ed0634991b7a641a3,1998-03-23T15:44:42+00:00,33685504,128
833,{app}\NPA5\SanPin\Sanshum\Intro.files\filelist.xml,app/NPA5/SanPin/Sanshum/Intro.files/filelist.xml,195,371428911,9230f8d7d837d5ff1351d3a0fa0653e4ffa4f879,29708c335b64dadef346edaf08b1f9b7150e956228f3d4d46aeab2a6737f3ca5,1998-03-23T15:44:42+00:00,33685504,128
834,{app}\NPA5\SanPin\Sanshum\Intro.files\image001.jpg,app/NPA5/SanPin/Sanshum/Intro.files/image001.jpg,3260,371429106,9500774fa919a2318990129ae60a4c29c9816a21,fcb36a1ff2c610e368736c6f5bbc433a1848915b9536e29737ba1fcf2e3b3c4e,1998-03-23T15:44:42+00:00,33685504,128
835,{app}\NPA5\SanPin\Sanshum\Intro.files\image002.jpg,app/NPA5/SanPin/Sanshum/Intro.files/image002.jpg,3260,371432366,9500774fa919a2318990129ae60a4c29c9816a21,fcb36a1ff2c610e368736c6f5bbc433a1848915b9536e29737ba1fcf2e3b3c4e,1998-03-23T15:44:42+00:00,33685504,128
836,{app}\NPA5\SanPin\Sanvozd\Appendix.htm,app/NPA5/SanPin/Sanvozd/Appendix.htm,39576,371435626,ed9934103bfdea36bddff5b221b02d38985efa14,d385bff090678d0d7849b47459d56d7e72d4103c19587e9e32a848577e9dd05c,1998-04-07T10:33:58+00:00,33685504,128
837,{app}\NPA5\SanPin\Sanvozd\Body.htm,app/NPA5/SanPin/Sanvozd/Body.htm,39801,371475202,530f35892fc67f46541337fe3e3372bd9f0a2a1d,12cb6af8e208da49a2b338b9b4993626a393143bf1479799fae72442a6a79f65,2002-02-28T10:03:34+00:00,33685504,128
838,{app}\NPA5\SanPin\Sanvozd\Intro.htm,app/NPA5/SanPin/Sanvozd/Intro.htm,6579,371515003,59c41d2bc33e4ca3c4fc701da2ada1796c52115e,331705d66fd72ba53980459e1e3fcff6a60bb3f759eb037d6c0742063011020f,1998-03-29T17:19:56+00:00,33685504,128
839,{app}\NPA5\SanPin\Sanvozd\Law.htm,app/NPA5/SanPin/Sanvozd/Law.htm,5575,371521582,cb7eb17843ad27e40bc229c4ed9fe507d782b1fe,ad2c39b9f23add32d689651acb44f8f2e82461979c820178da55fa2a1fc723cf,1997-03-05T12:29:08+00:00,33685504,128
840,{app}\NPA5\SanPin\Sanvozd\Appendix.files\filelist.xml,app/NPA5/SanPin/Sanvozd/Appendix.files/filelist.xml,357,371527157,f39a79146a74161f6fd5fffb310d3071c1fd2637,5f054db1ce179533da83814bf6dc2bfcb47b4919ea5a2f2d098941a69b2967be,1998-04-07T10:33:58+00:00,33685504,128
841,{app}\NPA5\SanPin\Sanvozd\Appendix.files\image001.wmz,app/NPA5/SanPin/Sanvozd/Appendix.files/image001.wmz,456,371527514,5ddb2b945e8b2cb80250cdf975844acfafe263b6,9495131841dcefa3f98d831b205c6adfcf151a7f984264fdd50bb9911cfa97f8,1998-04-07T10:33:58+00:00,33685504,128
842,{app}\NPA5\SanPin\Sanvozd\Appendix.files\image002.gif,app/NPA5/SanPin/Sanvozd/Appendix.files/image002.gif,890,371527970,90ae9ff83859544ad3ee8dd5e90e521cf05fcc10,10ab14267aff0aec27b2a83a87e878cb68371a94f9b193fce3e4b1fa2b34b1a7,1998-04-07T10:33:58+00:00,33685504,128
843,{app}\NPA5\SanPin\Sanvozd\Appendix.files\image003.wmz,app/NPA5/SanPin/Sanvozd/Appendix.files/image003.wmz,245,371528860,f3da9892884f67a94306f912dc5ab73195b6b8ec,9062bb761469d39147efab3d6f7abd55ede3bec66ec8c902c43f36243dbc53c6,1998-04-07T10:33:58+00:00,33685504,128
844,{app}\NPA5\SanPin\Sanvozd\Appendix.files\image004.gif,app/NPA5/SanPin/Sanvozd/Appendix.files/image004.gif,172,371529105,cb5594d2e894763f5ceed186ec80d51a1fd795ea,d6972babde75f2f8d1fe9b9cc3b9f942e5277dc40efee737243e466d77e0b781,1998-04-07T10:33:58+00:00,33685504,128
845,{app}\NPA5\SanPin\Sanvozd\Appendix.files\image005.gif,app/NPA5/SanPin/Sanvozd/Appendix.files/image005.gif,172,371529277,cb5594d2e894763f5ceed186ec80d51a1fd795ea,d6972babde75f2f8d1fe9b9cc3b9f942e5277dc40efee737243e466d77e0b781,1998-04-07T10:33:58+00:00,33685504,128
846,{app}\NPA5\SanPin\Sanvozd\Appendix.files\image006.gif,app/NPA5/SanPin/Sanvozd/Appendix.files/image006.gif,172,371529449,cb5594d2e894763f5ceed186ec80d51a1fd795ea,d6972babde75f2f8d1fe9b9cc3b9f942e5277dc40efee737243e466d77e0b781,1998-04-07T10:33:58+00:00,33685504,128
847,{app}\NPA5\SanPin\Sanvozd\Body.files\filelist.xml,app/NPA5/SanPin/Sanvozd/Body.files/filelist.xml,162,371529621,da70d91498ced2ec663c01406333f537fc02e2c3,9e388885fd84dee30a8cab4e1580bea5d5afd600b699f2a7360a85cbd994c40f,1998-04-07T10:33:58+00:00,33685504,128
848,{app}\NPA5\SanPin\Spnrch\2.1.8.055-96.htm,app/NPA5/SanPin/Spnrch/2.1.8.055-96.htm,70015,371529783,8b0ac626abc6a5ba33cc507934fe2a576feb413c,668125c2805060c876cbe72b25c536ab6fd31bb4b7ab9d68ffecc7fc8d3fc2d0,2008-04-07T15:50:14+00:00,33685504,128
849,{app}\NPA5\SanPin\Spnrch\Spnrch1.gif,app/NPA5/SanPin/Spnrch/Spnrch1.gif,10024,371599798,30d6ac6abf4e2679242388dca78c0727413510cc,63ef14faecef511d25e51d2adbcfeb7aed9b05d705c91d93f23b72de0e564bca,2000-10-17T10:35:28+00:00,33685504,128
850,{app}\NPA5\SanPin\Spnrch\Spnrch2.gif,app/NPA5/SanPin/Spnrch/Spnrch2.gif,5842,371609822,aefc5db70400f36abc971764d601d159db443082,eaaa9065ec612286f3db8ed5d166fe14005a848a50c96c88f1381e32b76e7aaa,2000-10-17T10:45:32+00:00,33685504,128
851,{app}\NPA5\SanPin\Spnrch\Spnrch3.gif,app/NPA5/SanPin/Spnrch/Spnrch3.gif,874,371615664,0b44d194b9cf7cf54b04e568b4f007e0b68e73bd,5d8a9427a1146474e4ffb63f6b469f85a3a28ac8b08ec61d0e3031697ec17375,2000-10-17T10:50:48+00:00,33685504,128
852,{app}\NPA5\SanPin\ГН 2.2.5.1313-03\ГН 2.2.5.1313-03.htm,app/NPA5/SanPin/ГН 2.2.5.1313-03/ГН 2.2.5.1313-03.htm,1266637,371616538,1be8d5cab6cd7f96b3025552336bc0319260de76,6ce774980556756aeac09c89d2c0209dfb283066ee47c248735383a5453aabca,2013-11-18T12:14:20+00:00,33685504,128
853,{app}\NPA5\SanPin\ГН 2.2.5.1313-03\ГН 2.2.5.1313-03.files\image001.gif,app/NPA5/SanPin/ГН 2.2.5.1313-03/ГН 2.2.5.1313-03.files/image001.gif,382,372883175,8cdea1e4f3fa9be50b4f4410006d69aa456ce4dd,04ad664796284d8765de60b728ad26d26dc72ff8a9c9602f6954739ad190e035,2013-11-18T12:14:20+00:00,33685504,128
854,{app}\NPA5\SanPin\ГН 2.2.5.2308-07\ГН 2.2.5.2308-07.htm,app/NPA5/SanPin/ГН 2.2.5.2308-07/ГН 2.2.5.2308-07.htm,1741071,372883557,a2df8868db4e14adcbdde8e2f778a7e2a51d1968,b5eaca8ca71a455932f2c75c3f582e4e894887fca2e5c6878b89346829a922ec,2013-11-21T11:50:56+00:00,33685504,128
855,{app}\NPA5\SanPin\ГН 2.2.5.3532-18\ГН 2.2.5.3532-18.htm,app/NPA5/SanPin/ГН 2.2.5.3532-18/ГН 2.2.5.3532-18.htm,5430679,374624628,354d7721ebbc411ada7727dc27ab5ba5c2967e4a,0e602f13578fe4257f9e6a473dae9bf81600b0062b8fac4d6dc478c6da304c1a,2018-05-08T08:37:06+00:00,33685504,128
856,{app}\NPA5\SanPin\ГН 2.2.5.3532-18\ГН 2.2.5.3532-18.files\image001.gif,app/NPA5/SanPin/ГН 2.2.5.3532-18/ГН 2.2.5.3532-18.files/image001.gif,202,380055307,0a25f00f3de3e69946e6434ea08db718f47fc6e5,dfed2cff395b3b9e2cb7552f29dfe3d8cbd68c322197d298ec6a6bf32fbb1512,2018-05-08T08:36:54+00:00,33685504,128
857,{app}\NPA5\SanPin\ГН 2.2.5.3532-18\ГН 2.2.5.3532-18.files\image002.gif,app/NPA5/SanPin/ГН 2.2.5.3532-18/ГН 2.2.5.3532-18.files/image002.gif,148,380055509,e6e6c8c871094e314d5bd2c8d7ce2ae32b4b02b6,65e927544b6fc6f153a248c2d95dfd4ac763e3397d9940d5d6a5cd450992cf48,2018-05-08T08:36:54+00:00,33685504,128
858,{app}\NPA5\SanPin\ГН 2.2.5.3532-18\ГН 2.2.5.3532-18.files\image003.gif,app/NPA5/SanPin/ГН 2.2.5.3532-18/ГН 2.2.5.3532-18.files/image003.gif,220,380055657,e3a19f2c6a2ad07c4d51d440bdb9a887ed1ac316,7b2090e0d28f62fe53307cc1023434f02349695722bd8af7cbf420474ac95a42,2018-05-08T08:36:54+00:00,33685504,128
859,{app}\NPA5\SanPin\ГН 2.2.5.3532-18\ГН 2.2.5.3532-18.files\image004.gif,app/NPA5/SanPin/ГН 2.2.5.3532-18/ГН 2.2.5.3532-18.files/image004.gif,210,380055877,14b90c0efba6b079f53fd56f109191e8b204d87a,ab1b201b3f860c2774baab17c0751559825032302ebc0a2625fd70acde8d37bc,2018-05-08T08:36:56+00:00,33685504,128
860,{app}\NPA5\SanPin\ГН 2.2.5.3532-18\ГН 2.2.5.3532-18.files\image005.gif,app/NPA5/SanPin/ГН 2.2.5.3532-18/ГН 2.2.5.3532-18.files/image005.gif,115,380056087,862d5937161e32c41cec68fdffe08637859d9b72,793e49edc568d4b591767e991fee86e00761abdde74a9e463747392011d42502,2018-05-08T08:36:56+00:00,33685504,128
861,{app}\NPA5\SanPin\ГН 2.2.5.3532-18\ГН 2.2.5.3532-18.files\image006.gif,app/NPA5/SanPin/ГН 2.2.5.3532-18/ГН 2.2.5.3532-18.files/image006.gif,139,380056202,73e2f7992ba107ee58238554de7fa81f954d2e50,2b23a1fc78413930816556e2cbd0f7fa045875a9cbb13149c7905094ed57ae86,2018-05-08T08:36:56+00:00,33685504,128
862,{app}\NPA5\SanPin\ГН 2.2.5.3532-18\ГН 2.2.5.3532-18.files\image007.gif,app/NPA5/SanPin/ГН 2.2.5.3532-18/ГН 2.2.5.3532-18.files/image007.gif,209,380056341,a9ee4f45f2c1b1ed7c500157a15aea7ed184f994,aa2c886a04c0e89f85945ce1dd0dfbabb7e6b30406c156cca763784b13784d81,2018-05-08T08:36:58+00:00,33685504,128
863,{app}\NPA5\SanPin\ГН 2.2.5.3532-18\ГН 2.2.5.3532-18.files\image008.gif,app/NPA5/SanPin/ГН 2.2.5.3532-18/ГН 2.2.5.3532-18.files/image008.gif,159,380056550,f8812d2900838f3c8d7879cee74f126c03919fb1,a096b59c8e44fbba84f7f1d4066d74114d4c5c6ebc9db32c638b5eee1fe1140f,2018-05-08T08:36:58+00:00,33685504,128
864,{app}\NPA5\SanPin\ГН 2.2.5.3532-18\ГН 2.2.5.3532-18.files\image009.gif,app/NPA5/SanPin/ГН 2.2.5.3532-18/ГН 2.2.5.3532-18.files/image009.gif,224,380056709,9bec176fd029fb2eeeb2bcdc9f6728a11a809672,d081627d0405d63a9b936e8032db00d3f4cea430ba4ec3b9539b5374344ba134,2018-05-08T08:36:58+00:00,33685504,128
865,{app}\NPA5\SanPin\ГН 2.2.5.3532-18\ГН 2.2.5.3532-18.files\image010.gif,app/NPA5/SanPin/ГН 2.2.5.3532-18/ГН 2.2.5.3532-18.files/image010.gif,215,380056933,0625964d5a920581bc7ae72280593c3e094558d6,7d37dfbb3b2cdcdcc2740e1019718e76704b73edb2c0da30b70d92a58780bec4,2018-05-08T08:36:58+00:00,33685504,128
866,{app}\NPA5\SanPin\ГН 2.2.5.3532-18\ГН 2.2.5.3532-18.files\image011.gif,app/NPA5/SanPin/ГН 2.2.5.3532-18/ГН 2.2.5.3532-18.files/image011.gif,202,380057148,e36230819a4503f9a501868b62dd7e9003f61566,4f6267471d97694c04eddf48e0570ec895e656d82492a13f96693f41924c8c33,2018-05-08T08:36:58+00:00,33685504,128
867,{app}\NPA5\SanPin\ГН 2.2.5.3532-18\ГН 2.2.5.3532-18.files\image012.gif,app/NPA5/SanPin/ГН 2.2.5.3532-18/ГН 2.2.5.3532-18.files/image012.gif,205,380057350,aa3582750b5c4025e896428a1b6e69bec338a60a,f6da82539c3f591cc9bcf8180d6c769a89152e51d1db8efd6b3ee24645bfb88c,2018-05-08T08:37:00+00:00,33685504,128
868,{app}\NPA5\SanPin\ГН 2.2.5.3532-18\ГН 2.2.5.3532-18.files\image013.gif,app/NPA5/SanPin/ГН 2.2.5.3532-18/ГН 2.2.5.3532-18.files/image013.gif,217,380057555,840d269a9e2dce92d1f4e7168febf441b361d807,c5a337709fc40063cc486ca3be0577ddbeb684945e545c973c5b56028492d770,2018-05-08T08:37:00+00:00,33685504,128
869,{app}\NPA5\SanPin\ГН 2.2.5.3532-18\ГН 2.2.5.3532-18.files\image014.gif,app/NPA5/SanPin/ГН 2.2.5.3532-18/ГН 2.2.5.3532-18.files/image014.gif,230,380057772,c1515e0b30bccf1b9d8dc915dcf75b5f74894491,1425e1a8acfaef304f6e924e0460b637076a5b3e00a0ff8beeb095186b8577ab,2018-05-08T08:37:02+00:00,33685504,128
870,{app}\NPA5\SanPin\ГН 2.2.5.3532-18\ГН 2.2.5.3532-18.files\image015.gif,app/NPA5/SanPin/ГН 2.2.5.3532-18/ГН 2.2.5.3532-18.files/image015.gif,148,380058002,770e2cd7b80b241cd1ffd5c1d6d0506ecd7ae3e8,4296cc967d40273cecb4936adf015f6efe203d5485e0b893fa0eae79799bebba,2018-05-08T08:37:02+00:00,33685504,128
871,{app}\NPA5\SanPin\ГН 2.2.5.3532-18\ГН 2.2.5.3532-18.files\image016.gif,app/NPA5/SanPin/ГН 2.2.5.3532-18/ГН 2.2.5.3532-18.files/image016.gif,138,380058150,b37ce3ab95519f7f9adfd1f120b7934da4a24c6d,19895519044271ac5e89ccc97b9c2b64980d0767d38ed5745292a90638f4572c,2018-05-08T08:37:02+00:00,33685504,128
872,{app}\NPA5\SanPin\ГН 2.2.5.3532-18\ГН 2.2.5.3532-18.files\image017.gif,app/NPA5/SanPin/ГН 2.2.5.3532-18/ГН 2.2.5.3532-18.files/image017.gif,337,380058288,2566fbea3e51f2fe61f6c945ee39fe93f6f6d9fd,c62d4137d8e6c96bea9dd1a4617728f7941cb99754304996ada7b452ee0f9bc1,2018-05-08T08:37:04+00:00,33685504,128
873,{app}\NPA5\SanPin\ГН 2.2.5.3532-18\ГН 2.2.5.3532-18.files\image018.gif,app/NPA5/SanPin/ГН 2.2.5.3532-18/ГН 2.2.5.3532-18.files/image018.gif,277,380058625,53c41e6a8437a95ed10f550fc2ccca2a51537e34,9a10c7955c5b92910bc80ad473d7882360c5af5e942e40ebb84afb97529f831a,2018-05-08T08:37:06+00:00,33685504,128
874,{app}\NPA5\SanPin\ГН 2.2.6.1006-00\ГН 2.2.6.1006-00.htm,app/NPA5/SanPin/ГН 2.2.6.1006-00/ГН 2.2.6.1006-00.htm,16665,380058902,89d564968d72c4760108442dcde58a5ec5bf80d0,0ce48cab280206d6241b018a1a8c30fa6389b7811131e824cd66baf908d4c50e,2005-10-30T14:56:22+00:00,33685504,128
875,{app}\NPA5\SanPin\ГН 2.2.6.2178-07\ГН 2.2.6.2178-07.htm,app/NPA5/SanPin/ГН 2.2.6.2178-07/ГН 2.2.6.2178-07.htm,250303,380075567,c83c99cab16a377e3a888c2187624c0eeb4e309a,e7f9d889d6ffabb229495c73e722f192bcabbc0101a1b46418e5f530a1118bed,2014-01-10T13:57:06+00:00,33685504,128
876,{app}\NPA5\SanPin\ГН 2.2.6.709-98\ГН 2.2.6.709-98.htm,app/NPA5/SanPin/ГН 2.2.6.709-98/ГН 2.2.6.709-98.htm,114525,380325870,509fdf35d0688b5040affae98901699834ebdb08,4fed3bb9b3e12ae2282fbcc638436cd873f7f8e75c63e1c9bdaf765fc8d81eb0,2005-10-30T14:59:58+00:00,33685504,128
877,{app}\NPA5\SanPin\СанПиН  2.2.2.1332-03\СанПиН  2.2.2.1332-03.htm,app/NPA5/SanPin/СанПиН  2.2.2.1332-03/СанПиН  2.2.2.1332-03.htm,57630,380440395,261e79d40dc6f1c15368d1857bf20c11f39d30ec,3330292a5f540b9610d9b6917741797b5b78c464a46e1b482cfe78b543e804c0,2003-12-04T14:38:28+00:00,33685504,128
878,{app}\NPA5\SanPin\СанПиН 1.2.3685-21\СанПиН 1.2.3685-21-1-t1.1.htm,app/NPA5/SanPin/СанПиН 1.2.3685-21/СанПиН 1.2.3685-21-1-t1.1.htm,1779814,380498025,8408e7f49c0979a50f02eee05ed5a4fc0a636325,e471e5d440b9d99efa95101b20c4751b3e1b8b041d7710db081c0f531f63ed91,2021-02-18T14:33:58+00:00,33685504,128
879,{app}\NPA5\SanPin\СанПиН 1.2.3685-21\СанПиН 1.2.3685-21-1-t1.2.htm,app/NPA5/SanPin/СанПиН 1.2.3685-21/СанПиН 1.2.3685-21-1-t1.2.htm,2396374,382277839,c6cd5b93978a6152d4aea1a8171c6dab24414ceb,b66553d2e28443db34f28ccc859d4787c9fe4f9ab3fec32b463fb29914230a52,2021-02-18T15:16:22+00:00,33685504,128
880,{app}\NPA5\SanPin\СанПиН 1.2.3685-21\СанПиН 1.2.3685-21-1-t1.3-6.htm,app/NPA5/SanPin/СанПиН 1.2.3685-21/СанПиН 1.2.3685-21-1-t1.3-6.htm,54060,384674213,dbe855c0d9bdc2c1405e2772045602b86ecb4349,50b2071b74fcd3425b66293998ef66fc828947b6a6914724c32a6302f86fc09c,2021-02-18T15:15:18+00:00,33685504,128
881,{app}\NPA5\SanPin\СанПиН 1.2.3685-21\СанПиН 1.2.3685-21-1-t1.7-14.htm,app/NPA5/SanPin/СанПиН 1.2.3685-21/СанПиН 1.2.3685-21-1-t1.7-14.htm,256530,384728273,ae810c7f160cd34d41d8d099d1443a0ffa37fc5d,753eb73a895fee88c05910067fbe8c3d4ee6c4e6f8f80658767e289b90620986,2021-02-18T14:41:16+00:00,33685504,128
882,{app}\NPA5\SanPin\СанПиН 1.2.3685-21\СанПиН 1.2.3685-21-1-t2.1.htm,app/NPA5/SanPin/СанПиН 1.2.3685-21/СанПиН 1.2.3685-21-1-t2.1.htm,5425040,384984803,5d3b5b5f24f59c92bf9b4d3a1fa8e120980ddc1f,8288d25533adb3d984b86afdb581d4437110c085b0b9436c1f8ac29d875f8b25,2021-02-24T14:28:34+00:00,33685504,128
883,{app}\NPA5\SanPin\СанПиН 1.2.3685-21\СанПиН 1.2.3685-21-1-t2.2.htm,app/NPA5/SanPin/СанПиН 1.2.3685-21/СанПиН 1.2.3685-21-1-t2.2.htm,1080536,390409843,524286b041827230b7454398726bba054f709862,84a02c6bd5ec9434d6fb39915b61119d04032a01d2acf263573efb58452420e7,2021-02-24T14:29:02+00:00,33685504,128
884,{app}\NPA5\SanPin\СанПиН 1.2.3685-21\СанПиН 1.2.3685-21-1-t2.3-35.htm,app/NPA5/SanPin/СанПиН 1.2.3685-21/СанПиН 1.2.3685-21-1-t2.3-35.htm,699195,391490379,a90b6ed9c00d0adff14de1cf63d45c4608b0715c,203ca4b8484673c8bbb8f1cda42f041aff943f9c29a7ea2ecd17d9874435abd4,2025-09-15T11:25:36+00:00,33685504,128
885,{app}\NPA5\SanPin\СанПиН 1.2.3685-21\СанПиН 1.2.3685-21-3-t3.1-18.htm,app/NPA5/SanPin/СанПиН 1.2.3685-21/СанПиН 1.2.3685-21-3-t3.1-18.htm,3868219,392189574,4e0d0d6aabdec3fafd1e7641b75dbdd5f398a86e,8d2b692a9f0187dfa8f420af5b8ff541b9d6a3b264ace4f7d82c62d4d70f75a8,2025-09-15T11:28:08+00:00,33685504,128
886,{app}\NPA5\SanPin\СанПиН 1.2.3685-21\СанПиН 1.2.3685-21-4.htm,app/NPA5/SanPin/СанПиН 1.2.3685-21/СанПиН 1.2.3685-21-4.htm,248459,396057793,bfe6203389d15c310efc9ba8fdf36b7247109beb,e0a9afd0827ec3f80631eaf10a597b4945685958041b46e4ccffd0d4e7c1ea8f,2025-09-15T11:28:56+00:00,33685504,128
887,{app}\NPA5\SanPin\СанПиН 1.2.3685-21\СанПиН 1.2.3685-21-5.htm,app/NPA5/SanPin/СанПиН 1.2.3685-21/СанПиН 1.2.3685-21-5.htm,2814194,396306252,bc76055c00234934c3c35ad83635761e08a27eea,875efe4ca4d7dad6f63d8547f20e41a2fb5a78ba2e73364d52b5b79c914a45a0,2025-09-15T11:35:44+00:00,33685504,128
888,{app}\NPA5\SanPin\СанПиН 1.2.3685-21\СанПиН 1.2.3685-21-6.htm,app/NPA5/SanPin/СанПиН 1.2.3685-21/СанПиН 1.2.3685-21-6.htm,565113,399120446,333ac53b52f5b0f4e931aaf9252cde1e2569dfee,27c64201e40d2de357eaa0ec9b399a99e9cbc00428e231a6d8765dad38106e6d,2025-09-15T11:39:28+00:00,33685504,128
889,{app}\NPA5\SanPin\СанПиН 1.2.3685-21\СанПиН 1.2.3685-21-7.htm,app/NPA5/SanPin/СанПиН 1.2.3685-21/СанПиН 1.2.3685-21-7.htm,426686,399685559,c76c7d341f774ee38f9d6632f20ede56d5e3f92c,6458d5d14ccdf2d06d43f004d204686caa6d1bb88a2dd39a629af6c60877976f,2021-02-18T15:03:50+00:00,33685504,128
890,{app}\NPA5\SanPin\СанПиН 1.2.3685-21\СанПиН 1.2.3685-21-8.htm,app/NPA5/SanPin/СанПиН 1.2.3685-21/СанПиН 1.2.3685-21-8.htm,3751,400112245,553c5efcbf712d9470504ed3fbee8a819e6fb5d7,18e663d0a8a054c0021f8bdd857f37cccf79fb6ce4eb7a5c0452ccc448663ad8,2021-02-18T15:05:18+00:00,33685504,128
891,{app}\NPA5\SanPin\СанПиН 1.2.3685-21\СанПиН 1.2.3685-21-9.htm,app/NPA5/SanPin/СанПиН 1.2.3685-21/СанПиН 1.2.3685-21-9.htm,3095783,400115996,82162874e084297497f9bd47f0b4f08ef48f39d7,0d3b2c578f8a603ee8eda7b3f3e14d6c385ce38a2373fbe75f89bed6b9d41e2c,2025-09-15T11:17:06+00:00,33685504,128
892,{app}\NPA5\SanPin\СанПиН 1.2.3685-21\СанПиН 1.2.3685-21.htm,app/NPA5/SanPin/СанПиН 1.2.3685-21/СанПиН 1.2.3685-21.htm,60919,403211779,d0d4e736d9c6652cc06e28b143f1d96ba2ebef9d,0073a66dde42410a5128ab1c48ce4c4f805cca03b4dbd23610a395dabf0cd4e4,2025-09-15T11:41:14+00:00,33685504,128
893,{app}\NPA5\SanPin\СанПиН 1.2.3685-21\СанПиН 1.2.3685-21-1-t1.1.files\image001.gif,app/NPA5/SanPin/СанПиН 1.2.3685-21/СанПиН 1.2.3685-21-1-t1.1.files/image001.gif,263,403272698,453975f4fa6fa12aa2654dbf3580e04908780210,bd129a090dec04df454c693becf0d6b33117324624b9a227d32efa591b37f408,2021-02-18T14:33:54+00:00,33685504,128
894,{app}\NPA5\SanPin\СанПиН 1.2.3685-21\СанПиН 1.2.3685-21-1-t1.1.files\image002.gif,app/NPA5/SanPin/СанПиН 1.2.3685-21/СанПиН 1.2.3685-21-1-t1.1.files/image002.gif,301,403272961,5c06677181f238fb77ba599458ee2ec9f08855a9,474fa5797f81c662974609c3e4fbd972bef51d25b94d9f6844777882d55fa2bb,2021-02-18T14:33:54+00:00,33685504,128
895,{app}\NPA5\SanPin\СанПиН 1.2.3685-21\СанПиН 1.2.3685-21-1-t1.1.files\image003.gif,app/NPA5/SanPin/СанПиН 1.2.3685-21/СанПиН 1.2.3685-21-1-t1.1.files/image003.gif,279,403273262,cc8418066e9ef59c783814df9b55ef8d4876bed9,5e01e975cc3ad87b14f635640ec9348e3c659ecf4ab42bd9d1a3549af684e59b,2021-02-18T14:33:54+00:00,33685504,128
896,{app}\NPA5\SanPin\СанПиН 1.2.3685-21\СанПиН 1.2.3685-21-1-t1.1.files\image004.gif,app/NPA5/SanPin/СанПиН 1.2.3685-21/СанПиН 1.2.3685-21-1-t1.1.files/image004.gif,276,403273541,b9a55a265fbf188794969e66b399974d762b561e,7c2cb06792538aa73b1b46f7653507778d678e2a490ac4d7347c2e1192807e2e,2021-02-18T14:33:54+00:00,33685504,128
897,{app}\NPA5\SanPin\СанПиН 1.2.3685-21\СанПиН 1.2.3685-21-1-t1.1.files\image005.gif,app/NPA5/SanPin/СанПиН 1.2.3685-21/СанПиН 1.2.3685-21-1-t1.1.files/image005.gif,315,403273817,582c3b6025d7c8c72a386d172912cd1bcb74e197,da260d8ca80a98118805e45aa8546e877773c7fbb8b9f74daf79035c2dcd09b7,2021-02-18T14:33:54+00:00,33685504,128
898,{app}\NPA5\SanPin\СанПиН 1.2.3685-21\СанПиН 1.2.3685-21-1-t1.1.files\image006.gif,app/NPA5/SanPin/СанПиН 1.2.3685-21/СанПиН 1.2.3685-21-1-t1.1.files/image006.gif,363,403274132,dfb6c73fb7011d72c2bb370f896f210d38207d31,ff1cef03ed1001af17693be6f4a97c196e757446d1887d8f46b90a5d94411a61,2021-02-18T14:33:54+00:00,33685504,128
899,{app}\NPA5\SanPin\СанПиН 1.2.3685-21\СанПиН 1.2.3685-21-1-t1.1.files\image007.gif,app/NPA5/SanPin/СанПиН 1.2.3685-21/СанПиН 1.2.3685-21-1-t1.1.files/image007.gif,473,403274495,e93d483053ce3861207363b6d55fe82209c14bbe,7441824afb0e4f993612177cb2e8f43cec0fb3bfb1cae2fd49e048191c2f736b,2021-02-18T14:33:54+00:00,33685504,128
900,{app}\NPA5\SanPin\СанПиН 1.2.3685-21\СанПиН 1.2.3685-21-1-t1.1.files\image008.gif,app/NPA5/SanPin/СанПиН 1.2.3685-21/СанПиН 1.2.3685-21-1-t1.1.files/image008.gif,218,403274968,5b075729fcdabd990e4316bc4a3aa19f1da2f5aa,9a3a48007e74d595ee4c944a31f36d540dab438539122834073efa80f65563c3,2021-02-18T14:33:54+00:00,33685504,128
901,{app}\NPA5\SanPin\СанПиН 1.2.3685-21\СанПиН 1.2.3685-21-1-t1.1.files\image009.gif,app/NPA5/SanPin/СанПиН 1.2.3685-21/СанПиН 1.2.3685-21-1-t1.1.files/image009.gif,232,403275186,e439c473762f12d769a0185afad174e6cd767aa0,2c37af49e3d120c1d078fa4feca735a00dc209878db829399db01fd1656a0599,2021-02-18T14:33:54+00:00,33685504,128
902,{app}\NPA5\SanPin\СанПиН 1.2.3685-21\СанПиН 1.2.3685-21-1-t1.1.files\image010.gif,app/NPA5/SanPin/СанПиН 1.2.3685-21/СанПиН 1.2.3685-21-1-t1.1.files/image010.gif,262,403275418,d1414f900638d46180277a6704d23a08140da05d,1c22172e891daab65555b6c2f734c2118c358fd5a2b4392a7647ea397aee1ca9,2021-02-18T14:33:54+00:00,33685504,128
903,{app}\NPA5\SanPin\СанПиН 1.2.3685-21\СанПиН 1.2.3685-21-1-t1.1.files\image011.gif,app/NPA5/SanPin/СанПиН 1.2.3685-21/СанПиН 1.2.3685-21-1-t1.1.files/image011.gif,298,403275680,05d7aa28acb6ce4939b69e6b0d90b6dee17de7e4,9b3abb172dbccbb3e6e7e84138bcce06547114173036721ed831ff0f4614f7cf,2021-02-18T14:33:54+00:00,33685504,128
904,{app}\NPA5\SanPin\СанПиН 1.2.3685-21\СанПиН 1.2.3685-21-1-t1.1.files\image012.gif,app/NPA5/SanPin/СанПиН 1.2.3685-21/СанПиН 1.2.3685-21-1-t1.1.files/image012.gif,261,403275978,27010ef8377610fef4ed10be7130d2522092f2c9,57244ac24f1898d0fd862ae252d52ca3ae0952c2eca99806021fc7315e64370c,2021-02-18T14:33:54+00:00,33685504,128
905,{app}\NPA5\SanPin\СанПиН 1.2.3685-21\СанПиН 1.2.3685-21-1-t1.1.files\image013.gif,app/NPA5/SanPin/СанПиН 1.2.3685-21/СанПиН 1.2.3685-21-1-t1.1.files/image013.gif,300,403276239,29dc5735043795dcb77386a3b6fe95d1fc6f164f,4ec0e71d469d7e3368cabbebad6dbe1438385dd5f04cce6899ef6935c695f89a,2021-02-18T14:33:54+00:00,33685504,128
906,{app}\NPA5\SanPin\СанПиН 1.2.3685-21\СанПиН 1.2.3685-21-1-t1.1.files\image014.gif,app/NPA5/SanPin/СанПиН 1.2.3685-21/СанПиН 1.2.3685-21-1-t1.1.files/image014.gif,278,403276539,978aa173362efd717c48e54097084ea968f19354,55db060b5522cb94a1ec63e7d44a4cf2758d6b8f8b10edad80ca89d3cd3e145a,2021-02-18T14:33:54+00:00,33685504,128
907,{app}\NPA5\SanPin\СанПиН 1.2.3685-21\СанПиН 1.2.3685-21-1-t1.1.files\image015.gif,app/NPA5/SanPin/СанПиН 1.2.3685-21/СанПиН 1.2.3685-21-1-t1.1.files/image015.gif,323,403276817,c89ba7c1a8cda98096500a0dc24422ce20d9ef50,6232b256059920b7b0352b7db0a94bf4711662406b8b0f2fead42331d4d76cf8,2021-02-18T14:33:54+00:00,33685504,128
908,{app}\NPA5\SanPin\СанПиН 1.2.3685-21\СанПиН 1.2.3685-21-1-t1.1.files\image016.gif,app/NPA5/SanPin/СанПиН 1.2.3685-21/СанПиН 1.2.3685-21-1-t1.1.files/image016.gif,216,403277140,b371260eb93ce3019eae448716e28870046faf49,800256debc1b03c24e58cdb951afdbaf6963bfa04dcf6c40919f40639eeb78a2,2021-02-18T14:33:56+00:00,33685504,128
909,{app}\NPA5\SanPin\СанПиН 1.2.3685-21\СанПиН 1.2.3685-21-1-t1.1.files\image017.gif,app/NPA5/SanPin/СанПиН 1.2.3685-21/СанПиН 1.2.3685-21-1-t1.1.files/image017.gif,1046,403277356,c6f5cd0cd75fd063dfd72fd44bfc049789bc8dd6,5b62f9ded0fe85cffff61c7daa8777a08cf98e45d00b4cbdc0f5b4110b5adf43,2021-02-18T14:33:58+00:00,33685504,128
910,{app}\NPA5\SanPin\СанПиН 1.2.3685-21\СанПиН 1.2.3685-21-1-t1.1.files\image018.gif,app/NPA5/SanPin/СанПиН 1.2.3685-21/СанПиН 1.2.3685-21-1-t1.1.files/image018.gif,394,403278402,cd6ae488822ef86bd2ed639b4389f38478e4190f,4de2a56f6c90399218200c02c95d4923cb8a4bc98e22e40f9f356ac0e6c66cdc,2021-02-18T14:33:58+00:00,33685504,128
911,{app}\NPA5\SanPin\СанПиН 1.2.3685-21\СанПиН 1.2.3685-21-1-t1.1.files\image019.gif,app/NPA5/SanPin/СанПиН 1.2.3685-21/СанПиН 1.2.3685-21-1-t1.1.files/image019.gif,308,403278796,4b9a36c3c0db863d66466c8481bcc8876e0fb535,96df2b8325c08002327f1a354a60837c90639e609d4650fd13fa7c336e36a985,2021-02-18T14:33:58+00:00,33685504,128
912,{app}\NPA5\SanPin\СанПиН 1.2.3685-21\СанПиН 1.2.3685-21-1-t1.2.files\image001.gif,app/NPA5/SanPin/СанПиН 1.2.3685-21/СанПиН 1.2.3685-21-1-t1.2.files/image001.gif,216,403279104,b371260eb93ce3019eae448716e28870046faf49,800256debc1b03c24e58cdb951afdbaf6963bfa04dcf6c40919f40639eeb78a2,2021-02-18T14:36:52+00:00,33685504,128
913,{app}\NPA5\SanPin\СанПиН 1.2.3685-21\СанПиН 1.2.3685-21-1-t1.2.files\image002.gif,app/NPA5/SanPin/СанПиН 1.2.3685-21/СанПиН 1.2.3685-21-1-t1.2.files/image002.gif,232,403279320,e439c473762f12d769a0185afad174e6cd767aa0,2c37af49e3d120c1d078fa4feca735a00dc209878db829399db01fd1656a0599,2021-02-18T14:36:52+00:00,33685504,128
914,{app}\NPA5\SanPin\СанПиН 1.2.3685-21\СанПиН 1.2.3685-21-1-t1.2.files\image003.gif,app/NPA5/SanPin/СанПиН 1.2.3685-21/СанПиН 1.2.3685-21-1-t1.2.files/image003.gif,216,403279552,c11f9cd9da33df6db3cdef0d804ade57bcd989e4,5cd540a371b23fa7c09609be7411c0277d9cc8d30251f6f99697c2ffa1dfbeb8,2021-02-18T14:36:54+00:00,33685504,128
915,{app}\NPA5\SanPin\СанПиН 1.2.3685-21\СанПиН 1.2.3685-21-1-t1.2.files\image004.gif,app/NPA5/SanPin/СанПиН 1.2.3685-21/СанПиН 1.2.3685-21-1-t1.2.files/image004.gif,234,403279768,156a50659a03747174cd46dc0768eb5b13829aaf,27d6146143c7d6710bb339c4ddd04196cdb823bc47303ee48edaa022d170d760,2021-02-18T14:36:54+00:00,33685504,128
916,{app}\NPA5\SanPin\СанПиН 1.2.3685-21\СанПиН 1.2.3685-21-1-t1.2.files\image005.gif,app/NPA5/SanPin/СанПиН 1.2.3685-21/СанПиН 1.2.3685-21-1-t1.2.files/image005.gif,220,403280002,6aa4592a239296d5742601c930e836328fbf1ca8,81201e9b66c35eb8ef3ac927aa11f94cf11156de7f5533e0fa11bc2df218d123,2021-02-18T14:36:54+00:00,33685504,128
917,{app}\NPA5\SanPin\СанПиН 1.2.3685-21\СанПиН 1.2.3685-21-1-t1.2.files\image006.gif,app/NPA5/SanPin/СанПиН 1.2.3685-21/СанПиН 1.2.3685-21-1-t1.2.files/image006.gif,261,403280222,268d2af7f4118719f7dbdd92093f82f2dbcf9801,7d122b7f1d2a763dd2cb68399af75987e8e9172d97488557443cd315e2982681,2021-02-18T14:36:54+00:00,33685504,128
918,{app}\NPA5\SanPin\СанПиН 1.2.3685-21\СанПиН 1.2.3685-21-1-t1.2.files\image007.gif,app/NPA5/SanPin/СанПиН 1.2.3685-21/СанПиН 1.2.3685-21-1-t1.2.files/image007.gif,291,403280483,260e0a49b83c44e1b952b682efc30240607379a0,062fbc79acdc6cff311922a9f2d88f5d5b3d49a2d45b296bdbb7c0d181bc35aa,2021-02-18T14:36:54+00:00,33685504,128
919,{app}\NPA5\SanPin\СанПиН 1.2.3685-21\СанПиН 1.2.3685-21-1-t1.2.files\image008.gif,app/NPA5/SanPin/СанПиН 1.2.3685-21/СанПиН 1.2.3685-21-1-t1.2.files/image008.gif,263,403280774,f932f3a1a0564ceb82336cb1fa85f0ccb1b09f94,da7a42dabe61b728b5dfbb91d8169d52d812320a6d17746d7a876e47564f4ec6,2021-02-18T14:36:54+00:00,33685504,128
920,{app}\NPA5\SanPin\СанПиН 1.2.3685-21\СанПиН 1.2.3685-21-1-t1.2.files\image009.gif,app/NPA5/SanPin/СанПиН 1.2.3685-21/СанПиН 1.2.3685-21-1-t1.2.files/image009.gif,338,403281037,58e28703a2379ae11046fceeab3efdd20c555a27,e648431d8f3ee8a870c8c6fd55ed6903f6f1ee8c1c5e7ed19bedefa3c70019f4,2021-02-18T14:36:54+00:00,33685504,128
921,{app}\NPA5\SanPin\СанПиН 1.2.3685-21\СанПиН 1.2.3685-21-1-t1.2.files\image010.gif,app/NPA5/SanPin/СанПиН 1.2.3685-21/СанПиН 1.2.3685-21-1-t1.2.files/image010.gif,336,403281375,0f57e38a6e5f7d39b40f72b22a60e2c167e5c434,0777de0da9c0961c8eee496b809da50518f101e4d2866ecc671b638367896ed0,2021-02-18T14:36:54+00:00,33685504,128
922,{app}\NPA5\SanPin\СанПиН 1.2.3685-21\СанПиН 1.2.3685-21-1-t1.2.files\image011.gif,app/NPA5/SanPin/СанПиН 1.2.3685-21/СанПиН 1.2.3685-21-1-t1.2.files/image011.gif,1245,403281711,755d589974c9ce0f902547825f4098a5ede736c3,4267bc708c022c24b85ca6b65f3d1c5df1860760ef759f72c5c3ef7498ab5bb6,2021-02-18T14:36:54+00:00,33685504,128
923,{app}\NPA5\SanPin\СанПиН 1.2.3685-21\СанПиН 1.2.3685-21-1-t1.2.files\image012.gif,app/NPA5/SanPin/СанПиН 1.2.3685-21/СанПиН 1.2.3685-21-1-t1.2.files/image012.gif,1318,403282956,e44dde5dd7ca05c54a7904570b0a73b43e039470,59823c957324b9c8f58e46f1b21c004f5f2c328535e87baf78f67605a6b4157c,2021-02-18T14:36:54+00:00,33685504,128
924,{app}\NPA5\SanPin\СанПиН 1.2.3685-21\СанПиН 1.2.3685-21-1-t1.2.files\image013.gif,app/NPA5/SanPin/СанПиН 1.2.3685-21/СанПиН 1.2.3685-21-1-t1.2.files/image013.gif,1325,403284274,1065014fb874f5ab27f31a691afb805de056d711,4e91103d4a59a8ac4de35b2d02a1e486c09a1387920cbc0fb9f88bc6eb1cc8cb,2021-02-18T14:36:56+00:00,33685504,128
925,{app}\NPA5\SanPin\СанПиН 1.2.3685-21\СанПиН 1.2.3685-21-1-t1.7-14.files\image001.gif,app/NPA5/SanPin/СанПиН 1.2.3685-21/СанПиН 1.2.3685-21-1-t1.7-14.files/image001.gif,594,403285599,db3dc596cc01dcf265ae5d883faa0415c7d16d0f,b3d45f311588eebab871bd2dbeca517465eec27f71d64a177e886e1cf6a7661f,2021-02-18T14:41:16+00:00,33685504,128
926,{app}\NPA5\SanPin\СанПиН 1.2.3685-21\СанПиН 1.2.3685-21-1-t1.7-14.files\image002.gif,app/NPA5/SanPin/СанПиН 1.2.3685-21/СанПиН 1.2.3685-21-1-t1.7-14.files/image002.gif,640,403286193,8e0ccb1eafa9c3b7f09b54801c9edf350a71d0e7,08c15d933909bb2718073e093bdc39b166db394cb0edc4ed2b4dae0c890a4dfa,2021-02-18T14:41:16+00:00,33685504,128
927,{app}\NPA5\SanPin\СанПиН 1.2.3685-21\СанПиН 1.2.3685-21-1-t1.7-14.files\image003.gif,app/NPA5/SanPin/СанПиН 1.2.3685-21/СанПиН 1.2.3685-21-1-t1.7-14.files/image003.gif,732,403286833,f6be1328c57c07205a332e84970078ecadb3220f,89abb3cc9ac9566985beffd020cbcba8a520761f74b57651ab857a03b3d50de5,2021-02-18T14:41:16+00:00,33685504,128
928,{app}\NPA5\SanPin\СанПиН 1.2.3685-21\СанПиН 1.2.3685-21-1-t1.7-14.files\image004.gif,app/NPA5/SanPin/СанПиН 1.2.3685-21/СанПиН 1.2.3685-21-1-t1.7-14.files/image004.gif,824,403287565,67e2812014f579511ca04886bf230f2982883fe4,c9de5c463c7ae9c457c00c4457b0068e9a6fdb29b298b0bc16600136c30add00,2021-02-18T14:41:16+00:00,33685504,128
929,{app}\NPA5\SanPin\СанПиН 1.2.3685-21\СанПиН 1.2.3685-21-1-t1.7-14.files\image005.gif,app/NPA5/SanPin/СанПиН 1.2.3685-21/СанПиН 1.2.3685-21-1-t1.7-14.files/image005.gif,581,403288389,1baa692dea28cc2b2cf4049c407d733d5b9c51d2,7bc3ecc6512b01ddbadfb39860c0305e8e57958ff2810fd52a8573c0d5be732a,2021-02-18T14:41:16+00:00,33685504,128
930,{app}\NPA5\SanPin\СанПиН 1.2.3685-21\СанПиН 1.2.3685-21-1-t1.7-14.files\image006.gif,app/NPA5/SanPin/СанПиН 1.2.3685-21/СанПиН 1.2.3685-21-1-t1.7-14.files/image006.gif,234,403288970,156a50659a03747174cd46dc0768eb5b13829aaf,27d6146143c7d6710bb339c4ddd04196cdb823bc47303ee48edaa022d170d760,2021-02-18T14:41:16+00:00,33685504,128
931,{app}\NPA5\SanPin\СанПиН 1.2.3685-21\СанПиН 1.2.3685-21-1-t2.1.files\image001.gif,app/NPA5/SanPin/СанПиН 1.2.3685-21/СанПиН 1.2.3685-21-1-t2.1.files/image001.gif,216,403289204,c11f9cd9da33df6db3cdef0d804ade57bcd989e4,5cd540a371b23fa7c09609be7411c0277d9cc8d30251f6f99697c2ffa1dfbeb8,2021-02-18T14:50:28+00:00,33685504,128
932,{app}\NPA5\SanPin\СанПиН 1.2.3685-21\СанПиН 1.2.3685-21-1-t2.1.files\image002.gif,app/NPA5/SanPin/СанПиН 1.2.3685-21/СанПиН 1.2.3685-21-1-t2.1.files/image002.gif,247,403289420,041b401a2d00bc8d7d0d9dbe3e075c0935548b96,fab530b24b20b493d0d32d9709f7f2c3b6e3f65671dfaad1e3501063efe0f3bd,2021-02-18T14:50:28+00:00,33685504,128
933,{app}\NPA5\SanPin\СанПиН 1.2.3685-21\СанПиН 1.2.3685-21-1-t2.1.files\image003.gif,app/NPA5/SanPin/СанПиН 1.2.3685-21/СанПиН 1.2.3685-21-1-t2.1.files/image003.gif,234,403289667,156a50659a03747174cd46dc0768eb5b13829aaf,27d6146143c7d6710bb339c4ddd04196cdb823bc47303ee48edaa022d170d760,2021-02-18T14:50:28+00:00,33685504,128
934,{app}\NPA5\SanPin\СанПиН 1.2.3685-21\СанПиН 1.2.3685-21-1-t2.1.files\image004.gif,app/NPA5/SanPin/СанПиН 1.2.3685-21/СанПиН 1.2.3685-21-1-t2.1.files/image004.gif,223,403289901,4c42358a10de6c033eb162ddfb6820342d2a591a,4178e1219bdd0ff8f2df571241dd99a45319f0a94b8b8f65c199fc5646c28a22,2021-02-18T14:50:30+00:00,33685504,128
935,{app}\NPA5\SanPin\СанПиН 1.2.3685-21\СанПиН 1.2.3685-21-1-t2.1.files\image005.gif,app/NPA5/SanPin/СанПиН 1.2.3685-21/СанПиН 1.2.3685-21-1-t2.1.files/image005.gif,202,403290124,c1fd011ea54a9287623a3a295f9268cf25e3f3f7,039bc438398421f58f2fea1e3b9dce4aa3c2f73915119fa0f972f4c5f9f67a39,2021-02-18T14:50:30+00:00,33685504,128
936,{app}\NPA5\SanPin\СанПиН 1.2.3685-21\СанПиН 1.2.3685-21-1-t2.1.files\image006.gif,app/NPA5/SanPin/СанПиН 1.2.3685-21/СанПиН 1.2.3685-21-1-t2.1.files/image006.gif,267,403290326,1b0421a0166b84073bfdfdd328a5ba9791ffcb8b,c8219560fdb7515a5cf086a6115e6bd29d1298144829dccbb36db73be8c39a9f,2021-02-18T14:50:32+00:00,33685504,128
937,{app}\NPA5\SanPin\СанПиН 1.2.3685-21\СанПиН 1.2.3685-21-1-t2.1.files\image007.gif,app/NPA5/SanPin/СанПиН 1.2.3685-21/СанПиН 1.2.3685-21-1-t2.1.files/image007.gif,280,403290593,d90518cfc1c5810efd5518c7b2f661cf54065cad,6adcdb033bf43e3da1b1696490287e9a5e81dbff8b87ac6a1cca76a0cc8703da,2021-02-18T14:50:32+00:00,33685504,128
938,{app}\NPA5\SanPin\СанПиН 1.2.3685-21\СанПиН 1.2.3685-21-1-t2.1.files\image008.gif,app/NPA5/SanPin/СанПиН 1.2.3685-21/СанПиН 1.2.3685-21-1-t2.1.files/image008.gif,234,403290873,b095398594d6a060f5e1dee35a22e599f43ad44b,41fc1d908ac0bb376b6e24b9220a0a48d58d9cf87330350e06780135d27d18f2,2021-02-18T14:50:32+00:00,33685504,128
939,{app}\NPA5\SanPin\СанПиН 1.2.3685-21\СанПиН 1.2.3685-21-1-t2.1.files\image009.gif,app/NPA5/SanPin/СанПиН 1.2.3685-21/СанПиН 1.2.3685-21-1-t2.1.files/image009.gif,408,403291107,5787ca8c4275a6d5a0949c39659d4c9caa74c825,85e42ec3cd47aa238b4416a9fdad47ddaeb1c26bd0afa9281e4d478582002ce9,2021-02-18T14:50:32+00:00,33685504,128
940,{app}\NPA5\SanPin\СанПиН 1.2.3685-21\СанПиН 1.2.3685-21-1-t2.1.files\image010.gif,app/NPA5/SanPin/СанПиН 1.2.3685-21/СанПиН 1.2.3685-21-1-t2.1.files/image010.gif,1064,403291515,d4f7bcd0364ec0b0af3c552eb55d5f09430b9ee1,c653369f2ea119bb0e7afdf612e9ab753276d73a8207a771e84a21bf4fb773fe,2021-02-18T14:50:32+00:00,33685504,128
941,{app}\NPA5\SanPin\СанПиН 1.2.3685-21\СанПиН 1.2.3685-21-1-t2.1.files\image011.gif,app/NPA5/SanPin/СанПиН 1.2.3685-21/СанПиН 1.2.3685-21-1-t2.1.files/image011.gif,1047,403292579,1221046455dcb1445625530ba90d2b56a671ba27,42d316e136171353dccd6ec1e04ed01bb6e1b9059939a2e8f0f7120bc8878f5a,2021-02-18T14:50:32+00:00,33685504,128
942,{app}\NPA5\SanPin\СанПиН 1.2.3685-21\СанПиН 1.2.3685-21-1-t2.1.files\image012.gif,app/NPA5/SanPin/СанПиН 1.2.3685-21/СанПиН 1.2.3685-21-1-t2.1.files/image012.gif,1035,403293626,bfab3a1fc04a433236d9bf8ed6ee8d4d97998fee,190447771cf85cb405607c1ef05454f3683339251a9e9d448fa2878e88f62000,2021-02-18T14:50:32+00:00,33685504,128
943,{app}\NPA5\SanPin\СанПиН 1.2.3685-21\СанПиН 1.2.3685-21-1-t2.1.files\image013.gif,app/NPA5/SanPin/СанПиН 1.2.3685-21/СанПиН 1.2.3685-21-1-t2.1.files/image013.gif,1023,403294661,8592fcbf8af221a338589dc6b81cb50260ff9c76,1457bce9b5bf57c04a2e3c49f37671f952af64a55f08687056f8beadd02b6da1,2021-02-18T14:50:32+00:00,33685504,128
944,{app}\NPA5\SanPin\СанПиН 1.2.3685-21\СанПиН 1.2.3685-21-1-t2.1.files\image014.gif,app/NPA5/SanPin/СанПиН 1.2.3685-21/СанПиН 1.2.3685-21-1-t2.1.files/image014.gif,1099,403295684,24e36a007cea14eaba4a27e7e6422bb0ace620d9,41ce5eddb1c052ecf7337d36af52ed945134df334274b6f9597fe7c56da2652f,2021-02-18T14:50:32+00:00,33685504,128
945,{app}\NPA5\SanPin\СанПиН 1.2.3685-21\СанПиН 1.2.3685-21-1-t2.1.files\image015.gif,app/NPA5/SanPin/СанПиН 1.2.3685-21/СанПиН 1.2.3685-21-1-t2.1.files/image015.gif,216,403296783,b371260eb93ce3019eae448716e28870046faf49,800256debc1b03c24e58cdb951afdbaf6963bfa04dcf6c40919f40639eeb78a2,2021-02-18T14:50:32+00:00,33685504,128
946,{app}\NPA5\SanPin\СанПиН 1.2.3685-21\СанПиН 1.2.3685-21-1-t2.1.files\image016.gif,app/NPA5/SanPin/СанПиН 1.2.3685-21/СанПиН 1.2.3685-21-1-t2.1.files/image016.gif,733,403296999,241a08d0bcfe45f3c36e6a147e429cfccdd23d16,5ffb2f026db8c62d71f941e9e6e76599f87609e1dd0f40e6fadc8f93118623ee,2021-02-18T14:50:32+00:00,33685504,128
947,{app}\NPA5\SanPin\СанПиН 1.2.3685-21\СанПиН 1.2.3685-21-1-t2.1.files\image017.gif,app/NPA5/SanPin/СанПиН 1.2.3685-21/СанПиН 1.2.3685-21-1-t2.1.files/image017.gif,1207,403297732,a2ca55a145e29f946cb6b7c32b0ddb3aff2b9276,2899c8636974c63b7cc433db00d84d0d8f0100bed14011a06db988602ef20635,2021-02-18T14:50:32+00:00,33685504,128
948,{app}\NPA5\SanPin\СанПиН 1.2.3685-21\СанПиН 1.2.3685-21-1-t2.1.files\image018.gif,app/NPA5/SanPin/СанПиН 1.2.3685-21/СанПиН 1.2.3685-21-1-t2.1.files/image018.gif,212,403298939,713124a6e72c2ef32a79085114bd3a7a275ae340,86bcf7b37d050e48c6de08ef8f58b788f0908fd346d81595fc827281c26c9170,2021-02-18T14:50:32+00:00,33685504,128
949,{app}\NPA5\SanPin\СанПиН 1.2.3685-21\СанПиН 1.2.3685-21-1-t2.1.files\image019.gif,app/NPA5/SanPin/СанПиН 1.2.3685-21/СанПиН 1.2.3685-21-1-t2.1.files/image019.gif,925,403299151,af6b0ca671320417e2e5a922e557b27ed5b1d108,db2f5d435d8c9a2721b0a54a98f176d444e6d4b908cadcd8331132b5e247e4e0,2021-02-18T14:50:32+00:00,33685504,128
950,{app}\NPA5\SanPin\СанПиН 1.2.3685-21\СанПиН 1.2.3685-21-1-t2.1.files\image020.gif,app/NPA5/SanPin/СанПиН 1.2.3685-21/СанПиН 1.2.3685-21-1-t2.1.files/image020.gif,621,403300076,4429db5e97d25da4918f61a0e5a184c84904bdc9,b326a0cd74d573d50c6602dc20fe5946a6fc7c72ce25ba5153ff247d3c146607,2021-02-18T14:50:32+00:00,33685504,128
951,{app}\NPA5\SanPin\СанПиН 1.2.3685-21\СанПиН 1.2.3685-21-1-t2.1.files\image021.gif,app/NPA5/SanPin/СанПиН 1.2.3685-21/СанПиН 1.2.3685-21-1-t2.1.files/image021.gif,1308,403300697,3ba3e0a0f82ad9bf3f0d13a6811e9ca184779fee,a8ee81b4ee8a06d1eac41cb27cb6b57c13898e59a704c1f5005e739653ed7132,2021-02-18T14:50:32+00:00,33685504,128
952,{app}\NPA5\SanPin\СанПиН 1.2.3685-21\СанПиН 1.2.3685-21-1-t2.1.files\image022.gif,app/NPA5/SanPin/СанПиН 1.2.3685-21/СанПиН 1.2.3685-21-1-t2.1.files/image022.gif,272,403302005,383de112e02b478c39664e43a4430843d5d5fc0d,39d14f7070e7ef8e40d7852dc3e78535523e118357bc9b6f1247f2a1943459e9,2021-02-18T14:50:32+00:00,33685504,128
953,{app}\NPA5\SanPin\СанПиН 1.2.3685-21\СанПиН 1.2.3685-21-1-t2.1.files\image023.gif,app/NPA5/SanPin/СанПиН 1.2.3685-21/СанПиН 1.2.3685-21-1-t2.1.files/image023.gif,1317,403302277,3a71a23f5e751ec3859f6fbaf12479f0633609cf,e8075856893784a825d50e0901983ab516eb243209a646cd54df6cc4ebc9c06d,2021-02-18T14:50:34+00:00,33685504,128
954,{app}\NPA5\SanPin\СанПиН 1.2.3685-21\СанПиН 1.2.3685-21-1-t2.1.files\image024.gif,app/NPA5/SanPin/СанПиН 1.2.3685-21/СанПиН 1.2.3685-21-1-t2.1.files/image024.gif,1019,403303594,2264b7119a8ab8c615bf6e11a10479bf5a9ce446,d4f922feea0fd096bcf74f8843d8b9a5f0cc0d95fa3aa331bdaf3dbdcc5ddb01,2021-02-18T14:50:34+00:00,33685504,128
955,{app}\NPA5\SanPin\СанПиН 1.2.3685-21\СанПиН 1.2.3685-21-1-t2.1.files\image025.gif,app/NPA5/SanPin/СанПиН 1.2.3685-21/СанПиН 1.2.3685-21-1-t2.1.files/image025.gif,835,403304613,52044e00d673e4a5a2fa07597d94d5b07612da2a,c9597e7c5814f09f4529b221a2b81dbb68498bf44f0fb93637cfabe3f45bd15e,2021-02-18T14:50:34+00:00,33685504,128
956,{app}\NPA5\SanPin\СанПиН 1.2.3685-21\СанПиН 1.2.3685-21-1-t2.1.files\image026.gif,app/NPA5/SanPin/СанПиН 1.2.3685-21/СанПиН 1.2.3685-21-1-t2.1.files/image026.gif,1084,403305448,73cd4bb1427849d9d577df5f1545823d435963f1,8747685bb2d8130276988c2270ac13ad00609149ff32a4428a672fd7791ebf5b,2021-02-18T14:50:34+00:00,33685504,128
957,{app}\NPA5\SanPin\СанПиН 1.2.3685-21\СанПиН 1.2.3685-21-1-t2.1.files\image027.gif,app/NPA5/SanPin/СанПиН 1.2.3685-21/СанПиН 1.2.3685-21-1-t2.1.files/image027.gif,521,403306532,5eba37b878442b8cae72319075efe1bfef3d3aec,175b0b8e76ea43d676e38fb616513cd6268c8efd5464306d4f3e32672b63d7be,2021-02-18T14:50:34+00:00,33685504,128
958,{app}\NPA5\SanPin\СанПиН 1.2.3685-21\СанПиН 1.2.3685-21-1-t2.1.files\image028.gif,app/NPA5/SanPin/СанПиН 1.2.3685-21/СанПиН 1.2.3685-21-1-t2.1.files/image028.gif,579,403307053,fea0e5c34b8f12ea83703f8416befd4338967f3a,bfb6ee9c3177547c2a27ed3d1d6c72d3c57ec4b0daf0e4154960c09b15915863,2021-02-18T14:50:34+00:00,33685504,128
959,{app}\NPA5\SanPin\СанПиН 1.2.3685-21\СанПиН 1.2.3685-21-1-t2.1.files\image029.gif,app/NPA5/SanPin/СанПиН 1.2.3685-21/СанПиН 1.2.3685-21-1-t2.1.files/image029.gif,1036,403307632,dbb98ee1199a41ec6b30542da2f6a66e9ebd9038,5877e029e54ef27f6730d28cf68e6bef5c0de50d6b6b3ae4113dd79e21122334,2021-02-18T14:50:34+00:00,33685504,128
960,{app}\NPA5\SanPin\СанПиН 1.2.3685-21\СанПиН 1.2.3685-21-1-t2.1.files\image030.gif,app/NPA5/SanPin/СанПиН 1.2.3685-21/СанПиН 1.2.3685-21-1-t2.1.files/image030.gif,798,403308668,b942f069b16721b18ecd7102cbee5dcbe44b40dd,cbf115c4597cf9daf1d5dd70ea201a58ce9a8c588db6294591b7a7bc09681301,2021-02-18T14:50:36+00:00,33685504,128
961,{app}\NPA5\SanPin\СанПиН 1.2.3685-21\СанПиН 1.2.3685-21-1-t2.1.files\image031.gif,app/NPA5/SanPin/СанПиН 1.2.3685-21/СанПиН 1.2.3685-21-1-t2.1.files/image031.gif,830,403309466,76ca0ad16f88950bbcd9d090916085b5e20752c2,1894fd1fa70a21b755ecd83b0c0d90683323919c975d2488398c38300be2335f,2021-02-18T14:50:36+00:00,33685504,128
962,{app}\NPA5\SanPin\СанПиН 1.2.3685-21\СанПиН 1.2.3685-21-1-t2.1.files\image032.gif,app/NPA5/SanPin/СанПиН 1.2.3685-21/СанПиН 1.2.3685-21-1-t2.1.files/image032.gif,1221,403310296,879898a0dad3811ce9eb141bbd3a586a014a633c,28fe44ee04842bd78dfa2204b01dab2668ccbb1ad636d08ac7d6ea99a67ea7ef,2021-02-18T14:50:36+00:00,33685504,128
963,{app}\NPA5\SanPin\СанПиН 1.2.3685-21\СанПиН 1.2.3685-21-1-t2.1.files\image033.gif,app/NPA5/SanPin/СанПиН 1.2.3685-21/СанПиН 1.2.3685-21-1-t2.1.files/image033.gif,1145,403311517,5d593456bdf8d5f19fb0ed113156e14990927402,8345718845e5e99ce27924bd8c315c55ad81b3352675ad55fe407650e7782f53,2021-02-18T14:50:36+00:00,33685504,128
964,{app}\NPA5\SanPin\СанПиН 1.2.3685-21\СанПиН 1.2.3685-21-1-t2.1.files\image034.gif,app/NPA5/SanPin/СанПиН 1.2.3685-21/СанПиН 1.2.3685-21-1-t2.1.files/image034.gif,1154,403312662,b980c8d04842b0d04c67db55812c8f8797087aae,ac9883a965a4e51b186970f70c5f90669f7c5cbdb6cd4baa0f329ae142a937c4,2021-02-18T14:50:36+00:00,33685504,128
965,{app}\NPA5\SanPin\СанПиН 1.2.3685-21\СанПиН 1.2.3685-21-1-t2.1.files\image035.gif,app/NPA5/SanPin/СанПиН 1.2.3685-21/СанПиН 1.2.3685-21-1-t2.1.files/image035.gif,1155,403313816,1c3850123c31484f4e4d164694787eff3768a863,3a0ba3a1d46d94229491e7b255766ca775e080fddfba7371e6e3f9be92b0943b,2021-02-18T14:50:36+00:00,33685504,128
966,{app}\NPA5\SanPin\СанПиН 1.2.3685-21\СанПиН 1.2.3685-21-1-t2.1.files\image036.gif,app/NPA5/SanPin/СанПиН 1.2.3685-21/СанПиН 1.2.3685-21-1-t2.1.files/image036.gif,598,403314971,74e7c94b76567ffc32efeaccf8e5375c308b888c,1be8d4a24061a047d45be1adec8622d8bb2d9a1dde5f288f8d87251bc8470812,2021-02-18T14:50:36+00:00,33685504,128
967,{app}\NPA5\SanPin\СанПиН 1.2.3685-21\СанПиН 1.2.3685-21-1-t2.1.files\image037.gif,app/NPA5/SanPin/СанПиН 1.2.3685-21/СанПиН 1.2.3685-21-1-t2.1.files/image037.gif,918,403315569,d20533c26688545f184284d2831cb63e300da07b,eb1b42db6a64a4fd53f7a3839b1f22e8502826d1e1810b1eb2d874b4a47e48a8,2021-02-18T14:50:36+00:00,33685504,128
968,{app}\NPA5\SanPin\СанПиН 1.2.3685-21\СанПиН 1.2.3685-21-1-t2.1.files\image038.gif,app/NPA5/SanPin/СанПиН 1.2.3685-21/СанПиН 1.2.3685-21-1-t2.1.files/image038.gif,928,403316487,de383cc735474b37960074605a1d9e62215e4517,4e56a9208a1961be70efd566a7a724b9fd721c3601b3cbcc66116da1c144dda4,2021-02-18T14:50:36+00:00,33685504,128
969,{app}\NPA5\SanPin\СанПиН 1.2.3685-21\СанПиН 1.2.3685-21-1-t2.1.files\image039.gif,app/NPA5/SanPin/СанПиН 1.2.3685-21/СанПиН 1.2.3685-21-1-t2.1.files/image039.gif,673,403317415,4d2e78f17ef3a31b3a6342e8f03089f9bf2a3976,7038bc93fd195ab7cc4d4222558f00675a35acf4f41d53e2d0da92498a03dd8c,2021-02-18T14:50:36+00:00,33685504,128
970,{app}\NPA5\SanPin\СанПиН 1.2.3685-21\СанПиН 1.2.3685-21-1-t2.1.files\image040.gif,app/NPA5/SanPin/СанПиН 1.2.3685-21/СанПиН 1.2.3685-21-1-t2.1.files/image040.gif,576,403318088,17e1fe3e7a42d42cafd947e8e26bccfd31b45080,39f50df26ddc0a92f3d35a8aba26d32d41a5ebe376e291f53a54b4ffe7232e3e,2021-02-18T14:50:36+00:00,33685504,128
971,{app}\NPA5\SanPin\СанПиН 1.2.3685-21\СанПиН 1.2.3685-21-1-t2.1.files\image041.gif,app/NPA5/SanPin/СанПиН 1.2.3685-21/СанПиН 1.2.3685-21-1-t2.1.files/image041.gif,598,403318664,2537d2985edcc52dc19c0372523b8e13ddb3ac49,3a0c0737619f1cf61cf294f1aef4443adc527a088eec9ae17316b5983874d902,2021-02-18T14:50:38+00:00,33685504,128
972,{app}\NPA5\SanPin\СанПиН 1.2.3685-21\СанПиН 1.2.3685-21-1-t2.1.files\image042.gif,app/NPA5/SanPin/СанПиН 1.2.3685-21/СанПиН 1.2.3685-21-1-t2.1.files/image042.gif,914,403319262,c3b0d0445ca8d537f17ed7c5ecc84bb41abdfd7b,7eff33a5556e21c68da65db42766fd718a598802f6807ec6e90b212d45c2976a,2021-02-18T14:50:38+00:00,33685504,128
973,{app}\NPA5\SanPin\СанПиН 1.2.3685-21\СанПиН 1.2.3685-21-1-t2.1.files\image043.gif,app/NPA5/SanPin/СанПиН 1.2.3685-21/СанПиН 1.2.3685-21-1-t2.1.files/image043.gif,1142,403320176,6d54fb4c4295b9425885bf06cba33b7276bd6812,0c34fca1f3d0169ae8c97ab794f1f5ac2e0c087d8a1259fd9e36e46f3b2292bb,2021-02-18T14:50:38+00:00,33685504,128
974,{app}\NPA5\SanPin\СанПиН 1.2.3685-21\СанПиН 1.2.3685-21-1-t2.1.files\image044.gif,app/NPA5/SanPin/СанПиН 1.2.3685-21/СанПиН 1.2.3685-21-1-t2.1.files/image044.gif,724,403321318,dce04a9a157eb7071fbbe4bc975254f4793f46b9,0441faccbef4fb255bc0c6d5c81446cc636a52039ab5198c8e10c39a84142407,2021-02-18T14:50:38+00:00,33685504,128
975,{app}\NPA5\SanPin\СанПиН 1.2.3685-21\СанПиН 1.2.3685-21-1-t2.1.files\image045.gif,app/NPA5/SanPin/СанПиН 1.2.3685-21/СанПиН 1.2.3685-21-1-t2.1.files/image045.gif,723,403322042,1a97431c3969fc35431f125e3e489198f84d57c8,07d24eacd7ac74791eb290b99c72166c3f3fe61ecd2266df154f1d4addac4267,2021-02-18T14:50:38+00:00,33685504,128
976,{app}\NPA5\SanPin\СанПиН 1.2.3685-21\СанПиН 1.2.3685-21-1-t2.1.files\image046.gif,app/NPA5/SanPin/СанПиН 1.2.3685-21/СанПиН 1.2.3685-21-1-t2.1.files/image046.gif,879,403322765,ac5f38fa1721c3f4d9d0821970cde929e798df8d,328dfa55c9ba28c6b606b748c28cbeac175436232987f131cf7019615f33ca20,2021-02-18T14:50:38+00:00,33685504,128
977,{app}\NPA5\SanPin\СанПиН 1.2.3685-21\СанПиН 1.2.3685-21-1-t2.1.files\image047.gif,app/NPA5/SanPin/СанПиН 1.2.3685-21/СанПиН 1.2.3685-21-1-t2.1.files/image047.gif,394,403323644,8d1e0763ee157b69613e4f55244b711b7208dd5c,ffbd611c0a7a33d8a2f8474a9fe371778b061f740d0e2b251b0b614732fb38a7,2021-02-18T14:50:38+00:00,33685504,128
978,{app}\NPA5\SanPin\СанПиН 1.2.3685-21\СанПиН 1.2.3685-21-1-t2.1.files\image048.gif,app/NPA5/SanPin/СанПиН 1.2.3685-21/СанПиН 1.2.3685-21-1-t2.1.files/image048.gif,363,403324038,087ad31ab3041fbb2daea3d0bee790a297607907,b03fdbd2edd0923f827358df064489e0b5398b2f6d4528ab9d7f521ed1944b04,2021-02-18T14:50:38+00:00,33685504,128
979,{app}\NPA5\SanPin\СанПиН 1.2.3685-21\СанПиН 1.2.3685-21-1-t2.1.files\image049.gif,app/NPA5/SanPin/СанПиН 1.2.3685-21/СанПиН 1.2.3685-21-1-t2.1.files/image049.gif,719,403324401,0c5af9f8525a34e5c6ff816c07bfeebfdff98e41,fca0ab6fa3cd49f4dcd1288b18b144d997608d41de8952d18422c369e31145f6,2021-02-18T14:50:38+00:00,33685504,128
980,{app}\NPA5\SanPin\СанПиН 1.2.3685-21\СанПиН 1.2.3685-21-1-t2.1.files\image050.gif,app/NPA5/SanPin/СанПиН 1.2.3685-21/СанПиН 1.2.3685-21-1-t2.1.files/image050.gif,1023,403325120,31f1d199b5f55c29811540256160580437136552,34031067a2fa8f8b52e2c4dc55e6387fd761db7bc4945dc6b7262eb55f105eb6,2021-02-18T14:50:40+00:00,33685504,128
981,{app}\NPA5\SanPin\СанПиН 1.2.3685-21\СанПиН 1.2.3685-21-1-t2.1.files\image051.gif,app/NPA5/SanPin/СанПиН 1.2.3685-21/СанПиН 1.2.3685-21-1-t2.1.files/image051.gif,1139,403326143,ee692a55549edb2f571d671e68696c2196ddce50,71a79a41675875ba19f332e8e913f541596fd0d94d7e2f53e20bdd4b6e19489e,2021-02-18T14:50:40+00:00,33685504,128
982,{app}\NPA5\SanPin\СанПиН 1.2.3685-21\СанПиН 1.2.3685-21-1-t2.1.files\image052.gif,app/NPA5/SanPin/СанПиН 1.2.3685-21/СанПиН 1.2.3685-21-1-t2.1.files/image052.gif,854,403327282,4a827f3786a7dd68e0a03fc56fe36ba46c69b337,2e8a92aefc0a040ed483201c9893724a58f6263553310baa2199ee061a28252a,2021-02-18T14:50:40+00:00,33685504,128
983,{app}\NPA5\SanPin\СанПиН 1.2.3685-21\СанПиН 1.2.3685-21-1-t2.1.files\image053.gif,app/NPA5/SanPin/СанПиН 1.2.3685-21/СанПиН 1.2.3685-21-1-t2.1.files/image053.gif,785,403328136,7b928b545713ab52f249ff1da00a5612b8a53107,7e18bc1d659cc21f67948803dab466d7ce14fe4483239aa0993fc5ca9cad373d,2021-02-18T14:50:40+00:00,33685504,128
984,{app}\NPA5\SanPin\СанПиН 1.2.3685-21\СанПиН 1.2.3685-21-1-t2.1.files\image054.gif,app/NPA5/SanPin/СанПиН 1.2.3685-21/СанПиН 1.2.3685-21-1-t2.1.files/image054.gif,805,403328921,5dee6860e3d5e38b83db41933fcfd7be66a391bd,b54aa77fa01cc185dfb53b018f5ab5e5b50d7339fc3f44d2770aee0f25d1dcbf,2021-02-18T14:50:40+00:00,33685504,128
985,{app}\NPA5\SanPin\СанПиН 1.2.3685-21\СанПиН 1.2.3685-21-1-t2.1.files\image055.gif,app/NPA5/SanPin/СанПиН 1.2.3685-21/СанПиН 1.2.3685-21-1-t2.1.files/image055.gif,805,403329726,1c69822c7a16ab9306d076d35762c3ec3a4021c0,7bf40a3dbda8412c9f00227d8feba1dea35ee12208d3141c0c34584e83d6d808,2021-02-18T14:50:40+00:00,33685504,128
986,{app}\NPA5\SanPin\СанПиН 1.2.3685-21\СанПиН 1.2.3685-21-1-t2.1.files\image056.gif,app/NPA5/SanPin/СанПиН 1.2.3685-21/СанПиН 1.2.3685-21-1-t2.1.files/image056.gif,637,403330531,c70bd24538dd79e6f5433df26519ca890a5fd602,a4f45c6346d7db7787d9ec97d864eb1836d45ed8b2e39bab82d57efdd8d2b927,2021-02-18T14:50:40+00:00,33685504,128
987,{app}\NPA5\SanPin\СанПиН 1.2.3685-21\СанПиН 1.2.3685-21-1-t2.1.files\image057.gif,app/NPA5/SanPin/СанПиН 1.2.3685-21/СанПиН 1.2.3685-21-1-t2.1.files/image057.gif,1127,403331168,da67aebb02fada91c4d78aed92f906d29a47f767,d576197b9a36fdb903cd4f5ad2841a6c37a570b66271bb712eb47c8462a1d416,2021-02-18T14:50:40+00:00,33685504,128
988,{app}\NPA5\SanPin\СанПиН 1.2.3685-21\СанПиН 1.2.3685-21-1-t2.1.files\image058.gif,app/NPA5/SanPin/СанПиН 1.2.3685-21/СанПиН 1.2.3685-21-1-t2.1.files/image058.gif,1106,403332295,43ee2a7d5c3742939da814c4c6c37ae0689bf4ed,925b0a9963c1ae0b6ff45cd39356bb66ea7dc16d7f63597dbe0959a946c1cdcc,2021-02-18T14:50:40+00:00,33685504,128
989,{app}\NPA5\SanPin\СанПиН 1.2.3685-21\СанПиН 1.2.3685-21-1-t2.1.files\image059.gif,app/NPA5/SanPin/СанПиН 1.2.3685-21/СанПиН 1.2.3685-21-1-t2.1.files/image059.gif,1196,403333401,e35597b80b94adb46507cd450e515c733009f7d6,b5e02507e49ccc8282afd2636e5484c2a8fa4634aa86d40e896bfb43959bb1b1,2021-02-18T14:50:40+00:00,33685504,128
990,{app}\NPA5\SanPin\СанПиН 1.2.3685-21\СанПиН 1.2.3685-21-1-t2.1.files\image060.gif,app/NPA5/SanPin/СанПиН 1.2.3685-21/СанПиН 1.2.3685-21-1-t2.1.files/image060.gif,1045,403334597,82559e1f8ae79b20ab9c098ceff0cab046403c09,84c4b948e1a21759ad668ba26a43bad7f4261b740af288b1769aa0836da83c00,2021-02-18T14:50:40+00:00,33685504,128
991,{app}\NPA5\SanPin\СанПиН 1.2.3685-21\СанПиН 1.2.3685-21-1-t2.1.files\image061.gif,app/NPA5/SanPin/СанПиН 1.2.3685-21/СанПиН 1.2.3685-21-1-t2.1.files/image061.gif,916,403335642,87424ab1c5744bb198ed8ea68d8413938bf2bce6,50acf55580b43ecd8dca4cb3738599c8518b3b274c7f831b03435d801be58953,2021-02-18T14:50:40+00:00,33685504,128
992,{app}\NPA5\SanPin\СанПиН 1.2.3685-21\СанПиН 1.2.3685-21-1-t2.1.files\image062.gif,app/NPA5/SanPin/СанПиН 1.2.3685-21/СанПиН 1.2.3685-21-1-t2.1.files/image062.gif,1237,403336558,d9503e50e15fd14dedb5554707a17813724056fb,5db772151ff314d32c01a079b9ce26063dc21ae10a54d92b792821d91ae53a10,2021-02-18T14:50:40+00:00,33685504,128
993,{app}\NPA5\SanPin\СанПиН 1.2.3685-21\СанПиН 1.2.3685-21-1-t2.1.files\image063.gif,app/NPA5/SanPin/СанПиН 1.2.3685-21/СанПиН 1.2.3685-21-1-t2.1.files/image063.gif,321,403337795,9b07b3087c80b203a8e68e99f0110b15e4901ec6,6acbbaa871e563596d96f42e5e052cedcf66a97f010ceffae065ff76999a0f78,2021-02-18T14:50:40+00:00,33685504,128
994,{app}\NPA5\SanPin\СанПиН 1.2.3685-21\СанПиН 1.2.3685-21-1-t2.1.files\image064.gif,app/NPA5/SanPin/СанПиН 1.2.3685-21/СанПиН 1.2.3685-21-1-t2.1.files/image064.gif,1282,403338116,1482865ce7370df5f2a7f3e22592b8f13af73b38,1ed5471872d1a0f86b34c420202332b9f8d2300580b90574310123ec903c98d7,2021-02-18T14:50:40+00:00,33685504,128
995,{app}\NPA5\SanPin\СанПиН 1.2.3685-21\СанПиН 1.2.3685-21-1-t2.1.files\image065.gif,app/NPA5/SanPin/СанПиН 1.2.3685-21/СанПиН 1.2.3685-21-1-t2.1.files/image065.gif,865,403339398,d16e8621f776856e5d2df92267445e3192472284,5d6eb089384748f0807aae79e81767b43ebf94f44c975c28dfc413ebbc0ea884,2021-02-18T14:50:40+00:00,33685504,128
996,{app}\NPA5\SanPin\СанПиН 1.2.3685-21\СанПиН 1.2.3685-21-1-t2.1.files\image066.gif,app/NPA5/SanPin/СанПиН 1.2.3685-21/СанПиН 1.2.3685-21-1-t2.1.files/image066.gif,996,403340263,61e49602b4a4ec6f4e21ab455087361bf5f68e7f,b2052b25237bff94a50ec6f2e85a0b14dcb1b2455d7178d28c0c605569c6784c,2021-02-18T14:50:40+00:00,33685504,128
997,{app}\NPA5\SanPin\СанПиН 1.2.3685-21\СанПиН 1.2.3685-21-1-t2.1.files\image067.gif,app/NPA5/SanPin/СанПиН 1.2.3685-21/СанПиН 1.2.3685-21-1-t2.1.files/image067.gif,232,403341259,e439c473762f12d769a0185afad174e6cd767aa0,2c37af49e3d120c1d078fa4feca735a00dc209878db829399db01fd1656a0599,2021-02-18T14:50:42+00:00,33685504,128
998,{app}\NPA5\SanPin\СанПиН 1.2.3685-21\СанПиН 1.2.3685-21-1-t2.2.files\image001.gif,app/NPA5/SanPin/СанПиН 1.2.3685-21/СанПиН 1.2.3685-21-1-t2.2.files/image001.gif,216,403341491,b371260eb93ce3019eae448716e28870046faf49,800256debc1b03c24e58cdb951afdbaf6963bfa04dcf6c40919f40639eeb78a2,2021-02-18T14:53:48+00:00,33685504,128
999,{app}\NPA5\SanPin\СанПиН 1.2.3685-21\СанПиН 1.2.3685-21-1-t2.2.files\image002.gif,app/NPA5/SanPin/СанПиН 1.2.3685-21/СанПиН 1.2.3685-21-1-t2.2.files/image002.gif,263,403341707,453975f4fa6fa12aa2654dbf3580e04908780210,bd129a090dec04df454c693becf0d6b33117324624b9a227d32efa591b37f408,2021-02-18T14:53:48+00:00,33685504,128
1000,{app}\NPA5\SanPin\СанПиН 1.2.3685-21\СанПиН 1.2.3685-21-1-t2.2.files\image003.gif,app/NPA5/SanPin/СанПиН 1.2.3685-21/СанПиН 1.2.3685-21-1-t2.2.files/image003.gif,319,403341970,f05cffec75e580d306418aff12debd3d4c71cd4a,6f4236a17079565c64e6ee6b7e1d700c114ff0c5683ad044276236974cf9ee95,2021-02-18T14:53:48+00:00,33685504,128
1001,{app}\NPA5\SanPin\СанПиН 1.2.3685-21\СанПиН 1.2.3685-21-1-t2.2.files\image004.gif,app/NPA5/SanPin/СанПиН 1.2.3685-21/СанПиН 1.2.3685-21-1-t2.2.files/image004.gif,324,403342289,58f6986ed090fa9a7f4c46ba0458feb34ebc27ba,8171e7f49e30e59d4efe603c6dd57ea24b11d247c6235a838055eb2a1a980691,2021-02-18T14:53:48+00:00,33685504,128
1002,{app}\NPA5\SanPin\СанПиН 1.2.3685-21\СанПиН 1.2.3685-21-1-t2.3-35.files\filelist.xml,app/NPA5/SanPin/СанПиН 1.2.3685-21/СанПиН 1.2.3685-21-1-t2.3-35.files/filelist.xml,258,403342613,a38965ee6f2e3c681110cc609f8cc49d5f530b0b,63c78742bc6752f2ae4897127fbe487db3fd6d43e2188481dacc11d94b1e9eef,2025-09-15T11:25:36+00:00,33685504,128
1003,{app}\NPA5\SanPin\СанПиН 1.2.3685-21\СанПиН 1.2.3685-21-1-t2.3-35.files\image001.gif,app/NPA5/SanPin/СанПиН 1.2.3685-21/СанПиН 1.2.3685-21-1-t2.3-35.files/image001.gif,216,403342871,b371260eb93ce3019eae448716e28870046faf49,800256debc1b03c24e58cdb951afdbaf6963bfa04dcf6c40919f40639eeb78a2,2021-02-18T14:55:30+00:00,33685504,128
1004,{app}\NPA5\SanPin\СанПиН 1.2.3685-21\СанПиН 1.2.3685-21-1-t2.3-35.files\image002.gif,app/NPA5/SanPin/СанПиН 1.2.3685-21/СанПиН 1.2.3685-21-1-t2.3-35.files/image002.gif,241,403343087,29a8ffe975758e8739bd43d3393ac581a7775111,37bc5b9e88a4e73538d7d1f20555cb8183368a8ef639044985e0ed233ab14284,2025-09-15T11:23:20+00:00,33685504,128
1005,{app}\NPA5\SanPin\СанПиН 1.2.3685-21\СанПиН 1.2.3685-21-1-t2.3-35.files\image003.gif,app/NPA5/SanPin/СанПиН 1.2.3685-21/СанПиН 1.2.3685-21-1-t2.3-35.files/image003.gif,635,403343328,f1c5107412634dfcaef5b6bfb9bc4cd2e0259319,b32322faf115bf4973797c5cb16421d9d2d87755a6afd389505bb621ab494b29,2021-02-18T14:55:30+00:00,33685504,128
1006,{app}\NPA5\SanPin\СанПиН 1.2.3685-21\СанПиН 1.2.3685-21-1-t2.3-35.files\image004.gif,app/NPA5/SanPin/СанПиН 1.2.3685-21/СанПиН 1.2.3685-21-1-t2.3-35.files/image004.gif,652,403343963,322c37934d9419d9501eca63d23c3a1768776d79,e4a481dfd29c5ddce5772808f7fed3a93f44ae669cfc35c22eb8f2e6e06537d9,2021-02-18T14:55:30+00:00,33685504,128
1007,{app}\NPA5\SanPin\СанПиН 1.2.3685-21\СанПиН 1.2.3685-21-1-t2.3-35.files\image005.gif,app/NPA5/SanPin/СанПиН 1.2.3685-21/СанПиН 1.2.3685-21-1-t2.3-35.files/image005.gif,721,403344615,85b471df2aa60c43230dbd5321eb90c9c2a7551d,624963c60ab450af4f3a7fe210d6ef065fa90fd58c7610ff73f236f9b52e8707,2021-02-18T14:55:30+00:00,33685504,128
1008,{app}\NPA5\SanPin\СанПиН 1.2.3685-21\СанПиН 1.2.3685-21-1-t2.3-35.files\image006.gif,app/NPA5/SanPin/СанПиН 1.2.3685-21/СанПиН 1.2.3685-21-1-t2.3-35.files/image006.gif,765,403345336,42ab3e4e6a4aa028ff51baa6460d394ad096390f,c003a6268cd3de905925f4adb7185396fab953aff51a19a7eb65d97ae7db1d48,2021-02-18T14:55:30+00:00,33685504,128
1009,{app}\NPA5\SanPin\СанПиН 1.2.3685-21\СанПиН 1.2.3685-21-1-t2.3-35.files\image007.gif,app/NPA5/SanPin/СанПиН 1.2.3685-21/СанПиН 1.2.3685-21-1-t2.3-35.files/image007.gif,974,403346101,0a1e8952c1f3bf2d5c2bccae4f64c42ef1bc063e,815cd37003c0d54aecc010fc92827fb8c1d59e91d4b95d62440a1d6b7e8b63b9,2021-02-18T14:55:30+00:00,33685504,128
1010,{app}\NPA5\SanPin\СанПиН 1.2.3685-21\СанПиН 1.2.3685-21-1-t2.3-35.files\image008.gif,app/NPA5/SanPin/СанПиН 1.2.3685-21/СанПиН 1.2.3685-21-1-t2.3-35.files/image008.gif,678,403347075,fd39894d9b130bc674e03adb25a5d92a0ef597f3,f6bfde9a6c2867fb9a9a3436dd1af0ca5b08f80d23ed20c9fa23641a5bde1228,2021-02-18T14:55:30+00:00,33685504,128
1011,{app}\NPA5\SanPin\СанПиН 1.2.3685-21\СанПиН 1.2.3685-21-1-t2.3-35.files\image009.gif,app/NPA5/SanPin/СанПиН 1.2.3685-21/СанПиН 1.2.3685-21-1-t2.3-35.files/image009.gif,682,403347753,f983939b2115a044d291284af2fc47d60f6210c2,185967e4660c06322e26062bbdc49ef0b4daa67e0e77454b0fa4b0ab68199000,2021-02-18T14:55:30+00:00,33685504,128
1012,{app}\NPA5\SanPin\СанПиН 1.2.3685-21\СанПиН 1.2.3685-21-1-t2.3-35.files\image010.gif,app/NPA5/SanPin/СанПиН 1.2.3685-21/СанПиН 1.2.3685-21-1-t2.3-35.files/image010.gif,232,403348435,e439c473762f12d769a0185afad174e6cd767aa0,2c37af49e3d120c1d078fa4feca735a00dc209878db829399db01fd1656a0599,2021-02-18T14:55:30+00:00,33685504,128
1013,{app}\NPA5\SanPin\СанПиН 1.2.3685-21\СанПиН 1.2.3685-21-1-t2.3-35.files\image012.wmz,app/NPA5/SanPin/СанПиН 1.2.3685-21/СанПиН 1.2.3685-21-1-t2.3-35.files/image012.wmz,465,403348667,a79192a26ae28d93a0419d9dacff6d1313e7c18f,3742fcfd96c00d91753a9f7e5a3541dbdd0cdc07dbaafc4af5ca5f1efa4769a6,2025-09-15T11:25:36+00:00,33685504,128
1014,{app}\NPA5\SanPin\СанПиН 1.2.3685-21\СанПиН 1.2.3685-21-3-t3.1-18.files\image001.gif,app/NPA5/SanPin/СанПиН 1.2.3685-21/СанПиН 1.2.3685-21-3-t3.1-18.files/image001.gif,223,403349132,0fc6789df339f7880312b883f46c3d4dad3fc94e,60e4ba68cbddf20520d663b830db529487e2af3a0c616c795a02a2cdcc0e521b,2021-02-18T14:57:56+00:00,33685504,128
1015,{app}\NPA5\SanPin\СанПиН 1.2.3685-21\СанПиН 1.2.3685-21-3-t3.1-18.files\image002.gif,app/NPA5/SanPin/СанПиН 1.2.3685-21/СанПиН 1.2.3685-21-3-t3.1-18.files/image002.gif,582,403349355,d7d7659f8928d2d84328d9a5c1eda658e39fcf42,ea92b51eea4405262ad044ea01ee318c32629dc07aa29426749a9d5dccb4a1e1,2021-02-18T14:57:56+00:00,33685504,128
1016,{app}\NPA5\SanPin\СанПиН 1.2.3685-21\СанПиН 1.2.3685-21-3-t3.1-18.files\image003.gif,app/NPA5/SanPin/СанПиН 1.2.3685-21/СанПиН 1.2.3685-21-3-t3.1-18.files/image003.gif,762,403349937,549e6b45189179be515d7a8b017438ceaf0a011a,fd3f38dfcb29ecdc7927e1bf3f8a050da4bd6b7da7b997eea8dfd313abf6678b,2021-02-18T14:58:02+00:00,33685504,128
1017,{app}\NPA5\SanPin\СанПиН 1.2.3685-21\СанПиН 1.2.3685-21-3-t3.1-18.files\image004.gif,app/NPA5/SanPin/СанПиН 1.2.3685-21/СанПиН 1.2.3685-21-3-t3.1-18.files/image004.gif,216,403350699,c11f9cd9da33df6db3cdef0d804ade57bcd989e4,5cd540a371b23fa7c09609be7411c0277d9cc8d30251f6f99697c2ffa1dfbeb8,2021-02-18T14:58:02+00:00,33685504,128
1018,{app}\NPA5\SanPin\СанПиН 1.2.3685-21\СанПиН 1.2.3685-21-3-t3.1-18.files\image005.gif,app/NPA5/SanPin/СанПиН 1.2.3685-21/СанПиН 1.2.3685-21-3-t3.1-18.files/image005.gif,591,403350915,060c4e8e1ad265a78083f8856dbad89c4dc1e83f,9fcd0ef79f57c65c25d3c455ca0e89cb19991ba8a9907d8c707974c31d2fec43,2021-02-18T14:58:02+00:00,33685504,128
1019,{app}\NPA5\SanPin\СанПиН 1.2.3685-21\СанПиН 1.2.3685-21-3-t3.1-18.files\image006.gif,app/NPA5/SanPin/СанПиН 1.2.3685-21/СанПиН 1.2.3685-21-3-t3.1-18.files/image006.gif,622,403351506,bd1b31ef8a41b2d3a7f2b5a41248107958190741,37bbb3e320288fecc48ac44aa76a91f4e658dcd79b48a4e08a9563820850f41f,2021-02-18T14:58:02+00:00,33685504,128
1020,{app}\NPA5\SanPin\СанПиН 1.2.3685-21\СанПиН 1.2.3685-21-3-t3.1-18.files\image007.gif,app/NPA5/SanPin/СанПиН 1.2.3685-21/СанПиН 1.2.3685-21-3-t3.1-18.files/image007.gif,1045,403352128,338af6d20ee52d0dfd608ee9705776a152cb1476,9d2d6ba4f630a366202853e1711def90b2f076935c9a4ff6013f1b3af8e0c982,2021-02-18T14:58:02+00:00,33685504,128
1021,{app}\NPA5\SanPin\СанПиН 1.2.3685-21\СанПиН 1.2.3685-21-3-t3.1-18.files\image008.gif,app/NPA5/SanPin/СанПиН 1.2.3685-21/СанПиН 1.2.3685-21-3-t3.1-18.files/image008.gif,996,403353173,86dc3cb3eb51461f998e1b94219f6506f6225770,690babd40abffd7c9627d215508a6e1da2c7ae3e6636c302bb973bdd1f746dcc,2021-02-18T14:58:02+00:00,33685504,128
1022,{app}\NPA5\SanPin\СанПиН 1.2.3685-21\СанПиН 1.2.3685-21-3-t3.1-18.files\image009.gif,app/NPA5/SanPin/СанПиН 1.2.3685-21/СанПиН 1.2.3685-21-3-t3.1-18.files/image009.gif,223,403354169,4c42358a10de6c033eb162ddfb6820342d2a591a,4178e1219bdd0ff8f2df571241dd99a45319f0a94b8b8f65c199fc5646c28a22,2021-02-18T14:58:02+00:00,33685504,128
1023,{app}\NPA5\SanPin\СанПиН 1.2.3685-21\СанПиН 1.2.3685-21-3-t3.1-18.files\image010.gif,app/NPA5/SanPin/СанПиН 1.2.3685-21/СанПиН 1.2.3685-21-3-t3.1-18.files/image010.gif,234,403354392,156a50659a03747174cd46dc0768eb5b13829aaf,27d6146143c7d6710bb339c4ddd04196cdb823bc47303ee48edaa022d170d760,2021-02-18T14:58:02+00:00,33685504,128
1024,{app}\NPA5\SanPin\СанПиН 1.2.3685-21\СанПиН 1.2.3685-21-4.files\image001.gif,app/NPA5/SanPin/СанПиН 1.2.3685-21/СанПиН 1.2.3685-21-4.files/image001.gif,482,403354626,9fc77dad01931ff33a821cdea503122764cb9a8d,07e94d6a48e52b854815f157a7993c0d32987f203fc08ce7004628c69db80f82,2021-02-18T14:59:40+00:00,33685504,128
1025,{app}\NPA5\SanPin\СанПиН 1.2.3685-21\СанПиН 1.2.3685-21-4.files\image002.gif,app/NPA5/SanPin/СанПиН 1.2.3685-21/СанПиН 1.2.3685-21-4.files/image002.gif,616,403355108,3948e042e599f29d066e7bb7cb2092f3f3ee2913,dd5e17392d0ce1b1ed87116e3c0cb85c71ee9577c0b2c32c1b974ad248a46d03,2021-02-18T14:59:40+00:00,33685504,128
1026,{app}\NPA5\SanPin\СанПиН 1.2.3685-21\СанПиН 1.2.3685-21-4.files\image003.gif,app/NPA5/SanPin/СанПиН 1.2.3685-21/СанПиН 1.2.3685-21-4.files/image003.gif,981,403355724,d66a3f289676c446704ed6b11d0b646104427a66,2b67f68e48324a7ef59b95fd9408de71afb1be3f324a8c0462a4adc6df86748d,2021-02-18T14:59:40+00:00,33685504,128
1027,{app}\NPA5\SanPin\СанПиН 1.2.3685-21\СанПиН 1.2.3685-21-4.files\image004.gif,app/NPA5/SanPin/СанПиН 1.2.3685-21/СанПиН 1.2.3685-21-4.files/image004.gif,234,403356705,156a50659a03747174cd46dc0768eb5b13829aaf,27d6146143c7d6710bb339c4ddd04196cdb823bc47303ee48edaa022d170d760,2021-02-18T14:59:40+00:00,33685504,128
1028,{app}\NPA5\SanPin\СанПиН 1.2.3685-21\СанПиН 1.2.3685-21-5.files\image001.gif,app/NPA5/SanPin/СанПиН 1.2.3685-21/СанПиН 1.2.3685-21-5.files/image001.gif,702,403356939,34f39ddc084d933ffd0a4827ac5e6f33ee6a18c3,13c125c22d9828bce652a47e7ca70fe7132d2518e5eed47bebe00e36cbb2aed2,2021-02-18T15:01:02+00:00,33685504,128
1029,{app}\NPA5\SanPin\СанПиН 1.2.3685-21\СанПиН 1.2.3685-21-5.files\image002.gif,app/NPA5/SanPin/СанПиН 1.2.3685-21/СанПиН 1.2.3685-21-5.files/image002.gif,232,403357641,ddee4fc33aa2e8dee75ca6a9ba71d7c4f0c804cb,349112ba811b4648bed4081784ed31f7306e6ede9e056b7d742f2891466eb5ee,2021-02-18T15:01:02+00:00,33685504,128
1030,{app}\NPA5\SanPin\СанПиН 1.2.3685-21\СанПиН 1.2.3685-21-5.files\image003.jpg,app/NPA5/SanPin/СанПиН 1.2.3685-21/СанПиН 1.2.3685-21-5.files/image003.jpg,53328,403357873,50faeeeca2f11363de03b3cb59d25bc747161f83,8e3fc3513c9aa5c71e22ba81b63777b8c187a33e2054f77b2d9547f4fb1c0901,2021-02-18T15:01:02+00:00,33685504,128
1031,{app}\NPA5\SanPin\СанПиН 1.2.3685-21\СанПиН 1.2.3685-21-5.files\image004.gif,app/NPA5/SanPin/СанПиН 1.2.3685-21/СанПиН 1.2.3685-21-5.files/image004.gif,571,403411201,72cb67bbd945ba768f8784a196df0b2d969b50e4,1c75e7d5ca0e45b648d177dca5d4fec0f080e4c68ea008cd83a07dba6382f95b,2021-02-18T15:01:02+00:00,33685504,128
1032,{app}\NPA5\SanPin\СанПиН 1.2.3685-21\СанПиН 1.2.3685-21-5.files\image005.gif,app/NPA5/SanPin/СанПиН 1.2.3685-21/СанПиН 1.2.3685-21-5.files/image005.gif,493,403411772,54ec3af699ccba5fc6fc32e21d14bff20dfe9e7d,bd3d7412b661c8a98f5f66cd5504cb42fe65cfe5005c5bde59c4c1a2c673480e,2021-02-18T15:01:02+00:00,33685504,128
1033,{app}\NPA5\SanPin\СанПиН 1.2.3685-21\СанПиН 1.2.3685-21-5.files\image006.gif,app/NPA5/SanPin/СанПиН 1.2.3685-21/СанПиН 1.2.3685-21-5.files/image006.gif,664,403412265,14da294e4d33b5a56cbb8e5ceb37b4b368f476f5,21d99f13e22d27e70ac8ccd30b558886b5f0396ca44c3237a6d5205c9e5ab868,2021-02-18T15:01:02+00:00,33685504,128
1034,{app}\NPA5\SanPin\СанПиН 1.2.3685-21\СанПиН 1.2.3685-21-5.files\image007.gif,app/NPA5/SanPin/СанПиН 1.2.3685-21/СанПиН 1.2.3685-21-5.files/image007.gif,409,403412929,0e72fe66d75695bd1b70190b07b28c730283bfd8,4dccf446e903f64421e1024bb9836fdf5f9c9547c300f641c57019d938728951,2021-02-18T15:01:02+00:00,33685504,128
1035,{app}\NPA5\SanPin\СанПиН 1.2.3685-21\СанПиН 1.2.3685-21-5.files\image008.gif,app/NPA5/SanPin/СанПиН 1.2.3685-21/СанПиН 1.2.3685-21-5.files/image008.gif,815,403413338,2063faf9b70f2a834d5ba7d32a181d39cb8fff15,d3b584b16f889bbd3fa6888e8de2af665669dfdeb0c92dfeaf83a39560cce19c,2021-02-18T15:01:02+00:00,33685504,128
1036,{app}\NPA5\SanPin\СанПиН 1.2.3685-21\СанПиН 1.2.3685-21-5.files\image009.gif,app/NPA5/SanPin/СанПиН 1.2.3685-21/СанПиН 1.2.3685-21-5.files/image009.gif,780,403414153,8782f7c1696ab7541755462ea804e7e054a9fb77,b60477d4df43e38a77da9fde9de8bd61e3c90960e22f1ebc8a68a5a1dcea0c71,2021-02-18T15:01:04+00:00,33685504,128
1037,{app}\NPA5\SanPin\СанПиН 1.2.3685-21\СанПиН 1.2.3685-21-5.files\image010.gif,app/NPA5/SanPin/СанПиН 1.2.3685-21/СанПиН 1.2.3685-21-5.files/image010.gif,773,403414933,ba76d63f38ebd521553d90707301a24e11e192eb,581ec39c9489320e6e868139bda8c467c5b0eae0f5134a2ce3c08f834aae55ea,2021-02-18T15:01:04+00:00,33685504,128
1038,{app}\NPA5\SanPin\СанПиН 1.2.3685-21\СанПиН 1.2.3685-21-5.files\image011.gif,app/NPA5/SanPin/СанПиН 1.2.3685-21/СанПиН 1.2.3685-21-5.files/image011.gif,733,403415706,4859ae10d71bd8459f2d033169f09da4ffb2823c,8e56266c0e7d5dd4e8e33e88e0af2d79f45aaa9a9f4956123d68fcb324b23fc6,2021-02-18T15:01:04+00:00,33685504,128
1039,{app}\NPA5\SanPin\СанПиН 1.2.3685-21\СанПиН 1.2.3685-21-5.files\image012.gif,app/NPA5/SanPin/СанПиН 1.2.3685-21/СанПиН 1.2.3685-21-5.files/image012.gif,861,403416439,1abf0beaf6cb3ea79a3415c83aec6a106a029b67,435986c98a2085fcb112c39cdc83409b6bc7025c4c56196091ed7236e38c0160,2021-02-18T15:01:04+00:00,33685504,128
1040,{app}\NPA5\SanPin\СанПиН 1.2.3685-21\СанПиН 1.2.3685-21-5.files\image013.gif,app/NPA5/SanPin/СанПиН 1.2.3685-21/СанПиН 1.2.3685-21-5.files/image013.gif,445,403417300,de165cd8e6ba4520d06a469504c130e401fb370d,898f62eba5c3bd0b47c7c27fd1ce4e57270acd6b6f7962c7f030c43ff8d24e9c,2021-02-18T15:01:04+00:00,33685504,128
1041,{app}\NPA5\SanPin\СанПиН 1.2.3685-21\СанПиН 1.2.3685-21-5.files\image014.gif,app/NPA5/SanPin/СанПиН 1.2.3685-21/СанПиН 1.2.3685-21-5.files/image014.gif,1003,403417745,c85a92bfd0b131ac8910287a2d714ca66480736a,a4b9c660c87d0d2d3a2cc43dfe5d8be90df335c9bbeac87c7792c1386079088f,2021-02-18T15:01:04+00:00,33685504,128
1042,{app}\NPA5\SanPin\СанПиН 1.2.3685-21\СанПиН 1.2.3685-21-5.files\image015.gif,app/NPA5/SanPin/СанПиН 1.2.3685-21/СанПиН 1.2.3685-21-5.files/image015.gif,703,403418748,e3007e603e5e81ab669307ee92c9fd99e8816b19,0932efb78b516d1727b23c78fddccc8bfe2a4f6b751969d281b90eda2681a46d,2021-02-18T15:01:04+00:00,33685504,128
1043,{app}\NPA5\SanPin\СанПиН 1.2.3685-21\СанПиН 1.2.3685-21-5.files\image016.gif,app/NPA5/SanPin/СанПиН 1.2.3685-21/СанПиН 1.2.3685-21-5.files/image016.gif,676,403419451,2ae0e2ffd87d51981755448526b4eec6a1751bf6,c7a1079b34aeb1ebe5c52b397dd481b09f07e89c4850e78be5c10435967b3125,2021-02-18T15:01:04+00:00,33685504,128
1044,{app}\NPA5\SanPin\СанПиН 1.2.3685-21\СанПиН 1.2.3685-21-5.files\image017.gif,app/NPA5/SanPin/СанПиН 1.2.3685-21/СанПиН 1.2.3685-21-5.files/image017.gif,725,403420127,90d093d33cce6111c5bdf26823aca2dc4502d29c,492b071493d3ce167368b6d71cff98af08f6f828525b38e04c93fa0915edb5c6,2021-02-18T15:01:04+00:00,33685504,128
1045,{app}\NPA5\SanPin\СанПиН 1.2.3685-21\СанПиН 1.2.3685-21-5.files\image018.gif,app/NPA5/SanPin/СанПиН 1.2.3685-21/СанПиН 1.2.3685-21-5.files/image018.gif,625,403420852,f585068e20f54596d8021c58d11b9a674016d2a5,7867908e25e6b6222aba4c9ae1329c8653b508cf93f218d1287152fb61562d8c,2021-02-18T15:01:04+00:00,33685504,128
1046,{app}\NPA5\SanPin\СанПиН 1.2.3685-21\СанПиН 1.2.3685-21-5.files\image019.gif,app/NPA5/SanPin/СанПиН 1.2.3685-21/СанПиН 1.2.3685-21-5.files/image019.gif,848,403421477,212fca672506d7c4f052d3052f7740b44e5d228d,a6dc2a9d66a28ad7aea9576a7720cfd0b0ac30add14cd1c695c841f4b8ea5337,2021-02-18T15:01:04+00:00,33685504,128
1047,{app}\NPA5\SanPin\СанПиН 1.2.3685-21\СанПиН 1.2.3685-21-5.files\image020.gif,app/NPA5/SanPin/СанПиН 1.2.3685-21/СанПиН 1.2.3685-21-5.files/image020.gif,706,403422325,218b7b49bc8db58d4911069a9ea9ee94e2f98a6e,a16ccf91ee3232ea0e320d40e12d08a3ce689dc5fdb27805b76c6b8be846ef37,2021-02-18T15:01:04+00:00,33685504,128
1048,{app}\NPA5\SanPin\СанПиН 1.2.3685-21\СанПиН 1.2.3685-21-5.files\image021.gif,app/NPA5/SanPin/СанПиН 1.2.3685-21/СанПиН 1.2.3685-21-5.files/image021.gif,771,403423031,5f2c9e060863cd988507b0460cf32ef312e2b50f,cc6462b40a33a0b746765eac695ad591478114af3c32b2df2d1940194f5f0da1,2021-02-18T15:01:04+00:00,33685504,128
1049,{app}\NPA5\SanPin\СанПиН 1.2.3685-21\СанПиН 1.2.3685-21-5.files\image022.gif,app/NPA5/SanPin/СанПиН 1.2.3685-21/СанПиН 1.2.3685-21-5.files/image022.gif,532,403423802,c3fe2ff7f0759102004fec0d281ffe124ef6c82d,98f543e2e2cac625dd85463fa63e66000ee591be072566b7f4e4a9b9c2b34ab1,2021-02-18T15:01:04+00:00,33685504,128
1050,{app}\NPA5\SanPin\СанПиН 1.2.3685-21\СанПиН 1.2.3685-21-5.files\image023.gif,app/NPA5/SanPin/СанПиН 1.2.3685-21/СанПиН 1.2.3685-21-5.files/image023.gif,825,403424334,c3d7dbc124edea52dfce7ffa05332b6bb0e74dd5,a1d8d1004ab7a24d3bea8d37ec63042e62a96c6bbfab1fdb8613d76837aa5555,2021-02-18T15:01:04+00:00,33685504,128
1051,{app}\NPA5\SanPin\СанПиН 1.2.3685-21\СанПиН 1.2.3685-21-5.files\image024.gif,app/NPA5/SanPin/СанПиН 1.2.3685-21/СанПиН 1.2.3685-21-5.files/image024.gif,705,403425159,daed93c114a1a365699e9257497b7fb1d34e3998,5d2e10d4e00ae88ee550a307c49c52c4fc107b60f9dcf72d2d6c056e276b3b2a,2021-02-18T15:01:04+00:00,33685504,128
1052,{app}\NPA5\SanPin\СанПиН 1.2.3685-21\СанПиН 1.2.3685-21-5.files\image025.gif,app/NPA5/SanPin/СанПиН 1.2.3685-21/СанПиН 1.2.3685-21-5.files/image025.gif,679,403425864,2e48d55ac4e4e8cd341bfa8e400cc8b0a39f8318,b5ddd113c0a7fa5c80120b21c31c0eca6160b44c57bc23d1e878f75c8cacd49d,2021-02-18T15:01:04+00:00,33685504,128
1053,{app}\NPA5\SanPin\СанПиН 1.2.3685-21\СанПиН 1.2.3685-21-5.files\image026.gif,app/NPA5/SanPin/СанПиН 1.2.3685-21/СанПиН 1.2.3685-21-5.files/image026.gif,845,403426543,735e2980255f30f78ea41426ee1fc1534bd52818,9e76ebc61612f70a0d9c1c40e348a56cf8ce29d735aa440dde92242a84ed2ff2,2021-02-18T15:01:04+00:00,33685504,128
1054,{app}\NPA5\SanPin\СанПиН 1.2.3685-21\СанПиН 1.2.3685-21-5.files\image027.gif,app/NPA5/SanPin/СанПиН 1.2.3685-21/СанПиН 1.2.3685-21-5.files/image027.gif,789,403427388,31664f818a3c3dac81026d8768cfa7ba2197d87b,2d0783ce62657b32403f27413f6fec089b420987a13506181c02aa9ccc73beff,2021-02-18T15:01:04+00:00,33685504,128
1055,{app}\NPA5\SanPin\СанПиН 1.2.3685-21\СанПиН 1.2.3685-21-5.files\image028.gif,app/NPA5/SanPin/СанПиН 1.2.3685-21/СанПиН 1.2.3685-21-5.files/image028.gif,885,403428177,8876e000cf4e89dbe9c340bb9f68f8787fd71419,1f5edbb64500f9b7a7fbcef1eda44e7d00a6e7e42ef87dda8abb2d8ec8a5732e,2021-02-18T15:01:04+00:00,33685504,128
1056,{app}\NPA5\SanPin\СанПиН 1.2.3685-21\СанПиН 1.2.3685-21-5.files\image029.gif,app/NPA5/SanPin/СанПиН 1.2.3685-21/СанПиН 1.2.3685-21-5.files/image029.gif,873,403429062,9b3e0c7b1e0afd56d44efb2371b2d126d82e468c,c3e7f4cdc9e10ef5478086d7176673a43d036bb023967711618cf5dcb54c1b8f,2021-02-18T15:01:04+00:00,33685504,128
1057,{app}\NPA5\SanPin\СанПиН 1.2.3685-21\СанПиН 1.2.3685-21-5.files\image030.gif,app/NPA5/SanPin/СанПиН 1.2.3685-21/СанПиН 1.2.3685-21-5.files/image030.gif,968,403429935,8cf3589c3631f225d66015d01e8a4a8ec77fd896,31c05ef6ef8cf9d51120c1ae3d80027e327080433d78d3e77356170e066f78f7,2021-02-18T15:01:04+00:00,33685504,128
1058,{app}\NPA5\SanPin\СанПиН 1.2.3685-21\СанПиН 1.2.3685-21-5.files\image031.gif,app/NPA5/SanPin/СанПиН 1.2.3685-21/СанПиН 1.2.3685-21-5.files/image031.gif,466,403430903,cc6a2ebf4bd731d4c288ddd3e86e94ff31ac174d,4fd81b355c9dbb3eb6559b0ed9d13bc17c95dea3c70ec2a59641ae8c637b6cd3,2021-02-18T15:01:04+00:00,33685504,128
1059,{app}\NPA5\SanPin\СанПиН 1.2.3685-21\СанПиН 1.2.3685-21-5.files\image032.gif,app/NPA5/SanPin/СанПиН 1.2.3685-21/СанПиН 1.2.3685-21-5.files/image032.gif,691,403431369,f53f30d3be71f09815163d4d78dc3a84bfe988ba,982cc2ea3b72aec67523c263b8c7c93479540597853037adc8250d5814557808,2021-02-18T15:01:04+00:00,33685504,128
1060,{app}\NPA5\SanPin\СанПиН 1.2.3685-21\СанПиН 1.2.3685-21-5.files\image033.gif,app/NPA5/SanPin/СанПиН 1.2.3685-21/СанПиН 1.2.3685-21-5.files/image033.gif,878,403432060,e5612152730b876b76bedd54886cf8bd88717b44,a4ea49db42009106004cfb9916e8aa1debc6c1ee937c25bcf5c2607523cd33a1,2021-02-18T15:01:04+00:00,33685504,128
1061,{app}\NPA5\SanPin\СанПиН 1.2.3685-21\СанПиН 1.2.3685-21-5.files\image034.gif,app/NPA5/SanPin/СанПиН 1.2.3685-21/СанПиН 1.2.3685-21-5.files/image034.gif,646,403432938,e0232c12dc66ecdf0a3263201ce51d8e0f68c5d6,2c20262401db1eddf8c29e96bbbd0045369cf14f85b650a8ef3b75b51b128eef,2021-02-18T15:01:04+00:00,33685504,128
1062,{app}\NPA5\SanPin\СанПиН 1.2.3685-21\СанПиН 1.2.3685-21-5.files\image035.gif,app/NPA5/SanPin/СанПиН 1.2.3685-21/СанПиН 1.2.3685-21-5.files/image035.gif,692,403433584,a04596e9c4c5891cc29434580d3d74dec1e563e5,730eda1b88ebcc4cf2c5ab7b44bff38eafadc4d3783226eebda79dc7b09efd61,2021-02-18T15:01:04+00:00,33685504,128
1063,{app}\NPA5\SanPin\СанПиН 1.2.3685-21\СанПиН 1.2.3685-21-5.files\image036.gif,app/NPA5/SanPin/СанПиН 1.2.3685-21/СанПиН 1.2.3685-21-5.files/image036.gif,521,403434276,bb6aa9eff7a7e7832c9a0015741cdb4354308d77,c19c20a095f10e388820753efc06522fa77309141044e7f054eec6274c4f894d,2021-02-18T15:01:04+00:00,33685504,128
1064,{app}\NPA5\SanPin\СанПиН 1.2.3685-21\СанПиН 1.2.3685-21-5.files\image037.gif,app/NPA5/SanPin/СанПиН 1.2.3685-21/СанПиН 1.2.3685-21-5.files/image037.gif,644,403434797,c6ec7634e5a8145d80788ee3832914ef12b19bc1,5290b8248f689a13b39be8ae925a60c137d0695375d8c98e6d019e0147df44e2,2021-02-18T15:01:04+00:00,33685504,128
1065,{app}\NPA5\SanPin\СанПиН 1.2.3685-21\СанПиН 1.2.3685-21-5.files\image038.gif,app/NPA5/SanPin/СанПиН 1.2.3685-21/СанПиН 1.2.3685-21-5.files/image038.gif,520,403435441,80ccc626b704d8c7f4823800babbdc0fd3199b71,747c6f883b27d2f9912e4f4e8afc096483a229909686822789f83336eb8a35ba,2021-02-18T15:01:04+00:00,33685504,128
1066,{app}\NPA5\SanPin\СанПиН 1.2.3685-21\СанПиН 1.2.3685-21-5.files\image039.gif,app/NPA5/SanPin/СанПиН 1.2.3685-21/СанПиН 1.2.3685-21-5.files/image039.gif,667,403435961,cdcc34ad8a48e3f6aa14ec16c86707e27e5cc9ad,ac6842346a958bc71585cb4fe62823c6bb015e814facde12f89ac9b53b4b1ee6,2021-02-18T15:01:04+00:00,33685504,128
1067,{app}\NPA5\SanPin\СанПиН 1.2.3685-21\СанПиН 1.2.3685-21-5.files\image040.gif,app/NPA5/SanPin/СанПиН 1.2.3685-21/СанПиН 1.2.3685-21-5.files/image040.gif,553,403436628,8e3321fdb8758369957019d46785b1ea883de4bd,ea723ce5b56bd6b224ce570e18b83231518ba750fd9ed8d637c6084025103c5d,2021-02-18T15:01:04+00:00,33685504,128
1068,{app}\NPA5\SanPin\СанПиН 1.2.3685-21\СанПиН 1.2.3685-21-5.files\image041.gif,app/NPA5/SanPin/СанПиН 1.2.3685-21/СанПиН 1.2.3685-21-5.files/image041.gif,691,403437181,f645e32104862c880900fda3c46b8562b5e1ee24,973f754831af67055891a1f4c9e01918cc7483afb16f49ccd9613c069098a092,2021-02-18T15:01:04+00:00,33685504,128
1069,{app}\NPA5\SanPin\СанПиН 1.2.3685-21\СанПиН 1.2.3685-21-5.files\image042.gif,app/NPA5/SanPin/СанПиН 1.2.3685-21/СанПиН 1.2.3685-21-5.files/image042.gif,580,403437872,b1feb7874132facbf82a7e8a862068ee5d0602a9,d26229f4f85b5f269353f5f69e59c79ab10bf54c06b0227b35b1600daa01affc,2021-02-18T15:01:04+00:00,33685504,128
1070,{app}\NPA5\SanPin\СанПиН 1.2.3685-21\СанПиН 1.2.3685-21-5.files\image043.gif,app/NPA5/SanPin/СанПиН 1.2.3685-21/СанПиН 1.2.3685-21-5.files/image043.gif,910,403438452,b24e4946c0002e3f258ea5ebbc1c7aa19afe621f,477d458f722633825c0f85a3adeb118b7c4462fd6432791b14b24942bf7727e5,2021-02-18T15:01:04+00:00,33685504,128
1071,{app}\NPA5\SanPin\СанПиН 1.2.3685-21\СанПиН 1.2.3685-21-5.files\image044.gif,app/NPA5/SanPin/СанПиН 1.2.3685-21/СанПиН 1.2.3685-21-5.files/image044.gif,645,403439362,da7da994f66ed8cba4c44e8633f799b963261b1a,e96e99bca9f0706fdf5c3fcca5c154e6aed4204c4f0bacc6db3375b0fbaedede,2021-02-18T15:01:06+00:00,33685504,128
1072,{app}\NPA5\SanPin\СанПиН 1.2.3685-21\СанПиН 1.2.3685-21-5.files\image045.gif,app/NPA5/SanPin/СанПиН 1.2.3685-21/СанПиН 1.2.3685-21-5.files/image045.gif,532,403440007,8d2d19b00ffc9c05146b90541f2a2a74093d397a,22610d3c738e09cb515d23257a1c9c08d8e65a9653115cf0427f772daf515d1d,2021-02-18T15:01:06+00:00,33685504,128
1073,{app}\NPA5\SanPin\СанПиН 1.2.3685-21\СанПиН 1.2.3685-21-5.files\image046.gif,app/NPA5/SanPin/СанПиН 1.2.3685-21/СанПиН 1.2.3685-21-5.files/image046.gif,535,403440539,6e715dda44009b79e8f9ee82976dffe26feb8f4e,7825b671d48edbfbc9811e7b7ea316db3c4902d9632356f4ae863fcf1bce40b7,2021-02-18T15:01:06+00:00,33685504,128
1074,{app}\NPA5\SanPin\СанПиН 1.2.3685-21\СанПиН 1.2.3685-21-5.files\image047.gif,app/NPA5/SanPin/СанПиН 1.2.3685-21/СанПиН 1.2.3685-21-5.files/image047.gif,519,403441074,00d7aa34615cb345b1bcbf90b4a82edf48e16810,23e0a1cc15798d2894afe94c5c2949b118769b212e453af7e228f79ebdfb547e,2021-02-18T15:01:06+00:00,33685504,128
1075,{app}\NPA5\SanPin\СанПиН 1.2.3685-21\СанПиН 1.2.3685-21-5.files\image048.gif,app/NPA5/SanPin/СанПиН 1.2.3685-21/СанПиН 1.2.3685-21-5.files/image048.gif,537,403441593,bafd30975a3d0c00b236d5cd321ca7771d10632c,b5266b403da652ebd801e5711883b84d7206ecfec067322aaec1b61bd4b94778,2021-02-18T15:01:06+00:00,33685504,128
1076,{app}\NPA5\SanPin\СанПиН 1.2.3685-21\СанПиН 1.2.3685-21-5.files\image049.gif,app/NPA5/SanPin/СанПиН 1.2.3685-21/СанПиН 1.2.3685-21-5.files/image049.gif,389,403442130,f3a3cd3376c9c2ac7a937178aa6851ce2783f09f,c9915ab177099a5e93124cff1610dd9c5d1926f3d75f70ac3e335abf083a37a8,2021-02-18T15:01:06+00:00,33685504,128
1077,{app}\NPA5\SanPin\СанПиН 1.2.3685-21\СанПиН 1.2.3685-21-5.files\image050.gif,app/NPA5/SanPin/СанПиН 1.2.3685-21/СанПиН 1.2.3685-21-5.files/image050.gif,634,403442519,37b5cd298790e53de4e9a3436694c98e337b9c05,b39e8d995edec275fd21ae5178771f017cc0966828ccbb6e90893ef029f0b85a,2021-02-18T15:01:06+00:00,33685504,128
1078,{app}\NPA5\SanPin\СанПиН 1.2.3685-21\СанПиН 1.2.3685-21-5.files\image051.gif,app/NPA5/SanPin/СанПиН 1.2.3685-21/СанПиН 1.2.3685-21-5.files/image051.gif,518,403443153,5c3a6a3733781617ed91ac6b67a2c5da02aa7b95,d6a1e30a830ebfc8f6980f61908a092efdf7a9d4428d30e1a670172d452fdc52,2021-02-18T15:01:06+00:00,33685504,128
1079,{app}\NPA5\SanPin\СанПиН 1.2.3685-21\СанПиН 1.2.3685-21-5.files\image052.gif,app/NPA5/SanPin/СанПиН 1.2.3685-21/СанПиН 1.2.3685-21-5.files/image052.gif,536,403443671,018e93dce23a8ef4ba6fa6676b60abbe72205fde,012dce833d38e811e926a1d1a5abef702b7ed3cb994c4cb2e958d6d15b4b81e6,2021-02-18T15:01:06+00:00,33685504,128
1080,{app}\NPA5\SanPin\СанПиН 1.2.3685-21\СанПиН 1.2.3685-21-5.files\image053.gif,app/NPA5/SanPin/СанПиН 1.2.3685-21/СанПиН 1.2.3685-21-5.files/image053.gif,568,403444207,cc6de0b81d634e7b97a5b9ea12681cc094eeaea9,ba5660a7b15a78d116233b142444baf592b0389dc5a50f0b23d2744a8d349940,2021-02-18T15:01:06+00:00,33685504,128
1081,{app}\NPA5\SanPin\СанПиН 1.2.3685-21\СанПиН 1.2.3685-21-5.files\image054.gif,app/NPA5/SanPin/СанПиН 1.2.3685-21/СанПиН 1.2.3685-21-5.files/image054.gif,216,403444775,c11f9cd9da33df6db3cdef0d804ade57bcd989e4,5cd540a371b23fa7c09609be7411c0277d9cc8d30251f6f99697c2ffa1dfbeb8,2021-02-18T15:01:06+00:00,33685504,128
1082,{app}\NPA5\SanPin\СанПиН 1.2.3685-21\СанПиН 1.2.3685-21-5.files\image055.gif,app/NPA5/SanPin/СанПиН 1.2.3685-21/СанПиН 1.2.3685-21-5.files/image055.gif,309,403444991,98277f20550a5ec785bdaa6d3e6b3056fc53a1ea,5b46e647724c72f57f9af9fb361653cfe2a62c3de877470de94176daba1459f6,2021-02-18T15:01:06+00:00,33685504,128
1083,{app}\NPA5\SanPin\СанПиН 1.2.3685-21\СанПиН 1.2.3685-21-5.files\image056.gif,app/NPA5/SanPin/СанПиН 1.2.3685-21/СанПиН 1.2.3685-21-5.files/image056.gif,396,403445300,c2475d6896bd682eaf62b6ad578bced5c9889183,f82c3362a0f42ead46f09b89775b58d6610eb28df17cae23006a6cbb09e5d9d1,2021-02-18T15:01:06+00:00,33685504,128
1084,{app}\NPA5\SanPin\СанПиН 1.2.3685-21\СанПиН 1.2.3685-21-5.files\image057.gif,app/NPA5/SanPin/СанПиН 1.2.3685-21/СанПиН 1.2.3685-21-5.files/image057.gif,215,403445696,439157644ee17bed6a02527cdfb5d4eebb91689c,02b267d7caca233af6c65d95ff37ff787071064cf6b188012bb8b183c5ab788e,2021-02-18T15:01:06+00:00,33685504,128
1085,{app}\NPA5\SanPin\СанПиН 1.2.3685-21\СанПиН 1.2.3685-21-5.files\image058.gif,app/NPA5/SanPin/СанПиН 1.2.3685-21/СанПиН 1.2.3685-21-5.files/image058.gif,572,403445911,7e80f80bb1907b1e89eb95864c8d8fcd8c956fb0,d60f10e57e1c6badc09f8903484e135e5e8a36c0f58554505614df95eeeed2cb,2021-02-18T15:01:06+00:00,33685504,128
1086,{app}\NPA5\SanPin\СанПиН 1.2.3685-21\СанПиН 1.2.3685-21-5.files\image059.gif,app/NPA5/SanPin/СанПиН 1.2.3685-21/СанПиН 1.2.3685-21-5.files/image059.gif,427,403446483,f0a37a08ecf6a196a73dff728876066809a0e620,cb2aca5e1c116188788635c597b8913e7234c664156e3136ed86f0eaa20f2be7,2021-02-18T15:01:06+00:00,33685504,128
1087,{app}\NPA5\SanPin\СанПиН 1.2.3685-21\СанПиН 1.2.3685-21-5.files\image060.gif,app/NPA5/SanPin/СанПиН 1.2.3685-21/СанПиН 1.2.3685-21-5.files/image060.gif,653,403446910,33d2c1e169c019ac2c1d391089e4b3c47944c41c,4fd40a1a78d087ef42b1582641f6e0147272cc27c44b0badf3e36930d810bddf,2021-02-18T15:01:06+00:00,33685504,128
1088,{app}\NPA5\SanPin\СанПиН 1.2.3685-21\СанПиН 1.2.3685-21-5.files\image061.gif,app/NPA5/SanPin/СанПиН 1.2.3685-21/СанПиН 1.2.3685-21-5.files/image061.gif,653,403447563,1249bbefc0ff087d3893a043029ea592819e8bf6,ff61d2e87aba37d38abb3a1281ed7de9c3cb2b262aaadbf0616ebe6f3d53f72a,2021-02-18T15:01:06+00:00,33685504,128
1089,{app}\NPA5\SanPin\СанПиН 1.2.3685-21\СанПиН 1.2.3685-21-5.files\image062.gif,app/NPA5/SanPin/СанПиН 1.2.3685-21/СанПиН 1.2.3685-21-5.files/image062.gif,636,403448216,5ea869cec6502595aa2abd21273be84e672d3900,3720eadc2c3d6b74354018603c9bae325a4ae04c79c9a4e4988b61fd774978ef,2021-02-18T15:01:06+00:00,33685504,128
1090,{app}\NPA5\SanPin\СанПиН 1.2.3685-21\СанПиН 1.2.3685-21-5.files\image063.gif,app/NPA5/SanPin/СанПиН 1.2.3685-21/СанПиН 1.2.3685-21-5.files/image063.gif,911,403448852,ff84f9aa573e269b01f7c31065ef8048b04a337f,32dea8a20bb8b2c5b272d2b7da128b40a0994c30c8e330514a5cd07cf4664d87,2021-02-18T15:01:06+00:00,33685504,128
1091,{app}\NPA5\SanPin\СанПиН 1.2.3685-21\СанПиН 1.2.3685-21-5.files\image064.gif,app/NPA5/SanPin/СанПиН 1.2.3685-21/СанПиН 1.2.3685-21-5.files/image064.gif,801,403449763,632e76516d38d93f99c65ba6381cb0944f2061ee,f2b8d62dd6df7db459c48c41c485f7023266fac53e3b16d1a181b148c752d563,2021-02-18T15:01:06+00:00,33685504,128
1092,{app}\NPA5\SanPin\СанПиН 1.2.3685-21\СанПиН 1.2.3685-21-5.files\image065.gif,app/NPA5/SanPin/СанПиН 1.2.3685-21/СанПиН 1.2.3685-21-5.files/image065.gif,755,403450564,2fd9df4ec87efbcc8553a500260b68a618d1189f,35d2373894c67dc9de6b8f7e0eb077adfa86f1387621d7cd86dc8c6ac1a1d605,2021-02-18T15:01:06+00:00,33685504,128
1093,{app}\NPA5\SanPin\СанПиН 1.2.3685-21\СанПиН 1.2.3685-21-5.files\image066.gif,app/NPA5/SanPin/СанПиН 1.2.3685-21/СанПиН 1.2.3685-21-5.files/image066.gif,810,403451319,74cc05fa24119bf873cc340e9b0779e3534025f3,3e6f0bee313e77e80e8ed1aca6279b9b269bde804ca56bc24b30a13be402b90f,2021-02-18T15:01:06+00:00,33685504,128
1094,{app}\NPA5\SanPin\СанПиН 1.2.3685-21\СанПиН 1.2.3685-21-5.files\image067.gif,app/NPA5/SanPin/СанПиН 1.2.3685-21/СанПиН 1.2.3685-21-5.files/image067.gif,528,403452129,b6de5274e60ad01a45db877dba2ea589f891eec6,eb5b7d612e23e8ea9a8432c4eb442bbec4b59d5d64dd1819b59b4da2e1589b0e,2021-02-18T15:01:06+00:00,33685504,128
1095,{app}\NPA5\SanPin\СанПиН 1.2.3685-21\СанПиН 1.2.3685-21-5.files\image068.gif,app/NPA5/SanPin/СанПиН 1.2.3685-21/СанПиН 1.2.3685-21-5.files/image068.gif,800,403452657,983a43c0f256b3b624fbd147b3daa063425ae2d3,1196bb5e4f58cb7d79d396e7686c23a5de39be79b5a5c92329508b524913ed81,2021-02-18T15:01:06+00:00,33685504,128
1096,{app}\NPA5\SanPin\СанПиН 1.2.3685-21\СанПиН 1.2.3685-21-5.files\image069.gif,app/NPA5/SanPin/СанПиН 1.2.3685-21/СанПиН 1.2.3685-21-5.files/image069.gif,673,403453457,24493c32c59bf057328abdf0c7ef3325b69aed9d,5d522a463e5e42c639d2d0cbcb4837280cf274ac5e63c68c385a060379a90937,2021-02-18T15:01:06+00:00,33685504,128
1097,{app}\NPA5\SanPin\СанПиН 1.2.3685-21\СанПиН 1.2.3685-21-5.files\image070.gif,app/NPA5/SanPin/СанПиН 1.2.3685-21/СанПиН 1.2.3685-21-5.files/image070.gif,798,403454130,1de9d0cd2ade6ef3734f129842b5a13188920c4b,6d359566841cbf8e5fd1a6fa0321341f1354ca6aa9bc0bd0dbf043efeb88adb8,2021-02-18T15:01:06+00:00,33685504,128
1098,{app}\NPA5\SanPin\СанПиН 1.2.3685-21\СанПиН 1.2.3685-21-5.files\image071.gif,app/NPA5/SanPin/СанПиН 1.2.3685-21/СанПиН 1.2.3685-21-5.files/image071.gif,866,403454928,42a24069b114c147438eb90679451517da45bd69,443c49c97e212e3b52632eb423266b803ca1d182786909c9ed2a58d5aef62932,2021-02-18T15:01:06+00:00,33685504,128
1099,{app}\NPA5\SanPin\СанПиН 1.2.3685-21\СанПиН 1.2.3685-21-5.files\image072.gif,app/NPA5/SanPin/СанПиН 1.2.3685-21/СанПиН 1.2.3685-21-5.files/image072.gif,904,403455794,50ccd2fcd5d88eabb8d58be5ab54fb723ca79f60,dc6617998a753f68f4db11e98d6569d24a20bd394c36aba07224dfdd40d17e36,2021-02-18T15:01:06+00:00,33685504,128
1100,{app}\NPA5\SanPin\СанПиН 1.2.3685-21\СанПиН 1.2.3685-21-5.files\image073.gif,app/NPA5/SanPin/СанПиН 1.2.3685-21/СанПиН 1.2.3685-21-5.files/image073.gif,864,403456698,a2ee7a46734fd4aa424777a48139243281d07698,66c1b5c66e62a2c6fde1c1d03752ced5a29e1d4aabcffdcec57d5efe8f283cc2,2021-02-18T15:01:06+00:00,33685504,128
1101,{app}\NPA5\SanPin\СанПиН 1.2.3685-21\СанПиН 1.2.3685-21-5.files\image074.gif,app/NPA5/SanPin/СанПиН 1.2.3685-21/СанПиН 1.2.3685-21-5.files/image074.gif,706,403457562,a951616a2a772a48851b696271f6aa224e546f8e,2c8d9edaa326a3f27f1306a1acec169981c003398dd3d6ca6742312414b2010f,2021-02-18T15:01:06+00:00,33685504,128
1102,{app}\NPA5\SanPin\СанПиН 1.2.3685-21\СанПиН 1.2.3685-21-5.files\image075.gif,app/NPA5/SanPin/СанПиН 1.2.3685-21/СанПиН 1.2.3685-21-5.files/image075.gif,717,403458268,7e22ffb2d2e49b325334ef88d63cddb93052621f,f1616be4c9e0e2fa8bd7ce34fa93e2eeafe32be19de853828820a11c18443717,2021-02-18T15:01:06+00:00,33685504,128
1103,{app}\NPA5\SanPin\СанПиН 1.2.3685-21\СанПиН 1.2.3685-21-5.files\image076.gif,app/NPA5/SanPin/СанПиН 1.2.3685-21/СанПиН 1.2.3685-21-5.files/image076.gif,701,403458985,fcbf16fe8f09538a6f94766d33eb394564b2f889,9e8aebbfcf0fc4c763e4eb8d6cb53ee1d775e9eb4dff8f0612beb205a965ffe9,2021-02-18T15:01:06+00:00,33685504,128
1104,{app}\NPA5\SanPin\СанПиН 1.2.3685-21\СанПиН 1.2.3685-21-5.files\image077.gif,app/NPA5/SanPin/СанПиН 1.2.3685-21/СанПиН 1.2.3685-21-5.files/image077.gif,845,403459686,062b74538a9f0eccaa63f466a37c3a17c96440cc,cda6fe89fa178b9ffd80a9a0ac8839d357116ed88ffc00b7ca2c61e5dc77cd29,2021-02-18T15:01:06+00:00,33685504,128
1105,{app}\NPA5\SanPin\СанПиН 1.2.3685-21\СанПиН 1.2.3685-21-5.files\image078.gif,app/NPA5/SanPin/СанПиН 1.2.3685-21/СанПиН 1.2.3685-21-5.files/image078.gif,820,403460531,0a24de30471f4a197cabccdceaaebc718f97081d,68a4306c5633fcf9cc705c30f89baf3d0a0bff25e604e7cfdab4deee18a72560,2021-02-18T15:01:06+00:00,33685504,128
1106,{app}\NPA5\SanPin\СанПиН 1.2.3685-21\СанПиН 1.2.3685-21-5.files\image079.gif,app/NPA5/SanPin/СанПиН 1.2.3685-21/СанПиН 1.2.3685-21-5.files/image079.gif,979,403461351,09775ece81ed5b2689dedada539826c5fc0e1c67,97f425c45056ba5dd85650fbf8d595e0069c4d8dbb7bbd6120440cf0118c1faf,2021-02-18T15:01:08+00:00,33685504,128
1107,{app}\NPA5\SanPin\СанПиН 1.2.3685-21\СанПиН 1.2.3685-21-5.files\image080.gif,app/NPA5/SanPin/СанПиН 1.2.3685-21/СанПиН 1.2.3685-21-5.files/image080.gif,933,403462330,6da9a509f14fda453a7cb26d203c119c742e1246,d2e85212b9206ecf3c298c1a8abeb37dd1c64ba27573229d9d9dbdc6411eeed7,2021-02-18T15:01:08+00:00,33685504,128
1108,{app}\NPA5\SanPin\СанПиН 1.2.3685-21\СанПиН 1.2.3685-21-5.files\image081.gif,app/NPA5/SanPin/СанПиН 1.2.3685-21/СанПиН 1.2.3685-21-5.files/image081.gif,958,403463263,b5fa869c2405d627cd856ff151eaddd6efefc946,c15a804cb6a9e2d0ed8ee663aba9366af154cb30ff41b20cc69a3f672c30f138,2021-02-18T15:01:08+00:00,33685504,128
1109,{app}\NPA5\SanPin\СанПиН 1.2.3685-21\СанПиН 1.2.3685-21-5.files\image082.gif,app/NPA5/SanPin/СанПиН 1.2.3685-21/СанПиН 1.2.3685-21-5.files/image082.gif,1445,403464221,296be9bcbe37aa576e768658cab1330e9a5f71d3,e2cb000db2e0838fce22b37664f40fdc0545a43acd0b2c9471cef118d12e5c83,2021-02-18T15:01:08+00:00,33685504,128
1110,{app}\NPA5\SanPin\СанПиН 1.2.3685-21\СанПиН 1.2.3685-21-5.files\image083.gif,app/NPA5/SanPin/СанПиН 1.2.3685-21/СанПиН 1.2.3685-21-5.files/image083.gif,1861,403465666,550d866be4bd717282139c2951bad4a9af82cb22,658b79ee549abb49068b07ef315149f514fb7da6da82da4b3e44b008c4c6ed06,2021-02-18T15:01:08+00:00,33685504,128
1111,{app}\NPA5\SanPin\СанПиН 1.2.3685-21\СанПиН 1.2.3685-21-5.files\image084.jpg,app/NPA5/SanPin/СанПиН 1.2.3685-21/СанПиН 1.2.3685-21-5.files/image084.jpg,39017,403467527,ac3ded4e2c580b1c50c339f29c447bb4ba1aa9fd,a04b9e14d87ff16b196dfa691543dfb088d8d6a1c72a26322114debfe757c0b6,2021-02-18T15:01:08+00:00,33685504,128
1112,{app}\NPA5\SanPin\СанПиН 1.2.3685-21\СанПиН 1.2.3685-21-5.files\image085.gif,app/NPA5/SanPin/СанПиН 1.2.3685-21/СанПиН 1.2.3685-21-5.files/image085.gif,729,403506544,73aaa006f310d963dcda2eb9ed40dc2e3cdcc3fd,18821b19c399cdcb373cd8d4eba7f34c785ec244dc6ee4e5435be47daf5d446f,2021-02-18T15:01:08+00:00,33685504,128
1113,{app}\NPA5\SanPin\СанПиН 1.2.3685-21\СанПиН 1.2.3685-21-5.files\image086.gif,app/NPA5/SanPin/СанПиН 1.2.3685-21/СанПиН 1.2.3685-21-5.files/image086.gif,773,403507273,bab378ffe81b21ffc00041b91674134e3dc83fd9,a0a3f5094a5be5d8db106ccfebce76aed89535cf40b78e40ba76cf1b65161399,2021-02-18T15:01:08+00:00,33685504,128
1114,{app}\NPA5\SanPin\СанПиН 1.2.3685-21\СанПиН 1.2.3685-21-5.files\image087.gif,app/NPA5/SanPin/СанПиН 1.2.3685-21/СанПиН 1.2.3685-21-5.files/image087.gif,221,403508046,4e4cdb2eecc2d24434903f1c933f569ff869340f,18c124e3b600d87868e612c2aa96f5e00bbde0d48de7a33ad8baabb47e117b3f,2021-02-18T15:01:08+00:00,33685504,128
1115,{app}\NPA5\SanPin\СанПиН 1.2.3685-21\СанПиН 1.2.3685-21-5.files\image088.gif,app/NPA5/SanPin/СанПиН 1.2.3685-21/СанПиН 1.2.3685-21-5.files/image088.gif,859,403508267,5cabe21736fc7dde281a5d68e8f871d82dddcd29,53c3646f38aa4c27223e9d09313575a5d9323036b8e4021173a0a65581ac747a,2021-02-18T15:01:08+00:00,33685504,128
1116,{app}\NPA5\SanPin\СанПиН 1.2.3685-21\СанПиН 1.2.3685-21-5.files\image089.gif,app/NPA5/SanPin/СанПиН 1.2.3685-21/СанПиН 1.2.3685-21-5.files/image089.gif,835,403509126,32ba6a34074d1f4e6f653d5c8c1979b57e4d5d48,a4c9116901b6a4035e46c215ece100132da8f7443a861c544366d237d4c55c7d,2021-02-18T15:01:10+00:00,33685504,128
1117,{app}\NPA5\SanPin\СанПиН 1.2.3685-21\СанПиН 1.2.3685-21-5.files\image090.gif,app/NPA5/SanPin/СанПиН 1.2.3685-21/СанПиН 1.2.3685-21-5.files/image090.gif,874,403509961,ff876e155d1d8e9969fec03508bfa8b07ab3c10e,e565f5be34321300c76ae7b712605f372e9c75bdde0db20c94c532221904d60d,2021-02-18T15:01:10+00:00,33685504,128
1118,{app}\NPA5\SanPin\СанПиН 1.2.3685-21\СанПиН 1.2.3685-21-5.files\image091.gif,app/NPA5/SanPin/СанПиН 1.2.3685-21/СанПиН 1.2.3685-21-5.files/image091.gif,971,403510835,e876261e9596d688c320314acff31bec838c73da,9308a1718f1724453ea4786e4b7d5b3c25e1f732d9aa52c74b018c7fd2de366c,2021-02-18T15:01:10+00:00,33685504,128
1119,{app}\NPA5\SanPin\СанПиН 1.2.3685-21\СанПиН 1.2.3685-21-5.files\image092.gif,app/NPA5/SanPin/СанПиН 1.2.3685-21/СанПиН 1.2.3685-21-5.files/image092.gif,839,403511806,7383b60d127491cd3e0bcad0b4e4490f3e18358a,03c762304976f9285fcf99997ef1796f278be85def83863b3536227c9f2559bd,2021-02-18T15:01:10+00:00,33685504,128
1120,{app}\NPA5\SanPin\СанПиН 1.2.3685-21\СанПиН 1.2.3685-21-5.files\image093.gif,app/NPA5/SanPin/СанПиН 1.2.3685-21/СанПиН 1.2.3685-21-5.files/image093.gif,745,403512645,8c798724bfcd4ec520e4e434f1b16a1f5b17f266,b0d37568be948e4ec839d2c9df2d2348ca486cca6cf81759bac992c822eeeb2f,2021-02-18T15:01:10+00:00,33685504,128
1121,{app}\NPA5\SanPin\СанПиН 1.2.3685-21\СанПиН 1.2.3685-21-5.files\image094.gif,app/NPA5/SanPin/СанПиН 1.2.3685-21/СанПиН 1.2.3685-21-5.files/image094.gif,860,403513390,849f86991e586da6483786ba53c90df973bb5efb,2cdcb723cee6bfa8482457fdc57b735b7426c8bafa0d1bd01f35dd7f654620ec,2021-02-18T15:01:10+00:00,33685504,128
1122,{app}\NPA5\SanPin\СанПиН 1.2.3685-21\СанПиН 1.2.3685-21-5.files\image095.gif,app/NPA5/SanPin/СанПиН 1.2.3685-21/СанПиН 1.2.3685-21-5.files/image095.gif,1019,403514250,4481db7efb28931f3447a60dbaf43aac526eb8df,2320964f684537cb9ff1d684daaa69d192e48ea8ae410f50bbcffe4bb6ce13e6,2021-02-18T15:01:10+00:00,33685504,128
1123,{app}\NPA5\SanPin\СанПиН 1.2.3685-21\СанПиН 1.2.3685-21-5.files\image096.gif,app/NPA5/SanPin/СанПиН 1.2.3685-21/СанПиН 1.2.3685-21-5.files/image096.gif,716,403515269,78be4537ac60eaf02369f5e5bb974aab0e9322f7,57feaab5419fecc0feaa44203e95bbda93db8e645f3be804063ae1ff6e592069,2021-02-18T15:01:10+00:00,33685504,128
1124,{app}\NPA5\SanPin\СанПиН 1.2.3685-21\СанПиН 1.2.3685-21-5.files\image097.gif,app/NPA5/SanPin/СанПиН 1.2.3685-21/СанПиН 1.2.3685-21-5.files/image097.gif,835,403515985,e4d2db563b18347d8e9b3925c55d9246e5942b32,26ef13388a800add336b4f3598af831d163fb3b988e0186014b952953e8aebf0,2021-02-18T15:01:10+00:00,33685504,128
1125,{app}\NPA5\SanPin\СанПиН 1.2.3685-21\СанПиН 1.2.3685-21-5.files\image098.gif,app/NPA5/SanPin/СанПиН 1.2.3685-21/СанПиН 1.2.3685-21-5.files/image098.gif,906,403516820,a32dd1540ed39ab1c6e8c8213223fb1ec83f5e7e,2def64af5038f271cc2e9535c094b2676b409fbbb4d1b2db4319ff8e4c3a9e1c,2021-02-18T15:01:10+00:00,33685504,128
1126,{app}\NPA5\SanPin\СанПиН 1.2.3685-21\СанПиН 1.2.3685-21-5.files\image099.gif,app/NPA5/SanPin/СанПиН 1.2.3685-21/СанПиН 1.2.3685-21-5.files/image099.gif,660,403517726,1446a06eb2cdfb2da633eba97e55b576aee00d73,3ec6fbb9205a8ac40c713fc0bccda1fd0feb35dc73c987a7eaec624c1b4103ff,2021-02-18T15:01:12+00:00,33685504,128
1127,{app}\NPA5\SanPin\СанПиН 1.2.3685-21\СанПиН 1.2.3685-21-5.files\image100.gif,app/NPA5/SanPin/СанПиН 1.2.3685-21/СанПиН 1.2.3685-21-5.files/image100.gif,217,403518386,90d468bc6a009633b28478db597161ef3ab83e22,b834de581684ea7a6079bee9bf7dcd04f17df8dd22a6f56d6d99d1476bd9ac06,2021-02-18T15:01:12+00:00,33685504,128
1128,{app}\NPA5\SanPin\СанПиН 1.2.3685-21\СанПиН 1.2.3685-21-5.files\image101.gif,app/NPA5/SanPin/СанПиН 1.2.3685-21/СанПиН 1.2.3685-21-5.files/image101.gif,910,403518603,bc837067d35692682332e439ac7932885ce484f7,dd9cb89a2f9a4af639eec917ad5cf9cc223b3f4154d4c2432d7ec276aae1a4c4,2021-02-18T15:01:12+00:00,33685504,128
1129,{app}\NPA5\SanPin\СанПиН 1.2.3685-21\СанПиН 1.2.3685-21-5.files\image102.gif,app/NPA5/SanPin/СанПиН 1.2.3685-21/СанПиН 1.2.3685-21-5.files/image102.gif,804,403519513,91487e7decda4afbd3f62899057a43c1ec81e797,b66feeba1e3939097da26b6fb751c3645cb92089619b99ac166278b248dfcbd6,2021-02-18T15:01:12+00:00,33685504,128
1130,{app}\NPA5\SanPin\СанПиН 1.2.3685-21\СанПиН 1.2.3685-21-5.files\image103.gif,app/NPA5/SanPin/СанПиН 1.2.3685-21/СанПиН 1.2.3685-21-5.files/image103.gif,757,403520317,9db142e20b2913141ad74e537f24f606cd04181e,728c4875390d32721a8d8063bb028a35f84dd1dd7d43706854af75aae255d66b,2021-02-18T15:01:12+00:00,33685504,128
1131,{app}\NPA5\SanPin\СанПиН 1.2.3685-21\СанПиН 1.2.3685-21-5.files\image104.gif,app/NPA5/SanPin/СанПиН 1.2.3685-21/СанПиН 1.2.3685-21-5.files/image104.gif,813,403521074,429eb20238a9cec1c982b9bf93d275f9707ab4a2,84cca1ac021dee6f17d5b6b34cb607ee45860de9925adafc4d5dccb4ead79182,2021-02-18T15:01:12+00:00,33685504,128
1132,{app}\NPA5\SanPin\СанПиН 1.2.3685-21\СанПиН 1.2.3685-21-5.files\image105.gif,app/NPA5/SanPin/СанПиН 1.2.3685-21/СанПиН 1.2.3685-21-5.files/image105.gif,810,403521887,82d2a1a34227282676f06ecbc32bd8983d83dbd1,3bfdc5d292ee7ac9dd9ef6141aa5e1b641919c8610c66621007974b7d0002881,2021-02-18T15:01:12+00:00,33685504,128
1133,{app}\NPA5\SanPin\СанПиН 1.2.3685-21\СанПиН 1.2.3685-21-5.files\image106.gif,app/NPA5/SanPin/СанПиН 1.2.3685-21/СанПиН 1.2.3685-21-5.files/image106.gif,810,403522697,2152976ce95c0b98f1bbb57084767bc7ea01fd02,b86d5c653b75cd2908d411d6740f36aa88881b96c6f50622385733245a5fc199,2021-02-18T15:01:12+00:00,33685504,128
1134,{app}\NPA5\SanPin\СанПиН 1.2.3685-21\СанПиН 1.2.3685-21-5.files\image107.gif,app/NPA5/SanPin/СанПиН 1.2.3685-21/СанПиН 1.2.3685-21-5.files/image107.gif,875,403523507,d6ff6ac7d98bc1b1f50b7762efce21049321ba27,9bb9a5659b9c460c0a7fc6a5dad8cb5bfa8159e22610e63fe240bd93553a1fd7,2021-02-18T15:01:12+00:00,33685504,128
1135,{app}\NPA5\SanPin\СанПиН 1.2.3685-21\СанПиН 1.2.3685-21-5.files\image108.gif,app/NPA5/SanPin/СанПиН 1.2.3685-21/СанПиН 1.2.3685-21-5.files/image108.gif,859,403524382,7871fc75f8053f6740df0abfb8e39c7ddc1e9c42,15a16ba135560fd9e793ee094a92fa71e84c4ffe7f0913ed233bed6cf149f5b7,2021-02-18T15:01:12+00:00,33685504,128
1136,{app}\NPA5\SanPin\СанПиН 1.2.3685-21\СанПиН 1.2.3685-21-5.files\image109.gif,app/NPA5/SanPin/СанПиН 1.2.3685-21/СанПиН 1.2.3685-21-5.files/image109.gif,861,403525241,b5d0a9a3ebbbc2cc5da4ecfaaa2b55336f0679e7,e8a13ae68a2d8cde77b0a7e18819c301fa37bed64cfd750c67b692bb70a7c3ca,2021-02-18T15:01:12+00:00,33685504,128
1137,{app}\NPA5\SanPin\СанПиН 1.2.3685-21\СанПиН 1.2.3685-21-5.files\image110.gif,app/NPA5/SanPin/СанПиН 1.2.3685-21/СанПиН 1.2.3685-21-5.files/image110.gif,835,403526102,04075349018afac29f89685f655ab646c0793799,cd47967aece6aee221a187c13a33ef66395f52dcc669967931b56d15c5dd0931,2021-02-18T15:01:12+00:00,33685504,128
1138,{app}\NPA5\SanPin\СанПиН 1.2.3685-21\СанПиН 1.2.3685-21-5.files\image111.gif,app/NPA5/SanPin/СанПиН 1.2.3685-21/СанПиН 1.2.3685-21-5.files/image111.gif,835,403526937,8684b66ebe2ecfa055f190ad839ad5105a5bcbec,1263bc8d0a386b87f5e1995bdc9a67a83d85fa8025eb03faf86988a9ec9427fa,2021-02-18T15:01:12+00:00,33685504,128
1139,{app}\NPA5\SanPin\СанПиН 1.2.3685-21\СанПиН 1.2.3685-21-5.files\image112.gif,app/NPA5/SanPin/СанПиН 1.2.3685-21/СанПиН 1.2.3685-21-5.files/image112.gif,841,403527772,bab6662748a9e0e7c185278788269509db9d5ca6,5679a2c6dccad5735fb9885de014590796bf99f39f97e87f40be25c7faa29818,2021-02-18T15:01:12+00:00,33685504,128
1140,{app}\NPA5\SanPin\СанПиН 1.2.3685-21\СанПиН 1.2.3685-21-5.files\image113.gif,app/NPA5/SanPin/СанПиН 1.2.3685-21/СанПиН 1.2.3685-21-5.files/image113.gif,811,403528613,ebd45e36aa0a1eb247646ca71e88f22c4fb32e02,f495cf5314fa7d5fd92eb6a6c92e605b6a858a0cbef5dbeb9dadfde90ada6d6e,2021-02-18T15:01:12+00:00,33685504,128
1141,{app}\NPA5\SanPin\СанПиН 1.2.3685-21\СанПиН 1.2.3685-21-5.files\image114.gif,app/NPA5/SanPin/СанПиН 1.2.3685-21/СанПиН 1.2.3685-21-5.files/image114.gif,246,403529424,4d3f1000445fbd74ffdecbdf94542396b89c41c7,2b2b8f95e7c01a3e508e943137513b4d09862da59c7d961fd982e50f9c95a1eb,2021-02-18T15:01:14+00:00,33685504,128
1142,{app}\NPA5\SanPin\СанПиН 1.2.3685-21\СанПиН 1.2.3685-21-5.files\image115.gif,app/NPA5/SanPin/СанПиН 1.2.3685-21/СанПиН 1.2.3685-21-5.files/image115.gif,235,403529670,4302d955249a1bac2007b6e4964e17acee87f5d6,a63f44b77709278825377025702f90d2ae467e67b7f47e93ccc9a496b68e50a1,2021-02-18T15:01:14+00:00,33685504,128
1143,{app}\NPA5\SanPin\СанПиН 1.2.3685-21\СанПиН 1.2.3685-21-5.files\image116.gif,app/NPA5/SanPin/СанПиН 1.2.3685-21/СанПиН 1.2.3685-21-5.files/image116.gif,213,403529905,39945d8f7cf1f29d9953e38f4632a515e40bf17c,fc91487b6d47a2d1e1ac8eb5a37680d15f0037002d1337584a060f5bb50e7a88,2021-02-18T15:01:14+00:00,33685504,128
1144,{app}\NPA5\SanPin\СанПиН 1.2.3685-21\СанПиН 1.2.3685-21-5.files\image117.gif,app/NPA5/SanPin/СанПиН 1.2.3685-21/СанПиН 1.2.3685-21-5.files/image117.gif,426,403530118,671642a05ec32296472618a4761aefa56c1667f6,01e3d749a958c0f99d338448d326e942cd57c02245ede24aae0c5a8c497c07f8,2021-02-18T15:01:14+00:00,33685504,128
1145,{app}\NPA5\SanPin\СанПиН 1.2.3685-21\СанПиН 1.2.3685-21-5.files\image118.gif,app/NPA5/SanPin/СанПиН 1.2.3685-21/СанПиН 1.2.3685-21-5.files/image118.gif,395,403530544,665648274e76b6bfa05a805e1a31978082b25972,7d7123f2073b162ef261e9e146ff17d8ef1765ca81723fda35fd815f28fea38a,2021-02-18T15:01:14+00:00,33685504,128
1146,{app}\NPA5\SanPin\СанПиН 1.2.3685-21\СанПиН 1.2.3685-21-5.files\image119.gif,app/NPA5/SanPin/СанПиН 1.2.3685-21/СанПиН 1.2.3685-21-5.files/image119.gif,482,403530939,25165d1e0fa16ec302d6b215c103770b881a5dc9,c0637be37934da644f1bd47624774fd5ff1cdd577b28c8b4e3c52f1b7195b057,2021-02-18T15:01:14+00:00,33685504,128
1147,{app}\NPA5\SanPin\СанПиН 1.2.3685-21\СанПиН 1.2.3685-21-5.files\image120.gif,app/NPA5/SanPin/СанПиН 1.2.3685-21/СанПиН 1.2.3685-21-5.files/image120.gif,467,403531421,f254fe10744dd28d63c7245a4e7ffdc0e3c10480,8d2346399dda818488f5c01d5c5666d1adb516825c9f75d2dc151b932c275d83,2021-02-18T15:01:14+00:00,33685504,128
1148,{app}\NPA5\SanPin\СанПиН 1.2.3685-21\СанПиН 1.2.3685-21-7.files\image001.gif,app/NPA5/SanPin/СанПиН 1.2.3685-21/СанПиН 1.2.3685-21-7.files/image001.gif,239,403531888,d61cceb09c5c3b3d03055cc23ef0388af9314472,e792c8d9d3b9b8ea20628e3f4f1177cb3ecaff805c83a61c496c6298c21a5ced,2021-02-18T15:03:46+00:00,33685504,128
1149,{app}\NPA5\SanPin\СанПиН 1.2.3685-21\СанПиН 1.2.3685-21-7.files\image002.gif,app/NPA5/SanPin/СанПиН 1.2.3685-21/СанПиН 1.2.3685-21-7.files/image002.gif,286,403532127,ff2369ea4e6227b640154b06d3bed2f8e7ccddb6,0cacc8f39bfdbafefc2e1dcc892b56a71c494f8bb00b19fdbb2ef629ddb817a1,2021-02-18T15:03:46+00:00,33685504,128
1150,{app}\NPA5\SanPin\СанПиН 1.2.3685-21\СанПиН 1.2.3685-21-7.files\image003.gif,app/NPA5/SanPin/СанПиН 1.2.3685-21/СанПиН 1.2.3685-21-7.files/image003.gif,275,403532413,29993f7be1b7716ccfb30040d12a1d301407e84c,ffc0d2d8f917d2c600cca56dffd8f55bffc715b7a27ec4310988e50ac71d7d73,2021-02-18T15:03:46+00:00,33685504,128
1151,{app}\NPA5\SanPin\СанПиН 1.2.3685-21\СанПиН 1.2.3685-21-7.files\image004.gif,app/NPA5/SanPin/СанПиН 1.2.3685-21/СанПиН 1.2.3685-21-7.files/image004.gif,283,403532688,734449a2589923bb95a538781f17a66c731514df,68a225bc6876c9804386a9ed82f0e0ab0ce13c69734f4e1920f7381a629c4fc8,2021-02-18T15:03:46+00:00,33685504,128
1152,{app}\NPA5\SanPin\СанПиН 1.2.3685-21\СанПиН 1.2.3685-21-7.files\image005.gif,app/NPA5/SanPin/СанПиН 1.2.3685-21/СанПиН 1.2.3685-21-7.files/image005.gif,285,403532971,0e61283e5095fa11c539fce3c5c3da50bab87e6f,6d16049dfe8122b8a7b1f6ee5e04ce36805d7f5f4efd5f1b74556ec6c8e49159,2021-02-18T15:03:46+00:00,33685504,128
1153,{app}\NPA5\SanPin\СанПиН 1.2.3685-21\СанПиН 1.2.3685-21-7.files\image006.gif,app/NPA5/SanPin/СанПиН 1.2.3685-21/СанПиН 1.2.3685-21-7.files/image006.gif,288,403533256,9ab76f84d2a3ddbfb89a0d286a0e1654af029de9,30979876b518100098980137eaa3a668aba32142457368a18c8be3549012b38b,2021-02-18T15:03:46+00:00,33685504,128
1154,{app}\NPA5\SanPin\СанПиН 1.2.3685-21\СанПиН 1.2.3685-21-7.files\image007.gif,app/NPA5/SanPin/СанПиН 1.2.3685-21/СанПиН 1.2.3685-21-7.files/image007.gif,273,403533544,b9bc78ad77f9884d32e4499f9e7745228b940236,aba1565a72b720d44d55408285cba02bb46cb71596a507d0a696f5f2deb32ea6,2021-02-18T15:03:46+00:00,33685504,128
1155,{app}\NPA5\SanPin\СанПиН 1.2.3685-21\СанПиН 1.2.3685-21-7.files\image008.gif,app/NPA5/SanPin/СанПиН 1.2.3685-21/СанПиН 1.2.3685-21-7.files/image008.gif,279,403533817,b6a227b7b3ac8ad81bc092d94308e2fd04f9e169,f84b6f562dc959adf1f6ccb8c2623304584585ae54093d5a9f66f769de806b30,2021-02-18T15:03:46+00:00,33685504,128
1156,{app}\NPA5\SanPin\СанПиН 1.2.3685-21\СанПиН 1.2.3685-21-7.files\image009.gif,app/NPA5/SanPin/СанПиН 1.2.3685-21/СанПиН 1.2.3685-21-7.files/image009.gif,267,403534096,453e230273e4ce49f8b03e1832ac39276d098089,2448b00f3d55f49f5de01e323d4faedf908195e99057acf54dd2791e2e76a4e1,2021-02-18T15:03:46+00:00,33685504,128
1157,{app}\NPA5\SanPin\СанПиН 1.2.3685-21\СанПиН 1.2.3685-21-7.files\image010.gif,app/NPA5/SanPin/СанПиН 1.2.3685-21/СанПиН 1.2.3685-21-7.files/image010.gif,269,403534363,4fc94f16a9b083b4bfa2d4ddb97da16e1bb21840,cc0d1d8e09ac2c27f24782e3604aeb8d0f163105b23a9d3785ad20fd1c3a38da,2021-02-18T15:03:46+00:00,33685504,128
1158,{app}\NPA5\SanPin\СанПиН 1.2.3685-21\СанПиН 1.2.3685-21-7.files\image011.gif,app/NPA5/SanPin/СанПиН 1.2.3685-21/СанПиН 1.2.3685-21-7.files/image011.gif,275,403534632,4a3f2334428b2265b3cb62b60cefae5994fa0198,1ad211881a0ba3ee1af463315834ac95ccaf78f41b9e734bc6607e960f7c4e2d,2021-02-18T15:03:46+00:00,33685504,128
1159,{app}\NPA5\SanPin\СанПиН 1.2.3685-21\СанПиН 1.2.3685-21-7.files\image012.gif,app/NPA5/SanPin/СанПиН 1.2.3685-21/СанПиН 1.2.3685-21-7.files/image012.gif,292,403534907,7fd502cc952490ac4d2b3d11101d51ac05b2e858,b92d5089da282b76cee61137cf0f12985dac6a2bb6e8faa9cdfe27f42f3e2ae9,2021-02-18T15:03:46+00:00,33685504,128
1160,{app}\NPA5\SanPin\СанПиН 1.2.3685-21\СанПиН 1.2.3685-21-7.files\image013.gif,app/NPA5/SanPin/СанПиН 1.2.3685-21/СанПиН 1.2.3685-21-7.files/image013.gif,270,403535199,cbd2e4851af76a485324286318a2b7fcda07e116,ec2bc1f3ccc88a3d955d6e726f57d376117329e2ac07f73bf29dfbbbe4104bf2,2021-02-18T15:03:48+00:00,33685504,128
1161,{app}\NPA5\SanPin\СанПиН 1.2.3685-21\СанПиН 1.2.3685-21-7.files\image014.gif,app/NPA5/SanPin/СанПиН 1.2.3685-21/СанПиН 1.2.3685-21-7.files/image014.gif,272,403535469,5a2473dbcdbd89adaa632e6bda47ed0d519131bf,7870a8815696285fdc0d92d8fe26314e0b3ecb9e224c12bf4b060db207eb7d19,2021-02-18T15:03:48+00:00,33685504,128
1162,{app}\NPA5\SanPin\СанПиН 1.2.3685-21\СанПиН 1.2.3685-21-7.files\image015.gif,app/NPA5/SanPin/СанПиН 1.2.3685-21/СанПиН 1.2.3685-21-7.files/image015.gif,289,403535741,2eb978214f41c7843efc3f0ee6644505e5d3629d,4ec0474ccdb680dfbf004daf8edb7b6b55916446937ee6f0fe3712c1e65769e8,2021-02-18T15:03:48+00:00,33685504,128
1163,{app}\NPA5\SanPin\СанПиН 1.2.3685-21\СанПиН 1.2.3685-21-7.files\image016.gif,app/NPA5/SanPin/СанПиН 1.2.3685-21/СанПиН 1.2.3685-21-7.files/image016.gif,285,403536030,85465c7532893cd687971185a829e10b43cedb85,ac430c0d88a8e33fb46bd189ba4d8cf0ec63e9a7f42961aac493c99e39a02e48,2021-02-18T15:03:48+00:00,33685504,128
1164,{app}\NPA5\SanPin\СанПиН 1.2.3685-21\СанПиН 1.2.3685-21-7.files\image017.gif,app/NPA5/SanPin/СанПиН 1.2.3685-21/СанПиН 1.2.3685-21-7.files/image017.gif,273,403536315,05295b98fe3545f45c1aa758fa40e9a522345b2e,bc23411b2bd6c71b273eb6d5b2991b17e01b09cfdf8b32bc6fdebae9566e29a8,2021-02-18T15:03:50+00:00,33685504,128
1165,{app}\NPA5\SanPin\СанПиН 1.2.3685-21\СанПиН 1.2.3685-21-7.files\image018.gif,app/NPA5/SanPin/СанПиН 1.2.3685-21/СанПиН 1.2.3685-21-7.files/image018.gif,234,403536588,eff7bd85c68c0ba1fb14ce8f5ae3cf412e67e026,266abbe35700f684698a308c3969ea53e39799a816bb10d44309ecb211434509,2021-02-18T15:03:50+00:00,33685504,128
1166,{app}\NPA5\SanPin\СанПиН 1.2.3685-21\СанПиН 1.2.3685-21-9.files\filelist.xml,app/NPA5/SanPin/СанПиН 1.2.3685-21/СанПиН 1.2.3685-21-9.files/filelist.xml,2298,403536822,0fdeef522dc30562fda6692b950f8789c45682ab,b2e528b0a4cdc51f0b1c505474bbe68f5410d620d948d53074fdefba3519c853,2025-09-15T11:17:06+00:00,33685504,128
1167,{app}\NPA5\SanPin\СанПиН 1.2.3685-21\СанПиН 1.2.3685-21-9.files\image001.gif,app/NPA5/SanPin/СанПиН 1.2.3685-21/СанПиН 1.2.3685-21-9.files/image001.gif,234,403539120,156a50659a03747174cd46dc0768eb5b13829aaf,27d6146143c7d6710bb339c4ddd04196cdb823bc47303ee48edaa022d170d760,2021-02-18T15:09:00+00:00,33685504,128
1168,{app}\NPA5\SanPin\СанПиН 1.2.3685-21\СанПиН 1.2.3685-21-9.files\image001.wmz,app/NPA5/SanPin/СанПиН 1.2.3685-21/СанПиН 1.2.3685-21-9.files/image001.wmz,462,403539354,19b77308d21556ce20650a185c9e9bcec5776a83,765c92adb0c50a3b330d295fa81b198393de97a66608bbaac476cf055c8a3c98,2025-09-15T11:17:04+00:00,33685504,128
1169,{app}\NPA5\SanPin\СанПиН 1.2.3685-21\СанПиН 1.2.3685-21-9.files\image002.gif,app/NPA5/SanPin/СанПиН 1.2.3685-21/СанПиН 1.2.3685-21-9.files/image002.gif,241,403539816,29a8ffe975758e8739bd43d3393ac581a7775111,37bc5b9e88a4e73538d7d1f20555cb8183368a8ef639044985e0ed233ab14284,2025-09-15T11:17:04+00:00,33685504,128
1170,{app}\NPA5\SanPin\СанПиН 1.2.3685-21\СанПиН 1.2.3685-21-9.files\image003.gif,app/NPA5/SanPin/СанПиН 1.2.3685-21/СанПиН 1.2.3685-21-9.files/image003.gif,220,403540057,4f5dad35991832f964aebae6c33c1a2d0466633e,08ec89c209ea062d5ecce4f88ca807d1e780685465797e1db9e28388b526078d,2021-02-18T15:09:02+00:00,33685504,128
1171,{app}\NPA5\SanPin\СанПиН 1.2.3685-21\СанПиН 1.2.3685-21-9.files\image003.wmz,app/NPA5/SanPin/СанПиН 1.2.3685-21/СанПиН 1.2.3685-21-9.files/image003.wmz,460,403540277,ad4e5da364ad144e7ca8e2b4b1e6ec340396e0a0,c1922534ec624e6933df232aa9d33a8d732a772a8ea75fd8e5d8afa7a96903ae,2025-09-15T11:17:04+00:00,33685504,128
1172,{app}\NPA5\SanPin\СанПиН 1.2.3685-21\СанПиН 1.2.3685-21-9.files\image004.gif,app/NPA5/SanPin/СанПиН 1.2.3685-21/СанПиН 1.2.3685-21-9.files/image004.gif,232,403540737,e439c473762f12d769a0185afad174e6cd767aa0,2c37af49e3d120c1d078fa4feca735a00dc209878db829399db01fd1656a0599,2021-02-18T15:09:02+00:00,33685504,128
1173,{app}\NPA5\SanPin\СанПиН 1.2.3685-21\СанПиН 1.2.3685-21-9.files\image004.wmz,app/NPA5/SanPin/СанПиН 1.2.3685-21/СанПиН 1.2.3685-21-9.files/image004.wmz,461,403540969,67b2a0ddd8130b150cfd5f8125ac9cec67847748,1c7617ad07f565c43d9fbe74a9049855d09594b520d31822eac9530aa71b36b1,2025-09-15T11:17:04+00:00,33685504,128
1174,{app}\NPA5\SanPin\СанПиН 1.2.3685-21\СанПиН 1.2.3685-21-9.files\image005.gif,app/NPA5/SanPin/СанПиН 1.2.3685-21/СанПиН 1.2.3685-21-9.files/image005.gif,899,403541430,de1eadbb41c8e203abc122956af0c57c36fff14f,041bf7ab21f2ccd4dfa1644f2cb5d1743511792f95e7e94fd5aea77284b24edb,2021-02-18T15:09:02+00:00,33685504,128
1175,{app}\NPA5\SanPin\СанПиН 1.2.3685-21\СанПиН 1.2.3685-21-9.files\image005.wmz,app/NPA5/SanPin/СанПиН 1.2.3685-21/СанПиН 1.2.3685-21-9.files/image005.wmz,467,403542329,525427054c6b59c2ec5defde4a402d3f22a9822d,c248dc0b387ea1c616974c571f118de412507f3c5eba3e57848826e37f48d89e,2025-09-15T11:17:04+00:00,33685504,128
1176,{app}\NPA5\SanPin\СанПиН 1.2.3685-21\СанПиН 1.2.3685-21-9.files\image006.gif,app/NPA5/SanPin/СанПиН 1.2.3685-21/СанПиН 1.2.3685-21-9.files/image006.gif,220,403542796,26db82e53f7db07bfb8034bce8ad71588c93cde7,46e0f550b77fdc3e23da3240cf3a2f7426fd30210267182d8554f49d773d1a7b,2025-09-15T11:17:04+00:00,33685504,128
1177,{app}\NPA5\SanPin\СанПиН 1.2.3685-21\СанПиН 1.2.3685-21-9.files\image007.gif,app/NPA5/SanPin/СанПиН 1.2.3685-21/СанПиН 1.2.3685-21-9.files/image007.gif,308,403543016,4b9a36c3c0db863d66466c8481bcc8876e0fb535,96df2b8325c08002327f1a354a60837c90639e609d4650fd13fa7c336e36a985,2021-02-18T15:09:02+00:00,33685504,128
1178,{app}\NPA5\SanPin\СанПиН 1.2.3685-21\СанПиН 1.2.3685-21-9.files\image007.wmz,app/NPA5/SanPin/СанПиН 1.2.3685-21/СанПиН 1.2.3685-21-9.files/image007.wmz,467,403543324,92e7eeb20cff359b45b106d9da97956997d6a6e3,b685de64a798558cf0dbb13ca88d33539d65d38a35545558266800630735f793,2025-09-15T11:17:04+00:00,33685504,128
1179,{app}\NPA5\SanPin\СанПиН 1.2.3685-21\СанПиН 1.2.3685-21-9.files\image008.gif,app/NPA5/SanPin/СанПиН 1.2.3685-21/СанПиН 1.2.3685-21-9.files/image008.gif,255,403543791,ad9e8c966ba023e75e516a1482554b7c7c6ba230,a344cfa03da67a19fc95912e3ba448aa4ff08a23f6e667b296127ddcc4a59a6d,2021-02-18T15:09:04+00:00,33685504,128
1180,{app}\NPA5\SanPin\СанПиН 1.2.3685-21\СанПиН 1.2.3685-21-9.files\image008.wmz,app/NPA5/SanPin/СанПиН 1.2.3685-21/СанПиН 1.2.3685-21-9.files/image008.wmz,466,403544046,b458830fb893ae649812f24fc04912929a8bfbcf,b13d028da1d17da084d1909f848edb4e8b27ed199f1136f83b004e386c80c3c5,2025-09-15T11:17:04+00:00,33685504,128
1181,{app}\NPA5\SanPin\СанПиН 1.2.3685-21\СанПиН 1.2.3685-21-9.files\image009.gif,app/NPA5/SanPin/СанПиН 1.2.3685-21/СанПиН 1.2.3685-21-9.files/image009.gif,610,403544512,8c8af38f812a23a4774871c6a9be32a98224ab74,3a53598870e51e1b0e67f0f808e0b6bc87d8c034a713613517260f88d2c557b0,2021-02-18T15:09:06+00:00,33685504,128
1182,{app}\NPA5\SanPin\СанПиН 1.2.3685-21\СанПиН 1.2.3685-21-9.files\image009.wmz,app/NPA5/SanPin/СанПиН 1.2.3685-21/СанПиН 1.2.3685-21-9.files/image009.wmz,467,403545122,28b3d9813d944998b54add7f6d4b482448f7451a,3e1ac5093d331e2596ae26f702fe3d98d8f1ad423a444deef28e2a690ac354d4,2025-09-15T11:17:04+00:00,33685504,128
1183,{app}\NPA5\SanPin\СанПиН 1.2.3685-21\СанПиН 1.2.3685-21-9.files\image010.gif,app/NPA5/SanPin/СанПиН 1.2.3685-21/СанПиН 1.2.3685-21-9.files/image010.gif,553,403545589,ec5a88acc4ee00ee27a6ee0a6d437c4383fcdd8f,597c565f7e490512e7dd843206602a20b0b7a46717f3635ed344dddf312fc53a,2021-02-18T15:09:06+00:00,33685504,128
1184,{app}\NPA5\SanPin\СанПиН 1.2.3685-21\СанПиН 1.2.3685-21-9.files\image010.wmz,app/NPA5/SanPin/СанПиН 1.2.3685-21/СанПиН 1.2.3685-21-9.files/image010.wmz,468,403546142,402c4b0e246ad0e304ce8bac2970694c9d92a723,38833057fae8a2433214d0e2b1c43108c9ec4f5cfb2df50d104cad759ce60b03,2025-09-15T11:17:04+00:00,33685504,128
1185,{app}\NPA5\SanPin\СанПиН 1.2.3685-21\СанПиН 1.2.3685-21-9.files\image011.wmz,app/NPA5/SanPin/СанПиН 1.2.3685-21/СанПиН 1.2.3685-21-9.files/image011.wmz,466,403546610,c0769fe298d340b30bd3c3c94e2d3355adfb6f05,ae311d398bc6e8d70f36cf0c3ece4f7c77f2a927bd8b214640f7f44ef36149fd,2025-09-15T11:17:04+00:00,33685504,128
1186,{app}\NPA5\SanPin\СанПиН 1.2.3685-21\СанПиН 1.2.3685-21-9.files\image012.wmz,app/NPA5/SanPin/СанПиН 1.2.3685-21/СанПиН 1.2.3685-21-9.files/image012.wmz,502,403547076,6e126b19b19d99f20118a2a289cf29fd351b7d02,d7cff2b3581ea313ed90f14fde92babc515d46a69662d3e844fc2c11229c636b,2025-09-15T11:17:04+00:00,33685504,128
1187,{app}\NPA5\SanPin\СанПиН 1.2.3685-21\СанПиН 1.2.3685-21-9.files\image013.gif,app/NPA5/SanPin/СанПиН 1.2.3685-21/СанПиН 1.2.3685-21-9.files/image013.gif,358,403547578,aa2233096b6c9c9bd98d93051582977f977e8108,b99c53b4adc6317a9a6f8cccecdf724e43722323585ceb08b47fcfc6a7a76120,2025-09-15T11:17:04+00:00,33685504,128
1188,{app}\NPA5\SanPin\СанПиН 1.2.3685-21\СанПиН 1.2.3685-21-9.files\image014.wmz,app/NPA5/SanPin/СанПиН 1.2.3685-21/СанПиН 1.2.3685-21-9.files/image014.wmz,464,403547936,461b28090188b28e71e2325f2cdd5912328b87c7,c91c2eb5702251880ed3fca54a240d20d7028d25a87fe78d08c365fa1a923486,2025-09-15T11:17:04+00:00,33685504,128
1189,{app}\NPA5\SanPin\СанПиН 1.2.3685-21\СанПиН 1.2.3685-21-9.files\image015.wmz,app/NPA5/SanPin/СанПиН 1.2.3685-21/СанПиН 1.2.3685-21-9.files/image015.wmz,466,403548400,8bc533d0e5071e97502d3a095b44d95440e96f5f,ead8695e5fd34fbb8ecd8e7d10ac018c3db262f8b9684c870f0e9916a1a284ef,2025-09-15T11:17:04+00:00,33685504,128
1190,{app}\NPA5\SanPin\СанПиН 1.2.3685-21\СанПиН 1.2.3685-21-9.files\image016.wmz,app/NPA5/SanPin/СанПиН 1.2.3685-21/СанПиН 1.2.3685-21-9.files/image016.wmz,571,403548866,da912410f7faa2f68a914cf065b8745475025132,7ff3308d1d1e73f0edc52cbe4c0b62fe9b74ae3cbc2e19e56b30dc126f7c0ce0,2025-09-15T11:17:06+00:00,33685504,128
1191,{app}\NPA5\SanPin\СанПиН 1.2.3685-21\СанПиН 1.2.3685-21-9.files\image017.gif,app/NPA5/SanPin/СанПиН 1.2.3685-21/СанПиН 1.2.3685-21-9.files/image017.gif,961,403549437,3658c197ca44cf9b4acfbbb1264ccd219cce8d88,cebda2894327cee0b02abc45aedd54e43c8f8443a6b0c562d353ef5d21b637ee,2025-09-15T11:17:06+00:00,33685504,128
1192,{app}\NPA5\SanPin\СанПиН 1.2.3685-21\СанПиН 1.2.3685-21-9.files\image018.wmz,app/NPA5/SanPin/СанПиН 1.2.3685-21/СанПиН 1.2.3685-21-9.files/image018.wmz,466,403550398,afcf4f63797f80dbd016ea108a80d64d0fd47418,0c5dc00ec7ff0a0b3e65d4d46c92c9e46f1336d556120eeb8173fc6e2aadbf88,2025-09-15T11:17:06+00:00,33685504,128
1193,{app}\NPA5\SanPin\СанПиН 1.2.3685-21\СанПиН 1.2.3685-21-9.files\image019.wmz,app/NPA5/SanPin/СанПиН 1.2.3685-21/СанПиН 1.2.3685-21-9.files/image019.wmz,500,403550864,59748224376e94f77f6c7b99bf4f48d45cefe686,774edace99a99e76d1bfe1e9e1532038f1e49be08598c0fae8386e6a3c2ee03e,2025-09-15T11:17:06+00:00,33685504,128
1194,{app}\NPA5\SanPin\СанПиН 1.2.3685-21\СанПиН 1.2.3685-21-9.files\image020.wmz,app/NPA5/SanPin/СанПиН 1.2.3685-21/СанПиН 1.2.3685-21-9.files/image020.wmz,467,403551364,e751e22bcaafdfababdd63db47ee4cc6ba9396e8,084ea46f5e1582f26c52c31668747532c632edae3bd7585d74566d8be556996d,2025-09-15T11:17:06+00:00,33685504,128
1195,{app}\NPA5\SanPin\СанПиН 1.2.3685-21\СанПиН 1.2.3685-21-9.files\image021.wmz,app/NPA5/SanPin/СанПиН 1.2.3685-21/СанПиН 1.2.3685-21-9.files/image021.wmz,483,403551831,182346bda4619829c130665a1cad20bac357d669,98d42e3b4facc0a68b0836f318dbf4909f4f7b579b59cfaf3b4012073162e755,2025-09-15T11:17:06+00:00,33685504,128
1196,{app}\NPA5\SanPin\СанПиН 1.2.3685-21\СанПиН 1.2.3685-21-9.files\image022.gif,app/NPA5/SanPin/СанПиН 1.2.3685-21/СанПиН 1.2.3685-21-9.files/image022.gif,437,403552314,03c8cf1f5ea8b791bb196db81274c3e34a8c3dd0,f6b59ac66151208a9a638e495b4efeaba150415fa1073eaf52a9798e4c3733c6,2025-09-15T11:17:06+00:00,33685504,128
1197,{app}\NPA5\SanPin\СанПиН 1.2.3685-21\СанПиН 1.2.3685-21-9.files\image023.wmz,app/NPA5/SanPin/СанПиН 1.2.3685-21/СанПиН 1.2.3685-21-9.files/image023.wmz,482,403552751,2aeeb89c285ee7b0a94359ba305643f503a50f11,dd63bed0009fe099d81f3504e0d8b87179e30e4c4a94665c6ff6438abda43a74,2025-09-15T11:17:06+00:00,33685504,128
1198,{app}\NPA5\SanPin\СанПиН 1.2.3685-21\СанПиН 1.2.3685-21-9.files\image024.wmz,app/NPA5/SanPin/СанПиН 1.2.3685-21/СанПиН 1.2.3685-21-9.files/image024.wmz,467,403553233,cdffe02d9399e34b3304e3ac659e04e333d18c8a,01e918d24cb11844eb0322c85744697109edf0e66b8cb152af5ef6296c3b5113,2025-09-15T11:17:06+00:00,33685504,128
1199,{app}\NPA5\SanPin\СанПиН 1.2.3685-21\СанПиН 1.2.3685-21-9.files\image025.wmz,app/NPA5/SanPin/СанПиН 1.2.3685-21/СанПиН 1.2.3685-21-9.files/image025.wmz,500,403553700,8f881df306caf478e32ebc3cf607eccdfe2c5eee,5022186422912886894c32e80f259f10023231133482ffe5f3acf0838b66764f,2025-09-15T11:17:06+00:00,33685504,128
1200,{app}\NPA5\SanPin\СанПиН 1.2.3685-21\СанПиН 1.2.3685-21-9.files\image026.gif,app/NPA5/SanPin/СанПиН 1.2.3685-21/СанПиН 1.2.3685-21-9.files/image026.gif,358,403554200,d8a9abb3c8248d389615d600123849379ec2385d,924c51088dcdfd8f3bce8e6d2fd652369d0472323a64d7f4b48480106a5983e6,2025-09-15T11:17:06+00:00,33685504,128
1201,{app}\NPA5\SanPin\СанПиН 1.2.3685-21\СанПиН 1.2.3685-21-9.files\image027.wmz,app/NPA5/SanPin/СанПиН 1.2.3685-21/СанПиН 1.2.3685-21-9.files/image027.wmz,499,403554558,3d68df147f4e216244676ea3a0d2e68f55c8e207,5ca1971616b4979e8bdc9a37a619592cfb8d565484798621dac0c30667f2612c,2025-09-15T11:17:06+00:00,33685504,128
1202,{app}\NPA5\SanPin\СанПиН 1.2.3685-21\СанПиН 1.2.3685-21-9.files\image028.wmz,app/NPA5/SanPin/СанПиН 1.2.3685-21/СанПиН 1.2.3685-21-9.files/image028.wmz,465,403555057,c97c7836012614881e7864fee6c7c114cb30e777,236a1ee2371144829803d595a4ba893a944f18b99cb4189f408009b1390a054b,2025-09-15T11:17:06+00:00,33685504,128
1203,{app}\NPA5\SanPin\СанПиН 1.2.3685-21\СанПиН 1.2.3685-21-9.files\image029.wmz,app/NPA5/SanPin/СанПиН 1.2.3685-21/СанПиН 1.2.3685-21-9.files/image029.wmz,465,403555522,c4a2f0448db5027fc13b23c26b430ee4be18b30d,8b297ad11d760f2b1db446804f88e2396c87f4f98fe0a0a7339090b27601379e,2025-09-15T11:17:06+00:00,33685504,128
1204,{app}\NPA5\SanPin\СанПиН 1.2.3685-21\СанПиН 1.2.3685-21-9.files\image030.wmz,app/NPA5/SanPin/СанПиН 1.2.3685-21/СанПиН 1.2.3685-21-9.files/image030.wmz,482,403555987,7f1f648f4db17cb62391fac6f6c741b857c2088d,f35befae8671c23143b6501a4dfd49a7ea82abe4a1cfb6f450e6a20e3bdd8794,2025-09-15T11:17:06+00:00,33685504,128
1205,{app}\NPA5\SanPin\СанПиН 1.2.3685-21\СанПиН 1.2.3685-21-9.files\image031.wmz,app/NPA5/SanPin/СанПиН 1.2.3685-21/СанПиН 1.2.3685-21-9.files/image031.wmz,484,403556469,0e3da88b2955151fdc5c037cf08e55512fd779d2,25fc5b8184a1b73ae17ef4f8c1d7fe99c1df5e588fe169dc884aa4235bec0d83,2025-09-15T11:17:06+00:00,33685504,128
1206,{app}\NPA5\SanPin\СанПиН 1.2.3685-21\СанПиН 1.2.3685-21-9.files\image032.wmz,app/NPA5/SanPin/СанПиН 1.2.3685-21/СанПиН 1.2.3685-21-9.files/image032.wmz,481,403556953,31c3f9b0581ff9229593f3031e04649e998790fc,79771a4311b59018b5694c3072e8b74116ef2b6cf1fdb24f2147526aa26e7fc5,2025-09-15T11:17:06+00:00,33685504,128
1207,{app}\NPA5\SanPin\СанПиН 1.2.3685-21\СанПиН 1.2.3685-21-9.files\image033.wmz,app/NPA5/SanPin/СанПиН 1.2.3685-21/СанПиН 1.2.3685-21-9.files/image033.wmz,483,403557434,c4180aaef3f226cdf529fb8d06854606b04645c2,34b82e08cc57285d315cff7466ad7cad4fc80bcda0110a6c72402609d3b9a101,2025-09-15T11:17:06+00:00,33685504,128
1208,{app}\NPA5\SanPin\СанПиН 1.2.3685-21\СанПиН 1.2.3685-21-9.files\image034.wmz,app/NPA5/SanPin/СанПиН 1.2.3685-21/СанПиН 1.2.3685-21-9.files/image034.wmz,465,403557917,8e7ea769483e836e3841f8424fc3ee67ee5db90d,830b8605ee10580aeb9b36dc7c14327cfea2c56a43d822a8b3547a7692b6129e,2025-09-15T11:17:06+00:00,33685504,128
1209,{app}\NPA5\SanPin\СанПиН 1.2.3685-21\СанПиН 1.2.3685-21-9.files\image035.wmz,app/NPA5/SanPin/СанПиН 1.2.3685-21/СанПиН 1.2.3685-21-9.files/image035.wmz,467,403558382,e1dde30f1faf4bc1a1ffdaa8150d3fa432946a52,c2b85c3059d0f29343e209e988d31bcf9ccd96358ad02361ba64890af17b8e0d,2025-09-15T11:17:06+00:00,33685504,128
1210,{app}\NPA5\SanPin\СанПиН 1.2.3685-21\СанПиН 1.2.3685-21-9.files\image036.wmz,app/NPA5/SanPin/СанПиН 1.2.3685-21/СанПиН 1.2.3685-21-9.files/image036.wmz,466,403558849,149d3e04370f156cc50491dae19abd8253ea3a18,c3568bae864774b2cafda643aaec3b2020ed1d3f715543a822b41d80afa460b2,2025-09-15T11:17:06+00:00,33685504,128
1211,{app}\NPA5\SanPin\СанПиН 1.2.3685-21\СанПиН 1.2.3685-21-9.files\image037.wmz,app/NPA5/SanPin/СанПиН 1.2.3685-21/СанПиН 1.2.3685-21-9.files/image037.wmz,502,403559315,25a083bdef1194990c8a7326c5c10eec81454832,95dc260b309ef72e9fae71a18bb5aec42bb4e324aa7597564f3cba56d180a52c,2025-09-15T11:17:06+00:00,33685504,128
1212,{app}\NPA5\SanPin\СанПиН 1.2.3685-21\СанПиН 1.2.3685-21-9.files\image038.gif,app/NPA5/SanPin/СанПиН 1.2.3685-21/СанПиН 1.2.3685-21-9.files/image038.gif,364,403559817,dcd78b589a6dd8371d384475a1ff1c6d8fad335c,f4ccd53e5a545085c5a2c4969544ef16f0bd1a0ef001cffcba85d19613da80a5,2025-09-15T11:17:06+00:00,33685504,128
1213,{app}\NPA5\SanPin\СанПиН 1.2.3685-21\СанПиН 1.2.3685-21-9.files\image039.wmz,app/NPA5/SanPin/СанПиН 1.2.3685-21/СанПиН 1.2.3685-21-9.files/image039.wmz,468,403560181,290803d158bd79ca0c10b63e6b38040647a5c38f,8b9cc8607abe6338c3a6ab6910082dcf3c0967cea777ab6b6565948637f03419,2025-09-15T11:17:06+00:00,33685504,128
1214,{app}\NPA5\SanPin\СанПиН 1.2.3685-21\СанПиН 1.2.3685-21-9.files\image040.wmz,app/NPA5/SanPin/СанПиН 1.2.3685-21/СанПиН 1.2.3685-21-9.files/image040.wmz,477,403560649,c092f23a6bd29d436dd4f09b1a319daeef76176c,1df5db806582418cfcc5ed25c99c6e5d96088bc6f808ca4bea9e0d036bdfc4b7,2025-09-15T11:17:06+00:00,33685504,128
1215,{app}\NPA5\SanPin\СанПиН 1.2.3685-21\СанПиН 1.2.3685-21-9.files\image041.gif,app/NPA5/SanPin/СанПиН 1.2.3685-21/СанПиН 1.2.3685-21-9.files/image041.gif,436,403561126,b6b86b94b111a7a475f6ccd4d78b27fa6f09434c,23b688a369eca0e0e03d0d7646bfca3365ebe03e0d51d1e449f6a46947939ee6,2025-09-15T11:17:06+00:00,33685504,128
1216,{app}\NPA5\SanPin\СанПиН 1.2.3685-21\СанПиН 1.2.3685-21-9.files\image042.wmz,app/NPA5/SanPin/СанПиН 1.2.3685-21/СанПиН 1.2.3685-21-9.files/image042.wmz,468,403561562,89fd1fff3805ad4df0a38b47f431bac463a8199f,beaae39602d5c77a8f8080f5644559f430292da1618b3327009a25e64a4b0106,2025-09-15T11:17:06+00:00,33685504,128
1217,{app}\NPA5\SanPin\СанПиН 1.2.3685-21\СанПиН 1.2.3685-21-9.files\image043.wmz,app/NPA5/SanPin/СанПиН 1.2.3685-21/СанПиН 1.2.3685-21-9.files/image043.wmz,478,403562030,04c9745ab48671c4c89a27d33e1dd55ddfe20ebd,1f44c0f693b5100170c37b325d024cfed44be2d080de6ad4c1b6e1d281bf9aa9,2025-09-15T11:17:06+00:00,33685504,128
1218,{app}\NPA5\SanPin\СанПиН 1.2.3685-21\СанПиН 1.2.3685-21-9.files\image044.wmz,app/NPA5/SanPin/СанПиН 1.2.3685-21/СанПиН 1.2.3685-21-9.files/image044.wmz,471,403562508,988029508af927a5cb55d55b94581c4277ea046f,c1fb20217b7298283027f23a11cc0f8c6e6feedd28c64343318f9620553c67ea,2025-09-15T11:17:06+00:00,33685504,128
1219,{app}\NPA5\SanPin\СанПиН 1.2.3685-21\СанПиН 1.2.3685-21-9.files\image045.wmz,app/NPA5/SanPin/СанПиН 1.2.3685-21/СанПиН 1.2.3685-21-9.files/image045.wmz,509,403562979,1394b62adff00ceb260fbeace18c4ddb2e3fe3e8,fe8c6576fb5bc11a2dcd6fe81ec7540c0848820e40fb102f1bf5eca37019858c,2025-09-15T11:17:06+00:00,33685504,128
1220,{app}\NPA5\SanPin\СанПиН 1.2.3685-21\СанПиН 1.2.3685-21-9.files\image046.gif,app/NPA5/SanPin/СанПиН 1.2.3685-21/СанПиН 1.2.3685-21-9.files/image046.gif,633,403563488,4cc0742a0ad566387afbefa4dfe359dc42ee37f1,5ef923f5a1adcd2c18cdfb82cbb04a13d939c72dd81bd2a31e9798e5dde5f02f,2025-09-15T11:17:06+00:00,33685504,128
1221,{app}\NPA5\SanPin\СанПиН 1.2.3685-21\СанПиН 1.2.3685-21-9.files\image047.wmz,app/NPA5/SanPin/СанПиН 1.2.3685-21/СанПиН 1.2.3685-21-9.files/image047.wmz,501,403564121,6c246d98e31f5adde8e1bd8e004940ae01d96f87,28af8ecf905cf738bea0cb7abdfc574d778d0b3ece8a30cd651b64a44af41ae4,2025-09-15T11:17:06+00:00,33685504,128
1222,{app}\NPA5\SanPin\СанПиН 1.2.3685-21\СанПиН 1.2.3685-21-9.files\image048.wmz,app/NPA5/SanPin/СанПиН 1.2.3685-21/СанПиН 1.2.3685-21-9.files/image048.wmz,469,403564622,7aa6e2e5e0199866e0c3968f8e5258115be69559,bf7e7c400f73704ae7ada049e66c58159ef168db5f81364b8440bc00387b861f,2025-09-15T11:17:06+00:00,33685504,128
1223,{app}\NPA5\SanPin\СанПиН 1.2.3685-21\СанПиН 1.2.3685-21-9.files\image049.wmz,app/NPA5/SanPin/СанПиН 1.2.3685-21/СанПиН 1.2.3685-21-9.files/image049.wmz,468,403565091,ebdbab9d2e61e100efe746085ebec8252fd91efb,b2515648b059716795e0fca21579226fe68d906d7ca193a4f45bfc6aa1322f11,2025-09-15T11:17:06+00:00,33685504,128
1224,{app}\NPA5\SanPin\СанПиН 1.2.3685-21\СанПиН 1.2.3685-21-9.files\image050.wmz,app/NPA5/SanPin/СанПиН 1.2.3685-21/СанПиН 1.2.3685-21-9.files/image050.wmz,477,403565559,5fb51048bd7fedca9f2b3ea8cbb2b2dc740e0b05,91e20f106fd3cddcdd34cbaa30b02c5773902d5ade05d9346d76d65f97f45a44,2025-09-15T11:17:06+00:00,33685504,128
1225,{app}\NPA5\SanPin\СанПиН 1.2.3685-21\СанПиН 1.2.3685-21-9.files\image051.wmz,app/NPA5/SanPin/СанПиН 1.2.3685-21/СанПиН 1.2.3685-21-9.files/image051.wmz,477,403566036,1c107899d7ce8bae6f8b4814d1a0fe5e4478f22e,13e6c9a158cc58f2091badbce30d8cc6bda3b7f2bb4922a7e984fbec193bb87e,2025-09-15T11:17:06+00:00,33685504,128
1226,{app}\NPA5\SanPin\СанПиН 1.2.3685-21\СанПиН 1.2.3685-21-9.files\image052.wmz,app/NPA5/SanPin/СанПиН 1.2.3685-21/СанПиН 1.2.3685-21-9.files/image052.wmz,468,403566513,c36d74ff3312ecd32fb9f0e0cfd490ee03ae9b21,5f3113a4bfa325b2b747c5e9af671d8e70f5867bec15ac0b9d1ba120f6e97331,2025-09-15T11:17:06+00:00,33685504,128
1227,{app}\NPA5\SanPin\СанПиН 1.2.3685-21\СанПиН 1.2.3685-21-9.files\image053.wmz,app/NPA5/SanPin/СанПиН 1.2.3685-21/СанПиН 1.2.3685-21-9.files/image053.wmz,466,403566981,e35569ebd3221b33b773f1a75d35d55336cb5886,b7c15c2b4322dee240007cae7400619536bc64a2fd3ae21ede2fb10bac03e4af,2025-09-15T11:17:06+00:00,33685504,128
1228,{app}\NPA5\SanPin\СанПиН 1.2.3685-21\СанПиН 1.2.3685-21-9.files\image054.wmz,app/NPA5/SanPin/СанПиН 1.2.3685-21/СанПиН 1.2.3685-21-9.files/image054.wmz,478,403567447,bec69dc412b0db4160b949bd6268e5f24fbfe6cb,96ff1673959b79f8e5f6405afc32a10a31d39d8918f1b34bb546515865cf5410,2025-09-15T11:17:06+00:00,33685504,128
1229,{app}\NPA5\SanPin\СанПиН 1.2.3685-21\СанПиН 1.2.3685-21-9.files\image055.wmz,app/NPA5/SanPin/СанПиН 1.2.3685-21/СанПиН 1.2.3685-21-9.files/image055.wmz,478,403567925,e5ad8d0c413564e743de29f15a9fbbd43ad36c34,e57d6c5006d739587f3cc1a60002c5570476dcc018dbd51ce6dc1a2b9a876f1c,2025-09-15T11:17:06+00:00,33685504,128
1230,{app}\NPA5\SanPin\СанПиН 1.2.3685-21\СанПиН 1.2.3685-21-9.files\image056.wmz,app/NPA5/SanPin/СанПиН 1.2.3685-21/СанПиН 1.2.3685-21-9.files/image056.wmz,470,403568403,8984f4dc929889c6f661978f4a2217276bd6f5d7,a6afb2e9b32f7b4e10b20dd24dadab795d466fa82bd2613710c67420061f3485,2025-09-15T11:17:06+00:00,33685504,128
1231,{app}\NPA5\SanPin\СанПиН 1.2.3685-21\СанПиН 1.2.3685-21-9.files\image057.wmz,app/NPA5/SanPin/СанПиН 1.2.3685-21/СанПиН 1.2.3685-21-9.files/image057.wmz,469,403568873,0686b30633f8e3d9ae04ed19628c23af77bdc95b,5a20c2de5e43d9f9d9ec2eb22efdabeae523760f1228a05282fc994c862675d4,2025-09-15T11:17:06+00:00,33685504,128
1232,{app}\NPA5\SanPin\СанПиН 1.2.3685-21\СанПиН 1.2.3685-21-9.files\image058.wmz,app/NPA5/SanPin/СанПиН 1.2.3685-21/СанПиН 1.2.3685-21-9.files/image058.wmz,478,403569342,f29798a4099051f56575fe80a7d4aae6b4325a2f,a532403d62bd9f2717b3dc79e3101d194c9a7677aa7c067beabffc16522f07f3,2025-09-15T11:17:06+00:00,33685504,128
1233,{app}\NPA5\SanPin\СанПиН 1.2.3685-21\СанПиН 1.2.3685-21-9.files\image059.wmz,app/NPA5/SanPin/СанПиН 1.2.3685-21/СанПиН 1.2.3685-21-9.files/image059.wmz,467,403569820,119157886af1bd25858a3b3c00a8575ba8c87672,7b6bc89957d8a0b37b107d5e48a5a515fd63f9657ff9185d635976b1b90af9ff,2025-09-15T11:17:06+00:00,33685504,128
1234,{app}\NPA5\SanPin\СанПиН 1.2.3685-21\СанПиН 1.2.3685-21-9.files\image060.wmz,app/NPA5/SanPin/СанПиН 1.2.3685-21/СанПиН 1.2.3685-21-9.files/image060.wmz,468,403570287,8fa4489db5b45b897c4dad98ea9b0b08bcc72b69,88244a85ed3bcb181f96c1ce73a4a48a9211f7e08306bec7a27b7e478f59be5c,2025-09-15T11:17:06+00:00,33685504,128
1235,{app}\NPA5\SanPin\СанПиН 1.2.3685-21\СанПиН 1.2.3685-21-9.files\image061.wmz,app/NPA5/SanPin/СанПиН 1.2.3685-21/СанПиН 1.2.3685-21-9.files/image061.wmz,467,403570755,5a81b281355dd151d748632b5e1e551ceaa966ac,22a888e34ce607211d82c849f053d2010420ddb2f29f488ae30c711d27629737,2025-09-15T11:17:06+00:00,33685504,128
1236,{app}\NPA5\SanPin\СанПиН 1.2.3685-21\СанПиН 1.2.3685-21-9.files\image062.wmz,app/NPA5/SanPin/СанПиН 1.2.3685-21/СанПиН 1.2.3685-21-9.files/image062.wmz,469,403571222,096d037a7ad596bac7ed090ddc6f69f03c898399,86e52b90535f54dabc95e16c8f29e7666d2d1c43511e39786c6c23e0dcbfbf94,2025-09-15T11:17:06+00:00,33685504,128
1237,{app}\NPA5\SanPin\СанПиН 1.2.3685-21\СанПиН 1.2.3685-21-9.files\image063.gif,app/NPA5/SanPin/СанПиН 1.2.3685-21/СанПиН 1.2.3685-21-9.files/image063.gif,398,403571691,926b2a55afa1375dc04c97d0eb40c76d9bf4b6c0,988867e103b924edb7adc9cbe6f165c13f5794cca37960198279eb3bc2b1d393,2025-09-15T11:17:06+00:00,33685504,128
1238,{app}\NPA5\SanPin\СанПиН 1.2.3685-21\СанПиН 1.2.3685-21-9.files\image064.wmz,app/NPA5/SanPin/СанПиН 1.2.3685-21/СанПиН 1.2.3685-21-9.files/image064.wmz,467,403572089,a29c237feb14019e1fb7182ec833ffbc112efe83,bb91caa442f3c58710ba0186d5617730e087601e9271ad5e50df73893efb85bf,2025-09-15T11:17:06+00:00,33685504,128
1239,{app}\NPA5\SanPin\СанПиН 1.2.3685-21\СанПиН 1.2.3685-21-9.files\image065.wmz,app/NPA5/SanPin/СанПиН 1.2.3685-21/СанПиН 1.2.3685-21-9.files/image065.wmz,466,403572556,a38a3a14e1e72fa02f7ad640b54774f7371063bf,f57785a37858960c330ee857df9723b608e0a55bc6479d43443a649286b8ebea,2025-09-15T11:17:06+00:00,33685504,128
1240,{app}\NPA5\SanPin\СанПиН 1.2.3685-21\СанПиН 1.2.3685-21-9.files\image066.wmz,app/NPA5/SanPin/СанПиН 1.2.3685-21/СанПиН 1.2.3685-21-9.files/image066.wmz,468,403573022,7be2b753e03bf22522ca4a27b677bc9c8f9eff73,da1e46c9ac2892d193e5d23353c559cf8597c923b3e4355a86206c59663b74f5,2025-09-15T11:17:06+00:00,33685504,128
1241,{app}\NPA5\SanPin\СанПиН 1.2.3685-21\СанПиН 1.2.3685-21-9.files\image067.wmz,app/NPA5/SanPin/СанПиН 1.2.3685-21/СанПиН 1.2.3685-21-9.files/image067.wmz,501,403573490,b17dd0ccb67bab37d9c1b1c22fc3d1fd214d3612,2fe6e3040a6c2d661ff948d30682455e3a7985caefa63fd964a6ba01fdd7155b,2025-09-15T11:17:06+00:00,33685504,128
1242,{app}\NPA5\SanPin\СанПиН 2.1.2.2645-10\Image113.gif,app/NPA5/SanPin/СанПиН 2.1.2.2645-10/Image113.gif,854,403573991,6fc183b84a29168b1af17e8941a203a8a80f81a0,9b78ee330b30acc4c14113349df558c24f25ddce8afe61048224d903c94d715c,2011-07-07T19:26:56+00:00,33685504,128
1243,{app}\NPA5\SanPin\СанПиН 2.1.2.2645-10\Image114.gif,app/NPA5/SanPin/СанПиН 2.1.2.2645-10/Image114.gif,1132,403574845,687e0e26d0b635bb203e76dce036afd5a2cbe815,de0986bf7ea57ec41838527c034bd37ab0534d376bda5ce1cb014f42d0bd42cd,2011-07-07T19:26:56+00:00,33685504,128
1244,{app}\NPA5\SanPin\СанПиН 2.1.2.2645-10\САНПИН 2.1.2.2645-10.htm,app/NPA5/SanPin/СанПиН 2.1.2.2645-10/САНПИН 2.1.2.2645-10.htm,72990,403575977,7eb164ee1868cda072477c86aa228a746a2237d6,da93239101db9721f1e7b22f2d4cc19b510765e6f8e3401a9e03251cbf8ec019,2011-07-07T19:27:44+00:00,33685504,128
1245,{app}\NPA5\SanPin\СанПиН 2.1.3.2630-10\СанПиН 2.1.3.2630-10.htm,app/NPA5/SanPin/СанПиН 2.1.3.2630-10/СанПиН 2.1.3.2630-10.htm,934392,403648967,a24b78128ef261d5f640bc656c03e4cbfefe5f80,2779319dfaf102f6c76861dc8b66396110ab6b1b895eec546c752317978c6923,2011-04-25T10:49:52+00:00,33685504,128
1246,{app}\NPA5\SanPin\СанПиН 2.1.8_2.2.4.2489-09\СанПиН 2.1.8_2.2.4.2489-09.htm,app/NPA5/SanPin/СанПиН 2.1.8_2.2.4.2489-09/СанПиН 2.1.8_2.2.4.2489-09.htm,44308,404583359,e29290fbc923d6f41f20e94ca0e1b8cfbcfe0f5e,09f528cf309ff2cdce19c5007cae8cc74ad3efea680d2830bcd7e082a021f51a,2011-11-22T11:36:08+00:00,33685504,128
1247,{app}\NPA5\SanPin\СанПиН 2.1.8_2.2.4.2489-09\СанПиН 2.1.8_2.2.4.2489-09.files\image001.gif,app/NPA5/SanPin/СанПиН 2.1.8_2.2.4.2489-09/СанПиН 2.1.8_2.2.4.2489-09.files/image001.gif,176,404627667,a2934d02c0cec1a8abf787d1e6c02b051ab88050,72646d92f6d35f74ab1d157421c4497ea4209dda00d745af6e5d9b400a81dcf7,2011-11-22T11:36:08+00:00,33685504,128
1248,{app}\NPA5\SanPin\СанПиН 2.1.8_2.2.4.2489-09\СанПиН 2.1.8_2.2.4.2489-09.files\image002.gif,app/NPA5/SanPin/СанПиН 2.1.8_2.2.4.2489-09/СанПиН 2.1.8_2.2.4.2489-09.files/image002.gif,164,404627843,962b3a1857deafeb040a09644090e6e67f52abb7,6b3f61a52360f1c7af0627e88bbaf270848f5b589ada32c3d6fe69e3bdbab3b0,2011-11-22T11:36:08+00:00,33685504,128
1249,{app}\NPA5\SanPin\СанПиН 2.1.8_2.2.4.2489-09\СанПиН 2.1.8_2.2.4.2489-09.files\image003.gif,app/NPA5/SanPin/СанПиН 2.1.8_2.2.4.2489-09/СанПиН 2.1.8_2.2.4.2489-09.files/image003.gif,82,404628007,80ffc807313db9a0ecb542cb06426c38a30bc607,82a51dbb65b635f16ddfa078ca371739d00de3686af303cca5d9ae033a924ea2,2011-11-22T11:36:08+00:00,33685504,128
1250,{app}\NPA5\SanPin\СанПиН 2.1.8_2.2.4.2489-09\СанПиН 2.1.8_2.2.4.2489-09.files\image004.gif,app/NPA5/SanPin/СанПиН 2.1.8_2.2.4.2489-09/СанПиН 2.1.8_2.2.4.2489-09.files/image004.gif,64,404628089,0483bfe9d15e38a5c870dc5dfb1a301cb626a3ea,c08c0536b2a29dc40baf8cd5a46521de0d215bbaf3c75705f591d21c7ceeccdb,2011-11-22T11:36:08+00:00,33685504,128
1251,{app}\NPA5\SanPin\СанПиН 2.1.8_2.2.4.2489-09\СанПиН 2.1.8_2.2.4.2489-09.files\image005.gif,app/NPA5/SanPin/СанПиН 2.1.8_2.2.4.2489-09/СанПиН 2.1.8_2.2.4.2489-09.files/image005.gif,73,404628153,0bb5b08a016f96ff758c12ff0a94120cbca880f8,050e0db247cdd50d7e4f53e2a1c85dce536eaee0422af81ebef1a131dcd9467a,2011-11-22T11:36:08+00:00,33685504,128
1252,{app}\NPA5\SanPin\СанПиН 2.1.8_2.2.4.2489-09\СанПиН 2.1.8_2.2.4.2489-09.files\image006.gif,app/NPA5/SanPin/СанПиН 2.1.8_2.2.4.2489-09/СанПиН 2.1.8_2.2.4.2489-09.files/image006.gif,73,404628226,97f51fbcd1143e2ec3f03dbfc964000b3343ad94,747045338ad7add9031dc394b9b6cdc814696f6b8f81c2ac8b1752b57da770ee,2011-11-22T11:36:08+00:00,33685504,128
1253,{app}\NPA5\SanPin\СанПиН 2.1.8_2.2.4.2489-09\СанПиН 2.1.8_2.2.4.2489-09.files\image007.gif,app/NPA5/SanPin/СанПиН 2.1.8_2.2.4.2489-09/СанПиН 2.1.8_2.2.4.2489-09.files/image007.gif,91,404628299,4dfb0525a48adee5ea77443bd286d8238a758754,589287b30736d04acc3932ce431e899e28d940bd91a976a6fd1d4476ab72de62,2011-11-22T11:36:08+00:00,33685504,128
1254,{app}\NPA5\SanPin\СанПиН 2.1.8_2.2.4.2489-09\СанПиН 2.1.8_2.2.4.2489-09.files\image008.gif,app/NPA5/SanPin/СанПиН 2.1.8_2.2.4.2489-09/СанПиН 2.1.8_2.2.4.2489-09.files/image008.gif,89,404628390,9074c074f4092218d4c13b4abb6c3af3ab12db9b,e60ec232332ce616f0b2f7c4238aa9acf51dc96dae52d1413f5ef9af76f80f6f,2011-11-22T11:36:08+00:00,33685504,128
1255,{app}\NPA5\SanPin\СанПиН 2.1.8_2.2.4.2489-09\СанПиН 2.1.8_2.2.4.2489-09.files\image009.gif,app/NPA5/SanPin/СанПиН 2.1.8_2.2.4.2489-09/СанПиН 2.1.8_2.2.4.2489-09.files/image009.gif,95,404628479,f136dcae6f64460b0403f91570e8699d2cad43ec,101d82b6e04b53c6f66b0d5ee57014510c57f21bdac85dd2179917ddae56c460,2011-11-22T11:36:08+00:00,33685504,128
1256,{app}\NPA5\SanPin\СанПиН 2.1.8_2.2.4.2489-09\СанПиН 2.1.8_2.2.4.2489-09.files\image010.gif,app/NPA5/SanPin/СанПиН 2.1.8_2.2.4.2489-09/СанПиН 2.1.8_2.2.4.2489-09.files/image010.gif,91,404628574,3ae775bc489cee027b073f9f336349d185eebf89,5c844039058ea210eb5a20c0954208dee653216258e4769e8037c48e98d56690,2011-11-22T11:36:08+00:00,33685504,128
1257,{app}\NPA5\SanPin\СанПиН 2.1.8_2.2.4.2489-09\СанПиН 2.1.8_2.2.4.2489-09.files\image011.gif,app/NPA5/SanPin/СанПиН 2.1.8_2.2.4.2489-09/СанПиН 2.1.8_2.2.4.2489-09.files/image011.gif,318,404628665,e2686d442e3d843cafea289d99eb204a703651e1,154ca1e10c5dbafac353d3aa01fbee960eb0b20e1d6eefa0aa02560c63880d10,2011-11-22T11:36:08+00:00,33685504,128
1258,{app}\NPA5\SanPin\СанПиН 2.1.8_2.2.4.2489-09\СанПиН 2.1.8_2.2.4.2489-09.files\image012.gif,app/NPA5/SanPin/СанПиН 2.1.8_2.2.4.2489-09/СанПиН 2.1.8_2.2.4.2489-09.files/image012.gif,120,404628983,49433a36b8a40e7d309e849e261f5149f3089f12,01e109c108752f1ed67cd7902b113679a79cc5b1fefd6cfe7ebb74c6a9ebc2af,2011-11-22T11:36:08+00:00,33685504,128
1259,{app}\NPA5\SanPin\СанПиН 2.1.8_2.2.4.2489-09\СанПиН 2.1.8_2.2.4.2489-09.files\image013.gif,app/NPA5/SanPin/СанПиН 2.1.8_2.2.4.2489-09/СанПиН 2.1.8_2.2.4.2489-09.files/image013.gif,123,404629103,9972abad8ed0e9ea4fef9d4c03cb3e029654ea53,445110c9960304fcd4b9585dbce413787d8703d32b0f484a5b5e9b6a8f7732fb,2011-11-22T11:36:08+00:00,33685504,128
1260,{app}\NPA5\SanPin\СанПиН 2.1.8_2.2.4.2489-09\СанПиН 2.1.8_2.2.4.2489-09.files\image014.gif,app/NPA5/SanPin/СанПиН 2.1.8_2.2.4.2489-09/СанПиН 2.1.8_2.2.4.2489-09.files/image014.gif,310,404629226,5111d44839532861d91b4b294aed9c6f5188584a,76ad9d558162502db7a245b8ee60427f6f379fdf35212904a10cdb35acf3b2b8,2011-11-22T11:36:08+00:00,33685504,128
1261,{app}\NPA5\SanPin\СанПиН 2.1.8_2.2.4.2489-09\СанПиН 2.1.8_2.2.4.2489-09.files\image015.gif,app/NPA5/SanPin/СанПиН 2.1.8_2.2.4.2489-09/СанПиН 2.1.8_2.2.4.2489-09.files/image015.gif,116,404629536,6603511b7dd804426b8aac210766c0529f50fdbc,100d75a6484626cdb295fa9f297fa421db36bd5a0cad263c13d4019680901b8e,2011-11-22T11:36:08+00:00,33685504,128
1262,{app}\NPA5\SanPin\СанПиН 2.1.8_2.2.4.2489-09\СанПиН 2.1.8_2.2.4.2489-09.files\image016.gif,app/NPA5/SanPin/СанПиН 2.1.8_2.2.4.2489-09/СанПиН 2.1.8_2.2.4.2489-09.files/image016.gif,73,404629652,d154b6283ba1e3b8cbafa0f35867bdbeffc35562,2153a8d08035febc10b7208cfe11a66efb9e490da988c752684dfda58a0f7bee,2011-11-22T11:36:08+00:00,33685504,128
1263,{app}\NPA5\SanPin\СанПиН 2.1.8_2.2.4.2489-09\СанПиН 2.1.8_2.2.4.2489-09.files\image017.gif,app/NPA5/SanPin/СанПиН 2.1.8_2.2.4.2489-09/СанПиН 2.1.8_2.2.4.2489-09.files/image017.gif,256,404629725,c74ceed8ae7598d2517b157e5d63bd737c343e1b,0ae6a81571d75346125b6002002667020e367216e3907e9af1bdd94fccc62e6f,2011-11-22T11:36:08+00:00,33685504,128
1264,{app}\NPA5\SanPin\СанПиН 2.1.8_2.2.4.2489-09\СанПиН 2.1.8_2.2.4.2489-09.files\image018.gif,app/NPA5/SanPin/СанПиН 2.1.8_2.2.4.2489-09/СанПиН 2.1.8_2.2.4.2489-09.files/image018.gif,254,404629981,f8129e29997b9d440b4f938e0812ede4fcf341bf,7379633117c93425149eaf5d2c9557c1400001f7b8ae05079a79d1ab739c677a,2011-11-22T11:36:08+00:00,33685504,128
1265,{app}\NPA5\SanPin\СанПиН 2.1.8_2.2.4.2489-09\СанПиН 2.1.8_2.2.4.2489-09.files\image019.gif,app/NPA5/SanPin/СанПиН 2.1.8_2.2.4.2489-09/СанПиН 2.1.8_2.2.4.2489-09.files/image019.gif,268,404630235,b6badc85dd5ac9cb6d70c97aaf1c4890fcedd724,19ba7e036480db0f698eb90f3f0581de9e96d0351ded2c28ffa116b0247d2312,2011-11-22T11:36:08+00:00,33685504,128
1266,{app}\NPA5\SanPin\СанПиН 2.1.8_2.2.4.2489-09\СанПиН 2.1.8_2.2.4.2489-09.files\image020.gif,app/NPA5/SanPin/СанПиН 2.1.8_2.2.4.2489-09/СанПиН 2.1.8_2.2.4.2489-09.files/image020.gif,64,404630503,b494a4eda1ad6e904751f9f42f1eb16d379f53fc,1d5712175505639f2f17a416408a2516a8599f31b334fe1d5329ed65372622bc,2011-11-22T11:36:08+00:00,33685504,128
1267,{app}\NPA5\SanPin\СанПиН 2.1.8_2.2.4.2489-09\СанПиН 2.1.8_2.2.4.2489-09.files\image021.gif,app/NPA5/SanPin/СанПиН 2.1.8_2.2.4.2489-09/СанПиН 2.1.8_2.2.4.2489-09.files/image021.gif,149,404630567,d37be2f6bcec03b2381fefeed3890209d31d120d,fff2ca5924425ab98f6a5d258ebb3405d6789290823d83fbd7848dae976e07ab,2011-11-22T11:36:08+00:00,33685504,128
1268,{app}\NPA5\SanPin\СанПиН 2.1.8_2.2.4.2489-09\СанПиН 2.1.8_2.2.4.2489-09.files\image022.gif,app/NPA5/SanPin/СанПиН 2.1.8_2.2.4.2489-09/СанПиН 2.1.8_2.2.4.2489-09.files/image022.gif,63,404630716,1a49b0812d2b160705b6da0023a7e1a8e30983e0,ce10fdfc8b1024cd842e9f7fcf78b67f216676bf40e56edbaabe3e684057df1d,2011-11-22T11:36:08+00:00,33685504,128
1269,{app}\NPA5\SanPin\СанПиН 2.1.8_2.2.4.2489-09\СанПиН 2.1.8_2.2.4.2489-09.files\image023.gif,app/NPA5/SanPin/СанПиН 2.1.8_2.2.4.2489-09/СанПиН 2.1.8_2.2.4.2489-09.files/image023.gif,64,404630779,dacd38cbc52326001e85de0f9136c5e20a8a6abc,fb7755d8e1ffc733f39df143b0690ebefa972245b9ddb739ae07fe2436f6b7a6,2011-11-22T11:36:08+00:00,33685504,128
1270,{app}\NPA5\SanPin\СанПиН 2.2.0.555 – 96\СанПиН 2.2.0.555 – 96.htm,app/NPA5/SanPin/СанПиН 2.2.0.555 – 96/СанПиН 2.2.0.555 – 96.htm,85372,404630843,6cbd23517dc00540a8105e5c86f73069b0ed775d,994ea60f501f40d8a36ded43b819365681d88ab02a7b6d11c4acf90403171d74,2007-09-06T15:16:52+00:00,33685504,128
1271,{app}\NPA5\SanPin\СанПиН 2.2.1_2.1.1.1200-03\СанПиН 2.2.1_2.1.1.1200-03.htm,app/NPA5/SanPin/СанПиН 2.2.1_2.1.1.1200-03/СанПиН 2.2.1_2.1.1.1200-03.htm,117434,404716215,84c94691c62f91ec1258f9833b592f211a67e48e,494e8b3451e21b5d8574c0aa687576f1aa179b60c03723672b2d05cb7aea01dc,2006-12-08T13:18:54+00:00,33685504,128
1272,{app}\NPA5\SanPin\САНПИН 2.2.1_2.1.1.1278-03\САНПИН 2.2.1_2.1.1.htm,app/NPA5/SanPin/САНПИН 2.2.1_2.1.1.1278-03/САНПИН 2.2.1_2.1.1.htm,490258,404833649,9ed1fc63e45a4f702fc28c71c749c891da3bfa75,bc0601d952489ff436ab132687f0e3e58b6147da5b140ab676c91744244b31eb,2011-06-05T12:50:58+00:00,33685504,128
1273,{app}\NPA5\SanPin\СанПиН 2.2.2_2.4.1340-03\САНПИН 2.2.2_2.4.1340-03.htm,app/NPA5/SanPin/СанПиН 2.2.2_2.4.1340-03/САНПИН 2.2.2_2.4.1340-03.htm,242476,405323907,633c30438dbc8b224d5899590ff6b857db27e1ce,e98c4adc58481030dc05dd6a1ce45d099ee52140ccb8410cd8911777664cbf84,2012-05-11T17:27:08+00:00,33685504,128
1274,{app}\NPA5\SanPin\СанПиН 2.2.2_2.4.1340-03\СанПиН 2.2.2_2.4.2620-10.htm,app/NPA5/SanPin/СанПиН 2.2.2_2.4.1340-03/СанПиН 2.2.2_2.4.2620-10.htm,14584,405566383,dd4274b3d887051162751d40b8557b339b14099d,b64002e035168d7ff6699712ca153a11445fbb6471ef2dc023e2776c87c410cc,2010-06-17T17:02:00+00:00,33685504,128
1275,{app}\NPA5\SanPin\СанПиН 2.2.4. 2.1.8.582-96\СанПиН 2.2.4. 2.1.8.htm,app/NPA5/SanPin/СанПиН 2.2.4. 2.1.8.582-96/СанПиН 2.2.4. 2.1.8.htm,45291,405580967,6f3ee750e305f35a1b41d678d35cd52bdb018845,8b94416791e506c3f98f4d021769a151dde14a3456e69b9a3728c0cdd589cddf,2002-06-10T15:30:52+00:00,33685504,128
1276,{app}\NPA5\SanPin\СанПиН 2.2.4.1191-03\СанПиН 2.2.4.1191-03.htm,app/NPA5/SanPin/СанПиН 2.2.4.1191-03/СанПиН 2.2.4.1191-03.htm,130874,405626258,17d0cfef874c3b841264ef0eebfacef7d014c565,77a65727a6f97134e48808716dc276a771fe090b34327bf736156c5439a9e433,2003-08-06T12:05:26+00:00,33685504,128
1277,{app}\NPA5\SanPin\СанПиН 2.2.4.1294-03\СанПиН 2.2.4.1294-03.htm,app/NPA5/SanPin/СанПиН 2.2.4.1294-03/СанПиН 2.2.4.1294-03.htm,9693,405757132,1934c9c50f800f39559944bb10e7c6824fafaf65,e17728abf31b526a7c07ff29abea6865cf33796591f48d8af4d3e10526211f30,2003-08-28T15:19:50+00:00,33685504,128
1278,{app}\NPA5\SanPin\СанПиН 2.2.4.3359-16\СанПиН 2.2.4.3359-16.htm,app/NPA5/SanPin/СанПиН 2.2.4.3359-16/СанПиН 2.2.4.3359-16.htm,1083196,405766825,2eb3ae0bd9eee508dbcf7e8543edd286a128738c,4ac270c92aac854429c16cca50cce0cd0ee207e9934e9bb46a170ca6123cfb2c,2017-02-13T15:18:24+00:00,33685504,128
1279,{app}\NPA5\SanPin\СанПиН 2.2.4.3359-16\СанПиН 2.2.4.3359-16.files\image001.gif,app/NPA5/SanPin/СанПиН 2.2.4.3359-16/СанПиН 2.2.4.3359-16.files/image001.gif,117,406850021,0d912d91afce0c2a1885283be1d1d6deca3991ac,078ec31b32a27cab3adbbf20dd5c36d0434ff2752d4d1638d65fd1ae7f11f15f,2016-12-22T13:32:52+00:00,33685504,128
1280,{app}\NPA5\SanPin\СанПиН 2.2.4.3359-16\СанПиН 2.2.4.3359-16.files\image002.gif,app/NPA5/SanPin/СанПиН 2.2.4.3359-16/СанПиН 2.2.4.3359-16.files/image002.gif,112,406850138,fb2faf52b09946ffa24e6a77900ff593e69aa004,ba0be761b0815129aff768fb12ae1ebd2cf8787ae36697c51bc8b18e36b731cb,2016-12-22T13:32:52+00:00,33685504,128
1281,{app}\NPA5\SanPin\СанПиН 2.2.4.3359-16\СанПиН 2.2.4.3359-16.files\image003.gif,app/NPA5/SanPin/СанПиН 2.2.4.3359-16/СанПиН 2.2.4.3359-16.files/image003.gif,1652,406850250,d38c2e9f9ab7caf7e06de33c020516c824bb356e,c07b17f0713337c9cf76803edd534dda46f9853a292a04af4d6ee55f3907dd2b,2016-12-22T13:32:52+00:00,33685504,128
1282,{app}\NPA5\SanPin\СанПиН 2.2.4.3359-16\СанПиН 2.2.4.3359-16.files\image004.gif,app/NPA5/SanPin/СанПиН 2.2.4.3359-16/СанПиН 2.2.4.3359-16.files/image004.gif,1411,406851902,6e22fc09ab88c2305cfcf429221adec43ef0e85e,bb511e65310abe06ffaa10a222b8f5b7e9e83cee6be1bd2f5f30c8cb43c85844,2016-12-22T13:32:52+00:00,33685504,128
1283,{app}\NPA5\SanPin\СанПиН 2.2.4.3359-16\СанПиН 2.2.4.3359-16.files\image005.gif,app/NPA5/SanPin/СанПиН 2.2.4.3359-16/СанПиН 2.2.4.3359-16.files/image005.gif,1000,406853313,66e592b49426df76daf6b80606628263fe395c80,c390d5faebffb30898b53f79986fd6ff7ab25ca78b61e9fee4c228f0405d078d,2016-12-22T13:32:52+00:00,33685504,128
1284,{app}\NPA5\SanPin\СанПиН 2.2.4.3359-16\СанПиН 2.2.4.3359-16.files\image006.gif,app/NPA5/SanPin/СанПиН 2.2.4.3359-16/СанПиН 2.2.4.3359-16.files/image006.gif,1282,406854313,eb424e089842c35afadee10003d498c111d2fd66,ec3624c6fd9b1da50049d42b3417e88b092bb175f3d560f775e4fd56e5c6e2da,2016-12-22T13:32:54+00:00,33685504,128
1285,{app}\NPA5\SanPin\СанПиН 2.2.4.3359-16\СанПиН 2.2.4.3359-16.files\image007.gif,app/NPA5/SanPin/СанПиН 2.2.4.3359-16/СанПиН 2.2.4.3359-16.files/image007.gif,1571,406855595,23fdb5ca242452518d6727c739b6f4457176cb15,2776d09be3cf6e6faf0bb9bdf62ee34c1594ce8e3b4b4bc46f001524c1501db3,2016-12-22T13:32:54+00:00,33685504,128
1286,{app}\NPA5\SanPin\СанПиН 2.2.4.3359-16\СанПиН 2.2.4.3359-16.files\image008.gif,app/NPA5/SanPin/СанПиН 2.2.4.3359-16/СанПиН 2.2.4.3359-16.files/image008.gif,1384,406857166,8889a2bd7365291246710ea8a81f3ba1be45dd50,5f46316c05649c13146b4c827959528650f7cb74eebeb5a4885e77b107ef1f4b,2016-12-22T13:32:54+00:00,33685504,128
1287,{app}\NPA5\SanPin\СанПиН 2.2.4.3359-16\СанПиН 2.2.4.3359-16.files\image009.gif,app/NPA5/SanPin/СанПиН 2.2.4.3359-16/СанПиН 2.2.4.3359-16.files/image009.gif,144,406858550,ffaf38fc8c04838f9dfd0636d87f7e536da8cda3,d269fe141e974d140551def9b3ae3a38afd49e3c5145f1c1a9e64cd66f5d9718,2016-12-22T13:32:54+00:00,33685504,128
1288,{app}\NPA5\SanPin\СанПиН 2.2.4.3359-16\СанПиН 2.2.4.3359-16.files\image010.gif,app/NPA5/SanPin/СанПиН 2.2.4.3359-16/СанПиН 2.2.4.3359-16.files/image010.gif,141,406858694,fc1e30278b8ac60850044ba045be6f70e784339c,60311339ae88e5fa88347619ccc2f5ab72ef1ef18b43235f6732fa8171087f5c,2016-12-22T13:32:54+00:00,33685504,128
1289,{app}\NPA5\SanPin\СанПиН 2.2.4.3359-16\СанПиН 2.2.4.3359-16.files\image011.gif,app/NPA5/SanPin/СанПиН 2.2.4.3359-16/СанПиН 2.2.4.3359-16.files/image011.gif,634,406858835,446be3a592ad924de919e3a386f5f482f56ed4ab,77f007d9c80791f133a71f2185c519beaf6de16cd9d3c42cdaeac60d7ce96eca,2016-12-22T13:32:54+00:00,33685504,128
1290,{app}\NPA5\SanPin\СанПиН 2.2.4.3359-16\СанПиН 2.2.4.3359-16.files\image012.gif,app/NPA5/SanPin/СанПиН 2.2.4.3359-16/СанПиН 2.2.4.3359-16.files/image012.gif,995,406859469,b869106f3e081052289b38582e74497f2c77410e,d8fef96615b89180f7e5de7376630cdb678c5d8e36ebf2d173b450806e7b68f4,2016-12-22T13:32:54+00:00,33685504,128
1291,{app}\NPA5\SanPin\СанПиН 2.2.4.3359-16\СанПиН 2.2.4.3359-16.files\image013.gif,app/NPA5/SanPin/СанПиН 2.2.4.3359-16/СанПиН 2.2.4.3359-16.files/image013.gif,67165,406860464,979395bd3091a8568ebb724b3c28a19d6b5a51fb,2e53a11aebe5ba1f808b1c627e21e60b7dd5512b0f9be0fdd0516c1c0e53dbd0,2016-12-22T13:32:54+00:00,33685504,128
1292,{app}\NPA5\SanPin\СанПиН 2.2.4.3359-16\СанПиН 2.2.4.3359-16.files\image014.gif,app/NPA5/SanPin/СанПиН 2.2.4.3359-16/СанПиН 2.2.4.3359-16.files/image014.gif,539,406927629,d795002b49282e598f0159b2bd06a75e99f3ffac,80e74b5a6a12d13faac70fe819147818a16df36a19c929c6b9269a215dda28ff,2016-12-22T13:32:54+00:00,33685504,128
1293,{app}\NPA5\SanPin\СанПиН 2.2.4.3359-16\СанПиН 2.2.4.3359-16.files\image015.gif,app/NPA5/SanPin/СанПиН 2.2.4.3359-16/СанПиН 2.2.4.3359-16.files/image015.gif,141,406928168,47640602914d65152e4f308a89d86b180917ce6e,5b157186afa4997397ff87ed5878f1a9a799c62d56545f89e8acbd3d11ef4a4c,2016-12-22T13:32:54+00:00,33685504,128
1294,{app}\NPA5\SanPin\СанПиН 2.2.4.3359-16\СанПиН 2.2.4.3359-16.files\image016.gif,app/NPA5/SanPin/СанПиН 2.2.4.3359-16/СанПиН 2.2.4.3359-16.files/image016.gif,572,406928309,3701dc7e1b0a6f2d5ec8fc808d4e577fc88897ec,a71196d749f6f5f0ce21b7b9ce2e9ef48a2b3c618042829081954905ecaf011d,2016-12-22T13:32:54+00:00,33685504,128
1295,{app}\NPA5\SanPin\СанПиН 2.2.4.3359-16\СанПиН 2.2.4.3359-16.files\image017.gif,app/NPA5/SanPin/СанПиН 2.2.4.3359-16/СанПиН 2.2.4.3359-16.files/image017.gif,615,406928881,a807af5618d533c99d0137336be777706ae1c2f4,ef57560f406a784ab4e50d7c6ccb5f7c02b8f4cd7179bd4e71c19f14afc65a48,2016-12-22T13:32:54+00:00,33685504,128
1296,{app}\NPA5\SanPin\СанПиН 2.2.4.3359-16\СанПиН 2.2.4.3359-16.files\image018.gif,app/NPA5/SanPin/СанПиН 2.2.4.3359-16/СанПиН 2.2.4.3359-16.files/image018.gif,232,406929496,3a54fe59870f2839966d6c4d371de37021a1b84d,313e446d1b22fa61e493b54ed57c87a928d58b36d98e6c5ea6f07a6299fc8bbc,2016-12-22T13:32:54+00:00,33685504,128
1297,{app}\NPA5\SanPin\СанПиН 2.2.4.3359-16\СанПиН 2.2.4.3359-16.files\image019.gif,app/NPA5/SanPin/СанПиН 2.2.4.3359-16/СанПиН 2.2.4.3359-16.files/image019.gif,144,406929728,857a46ff860ed0fe2476d34e82c964d54da7e14b,44b78206fb0349b49c0c2dbd1633b9b550ef65b196da60c42943b052ea1511cb,2016-12-22T13:32:54+00:00,33685504,128
1298,{app}\NPA5\SanPin\СанПиН 2.2.4.3359-16\СанПиН 2.2.4.3359-16.files\image020.gif,app/NPA5/SanPin/СанПиН 2.2.4.3359-16/СанПиН 2.2.4.3359-16.files/image020.gif,115,406929872,862d5937161e32c41cec68fdffe08637859d9b72,793e49edc568d4b591767e991fee86e00761abdde74a9e463747392011d42502,2016-12-22T13:32:54+00:00,33685504,128
1299,{app}\NPA5\SanPin\СанПиН 2.2.4.3359-16\СанПиН 2.2.4.3359-16.files\image021.gif,app/NPA5/SanPin/СанПиН 2.2.4.3359-16/СанПиН 2.2.4.3359-16.files/image021.gif,398,406929987,352fc0feb1db48e055184b6c1bdb765da653d3a3,75516d96b375d03c93f47b600833f4209bde4872ef3675269216329ea6ec12ed,2016-12-22T13:32:54+00:00,33685504,128
1300,{app}\NPA5\SanPin\СанПиН 2.2.4.3359-16\СанПиН 2.2.4.3359-16.files\image022.gif,app/NPA5/SanPin/СанПиН 2.2.4.3359-16/СанПиН 2.2.4.3359-16.files/image022.gif,409,406930385,3f52c04eac036a684de7a6fd59cb6bf4944c552c,2b39cd351af9ef0a44e81db59c6c0806e77c08b1ee093b63ed0a92ae06b88d89,2016-12-22T13:32:54+00:00,33685504,128
1301,{app}\NPA5\SanPin\СанПиН 2.2.4.3359-16\СанПиН 2.2.4.3359-16.files\image023.gif,app/NPA5/SanPin/СанПиН 2.2.4.3359-16/СанПиН 2.2.4.3359-16.files/image023.gif,115,406930794,cc7035547829ae18c7548efc468ba64bc528dece,bb64861f239d910a7b2c04524a4faf45d900040ea38eeebf99388a2222d865b3,2016-12-22T13:32:54+00:00,33685504,128
1302,{app}\NPA5\SanPin\СанПиН 2.2.4.3359-16\СанПиН 2.2.4.3359-16.files\image024.gif,app/NPA5/SanPin/СанПиН 2.2.4.3359-16/СанПиН 2.2.4.3359-16.files/image024.gif,192,406930909,d2fb6769a3c5243149610db8def7330e2643c328,a259f87049524e8287b53ff861a58d7cf7cb2c46afacd741266d926d277a9915,2016-12-22T13:32:54+00:00,33685504,128
1303,{app}\NPA5\SanPin\СанПиН 2.2.4.3359-16\СанПиН 2.2.4.3359-16.files\image025.gif,app/NPA5/SanPin/СанПиН 2.2.4.3359-16/СанПиН 2.2.4.3359-16.files/image025.gif,192,406931101,2b6c4e671050f4824ec5d211ec065afaf3c3bc23,4289d96e2f538bbcc98696b556bf4ea4f1f62b72074759a1b61222e695f83539,2016-12-22T13:32:54+00:00,33685504,128
1304,{app}\NPA5\SanPin\СанПиН 2.2.4.3359-16\СанПиН 2.2.4.3359-16.files\image026.gif,app/NPA5/SanPin/СанПиН 2.2.4.3359-16/СанПиН 2.2.4.3359-16.files/image026.gif,634,406931293,9be144d0bf550f57f2f8b9d983b5dc9d3c6d82c2,910243bf3548c6a4036d68da4aa75215a127fe74fac729adc149e8ff65eb380e,2016-12-22T13:32:54+00:00,33685504,128
1305,{app}\NPA5\SanPin\СанПиН 2.2.4.3359-16\СанПиН 2.2.4.3359-16.files\image027.gif,app/NPA5/SanPin/СанПиН 2.2.4.3359-16/СанПиН 2.2.4.3359-16.files/image027.gif,658,406931927,9116df5ac75e932e2997d0edb9c7e72783b46691,cdf81cee847259d1533e190d1fd7e7c73360e15b76b2cb2ac755c07c276347cb,2016-12-22T13:32:54+00:00,33685504,128
1306,{app}\NPA5\SanPin\СанПиН 2.2.4.3359-16\СанПиН 2.2.4.3359-16.files\image028.gif,app/NPA5/SanPin/СанПиН 2.2.4.3359-16/СанПиН 2.2.4.3359-16.files/image028.gif,697,406932585,b9e6f9376db8febc4583341f4f9ef75ea2954395,183be04338138aea7e747519232ec2c9cb6a2804ad2e91353a99fca0274a634d,2016-12-22T13:32:54+00:00,33685504,128
1307,{app}\NPA5\SanPin\СанПиН 2.2.4.3359-16\СанПиН 2.2.4.3359-16.files\image029.gif,app/NPA5/SanPin/СанПиН 2.2.4.3359-16/СанПиН 2.2.4.3359-16.files/image029.gif,201,406933282,e94d1e2724370e96d593a2852ab834979a7437ca,9dd30fc783cc128ecb82ee5cd68cc5044ca7c03c9afb9dd80602fc1458af42c0,2016-12-22T13:32:54+00:00,33685504,128
1308,{app}\NPA5\SanPin\СанПиН 2.2.4.3359-16\СанПиН 2.2.4.3359-16.files\image030.gif,app/NPA5/SanPin/СанПиН 2.2.4.3359-16/СанПиН 2.2.4.3359-16.files/image030.gif,555,406933483,466431d5178519482f012a8722fe0dbca80d5388,b80a0c60d33be01018de3332e42dafd87b7c3de6612222266b5abf6ef517d9a6,2016-12-22T13:32:54+00:00,33685504,128
1309,{app}\NPA5\SanPin\СанПиН 2.2.4.3359-16\СанПиН 2.2.4.3359-16.files\image031.gif,app/NPA5/SanPin/СанПиН 2.2.4.3359-16/СанПиН 2.2.4.3359-16.files/image031.gif,676,406934038,d45d05eb95da50ee337a8cd8fae4876954f75d02,5cf413aefb4625dfebebd170545f9b3eef92bab36bd88ef112cff8a3beb81643,2016-12-22T13:32:54+00:00,33685504,128
1310,{app}\NPA5\SanPin\СанПиН 2.2.4.3359-16\СанПиН 2.2.4.3359-16.files\image032.gif,app/NPA5/SanPin/СанПиН 2.2.4.3359-16/СанПиН 2.2.4.3359-16.files/image032.gif,776,406934714,e43d66dcf8a1fef238b8d29f2fde4553d4308b14,b3be2c814dc2082765ea920e58b51baaf2af3e02386540604109669b498a19b4,2016-12-22T13:32:56+00:00,33685504,128
1311,{app}\NPA5\SanPin\СанПиН 2.2.4.3359-16\СанПиН 2.2.4.3359-16.files\image033.gif,app/NPA5/SanPin/СанПиН 2.2.4.3359-16/СанПиН 2.2.4.3359-16.files/image033.gif,754,406935490,67068cd374a79fd9a9639323887e44d337f902bb,5b43bca05d30f188289080d3ba53c752f593d282e09238e5dd471ca221d361c0,2016-12-22T13:32:56+00:00,33685504,128
1312,{app}\NPA5\SanPin\СанПиН 2.2.4.3359-16\СанПиН 2.2.4.3359-16.files\image034.gif,app/NPA5/SanPin/СанПиН 2.2.4.3359-16/СанПиН 2.2.4.3359-16.files/image034.gif,559,406936244,84c3740326b47ab5e5f757180043aecd657ddabc,9def158f766acb8d5ac003ad9d95d6f8019c1129a727abb5e52772bfd0660ea4,2016-12-22T13:32:56+00:00,33685504,128
1313,{app}\NPA5\SanPin\СанПиН 2.2.4.3359-16\СанПиН 2.2.4.3359-16.files\image035.gif,app/NPA5/SanPin/СанПиН 2.2.4.3359-16/СанПиН 2.2.4.3359-16.files/image035.gif,724,406936803,440019c7f694352fdbb13b0f12710c326006a975,082bce8cc500fd61bfaabe3b52c84e6af944a902372e398d8377420d526075d2,2016-12-22T13:32:56+00:00,33685504,128
1314,{app}\NPA5\SanPin\СанПиН 2.2.4.3359-16\СанПиН 2.2.4.3359-16.files\image036.gif,app/NPA5/SanPin/СанПиН 2.2.4.3359-16/СанПиН 2.2.4.3359-16.files/image036.gif,635,406937527,9e783ac608a073b6db9a90e9cd0144a498bd8cef,a48ec1c529249f11a5d1420ca7b1d756d13c0397a99c2dfe2f9d2ff2c15f6573,2016-12-22T13:32:56+00:00,33685504,128
1315,{app}\NPA5\SanPin\СанПиН 2.2.4.3359-16\СанПиН 2.2.4.3359-16.files\image037.gif,app/NPA5/SanPin/СанПиН 2.2.4.3359-16/СанПиН 2.2.4.3359-16.files/image037.gif,657,406938162,0e33703230b01aee39c50e72322c1534b79f6291,e1e31942f8157c0a262e555d0f84cf13d6198c9218a979481382e19da94cf47f,2016-12-22T13:32:56+00:00,33685504,128
1316,{app}\NPA5\SanPin\СанПиН 2.2.4.3359-16\СанПиН 2.2.4.3359-16.files\image038.gif,app/NPA5/SanPin/СанПиН 2.2.4.3359-16/СанПиН 2.2.4.3359-16.files/image038.gif,701,406938819,8d24ec145e0e85e0efdabdf166d56bcb91ba0732,e2633331cfe3fc07ac4b9d3d6449b0f30b843883650e82bc2b1ef7f748e6491e,2016-12-22T13:32:56+00:00,33685504,128
1317,{app}\NPA5\SanPin\СанПиН 2.2.4.3359-16\СанПиН 2.2.4.3359-16.files\image039.gif,app/NPA5/SanPin/СанПиН 2.2.4.3359-16/СанПиН 2.2.4.3359-16.files/image039.gif,786,406939520,06bc253f736d7eda134580b34c4625df6a73900c,84826836d33552e87b947794ac29e8b009e23c041d84c89a8b1a3dc8ed598081,2016-12-22T13:32:56+00:00,33685504,128
1318,{app}\NPA5\SanPin\СанПиН 2.2.4.3359-16\СанПиН 2.2.4.3359-16.files\image040.gif,app/NPA5/SanPin/СанПиН 2.2.4.3359-16/СанПиН 2.2.4.3359-16.files/image040.gif,863,406940306,0d152ee27455cf62d5eeff23bb060e8d77a376db,cb97f252329a5b7cc40752103489f5ccd55aa4f6486fe65909540c966e756d77,2016-12-22T13:32:56+00:00,33685504,128
1319,{app}\NPA5\SanPin\СанПиН 2.2.4.3359-16\СанПиН 2.2.4.3359-16.files\image041.gif,app/NPA5/SanPin/СанПиН 2.2.4.3359-16/СанПиН 2.2.4.3359-16.files/image041.gif,549,406941169,f3f2020d033782a51542540b5b61b1aafa00af51,7cb6460a33149db9db8d91be2d5e989eda196d41a34b519e86d7072a5d3800a1,2016-12-22T13:32:56+00:00,33685504,128
1320,{app}\NPA5\SanPin\СанПиН 2.2.4.3359-16\СанПиН 2.2.4.3359-16.files\image042.gif,app/NPA5/SanPin/СанПиН 2.2.4.3359-16/СанПиН 2.2.4.3359-16.files/image042.gif,720,406941718,233f8dfdbeacd607dc830ef0d2e7b9eca2399ec2,7457cbfa6f4ba0df9f96b7ad2f8c7dfc45c6fb4cf84e0710432880ff446aa369,2016-12-22T13:32:56+00:00,33685504,128
1321,{app}\NPA5\SanPin\СанПиН 2.2.4.3359-16\СанПиН 2.2.4.3359-16.files\image043.gif,app/NPA5/SanPin/СанПиН 2.2.4.3359-16/СанПиН 2.2.4.3359-16.files/image043.gif,682,406942438,0366dbc60f99d41a184a3e77721c2871290e7481,451d7cd3c64ff86ba7c5524da38951187f08f59cd2e0826c4805121f71a3b8c4,2016-12-22T13:32:56+00:00,33685504,128
1322,{app}\NPA5\SanPin\СанПиН 2.2.4.3359-16\СанПиН 2.2.4.3359-16.files\image044.gif,app/NPA5/SanPin/СанПиН 2.2.4.3359-16/СанПиН 2.2.4.3359-16.files/image044.gif,630,406943120,c5ead0a1340b6ac905842165ea51958bded2fdcf,47e657804d5ad046214304ca49763be481ed20586082af55abcda140e224b221,2016-12-22T13:32:56+00:00,33685504,128
1323,{app}\NPA5\SanPin\СанПиН 2.2.4.3359-16\СанПиН 2.2.4.3359-16.files\image045.gif,app/NPA5/SanPin/СанПиН 2.2.4.3359-16/СанПиН 2.2.4.3359-16.files/image045.gif,773,406943750,f12e192ce1184274724b2b73dfeea03a70c8a849,81e6e001b9f23f89c09c91d019f6c56981263ceda5a45c88eddeec1e0ae06ecf,2016-12-22T13:32:56+00:00,33685504,128
1324,{app}\NPA5\SanPin\СанПиН 2.2.4.3359-16\СанПиН 2.2.4.3359-16.files\image046.gif,app/NPA5/SanPin/СанПиН 2.2.4.3359-16/СанПиН 2.2.4.3359-16.files/image046.gif,570,406944523,413f119a4bd60840b5c301e1b439a274cb8629ff,67e74a02c78ebffcac74d09ec300d93967f73afca1ac27cacd141304eaba2bfc,2016-12-22T13:32:56+00:00,33685504,128
1325,{app}\NPA5\SanPin\СанПиН 2.2.4.3359-16\СанПиН 2.2.4.3359-16.files\image047.gif,app/NPA5/SanPin/СанПиН 2.2.4.3359-16/СанПиН 2.2.4.3359-16.files/image047.gif,617,406945093,b5148ecaac58dfda3ab5d47c16c2a65592cefdff,e61b139b32d026ad27c81a241665af731e7462d4d85642b58e5c05aeecd8b75c,2016-12-22T13:32:56+00:00,33685504,128
1326,{app}\NPA5\SanPin\СанПиН 2.2.4.3359-16\СанПиН 2.2.4.3359-16.files\image048.gif,app/NPA5/SanPin/СанПиН 2.2.4.3359-16/СанПиН 2.2.4.3359-16.files/image048.gif,461,406945710,646dc25aa954087ffec2112671ad86f014f1d85a,00b19eed630e85db779c2698161bc9b0f8077ba65ca1e57ebe8d3db66b49de54,2016-12-22T13:32:56+00:00,33685504,128
1327,{app}\NPA5\SanPin\СанПиН 2.2.4.3359-16\СанПиН 2.2.4.3359-16.files\image049.gif,app/NPA5/SanPin/СанПиН 2.2.4.3359-16/СанПиН 2.2.4.3359-16.files/image049.gif,554,406946171,84d4d7fdcd9394dbd0c74bf7b5497103f6d0973f,123b2d3f5c708de69805cf940505e6e3628c367f522eaf5ce307fa6fa68bade8,2016-12-22T13:32:56+00:00,33685504,128
1328,{app}\NPA5\SanPin\СанПиН 2.2.4.3359-16\СанПиН 2.2.4.3359-16.files\image050.gif,app/NPA5/SanPin/СанПиН 2.2.4.3359-16/СанПиН 2.2.4.3359-16.files/image050.gif,463,406946725,de66349c70ac5b8a695f358f5f2be66a788d33fd,095a4c06b46a2c7af3c7664665967f950937f0145fabd7f6b66fc005d9a0f8b3,2016-12-22T13:32:56+00:00,33685504,128
1329,{app}\NPA5\SanPin\СанПиН 2.2.4.3359-16\СанПиН 2.2.4.3359-16.files\image051.gif,app/NPA5/SanPin/СанПиН 2.2.4.3359-16/СанПиН 2.2.4.3359-16.files/image051.gif,566,406947188,9963ec32756ebb280cbd40b5d1303180a196ee0d,e4d6f9b8d2794436ecad713495a1fb7d1957279890503ef376e0f88deecf918c,2016-12-22T13:32:56+00:00,33685504,128
1330,{app}\NPA5\SanPin\СанПиН 2.2.4.3359-16\СанПиН 2.2.4.3359-16.files\image052.gif,app/NPA5/SanPin/СанПиН 2.2.4.3359-16/СанПиН 2.2.4.3359-16.files/image052.gif,489,406947754,08f6013e165f0c461edfb6c76bd49139305e7a46,7772bba7d3172dec1e75eccc4abfe223be515a443eae9780fbf1bfbe42a543d4,2016-12-22T13:32:56+00:00,33685504,128
1331,{app}\NPA5\SanPin\СанПиН 2.2.4.3359-16\СанПиН 2.2.4.3359-16.files\image053.gif,app/NPA5/SanPin/СанПиН 2.2.4.3359-16/СанПиН 2.2.4.3359-16.files/image053.gif,593,406948243,0effc88d7bb6dcd05284a51df73ff2e73966aad8,4f7abe477be8db85226a9e31827d8f54ede882f7935ecc45bf25f1aa3dcaa6a6,2016-12-22T13:32:56+00:00,33685504,128
1332,{app}\NPA5\SanPin\СанПиН 2.2.4.3359-16\СанПиН 2.2.4.3359-16.files\image054.gif,app/NPA5/SanPin/СанПиН 2.2.4.3359-16/СанПиН 2.2.4.3359-16.files/image054.gif,516,406948836,36626b9746b16e5eed05e92b1f00c902e88b880f,43acaa78ee63be4438256d801f41d9faae65b26190d6785f7df7c8f8bb8c5e60,2016-12-22T13:32:56+00:00,33685504,128
1333,{app}\NPA5\SanPin\СанПиН 2.2.4.3359-16\СанПиН 2.2.4.3359-16.files\image055.gif,app/NPA5/SanPin/СанПиН 2.2.4.3359-16/СанПиН 2.2.4.3359-16.files/image055.gif,558,406949352,6290d73deb08611377fbed99cab7624521e0b910,4689784255bc64f624e2777785ffc1148ac1d7d9c5cdb1fd9b62d3c66cb83933,2016-12-22T13:32:56+00:00,33685504,128
1334,{app}\NPA5\SanPin\СанПиН 2.2.4.3359-16\СанПиН 2.2.4.3359-16.files\image056.gif,app/NPA5/SanPin/СанПиН 2.2.4.3359-16/СанПиН 2.2.4.3359-16.files/image056.gif,468,406949910,ae13b4df78a5da72c7a0bcd771b24de869c3c8f7,1def23659a694284e40643f962c36b6a799d1643e1b72a17b6fa89b3ce87c356,2016-12-22T13:32:56+00:00,33685504,128
1335,{app}\NPA5\SanPin\СанПиН 2.2.4.3359-16\СанПиН 2.2.4.3359-16.files\image057.gif,app/NPA5/SanPin/СанПиН 2.2.4.3359-16/СанПиН 2.2.4.3359-16.files/image057.gif,554,406950378,3f89617c0bbb9ff1d3e6a3719aeefbdc0b92660a,c332857d9b90984c24970f19fab607f1ec228ec726d1bd158d9404dd30c3880c,2016-12-22T13:32:56+00:00,33685504,128
1336,{app}\NPA5\SanPin\СанПиН 2.2.4.3359-16\СанПиН 2.2.4.3359-16.files\image058.gif,app/NPA5/SanPin/СанПиН 2.2.4.3359-16/СанПиН 2.2.4.3359-16.files/image058.gif,459,406950932,61dae498a238d75dde47ee6047e7d1af52746ac5,761a1e7dfde7912814e525579463a27262f744e8c846c1eeb930f8a764111954,2016-12-22T13:32:56+00:00,33685504,128
1337,{app}\NPA5\SanPin\СанПиН 2.2.4.3359-16\СанПиН 2.2.4.3359-16.files\image059.gif,app/NPA5/SanPin/СанПиН 2.2.4.3359-16/СанПиН 2.2.4.3359-16.files/image059.gif,557,406951391,f5f212f62817ffceb6f4caa50e62eab16a3deacb,93847d030ac29e8fc53e6c151372c0d58641c2062d9690d37f3b1eedf1839f1e,2016-12-22T13:32:56+00:00,33685504,128
1338,{app}\NPA5\SanPin\СанПиН 2.2.4.3359-16\СанПиН 2.2.4.3359-16.files\image060.gif,app/NPA5/SanPin/СанПиН 2.2.4.3359-16/СанПиН 2.2.4.3359-16.files/image060.gif,452,406951948,e7a1bf5b9be1c4e795bed767d363d840882037e2,8df92f238c2eeed4e549fbc9d7621a09b4b802c014dce63e7d8f537d724f897f,2016-12-22T13:32:56+00:00,33685504,128
1339,{app}\NPA5\SanPin\СанПиН 2.2.4.3359-16\СанПиН 2.2.4.3359-16.files\image061.gif,app/NPA5/SanPin/СанПиН 2.2.4.3359-16/СанПиН 2.2.4.3359-16.files/image061.gif,549,406952400,e79cbd5c6d9ef415ef77fe19b4edd6dde8307b85,e5bc706df8b9079c4ff4dd2ef2a39a8ba2b673a33b458aa848f389df1efa6623,2016-12-22T13:32:56+00:00,33685504,128
1340,{app}\NPA5\SanPin\СанПиН 2.2.4.3359-16\СанПиН 2.2.4.3359-16.files\image062.gif,app/NPA5/SanPin/СанПиН 2.2.4.3359-16/СанПиН 2.2.4.3359-16.files/image062.gif,464,406952949,4839433fcd39e029ae81124913fd174c077baf6b,e922462a9c585953ecd9eb989288a17d9166804d831c5c4775b7521b0e80bfeb,2016-12-22T13:32:56+00:00,33685504,128
1341,{app}\NPA5\SanPin\СанПиН 2.2.4.3359-16\СанПиН 2.2.4.3359-16.files\image063.gif,app/NPA5/SanPin/СанПиН 2.2.4.3359-16/СанПиН 2.2.4.3359-16.files/image063.gif,484,406953413,b32aebcbb3da934098038adb819bce6c217051a5,a48bc742c8495c12b23d9a59a2a6d64d8aecfdc00c2f68f75a3e20894fe32ba6,2016-12-22T13:32:58+00:00,33685504,128
1342,{app}\NPA5\SanPin\СанПиН 2.2.4.3359-16\СанПиН 2.2.4.3359-16.files\image064.gif,app/NPA5/SanPin/СанПиН 2.2.4.3359-16/СанПиН 2.2.4.3359-16.files/image064.gif,468,406953897,7c9cdc90503782bf1cc8a9d0273643657c6475e9,daad467cb46f285a99529efb62bd83aa2f37f8111d82279f7ea17f23f1b9d7f6,2016-12-22T13:32:58+00:00,33685504,128
1343,{app}\NPA5\SanPin\СанПиН 2.2.4.3359-16\СанПиН 2.2.4.3359-16.files\image065.gif,app/NPA5/SanPin/СанПиН 2.2.4.3359-16/СанПиН 2.2.4.3359-16.files/image065.gif,512,406954365,a4715602814edb0c5a4fc2c077a3c3c758d0825e,bb85b283c3d863763a80b8fb0919c19553b132259a42d7cde94bd493bcbf794a,2016-12-22T13:32:58+00:00,33685504,128
1344,{app}\NPA5\SanPin\СанПиН 2.2.4.3359-16\СанПиН 2.2.4.3359-16.files\image066.gif,app/NPA5/SanPin/СанПиН 2.2.4.3359-16/СанПиН 2.2.4.3359-16.files/image066.gif,215,406954877,0625964d5a920581bc7ae72280593c3e094558d6,7d37dfbb3b2cdcdcc2740e1019718e76704b73edb2c0da30b70d92a58780bec4,2016-12-22T13:32:58+00:00,33685504,128
1345,{app}\NPA5\SanPin\СанПиН 2.2.4.3359-16\СанПиН 2.2.4.3359-16.files\image067.gif,app/NPA5/SanPin/СанПиН 2.2.4.3359-16/СанПиН 2.2.4.3359-16.files/image067.gif,414,406955092,b88227cde8889af5205f29fc3d8b91b61fc5226a,03a992a845e5626c9dceb0f43d2aaf2c718649a8216280e1ba3cbe3cf2e0c843,2016-12-22T13:32:58+00:00,33685504,128
1346,{app}\NPA5\SanPin\СанПиН 2.2.4.3359-16\СанПиН 2.2.4.3359-16.files\image068.gif,app/NPA5/SanPin/СанПиН 2.2.4.3359-16/СанПиН 2.2.4.3359-16.files/image068.gif,412,406955506,d3f4dfb423cf1f78b7e3d01259cf9a7a4f019858,c052b31fdf503cf128b29b783b6fe268061981f3feb30e981f607fd2834309d8,2016-12-22T13:32:58+00:00,33685504,128
1347,{app}\NPA5\SanPin\СанПиН 2.2.4.3359-16\СанПиН 2.2.4.3359-16.files\image069.gif,app/NPA5/SanPin/СанПиН 2.2.4.3359-16/СанПиН 2.2.4.3359-16.files/image069.gif,204,406955918,77e4be2f6118802a54cedea52c00d46e160ccd3b,c59232c64114ba8311e1a7d9e9325e143cc8306b35ac13ff0c4cf4d488b67c60,2016-12-22T13:32:58+00:00,33685504,128
1348,{app}\NPA5\SanPin\СанПиН 2.2.4.3359-16\СанПиН 2.2.4.3359-16.files\image070.gif,app/NPA5/SanPin/СанПиН 2.2.4.3359-16/СанПиН 2.2.4.3359-16.files/image070.gif,485,406956122,fad0c3b0ecd6a1b982c3308386845ab3945c8b21,18353e21075d231d078207ec132c8c160cf19c9e11bb137007e1b78381a15346,2016-12-22T13:32:58+00:00,33685504,128
1349,{app}\NPA5\SanPin\СанПиН 2.2.4.3359-16\СанПиН 2.2.4.3359-16.files\image071.gif,app/NPA5/SanPin/СанПиН 2.2.4.3359-16/СанПиН 2.2.4.3359-16.files/image071.gif,502,406956607,e17555ba787384eebe2ea150e7672c17e83a5aca,4429f48a7d53d15851644bc76d20dbd4e690ae1934d223caa0f5daee701aca58,2016-12-22T13:32:58+00:00,33685504,128
1350,{app}\NPA5\SanPin\СанПиН 2.2.4.3359-16\СанПиН 2.2.4.3359-16.files\image072.gif,app/NPA5/SanPin/СанПиН 2.2.4.3359-16/СанПиН 2.2.4.3359-16.files/image072.gif,599,406957109,322b7c452e74f758c86c9eb76ea77db37d7c845f,3d0347ccb93d1a3f7f298edc7aa440e2773819af36f38fa4a39c75a6a059938a,2016-12-22T13:32:58+00:00,33685504,128
1351,{app}\NPA5\SanPin\СанПиН 2.2.4.3359-16\СанПиН 2.2.4.3359-16.files\image073.gif,app/NPA5/SanPin/СанПиН 2.2.4.3359-16/СанПиН 2.2.4.3359-16.files/image073.gif,598,406957708,57fb19f7a47c8fcb5aff8b3dea83fdae52c0b71f,0d8b882aa8d879f7ab42a77f9194d0e9eb882e19f603512c73c51ea7289524fe,2016-12-22T13:32:58+00:00,33685504,128
1352,{app}\NPA5\SanPin\СанПиН 2.2.4.3359-16\СанПиН 2.2.4.3359-16.files\image074.gif,app/NPA5/SanPin/СанПиН 2.2.4.3359-16/СанПиН 2.2.4.3359-16.files/image074.gif,593,406958306,6bc2cdc0186c545bb5300c3f048d34e40dfa3766,6680184af35478b651b1d3e728959f23ec1ed190417c46b11b157ff54bf2405c,2016-12-22T13:32:58+00:00,33685504,128
1353,{app}\NPA5\SanPin\СанПиН 2.2.4.3359-16\СанПиН 2.2.4.3359-16.files\image075.gif,app/NPA5/SanPin/СанПиН 2.2.4.3359-16/СанПиН 2.2.4.3359-16.files/image075.gif,694,406958899,7aef1580609cbe8308f08188f3e20dbe3f3e558e,9ed09c18f6999c20c655caca26f56b1d7a9ab0c4074a586b26760a86e1c15643,2016-12-22T13:32:58+00:00,33685504,128
1354,{app}\NPA5\SanPin\СанПиН 2.2.4.3359-16\СанПиН 2.2.4.3359-16.files\image076.gif,app/NPA5/SanPin/СанПиН 2.2.4.3359-16/СанПиН 2.2.4.3359-16.files/image076.gif,665,406959593,376269db434bf8c63ded3989050028d295c0c6b4,dd71273c4e0302cb1fb76d6920cbe6944d9890d4f6ba6b472aa15b0723133a7c,2016-12-22T13:32:58+00:00,33685504,128
1355,{app}\NPA5\SanPin\СанПиН 2.2.4.3359-16\СанПиН 2.2.4.3359-16.files\image077.gif,app/NPA5/SanPin/СанПиН 2.2.4.3359-16/СанПиН 2.2.4.3359-16.files/image077.gif,709,406960258,ab9db4a2325e1de89b346099c76f8d7195ec93e7,6d167ca91710625e2581d8007bdc2f7e727cf1b6c9973cd907df4e00ede8981a,2016-12-22T13:32:58+00:00,33685504,128
1356,{app}\NPA5\SanPin\СанПиН 2.2.4.3359-16\СанПиН 2.2.4.3359-16.files\image078.gif,app/NPA5/SanPin/СанПиН 2.2.4.3359-16/СанПиН 2.2.4.3359-16.files/image078.gif,441,406960967,3cc332bb3e40fdd4d6144120210ea0cebf7d4843,4128e5f24d353e424a874a977a61f8e1b3e44d6d3cdeebe21804b668c5c08d90,2016-12-22T13:32:58+00:00,33685504,128
1357,{app}\NPA5\SanPin\СанПиН 2.2.4.3359-16\СанПиН 2.2.4.3359-16.files\image079.gif,app/NPA5/SanPin/СанПиН 2.2.4.3359-16/СанПиН 2.2.4.3359-16.files/image079.gif,697,406961408,c8406b13127a316bcc64d88b257b326e755a5df7,90bed3f123703bd6d85200fc011d47ba79457ce9610d096b291b551e545d3a7b,2016-12-22T13:32:58+00:00,33685504,128
1358,{app}\NPA5\SanPin\СанПиН 2.2.4.3359-16\СанПиН 2.2.4.3359-16.files\image080.gif,app/NPA5/SanPin/СанПиН 2.2.4.3359-16/СанПиН 2.2.4.3359-16.files/image080.gif,577,406962105,bbfbb839d6054ae440671e7d41ad68e50896a50e,e6aa9c10ed35f2729a94990c5b675ceca0fccecbe2cb703c8205260eb3297cc9,2016-12-22T13:32:58+00:00,33685504,128
1359,{app}\NPA5\SanPin\СанПиН 2.2.4.3359-16\СанПиН 2.2.4.3359-16.files\image081.gif,app/NPA5/SanPin/СанПиН 2.2.4.3359-16/СанПиН 2.2.4.3359-16.files/image081.gif,708,406962682,a47b8e13b95d97ae2a6848d90c239ae6db2fc6ce,49938df6060dab5362fcc10fd27ae2af049af16f7a88c8d95a7f53289c5f22cc,2016-12-22T13:32:58+00:00,33685504,128
1360,{app}\NPA5\SanPin\СанПиН 2.2.4.3359-16\СанПиН 2.2.4.3359-16.files\image082.gif,app/NPA5/SanPin/СанПиН 2.2.4.3359-16/СанПиН 2.2.4.3359-16.files/image082.gif,763,406963390,8873032b53b7752c72481e03aa1b17d8a3c8b72d,eca774921247778d017749a44719608dc1ba754ce84fa819e257661a2b68b03b,2016-12-22T13:32:58+00:00,33685504,128
1361,{app}\NPA5\SanPin\СанПиН 2.2.4.3359-16\СанПиН 2.2.4.3359-16.files\image083.gif,app/NPA5/SanPin/СанПиН 2.2.4.3359-16/СанПиН 2.2.4.3359-16.files/image083.gif,823,406964153,e99405eef59f37b8965b7959dd2ff45edd29e3a5,728375f2be68f50c586be710b7304a16db0f6d8ecb7e40c66e389aee78955a7e,2016-12-22T13:32:58+00:00,33685504,128
1362,{app}\NPA5\SanPin\СанПиН 2.2.4.3359-16\СанПиН 2.2.4.3359-16.files\image084.gif,app/NPA5/SanPin/СанПиН 2.2.4.3359-16/СанПиН 2.2.4.3359-16.files/image084.gif,593,406964976,19fd3155e00dbe090aa2f9934146030d705b7be9,3df8593bbfbe24b333135985434de71260781b7ff79a3a76d678aa8f67d0d0b8,2016-12-22T13:32:58+00:00,33685504,128
1363,{app}\NPA5\SanPin\СанПиН 2.2.4.3359-16\СанПиН 2.2.4.3359-16.files\image085.gif,app/NPA5/SanPin/СанПиН 2.2.4.3359-16/СанПиН 2.2.4.3359-16.files/image085.gif,714,406965569,02b04d082542e088122d1d713f014e225c23ef3a,f461286b30a3a3c3d1532a7ecd4567de23e8324d83fe2ac2064426576a149abe,2016-12-22T13:32:58+00:00,33685504,128
1364,{app}\NPA5\SanPin\СанПиН 2.2.4.3359-16\СанПиН 2.2.4.3359-16.files\image086.gif,app/NPA5/SanPin/СанПиН 2.2.4.3359-16/СанПиН 2.2.4.3359-16.files/image086.gif,603,406966283,8eb1f4a2d2955f34337b307f11756a5020b8b12b,fa66e4f6cf8a36c8de72dfb4cf666461122e832077ae028161c2b4af09a78ebb,2016-12-22T13:32:58+00:00,33685504,128
1365,{app}\NPA5\SanPin\СанПиН 2.2.4.3359-16\СанПиН 2.2.4.3359-16.files\image087.gif,app/NPA5/SanPin/СанПиН 2.2.4.3359-16/СанПиН 2.2.4.3359-16.files/image087.gif,701,406966886,229c33cbeb5af649dc6748893d0f2774d5bee6d9,89e6f8a5274b320d627802f229f7d064e495171323fb49b59ccc76e945a8c260,2016-12-22T13:32:58+00:00,33685504,128
1366,{app}\NPA5\SanPin\СанПиН 2.2.4.3359-16\СанПиН 2.2.4.3359-16.files\image088.gif,app/NPA5/SanPin/СанПиН 2.2.4.3359-16/СанПиН 2.2.4.3359-16.files/image088.gif,618,406967587,a27c9f43a64c3a6bc129a4257c6d932935a93595,894320db7d9d003303c4e66506b6fb552e607af8651b459b7c041728093cc220,2016-12-22T13:32:58+00:00,33685504,128
1367,{app}\NPA5\SanPin\СанПиН 2.2.4.3359-16\СанПиН 2.2.4.3359-16.files\image089.gif,app/NPA5/SanPin/СанПиН 2.2.4.3359-16/СанПиН 2.2.4.3359-16.files/image089.gif,706,406968205,646fe8ab171e8a927c22825314f8f3d3e0220444,ab2b1507def4449049e5a2737461725d6bd9f76b0fc6e0450121bee9aa986802,2016-12-22T13:32:58+00:00,33685504,128
1368,{app}\NPA5\SanPin\СанПиН 2.2.4.3359-16\СанПиН 2.2.4.3359-16.files\image090.gif,app/NPA5/SanPin/СанПиН 2.2.4.3359-16/СанПиН 2.2.4.3359-16.files/image090.gif,685,406968911,83da101d17bffc7e548d8348b49c901e1a234d09,3292d76d0e41946a37db3dc1fbcd6ee02748e092fc04265eb62263a2fb86bba3,2016-12-22T13:32:58+00:00,33685504,128
1369,{app}\NPA5\SanPin\СанПиН 2.2.4.3359-16\СанПиН 2.2.4.3359-16.files\image091.gif,app/NPA5/SanPin/СанПиН 2.2.4.3359-16/СанПиН 2.2.4.3359-16.files/image091.gif,13993,406969596,f5e6ed06e0153e8f8d88d7388813a9701b6ee8a2,829479f59bff62e387dc4ae17cb642b2bc99fdb7c2e353092228882904dbc211,2016-12-22T13:33:00+00:00,33685504,128
1370,{app}\NPA5\SanPin\СанПиН 2.2.4.3359-16\СанПиН 2.2.4.3359-16.files\image092.gif,app/NPA5/SanPin/СанПиН 2.2.4.3359-16/СанПиН 2.2.4.3359-16.files/image092.gif,11655,406983589,a53fff87d08bc56b7ed2dc2853ad9c200e965682,6a253bf1ed9658281b3d8bb71c398d22e8c36d891890fed833c9d5047f5bef55,2016-12-22T13:33:00+00:00,33685504,128
1371,{app}\NPA5\SanPin\СанПиН 2.2.4.3359-16\СанПиН 2.2.4.3359-16.files\image093.gif,app/NPA5/SanPin/СанПиН 2.2.4.3359-16/СанПиН 2.2.4.3359-16.files/image093.gif,1311,406995244,cd8d2518d850118cde3c94ef378fb1ab69364119,0016b0d3996f285b722a70f0b5c1ec2fc9f1ab05ea34c10550b8d10d4f14bd26,2016-12-22T13:33:00+00:00,33685504,128
1372,{app}\NPA5\SanPin\СанПиН 2.2.4.3359-16\СанПиН 2.2.4.3359-16.files\image094.gif,app/NPA5/SanPin/СанПиН 2.2.4.3359-16/СанПиН 2.2.4.3359-16.files/image094.gif,234,406996555,b76f141f7f5cd2e90961585fe759f32e244e785f,f4431bfd58c5cdaeac5283651b1e67414d1b14ebf9fac3916d6685119eae6b09,2016-12-22T13:33:00+00:00,33685504,128
1373,{app}\NPA5\SanPin\СанПиН 2.2.4.3359-16\СанПиН 2.2.4.3359-16.files\image095.gif,app/NPA5/SanPin/СанПиН 2.2.4.3359-16/СанПиН 2.2.4.3359-16.files/image095.gif,144,406996789,6caec9294e047bda3e360f7df874b12dd77903c2,491807fc161dc9b81e415aa273db722db3dc22d128d5b6fcf294972247a7c86d,2016-12-22T13:33:00+00:00,33685504,128
1374,{app}\NPA5\SanPin\СанПиН 2.2.4.3359-16\СанПиН 2.2.4.3359-16.files\image096.gif,app/NPA5/SanPin/СанПиН 2.2.4.3359-16/СанПиН 2.2.4.3359-16.files/image096.gif,597,406996933,c57003fb561d8e313595784481d1372b743a1e77,15734735265d11a155ebff0e1a23e55469dd22ed535f872285d7bd930199e4f6,2016-12-22T13:33:00+00:00,33685504,128
1375,{app}\NPA5\SanPin\СанПиН 2.2.4.3359-16\СанПиН 2.2.4.3359-16.files\image097.gif,app/NPA5/SanPin/СанПиН 2.2.4.3359-16/СанПиН 2.2.4.3359-16.files/image097.gif,213,406997530,f822510733f7e9f15855a0863f76d692208613bc,b67d7b501b0d1cbd66ec3965acaf3a67cc3eb1162ab1d428739281ddd993cb05,2016-12-22T13:33:00+00:00,33685504,128
1376,{app}\NPA5\SanPin\СанПиН 2.2.4.3359-16\СанПиН 2.2.4.3359-16.files\image098.gif,app/NPA5/SanPin/СанПиН 2.2.4.3359-16/СанПиН 2.2.4.3359-16.files/image098.gif,709,406997743,8461d225c08e6331ec7bdcbb79e0b5c0422b210c,e46276583b7603d2d887e93fad59e50e706400c98c1bd7527e425577e6b34bfb,2016-12-22T13:33:00+00:00,33685504,128
1377,{app}\NPA5\SanPin\СанПиН 2.2.4.3359-16\СанПиН 2.2.4.3359-16.files\image099.gif,app/NPA5/SanPin/СанПиН 2.2.4.3359-16/СанПиН 2.2.4.3359-16.files/image099.gif,141,406998452,ba204dd6cef65707ca219601bc61c2d9d2a87689,9a4c660990be8e4721d9311b16ab1db6600efc8b0e0f1de0949e31e9c47e65cb,2016-12-22T13:33:00+00:00,33685504,128
1378,{app}\NPA5\SanPin\СанПиН 2.2.4.3359-16\СанПиН 2.2.4.3359-16.files\image100.gif,app/NPA5/SanPin/СанПиН 2.2.4.3359-16/СанПиН 2.2.4.3359-16.files/image100.gif,835,406998593,76b122cd2d98a529af28e7d89d6458b244eb0f6c,977f8c4d2fe6ee72225c8e66c7c59e4a0ef0150eddd517fdb832a675b18c8ccd,2016-12-22T13:33:00+00:00,33685504,128
1379,{app}\NPA5\SanPin\СанПиН 2.2.4.3359-16\СанПиН 2.2.4.3359-16.files\image101.gif,app/NPA5/SanPin/СанПиН 2.2.4.3359-16/СанПиН 2.2.4.3359-16.files/image101.gif,213,406999428,8e030f22199038cadcfbc4bda5587b8bda5a8760,b55aa59d3084a8525cb2ba3121024dd9e9d11535922ca06afa19c783e31c4a86,2016-12-22T13:33:00+00:00,33685504,128
1380,{app}\NPA5\SanPin\СанПиН 2.2.4.3359-16\СанПиН 2.2.4.3359-16.files\image102.gif,app/NPA5/SanPin/СанПиН 2.2.4.3359-16/СанПиН 2.2.4.3359-16.files/image102.gif,219,406999641,8bfc22d4bba1da54d702a5d543ef81b7815e4a45,ba36d85f6f09ac57765dde5cd1cb460f9512d9a2503884df3d77f47c9ad863d1,2016-12-22T13:33:00+00:00,33685504,128
1381,{app}\NPA5\SanPin\СанПиН 2.2.4.3359-16\СанПиН 2.2.4.3359-16.files\image103.gif,app/NPA5/SanPin/СанПиН 2.2.4.3359-16/СанПиН 2.2.4.3359-16.files/image103.gif,219,406999860,8291a776327e8773113abbff3391aabfbc660939,c559bf6dd7567f5a6ba0adfed6c59830ef9ecea34a547e578c99a0d51e48a5ef,2016-12-22T13:33:00+00:00,33685504,128
1382,{app}\NPA5\SanPin\СанПиН 2.2.4.3359-16\СанПиН 2.2.4.3359-16.files\image104.gif,app/NPA5/SanPin/СанПиН 2.2.4.3359-16/СанПиН 2.2.4.3359-16.files/image104.gif,23953,407000079,68d68ef8490779662567a0ccb580d71bc4744945,9697d0b043fa142c973cc575a11ecfaeb59eed4f0358a834d6b88e8f2d09dc3b,2016-12-22T13:33:00+00:00,33685504,128
1383,{app}\NPA5\SanPin\СанПиН 2.2.4.3359-16\СанПиН 2.2.4.3359-16.files\image105.gif,app/NPA5/SanPin/СанПиН 2.2.4.3359-16/СанПиН 2.2.4.3359-16.files/image105.gif,26500,407024032,479c8c2b2bf573ef6fe0ddc1620f98a308b6e543,1ec65c01a0c4b32acd16de18cae2780d836421bff236b6927d45dbb383da709f,2016-12-22T13:33:00+00:00,33685504,128
1384,{app}\NPA5\SanPin\СанПиН 2.2.4.3359-16\СанПиН 2.2.4.3359-16.files\image106.gif,app/NPA5/SanPin/СанПиН 2.2.4.3359-16/СанПиН 2.2.4.3359-16.files/image106.gif,1685,407050532,43ae3cdcae4318122a45ba181cdbdee513d5bdf4,141717c35bc679c60dab3e19d82153f69be8925873909dd89e6ef029611f9649,2016-12-22T13:33:00+00:00,33685504,128
1385,{app}\NPA5\SanPin\СанПиН 2.2.4.3359-16\СанПиН 2.2.4.3359-16.files\image107.gif,app/NPA5/SanPin/СанПиН 2.2.4.3359-16/СанПиН 2.2.4.3359-16.files/image107.gif,1470,407052217,91a5a777675b252302a3d4557d4ac76967358b00,43e87492780386fccf7043b656f184828034d77d1c9813bc22e191833b888ea7,2016-12-22T13:33:00+00:00,33685504,128
1386,{app}\NPA5\SanPin\СанПиН 2.2.4.3359-16\СанПиН 2.2.4.3359-16.files\image108.gif,app/NPA5/SanPin/СанПиН 2.2.4.3359-16/СанПиН 2.2.4.3359-16.files/image108.gif,489,407053687,2a23b7d83aed88bafb07f60bcc96ca6267f4319a,702cd0203942aa1721443ccc278f449fc09da27824de0864336e6601b3b6f90d,2016-12-22T13:33:00+00:00,33685504,128
1387,{app}\NPA5\SanPin\СанПиН 2.2.4.3359-16\СанПиН 2.2.4.3359-16.files\image109.gif,app/NPA5/SanPin/СанПиН 2.2.4.3359-16/СанПиН 2.2.4.3359-16.files/image109.gif,447,407054176,b0c221ddb4a36cdade504882ee63c6661a78844d,dd34ecad01f379f62c86c88bcf9ac6a4b3d7ff85ea8565bf54b3b96e78009d8c,2016-12-22T13:33:00+00:00,33685504,128
1388,{app}\NPA5\SanPin\СанПиН 2.2.4.3359-16\СанПиН 2.2.4.3359-16.files\image110.gif,app/NPA5/SanPin/СанПиН 2.2.4.3359-16/СанПиН 2.2.4.3359-16.files/image110.gif,1152,407054623,d22ac1804571a043e40398348a34e7ba1f1cc017,770ec5773e18f93b2acdcd66d510521ef9a13b7d540290907b1b7df68594bd8b,2016-12-22T13:33:00+00:00,33685504,128
1389,{app}\NPA5\SanPin\СанПиН 2.2.4.3359-16\СанПиН 2.2.4.3359-16.files\image111.gif,app/NPA5/SanPin/СанПиН 2.2.4.3359-16/СанПиН 2.2.4.3359-16.files/image111.gif,382,407055775,c95a4cda43731aca620169da9d9eb6ba0063e37f,e47897fd25a581e015349a50a4e34e10b868fd5b4354750734647cbd5c191d17,2016-12-22T13:33:02+00:00,33685504,128
1390,{app}\NPA5\SanPin\СанПиН 2.2.4.3359-16\СанПиН 2.2.4.3359-16.files\image112.gif,app/NPA5/SanPin/СанПиН 2.2.4.3359-16/СанПиН 2.2.4.3359-16.files/image112.gif,685,407056157,c41bcabf584304fbe0a51891144b103d06157e17,943c08ce632b834b29b6061d01646672268b1e24f144d0d021eda9fcac6b2e2f,2016-12-22T13:33:02+00:00,33685504,128
1391,{app}\NPA5\SanPin\СанПиН 2.2.4.3359-16\СанПиН 2.2.4.3359-16.files\image113.gif,app/NPA5/SanPin/СанПиН 2.2.4.3359-16/СанПиН 2.2.4.3359-16.files/image113.gif,714,407056842,668d8684c58a47e698bf21fd6f067702706f8501,4c902101f96e6d61f334143269214b474411cefd37b2f1734642807e1d01ba5a,2016-12-22T13:33:02+00:00,33685504,128
1392,{app}\NPA5\SanPin\СанПиН 2.2.4.3359-16\СанПиН 2.2.4.3359-16.files\image114.gif,app/NPA5/SanPin/СанПиН 2.2.4.3359-16/СанПиН 2.2.4.3359-16.files/image114.gif,264,407057556,fa06acede8a0941019d6b51f1f8683f9461bc4e5,55577f6b13a0c64f6cb6a441fef12cd7387b7a6efebe72d196537e6bcbaf9637,2016-12-22T13:33:02+00:00,33685504,128
1393,{app}\NPA5\SanPin\СанПиН 2.2.4.3359-16\СанПиН 2.2.4.3359-16.files\image115.gif,app/NPA5/SanPin/СанПиН 2.2.4.3359-16/СанПиН 2.2.4.3359-16.files/image115.gif,209,407057820,a6cb6d3fac41c559cf2cc049ea8f10e55b7e48a1,fa79bf626cae9a5ace34447e7627e9eb048eec832c60670485980e1799ab306b,2016-12-22T13:33:02+00:00,33685504,128
1394,{app}\NPA5\SanPin\СанПиН 2.2.4.3359-16\СанПиН 2.2.4.3359-16.files\image116.gif,app/NPA5/SanPin/СанПиН 2.2.4.3359-16/СанПиН 2.2.4.3359-16.files/image116.gif,714,407058029,7e4eeb171e842dd34a34069aa4b84e062e618f7f,a1c26469b2ee602683440a4d45e326b8e93b536440084089de80044057d43a51,2016-12-22T13:33:02+00:00,33685504,128
1395,{app}\NPA5\SanPin\СанПиН 2.2.4.3359-16\СанПиН 2.2.4.3359-16.files\image117.gif,app/NPA5/SanPin/СанПиН 2.2.4.3359-16/СанПиН 2.2.4.3359-16.files/image117.gif,266,407058743,ecf94edcb17413a9b01ae7296bde7d38d7aad8f3,3a83686285eefb48fd0d661e0964f46525552ad60adebed3d7acedb195f7d6c1,2016-12-22T13:33:02+00:00,33685504,128
1396,{app}\NPA5\SanPin\СанПиН 2.2.4.3359-16\СанПиН 2.2.4.3359-16.files\image118.gif,app/NPA5/SanPin/СанПиН 2.2.4.3359-16/СанПиН 2.2.4.3359-16.files/image118.gif,263,407059009,a52a9d43ce8e47e4555524d5787444ac8e211bed,a16e9d81109cc0e456bb368e88a6663ccfb6a6e997abb20253ad482b11115516,2016-12-22T13:33:02+00:00,33685504,128
1397,{app}\NPA5\SanPin\СанПиН 2.2.4.548-96\СанПиН 2.2.4.548-96.htm,app/NPA5/SanPin/СанПиН 2.2.4.548-96/СанПиН 2.2.4.548-96.htm,111309,407059272,338a1aa821de66f5b796acc815a8d8cc5ce958e5,7b821c3dd90e6b20d524e5b21cafe219b12425d5ac5f6da0114bf89bf957de0c,2012-08-14T12:08:08+00:00,33685504,128
1398,{app}\NPA5\SanPin\СанПиН 2.5.2-703-98\СанПиН 2.5.2-703-98.htm,app/NPA5/SanPin/СанПиН 2.5.2-703-98/СанПиН 2.5.2-703-98.htm,782942,407170581,c3d7085c864b9686d7c4c3d741c8b176781aeb24,181be0fe5dcca79f671b3541d0d0920a3f362e07e20eb00ae84d97ddcbbd2354,2012-05-16T11:22:48+00:00,33685504,128
1399,{app}\NPA5\SanPin\СанПиН 2.6.1.2523-09\СанПиН 2.6.1.2523-09.htm,app/NPA5/SanPin/СанПиН 2.6.1.2523-09/СанПиН 2.6.1.2523-09.htm,875850,407953523,664c6a930dbf81783a4084fdbbaf953fea518737,8d6d93dad9e269dcaf3747f2033285095837a3bc82daa06518999666d36f4a9e,2010-10-22T15:54:44+00:00,33685504,128
1400,{app}\NPA5\SanPin\СанПин 2152-80\СанПин 2152-80.htm,app/NPA5/SanPin/СанПин 2152-80/СанПин 2152-80.htm,42468,408829373,7910644c5807d6b5555c6cbffafbcf10f5e6132d,647e25cc58df671a268e961c9daae12ffcc3ba954285195dc48704eb50e52b3b,2002-12-18T13:05:50+00:00,33685504,128
1401,{app}\NPA5\SanPin\СанПиН 3.3686-21\СанПиН 3.3686-21.htm,app/NPA5/SanPin/СанПиН 3.3686-21/СанПиН 3.3686-21.htm,5138738,408871841,82e1cfdf508f36e0103492386ae14e67d9ac9230,9f2690678ee401d680094f280f44752c04afacb561124675d6928e0f8f056dc7,2024-11-27T11:12:12+00:00,33685504,128
1402,{app}\NPA5\SanPin\СанПиН 3.3686-21\СанПиН 3.3686-21.files\image001.gif,app/NPA5/SanPin/СанПиН 3.3686-21/СанПиН 3.3686-21.files/image001.gif,115,414010579,4452116c23a5afc132a99734cc1e236c382e8145,f8f3ce2c367e852681b2024b54bf82c31bac3b4750c21ef20c78fc94c1657a33,2024-11-27T11:12:12+00:00,33685504,128
1403,{app}\NPA5\SanPin\СанПиН 3.3686-21\СанПиН 3.3686-21.files\image002.gif,app/NPA5/SanPin/СанПиН 3.3686-21/СанПиН 3.3686-21.files/image002.gif,118,414010694,9737f564e0305386dc31c9c97bdabcb9703c6198,ae928f5e6ab2d50549a9327142afd9f4cc74bce23490896129797450ff31e03e,2024-11-27T11:12:12+00:00,33685504,128
1404,{app}\NPA5\SanPin\СН 2.2.4 2.1.8.566-96\СН 2.2.4 2.1.8.566-96.htm,app/NPA5/SanPin/СН 2.2.4 2.1.8.566-96/СН 2.2.4 2.1.8.566-96.htm,5824,414010812,41933f867e6c240ed79b7c759c444c840e7e6e41,480c2824cea618fd131af6acb92acd5d3335ad22fe893721a26176d92f0b62c1,2002-03-07T09:57:46+00:00,33685504,128
1405,{app}\NPA5\SanPin\СН 2.2.4 2.1.8.566-96\Вибр\1.htm,app/NPA5/SanPin/СН 2.2.4 2.1.8.566-96/Вибр/1.htm,2947,414016636,2cbe056cd6f858d19ce098a73789c77f3101b398,aa6b9e368a1b0eab4ad6a9fb9a23a43e73a7a2109bd49ed853abaeabb26f5493,2002-03-07T09:15:18+00:00,33685504,128
1406,{app}\NPA5\SanPin\СН 2.2.4 2.1.8.566-96\Вибр\2.htm,app/NPA5/SanPin/СН 2.2.4 2.1.8.566-96/Вибр/2.htm,1617,414019583,b85e67e38a5bc52b0ac6dfe4774970fa0f7162ea,aa1cc3d9d29c9b4d42085a9b37a7bb340f48426a874cea453a75887eccaee7d7,2002-03-07T09:15:52+00:00,33685504,128
1407,{app}\NPA5\SanPin\СН 2.2.4 2.1.8.566-96\Вибр\3.htm,app/NPA5/SanPin/СН 2.2.4 2.1.8.566-96/Вибр/3.htm,1989,414021200,be3d3a8d3ceaa4da62e34087fa4ebf8a2380c4d7,d121a41c607308a5d09023389dfa5ed048246016b2d962285597a4178a329d0e,2002-03-07T09:16:18+00:00,33685504,128
1408,{app}\NPA5\SanPin\СН 2.2.4 2.1.8.566-96\Вибр\4.htm,app/NPA5/SanPin/СН 2.2.4 2.1.8.566-96/Вибр/4.htm,10206,414023189,70c4b88e3622ec5a56e69655637a7d32b2448551,7d4fa135c218c67abe0b5fdc7e5591457c79f0e1cce91c1286f7afb1c8045257,2002-03-07T09:21:20+00:00,33685504,128
1409,{app}\NPA5\SanPin\СН 2.2.4 2.1.8.566-96\Вибр\5.htm,app/NPA5/SanPin/СН 2.2.4 2.1.8.566-96/Вибр/5.htm,42621,414033395,074287899623841b553ed6d735b733e95b884f5a,38a6a71e441f63a96600d9717d896e6f568f53cfa8f53239eb755e12c97c387b,2002-10-23T09:56:54+00:00,33685504,128
1410,{app}\NPA5\SanPin\СН 2.2.4 2.1.8.566-96\Вибр\6.htm,app/NPA5/SanPin/СН 2.2.4 2.1.8.566-96/Вибр/6.htm,109860,414076016,0e80eecf127e392715efb2fb84c414904840ea15,c97fa8dc2f6f7abf78d2649a13f77a28675cae723ff4d238a8ab5cc69b8becc4,2002-03-12T11:26:02+00:00,33685504,128
1411,{app}\NPA5\SanPin\СН 2.2.4 2.1.8.566-96\Вибр\Image1.gif,app/NPA5/SanPin/СН 2.2.4 2.1.8.566-96/Вибр/Image1.gif,1131,414185876,f5fc4d5e979276b540e0c7be6822416583528331,b995591cc121dd2d172b7763d01d92b8f35db352f3c4ad4e84f37f2d5da4d08a,2002-03-07T09:23:58+00:00,33685504,128
1412,{app}\NPA5\SanPin\СН 2.2.4 2.1.8.566-96\Вибр\Image10.gif,app/NPA5/SanPin/СН 2.2.4 2.1.8.566-96/Вибр/Image10.gif,1858,414187007,af319f3de0360bda38bae0bf7a86c204453993fd,b4ecf440e64d2be76b43c7c55f6166f1455105fd8c564e102837e68fa33b7f0a,2002-03-07T09:38:10+00:00,33685504,128
1413,{app}\NPA5\SanPin\СН 2.2.4 2.1.8.566-96\Вибр\Image11.gif,app/NPA5/SanPin/СН 2.2.4 2.1.8.566-96/Вибр/Image11.gif,1626,414188865,016c959ab7f231290a5f6605189da1145603a4dd,f4a06667c15cb1d983781f5942deb641de1bb73b248cd19ea5466a77376d07f0,2002-03-07T09:38:10+00:00,33685504,128
1414,{app}\NPA5\SanPin\СН 2.2.4 2.1.8.566-96\Вибр\Image2.gif,app/NPA5/SanPin/СН 2.2.4 2.1.8.566-96/Вибр/Image2.gif,842,414190491,f2ce834535611a9447576941852c7c6d417e44a7,3a8f6a3167dc1a96390cc1fac7029c77737bae8b8eea59fb6b7eaa25fe393f35,2002-03-07T09:24:00+00:00,33685504,128
1415,{app}\NPA5\SanPin\СН 2.2.4 2.1.8.566-96\Вибр\Image20.gif,app/NPA5/SanPin/СН 2.2.4 2.1.8.566-96/Вибр/Image20.gif,1444,414191333,acea0c5fb489ff4bbff690512d283157fe62e8f4,65c6db3c6de5324cb5fcfd7ac455c1ef8312c445e7ce0ea8c42e3fa812c3f9d4,2002-10-23T09:46:00+00:00,33685504,128
1416,{app}\NPA5\SanPin\СН 2.2.4 2.1.8.566-96\Вибр\Image3.gif,app/NPA5/SanPin/СН 2.2.4 2.1.8.566-96/Вибр/Image3.gif,1135,414192777,e3f16fb799dc2b9c33677ce188b9e374fb9c2f1f,929a37688a8260a7e5da18fb429e5781f9548c26595d9d114009c4f72eecb6ca,2002-03-07T09:24:00+00:00,33685504,128
1417,{app}\NPA5\SanPin\СН 2.2.4 2.1.8.566-96\Вибр\Image4.gif,app/NPA5/SanPin/СН 2.2.4 2.1.8.566-96/Вибр/Image4.gif,1239,414193912,b173036d53e7aa0f665b06ac4f66cf9e23c953e9,3a3a8ce161f161d5b54d2f3dd8f192f08c832dc25ac991392e90e2b2a4424eec,2002-03-07T09:24:00+00:00,33685504,128
1418,{app}\NPA5\SanPin\СН 2.2.4 2.1.8.566-96\Вибр\Image5.bmp,app/NPA5/SanPin/СН 2.2.4 2.1.8.566-96/Вибр/Image5.bmp,1214,414195151,97c0d0b69370ab257bc9afc893e9d1fadec8f0ee,0125e13f84e75c103e3baeb6ddcf6ec040d14c103e252ea4a511b09d4d816f04,2002-10-23T09:32:24+00:00,33685504,128
1419,{app}\NPA5\SanPin\СН 2.2.4 2.1.8.566-96\Вибр\Image5.gif,app/NPA5/SanPin/СН 2.2.4 2.1.8.566-96/Вибр/Image5.gif,1262,414196365,384afd2aeb09f35ddb3ec568bbb61cde5fe0131b,db0891916d3b0f4bb523e2ecdd1a7fdd3fe8aff6555782c574b5e31e4b186b17,2002-10-23T09:40:12+00:00,33685504,128
1420,{app}\NPA5\SanPin\СН 2.2.4 2.1.8.566-96\Вибр\Image6.gif,app/NPA5/SanPin/СН 2.2.4 2.1.8.566-96/Вибр/Image6.gif,1280,414197627,e828fa69ddcbb9b949f75b0d02985913ee02565e,1b8f30c5bdfade2a79a8dc490bfa97d3c3aea41a0a1010620f1a7cfc451392fa,2002-03-07T09:24:00+00:00,33685504,128
1421,{app}\NPA5\SanPin\СН 2.2.4 2.1.8.566-96\Вибр\Image7.gif,app/NPA5/SanPin/СН 2.2.4 2.1.8.566-96/Вибр/Image7.gif,1401,414198907,cf14c75d6744de7d5de4f1ce8e37a3bce011cbf4,870872d085ea8a8c23bf96d8dae66e7fe79f83df110572be85be5e2efe883ee0,2002-03-07T09:24:00+00:00,33685504,128
1422,{app}\NPA5\SanPin\СН 2.2.4 2.1.8.566-96\Вибр\Image8.gif,app/NPA5/SanPin/СН 2.2.4 2.1.8.566-96/Вибр/Image8.gif,1009,414200308,7900852f9b20ddae65bd41d0b6c86a7dd35ddc39,cf60ef6b10b8eb255d28be4579ef720c3af7d24f78f3ee81362b72b07ca11871,2002-03-07T09:24:00+00:00,33685504,128
1423,{app}\NPA5\SanPin\СН 2.2.4 2.1.8.566-96\Вибр\Image9.gif,app/NPA5/SanPin/СН 2.2.4 2.1.8.566-96/Вибр/Image9.gif,1244,414201317,472e4453e13e1d6b40c2f3f4238297fdec4a9b49,628665c11c375e8da484faa71d1057535c56e3c1efd6328c33b1ae733e2be656,2002-03-07T09:38:10+00:00,33685504,128
1424,{app}\NPA5\SanPin\СН 2.2.4 2.1.8.566-96\Вибр\Приложение 2.htm,app/NPA5/SanPin/СН 2.2.4 2.1.8.566-96/Вибр/Приложение 2.htm,17711,414202561,040efd47f5ccc0d3fff0d9fded1bf4b364fa032d,c228c4a628b6dec36c210b7b0fead5a3afe8a68ba7f312372084b2778ca628e6,2002-03-12T11:27:20+00:00,33685504,128
1425,{app}\NPA5\SanPin\СН 2.2.4 2.1.8.566-96\Вибр\Приложение 3.htm,app/NPA5/SanPin/СН 2.2.4 2.1.8.566-96/Вибр/Приложение 3.htm,14850,414220272,3de53d537c6fb25d9ac7c01b04edd053ac316251,2ddf7e5c69ecf3f4fe590e57c946158e277c563a487eefb8629df975cca7c8a2,2002-03-12T11:28:06+00:00,33685504,128
1426,{app}\NPA5\SanPin\СН 2.2.4 2.1.8.566-96\Вибр\Приложение 4.htm,app/NPA5/SanPin/СН 2.2.4 2.1.8.566-96/Вибр/Приложение 4.htm,19082,414235122,b7e5e377e2678b927d496506cee02434881c8fd2,154a573bc901371fb61663a12d49c8f7cec9d36b3fc6aa4e087f39f35a7e1d47,2002-03-12T11:28:32+00:00,33685504,128
1427,{app}\NPA5\SanPin\СН 2.2.4 2.1.8.566-96\Вибр\Список.htm,app/NPA5/SanPin/СН 2.2.4 2.1.8.566-96/Вибр/Список.htm,1228,414254204,ecf16164e68dbd64c9b4273443d2a672a44a1321,feee2d0074c96a93c6cd66b70727d7e414167bfe66cb2b418eb657aa5c5218dc,2002-03-07T09:34:22+00:00,33685504,128
1428,{app}\NPA5\SanPin\СН 2.2.4_2.1.8.583-96\Image1.gif,app/NPA5/SanPin/СН 2.2.4_2.1.8.583-96/Image1.gif,1269,414255432,545e3853c66621b94cf504062fa5e6a45addaae3,0fdff32877c90374c5f28898e7c46df180c258045005e6ee84752b187370cf3a,2002-04-26T13:36:04+00:00,33685504,128
1429,{app}\NPA5\SanPin\СН 2.2.4_2.1.8.583-96\Image2.gif,app/NPA5/SanPin/СН 2.2.4_2.1.8.583-96/Image2.gif,1566,414256701,93a9c48ae3d9a4a786a0a46edf6be50dd7fb9250,d20cc8f320ca065a075769130a2f39bb90bcf23d88079c3a882834285e7f2895,2002-04-27T11:00:26+00:00,33685504,128
1430,{app}\NPA5\SanPin\СН 2.2.4_2.1.8.583-96\Image3.gif,app/NPA5/SanPin/СН 2.2.4_2.1.8.583-96/Image3.gif,1566,414258267,37bd44e9028ab31efbd02e48ccd9c33907d38a05,056d019210097c28d200f896316cfe586148eb5ae62ed4962f521eb8d00ec27f,2002-04-27T11:19:30+00:00,33685504,128
1431,{app}\NPA5\SanPin\СН 2.2.4_2.1.8.583-96\СН 2.2.4_2.1.8.583-96.htm,app/NPA5/SanPin/СН 2.2.4_2.1.8.583-96/СН 2.2.4_2.1.8.583-96.htm,17914,414259833,32c74118cc54db79f54ff547071376e91903686e,8b75cd19c7b10528caa67d5416b579e2af028ba9048e4c4612694a753d715cd7,2009-10-06T11:37:58+00:00,33685504,128
1432,{app}\NPA5\SanPin\СН 2.5.2.047-96\СН 2.5.2.047-96.htm,app/NPA5/SanPin/СН 2.5.2.047-96/СН 2.5.2.047-96.htm,139493,414277747,2778858ecae4e1a21d374e4a73f3cb5a0847ac67,bdae1ca6b400b29610d8e4145d04852fa128cb1a76e36b5785da80ebc75f7789,2012-05-16T12:32:08+00:00,33685504,128
1433,{app}\NPA5\SanPin\СП 1.3.3118-13\pril3.doc,app/NPA5/SanPin/СП 1.3.3118-13/pril3.doc,344064,414417240,14a0dff6aa174035a2b937e2a59d469bf555d6f4,76bb51c1fba86bfc0da1eff96cd3888dfb8d99769ed565cc6f6a936d31d29d5e,2015-02-17T09:55:48+00:00,33685504,128
1434,{app}\NPA5\SanPin\СП 1.3.3118-13\pril3.htm,app/NPA5/SanPin/СП 1.3.3118-13/pril3.htm,193672,414761304,d3cebdcfb2098c1dbaa6ef8779f44cecdd2adaf0,9467c30bd20b56dd15c55b70753f414f15c5c38f847406522cc261e4b0ea5f3e,2015-02-17T09:56:02+00:00,33685504,128
1435,{app}\NPA5\SanPin\СП водителей\СП водителей.htm,app/NPA5/SanPin/СП водителей/СП водителей.htm,124040,414954976,6f35cea5a93bceadb1b02684f192ee9917e5b5fb,c8f4db4dfa5c1416a2fb33bb0143da473366418267ebb872337b86725fa0dbb6,2010-03-01T15:40:22+00:00,33685504,128
1436,{app}\NPA5\SNIP\2.09.02-85.htm,app/NPA5/SNIP/2.09.02-85.htm,122644,415079016,93b56d5bdfdad9ec6df15ad3012832daecb66b5e,0153748fb4f33ae89d8bdd1845c54baeaba6758f3e4d535314f8da59ff399868,2000-10-12T15:42:54+00:00,33685504,128
1437,{app}\NPA5\SNIP\21-01-97 .htm,app/NPA5/SNIP/21-01-97 .htm,98309,415201660,3ea22d0fae9b6067d64b09af603ce807d4f29155,815b2256b50e006796e4283c29138bcb5c69449d318da609020a9afdbe1dc41d,2000-10-12T15:10:42+00:00,33685504,128
1438,{app}\NPA5\SNIP\3.01.01-85.htm,app/NPA5/SNIP/3.01.01-85.htm,183545,415299969,2f7a7eaa5c8132cd6f3a1a64b4bb5190e2ec23ca,f2bafa64fbc29e292e2d96711a6e7121ab1820f128d2e3baf3c925a801cf98d9,2000-10-17T15:55:52+00:00,33685504,128
1439,{app}\NPA5\SNIP\Bullet7.gif,app/NPA5/SNIP/Bullet7.gif,140,415483514,feb31933a3e492293f142d6b4b4656765ea25625,d23eb0569fcb7ff5564cd0da66f35dedb9c609de7ecb8996440425c5b06af311,1997-10-09T00:00:00+00:00,33685504,128
1440,{app}\NPA5\SNIP\SNIP.htm,app/NPA5/SNIP/SNIP.htm,6549,415483654,a11f052b7bae24091a0bfe7ab32d362cde05545c,10a0f47b2eaec29e524dc8dadb93f8f68c126143f7f08b7fce259b5b33d58257,2021-09-30T14:40:10+00:00,33685504,128
1441,{app}\NPA5\SNIP\SnIP2-01-02-85\2-01-02-85-1.htm,app/NPA5/SNIP/SnIP2-01-02-85/2-01-02-85-1.htm,29178,415490203,0e8c434021454ef945c5ff823ac698770a9b62a9,ce8906de2d4129d16fd4e2028bf5fd06725942f6dafa84e34341f8424f8341b6,2001-02-08T10:53:46+00:00,33685504,128
1442,{app}\NPA5\SNIP\SnIP2-01-02-85\2-01-02-85-2.htm,app/NPA5/SNIP/SnIP2-01-02-85/2-01-02-85-2.htm,10334,415519381,ecc5002873b42274401419134fae81e973ebb418,686fa00d39a86206a1b058b0bad4e0bd95c53bf24b3638d8365e338e07056a96,2001-02-08T10:54:18+00:00,33685504,128
1443,{app}\NPA5\SNIP\SnIP2-01-02-85\2-01-02-85-3.htm,app/NPA5/SNIP/SnIP2-01-02-85/2-01-02-85-3.htm,19551,415529715,9ccb0dc4bfa9f7b817cc98a3b19577e95ff82d28,7ca3ad9b1ffb2feca9f1005a344904cb395ba6de3f22a1867a255493a6f5058c,2001-02-08T10:54:52+00:00,33685504,128
1444,{app}\NPA5\SNIP\SnIP2-01-02-85\2-01-02-85-4.htm,app/NPA5/SNIP/SnIP2-01-02-85/2-01-02-85-4.htm,17563,415549266,a80728350078287fa2e2da82fc480710560cc89d,2225f4a2af21272e134232c8b838c700a332f0b604a0cf55978f4f7b06c925d2,2001-02-08T10:55:44+00:00,33685504,128
1445,{app}\NPA5\SNIP\SnIP2-01-02-85\2-01-02-85-5.htm,app/NPA5/SNIP/SnIP2-01-02-85/2-01-02-85-5.htm,18164,415566829,236d10a57ca485e2141d2a62c80cb58b7f813ccd,9513f8bb899371a2b457f354b727284e833e0e357a4e8ed6e60f6b72a577fd36,2001-02-08T11:19:38+00:00,33685504,128
1446,{app}\NPA5\SNIP\SnIP2-01-02-85\2-01-02-85-6.htm,app/NPA5/SNIP/SnIP2-01-02-85/2-01-02-85-6.htm,6390,415584993,d5d7b2b0565add4ad88408bb79eda00c01f8f072,bbf62b372a999417276d419f43b4b2c647d4f52e412a286ac54a6483ab2144a9,2001-02-08T10:58:44+00:00,33685504,128
1447,{app}\NPA5\SNIP\SnIP2-01-02-85\2-01-02-85.htm,app/NPA5/SNIP/SnIP2-01-02-85/2-01-02-85.htm,5853,415591383,0131afcadbe7161a450515aa472800399deb3ced,99cc34be79a782c3acaa382f44b53e9a3cb34978bcc377d0d15ef588451f6ae8,2001-02-08T10:52:18+00:00,33685504,128
1448,{app}\NPA5\SNIP\SnIP2-01-02-85\Image1.gif,app/NPA5/SNIP/SnIP2-01-02-85/Image1.gif,17691,415597236,54a10773b09ed5b16f627ed49b7a281cdc0a382c,96f29f7e4dc2ab168cb6d740319cb05c849d6548036e19951d702bb3e7afcc01,2001-02-08T11:19:40+00:00,33685504,128
1449,{app}\NPA5\SNIP\SnIP2-01-02-85\Image14.gif,app/NPA5/SNIP/SnIP2-01-02-85/Image14.gif,17452,415614927,ea391cefc63de51f4453c1795b57d3bd79661eec,a3ff09abb21db629197e0afe12906fa877a804208a7953242e2d1b34eff85a10,2001-02-08T11:14:38+00:00,33685504,128
1450,{app}\NPA5\SNIP\SnIP2-01-02-85\Image15.gif,app/NPA5/SNIP/SnIP2-01-02-85/Image15.gif,15543,415632379,544b5929e160af7001e0c07cff0bf22bed8c6081,08dbc997ecb10c4227988048bc90406978b8eba4b9473f1af41adc13ea1f61a8,2001-02-08T11:15:18+00:00,33685504,128
1451,{app}\NPA5\SNIP\SnIP2-01-02-85\Image16.gif,app/NPA5/SNIP/SnIP2-01-02-85/Image16.gif,17228,415647922,03b6cf9788f11bea0b18720bfdb6a533a7d7d150,38c42efff19284a7cd57c2f59d72e18d5e44ced9efa6aaaf3ad6bfbb668f85b3,2001-02-08T11:15:34+00:00,33685504,128
1452,{app}\NPA5\SNIP\СНИП 12-03-2001\СНиП 12-03-91.htm,app/NPA5/SNIP/СНИП 12-03-2001/СНиП 12-03-91.htm,221027,415665150,eda8a112fab21d861aea473f87d90be7f875e103,99843bee3ee7601824d7fd5c3301583eb9049a2f1f04759ddee54715b5d5bd01,2003-01-24T07:02:38+00:00,33685504,128
1453,{app}\NPA5\SNIP\СНиП 12-04-2002\СНиП 12-04-2002.htm,app/NPA5/SNIP/СНиП 12-04-2002/СНиП 12-04-2002.htm,135698,415886177,c9d8e6e36c1ba9276d7d8ec0e196534209c4dbc6,2b820ae209e1f5e00c707ee757b830411b9545948c6ab9fc1df6141a06c36fe6,2003-07-02T10:40:38+00:00,33685504,128
1454,{app}\NPA5\SNIP\СНиП 31-06-2009\СНиП 31-06-2009.htm,app/NPA5/SNIP/СНиП 31-06-2009/СНиП 31-06-2009.htm,339665,416021875,c3b88698e6183fef2632a15e5a5f69df4fe661f5,d3e7e36f57008a05eaced5612b0398628d3a173ca2dd4fddd8161236a6c9f93a,2012-05-21T12:42:20+00:00,33685504,128
1455,{app}\NPA5\SNIP\СНиП 31-06-2009\СНиП 31-06-2009.files\image001.gif,app/NPA5/SNIP/СНиП 31-06-2009/СНиП 31-06-2009.files/image001.gif,471,416361540,5626c6a322663582e5e8cf702c889d3e751b03ba,35809d8f73490c750c107e6f11f6057417ecba0936f51671147a546a1ad2adc5,2012-05-21T12:42:18+00:00,33685504,128
1456,{app}\NPA5\SNIP\СНиП 31-06-2009\СНиП 31-06-2009.files\image002.gif,app/NPA5/SNIP/СНиП 31-06-2009/СНиП 31-06-2009.files/image002.gif,378,416362011,4a98b3907884600a18005aa4b7b5926f7211f1b2,958a17417ff416dd954aad7d8cb9eb98372481efd5da52326e87ed5208411b16,2012-05-21T12:42:18+00:00,33685504,128
1457,{app}\NPA5\SNIP\СНиП 31-06-2009\СНиП 31-06-2009.files\image003.gif,app/NPA5/SNIP/СНиП 31-06-2009/СНиП 31-06-2009.files/image003.gif,241,416362389,b66745cc9d1e82515680cd1facd212bf9508a926,c6581fbb889546f380ec1d59e999e7b40d7c6d1a66a98c3f5988c31e838b737e,2012-05-21T12:42:18+00:00,33685504,128
1458,{app}\NPA5\SNIP\СНиП 31-06-2009\СНиП 31-06-2009.files\image004.gif,app/NPA5/SNIP/СНиП 31-06-2009/СНиП 31-06-2009.files/image004.gif,477,416362630,9faf8b505e4a6a0bef58b384d011eb47f4e7d575,164a3704b367e61eea7d66a1587d02b14e2737c27ec996ab8b52e6281c1deaab,2012-05-21T12:42:18+00:00,33685504,128
1459,{app}\NPA5\SNIP\СНиП 31-06-2009\СНиП 31-06-2009.files\image005.gif,app/NPA5/SNIP/СНиП 31-06-2009/СНиП 31-06-2009.files/image005.gif,1189,416363107,c740c2f61f7065d21e7510304519f3aeb76fbe7c,8df2410cfa6089338d69302915eedae6077f84a3f33eadc77fd61b4bebf3a797,2012-05-21T12:42:18+00:00,33685504,128
1460,{app}\NPA5\SNIP\СНиП 31-06-2009\СНиП 31-06-2009.files\image006.gif,app/NPA5/SNIP/СНиП 31-06-2009/СНиП 31-06-2009.files/image006.gif,796,416364296,feb85e6c14b66d0d3d5c77f6da26c96cbf178561,c509ac2e60ce162d39e6efe3edba5b0da377cd82f5087f34e6a84a822e6f2871,2012-05-21T12:42:18+00:00,33685504,128
1461,{app}\NPA5\SNIP\СНиП 31-06-2009\СНиП 31-06-2009.files\image007.gif,app/NPA5/SNIP/СНиП 31-06-2009/СНиП 31-06-2009.files/image007.gif,1748,416365092,4db9ed48d4265e9e85a03cc1707d9ad6d8e3d10b,6270bc575eeab72977b23a212e6e6896d36b5b25a4b0e0056fc45c2fc1cd426b,2012-05-21T12:42:18+00:00,33685504,128
1462,{app}\NPA5\SNIP\СНиП 31-06-2009\СНиП 31-06-2009.files\image008.gif,app/NPA5/SNIP/СНиП 31-06-2009/СНиП 31-06-2009.files/image008.gif,180,416366840,b02c1e1ca4a6c9ca5b83ff48991bdf9693518b46,b9415dc107d932706b0ea6c36183d18aa4edee90c056e7eb9b294077a325f724,2012-05-21T12:42:18+00:00,33685504,128
1463,{app}\NPA5\SNIP\СНиП 31-06-2009\СНиП 31-06-2009.files\image009.gif,app/NPA5/SNIP/СНиП 31-06-2009/СНиП 31-06-2009.files/image009.gif,268,416367020,2c6b2ffa8f9ef00a16317833e8a0442be296dcb4,bd0acfacb8145a05d2b090d7bc6a7452e6c4fec25fe6ae633928f0dc06b5a530,2012-05-21T12:42:18+00:00,33685504,128
1464,{app}\NPA5\SNIP\СНиП 31-06-2009\СНиП 31-06-2009.files\image010.gif,app/NPA5/SNIP/СНиП 31-06-2009/СНиП 31-06-2009.files/image010.gif,229,416367288,5e0a583a05dfe595e6bf3534323c3538c642c736,fb627add307c69f5d2d0dc1b774205e73be429e7621a07e07422cbc0709a052c,2012-05-21T12:42:18+00:00,33685504,128
1465,{app}\NPA5\SNIP\СНиП 31-06-2009\СНиП 31-06-2009.files\image011.gif,app/NPA5/SNIP/СНиП 31-06-2009/СНиП 31-06-2009.files/image011.gif,267,416367517,df6139a313b3d3b43c303476fb4830ebeff1022f,7b28901157633f61007331d6dc8afd150e0a6cc0e2271699854436899400c047,2012-05-21T12:42:18+00:00,33685504,128
1466,{app}\NPA5\SNIP\СНиП 31-06-2009\СНиП 31-06-2009.files\image012.gif,app/NPA5/SNIP/СНиП 31-06-2009/СНиП 31-06-2009.files/image012.gif,218,416367784,8954c11aa6d51228ace31fce8d5e4c5d4d5be613,5d4d2f0503046d679ab669e2e707a1a9819a8d2926629ab6dce5e7b7ecb12562,2012-05-21T12:42:18+00:00,33685504,128
1467,{app}\NPA5\SNIP\СНиП 31-06-2009\СНиП 31-06-2009.files\image013.gif,app/NPA5/SNIP/СНиП 31-06-2009/СНиП 31-06-2009.files/image013.gif,257,416368002,51d1a8b0a30bd75079e34ef4da3785cdc5105c90,6eb7e5d48f1af9863eb00ad75ce15084ea7ca2a494e539715e9d2066a7d4fe57,2012-05-21T12:42:18+00:00,33685504,128
1468,{app}\NPA5\SNIP\СНиП 31-06-2009\СНиП 31-06-2009.files\image014.gif,app/NPA5/SNIP/СНиП 31-06-2009/СНиП 31-06-2009.files/image014.gif,224,416368259,e6adaed205211b3bc282c88fdbacb9feb36c0c89,4c1e917afece5e043cd7fc6e0e967230b90e824474d4bdf378e17f3a622057d6,2012-05-21T12:42:18+00:00,33685504,128
1469,{app}\NPA5\SNIP\СНиП 31-06-2009\СНиП 31-06-2009.files\image015.gif,app/NPA5/SNIP/СНиП 31-06-2009/СНиП 31-06-2009.files/image015.gif,241,416368483,7474db2727c1010c3ba9b548d51356b1e74f48de,aadcb31a580de070b4143e3a77118e41afe00b01f318c86f926742acc95dccd2,2012-05-21T12:42:18+00:00,33685504,128
1470,{app}\NPA5\SNIP\СНиП 31-06-2009\СНиП 31-06-2009.files\image016.gif,app/NPA5/SNIP/СНиП 31-06-2009/СНиП 31-06-2009.files/image016.gif,244,416368724,8f7fbc552f6a683286bb14d9829438467ff3d891,00e63335c42b44e69adddd1410220627012b7c1dd01f3539e6cd5ded40a5e93c,2012-05-21T12:42:18+00:00,33685504,128
1471,{app}\NPA5\SNIP\СНиП 31-06-2009\СНиП 31-06-2009.files\image017.gif,app/NPA5/SNIP/СНиП 31-06-2009/СНиП 31-06-2009.files/image017.gif,246,416368968,1144fc719757a3020c411977a09211c371949c28,8ca165c0e372f3c353ee3ddcf656b3bf9049f448ef9a7a7618bef0da60612dd9,2012-05-21T12:42:18+00:00,33685504,128
1472,{app}\NPA5\SNIP\СНиП 31-06-2009\СНиП 31-06-2009.files\image018.gif,app/NPA5/SNIP/СНиП 31-06-2009/СНиП 31-06-2009.files/image018.gif,30750,416369214,abe6d666a2effce4e5510161a5ec8bb8505337d3,89200934de2482504c18dd4e2d032f298da452dfec79e48bd64bc82df69a9812,2012-05-21T12:42:18+00:00,33685504,128
1473,{app}\NPA5\SNIP\СНиП 31-06-2009\СНиП 31-06-2009.files\image019.gif,app/NPA5/SNIP/СНиП 31-06-2009/СНиП 31-06-2009.files/image019.gif,45649,416399964,b83c9d91bf6ce68d22488bd10205c01cdda7fd9a,c2999283d7fae709b959db44296aafd04de9c352eb1da64217fd34244e1088fe,2012-05-21T12:42:18+00:00,33685504,128
1474,{app}\NPA5\SNIP\СНиП 31-06-2009\СНиП 31-06-2009.files\image020.gif,app/NPA5/SNIP/СНиП 31-06-2009/СНиП 31-06-2009.files/image020.gif,95393,416445613,aee2e9e78efd2ab3c7c704cb95f9f382a8fa278e,b54ed9d9758dc0f748fcfb5ac262fc63cf3deb6aed0445641aac926f14f0736c,2012-05-21T12:42:20+00:00,33685504,128
1475,{app}\NPA5\SNIP\СНиП 31-06-2009\СНиП 31-06-2009.files\image021.gif,app/NPA5/SNIP/СНиП 31-06-2009/СНиП 31-06-2009.files/image021.gif,20447,416541006,62fa972479d98a895a2475cb2d511a93a205a6b1,614643f5cc80c9078f4425ac86aa7ac082182f1dd1a92a99951017ca31287a1d,2012-05-21T12:42:20+00:00,33685504,128
1476,{app}\NPA5\SNIP\СНиП 31-06-2009\СНиП 31-06-2009.files\image022.gif,app/NPA5/SNIP/СНиП 31-06-2009/СНиП 31-06-2009.files/image022.gif,22725,416561453,5d9a7255f59c10e4a249e50e56cf0b400047c2d4,d1850e364746eec9c7f1f86923118d336744cf9900be39dc308adec984a56cc4,2012-05-21T12:42:20+00:00,33685504,128
1477,{app}\NPA5\SNIP\СНиП 31-06-2009\СНиП 31-06-2009.files\image023.gif,app/NPA5/SNIP/СНиП 31-06-2009/СНиП 31-06-2009.files/image023.gif,217,416584178,84cf0498c68fbc98c7d8a6ba90935022f4286394,aaff38958e38066cfd10ccbfaca2e36115358ebc6785b897a41fe0f81fe88394,2012-05-21T12:42:20+00:00,33685504,128
1478,{app}\NPA5\SNIP\СНиП 31-06-2009\СНиП 31-06-2009.files\image024.gif,app/NPA5/SNIP/СНиП 31-06-2009/СНиП 31-06-2009.files/image024.gif,224,416584395,82114fa16537f3de125840f975673ea5c097c128,8c4c523e1a4c94516b6ff5c04ad410cc2b5d7e7928388c7b322cac1bdef88a23,2012-05-21T12:42:20+00:00,33685504,128
1479,{app}\NPA5\SNIP\СНиП_23-05-95\СНиП 23-05-95.htm,app/NPA5/SNIP/СНиП_23-05-95/СНиП 23-05-95.htm,55407,416584619,2bcffedfd01f80ff945a66e5c37aaea181687272,7a672a33ef197e480934f95749d72387d74658f9a0304aad0e63e55c1ee8aafc,2011-07-11T16:25:22+00:00,33685504,128
1480,{app}\NPA5\SNIP\СНиП_23-05-95\СНиП 23-05-95_0.htm,app/NPA5/SNIP/СНиП_23-05-95/СНиП 23-05-95_0.htm,52562,416640026,7a75b05705d7057a641c970b09d0029a068e6b42,2955acb7500b3b3506e9d1e209e104efb167edeb8460159261f12426c91d6c59,2011-07-11T14:41:54+00:00,33685504,128
1481,{app}\NPA5\SNIP\СНиП_23-05-95\СНиП 23-05-95_1_3.htm,app/NPA5/SNIP/СНиП_23-05-95/СНиП 23-05-95_1_3.htm,53889,416692588,dbc658b311b30ca796f0f50e491c56c56f26aaa8,f6f53d99624ed568c8f3de7b59ed2f9341a74ebf1b68567628d7644f2beaa32f,2011-07-11T14:38:48+00:00,33685504,128
1482,{app}\NPA5\SNIP\СНиП_23-05-95\СНиП 23-05-95_4.htm,app/NPA5/SNIP/СНиП_23-05-95/СНиП 23-05-95_4.htm,366411,416746477,30aa29e13e372a70d5604476256768d72e4b8b35,83a0691fe8089f89403c7c20697165f7bf4a110b71488677e6f0d7fbff518b41,2011-07-11T14:41:34+00:00,33685504,128
1483,{app}\NPA5\SNIP\СНиП_23-05-95\СНиП 23-05-95_5.htm,app/NPA5/SNIP/СНиП_23-05-95/СНиП 23-05-95_5.htm,92617,417112888,df9d27992f11be1b5001587e72f8762e2dc0debc,c418e9c09215bb61c0e442363d715876f9d227e086fdd82db9d9b4d5085e8a9c,2011-07-11T14:41:20+00:00,33685504,128
1484,{app}\NPA5\SNIP\СНиП_23-05-95\СНиП 23-05-95_6.htm,app/NPA5/SNIP/СНиП_23-05-95/СНиП 23-05-95_6.htm,64168,417205505,4da2ff5d599f210c2a0df9f3bef1d9824736b542,c29214495fbc1e50a57e8dc37471cceba40b99ccaa9843bb05ae09c697ca1cf0,2011-07-11T14:41:04+00:00,33685504,128
1485,{app}\NPA5\SNIP\СНиП_23-05-95\СНиП 23-05-95_7.htm,app/NPA5/SNIP/СНиП_23-05-95/СНиП 23-05-95_7.htm,465816,417269673,5eda2266d076ad125e1ec2edc97e293ec63d8ee7,099f1724ea8665eddeba0fb05e22e6c96a7f974139196a2c21d532881317b31f,2011-07-11T14:40:48+00:00,33685504,128
1486,{app}\NPA5\SNIP\СНиП_23-05-95\СНиП 23-05-95_pril_А.htm,app/NPA5/SNIP/СНиП_23-05-95/СНиП 23-05-95_pril_А.htm,11854,417735489,f26d89e84dfc670c178fc30f3be2abc191a62462,83dc786dab227e41399420d450247bd344272e261ecf1b407fb45283f14c8241,2011-07-11T14:01:28+00:00,33685504,128
1487,{app}\NPA5\SNIP\СНиП_23-05-95\СНиП 23-05-95_pril_Б.htm,app/NPA5/SNIP/СНиП_23-05-95/СНиП 23-05-95_pril_Б.htm,74774,417747343,4c24dfb5a1a8b0b178b6341639c76df2c93a72ff,b66262055683c50ab0c5aaa73177ebeb68d6636272e3b4faa06ddfd2822bea97,2011-07-11T14:01:50+00:00,33685504,128
1488,{app}\NPA5\SNIP\СНиП_23-05-95\СНиП 23-05-95_pril_В.htm,app/NPA5/SNIP/СНиП_23-05-95/СНиП 23-05-95_pril_В.htm,19180,417822117,029b3dfed481f6a9c51ae5132c2dbe3b3c7530ad,46449a5adf5dd5cd768f772de1865811b7bd8451053f95ff98acd9d744f88d7f,2011-07-11T14:02:36+00:00,33685504,128
1489,{app}\NPA5\SNIP\СНиП_23-05-95\СНиП 23-05-95_pril_Г.htm,app/NPA5/SNIP/СНиП_23-05-95/СНиП 23-05-95_pril_Г.htm,11905,417841297,c9d2a143c2dd3ba5e706ab8e36190dec1b4c8115,475fa7237ae733d732007e9c2e3df9f571244f84489efd952779c34cf85bd67d,2011-07-11T14:02:52+00:00,33685504,128
1490,{app}\NPA5\SNIP\СНиП_23-05-95\СНиП 23-05-95_pril_Д.htm,app/NPA5/SNIP/СНиП_23-05-95/СНиП 23-05-95_pril_Д.htm,13000,417853202,2bee9ae82a7b99167aecb6bc0604e1c21b521160,1c128a0a855311a81bc1e06f9ab7b1548fe0746b2bdff374a279664c4fd4c700,2011-07-11T14:03:32+00:00,33685504,128
1491,{app}\NPA5\SNIP\СНиП_23-05-95\СНиП 23-05-95_pril_Е.htm,app/NPA5/SNIP/СНиП_23-05-95/СНиП 23-05-95_pril_Е.htm,12981,417866202,f02647875e3aed4b6f38e119cc5e107b9a6a0799,cffab266740518d7da106734751afd8e54c0305b1c46c77ca058c47d72d6f6f1,2011-07-11T14:04:04+00:00,33685504,128
1492,{app}\NPA5\SNIP\СНиП_23-05-95\СНиП 23-05-95_pril_Ж.htm,app/NPA5/SNIP/СНиП_23-05-95/СНиП 23-05-95_pril_Ж.htm,21053,417879183,e3fe5cccadf0e72c2a25a3813b159c63814b803e,0c1906bf81679af9237ad3a44d2e161fa3cda1ff691d49787a80de320ed429dc,2011-07-11T14:04:42+00:00,33685504,128
1493,{app}\NPA5\SNIP\СНиП_23-05-95\СНиП 23-05-95_pril_З.htm,app/NPA5/SNIP/СНиП_23-05-95/СНиП 23-05-95_pril_З.htm,64265,417900236,21cff42fcb3996badcd251f45dc6355e3d01fda5,553d0a566326a28084d2ebc48716f7dc910fc2cf86e3cf3f189d1c82a83f99f7,2011-07-11T14:17:44+00:00,33685504,128
1494,{app}\NPA5\SNIP\СНиП_23-05-95\СНиП 23-05-95_pril_И.htm,app/NPA5/SNIP/СНиП_23-05-95/СНиП 23-05-95_pril_И.htm,33072,417964501,a48403fa3a0239f051bc531f90cd830fd636d376,a81ff48474775c6c5e2e7dc06ed4e3d5e1f03d2d7c1fdf865639a08b4a9a3a34,2011-07-11T14:06:08+00:00,33685504,128
1495,{app}\NPA5\SNIP\СНиП_23-05-95\СНиП 23-05-95_pril_К.htm,app/NPA5/SNIP/СНиП_23-05-95/СНиП 23-05-95_pril_К.htm,632704,417997573,3c7278f7ddbc07e5e56ce466037fb858c2a05c10,8476cfc18ea2eb7284b66580e859841bab05b76d8029e0b9cc7fa4f86781a7c7,2011-07-11T16:22:26+00:00,33685504,128
1496,{app}\NPA5\SNIP\СНиП_23-05-95\СНиП 23-05-95.files\image001.gif,app/NPA5/SNIP/СНиП_23-05-95/СНиП 23-05-95.files/image001.gif,116,418630277,c4afac811222ce2f15fc57db38280ef3bfba90ae,730b74d254341763ea2dd5f07e0c0d1455bcc8179e06a9ac965c15a2efcf5dfb,2011-07-11T12:01:18+00:00,33685504,128
1497,{app}\NPA5\SNIP\СНиП_23-05-95\СНиП 23-05-95.files\image002.gif,app/NPA5/SNIP/СНиП_23-05-95/СНиП 23-05-95.files/image002.gif,128,418630393,4543ac1fee1785b6a6796acb015dde8e179b81da,0bebe2867ea88fd7c2ca8f5c000ad9870c894800fdf41740d0d7bb8f0533bc26,2011-07-11T12:01:18+00:00,33685504,128
1498,{app}\NPA5\SNIP\СНиП_23-05-95\СНиП 23-05-95.files\image003.gif,app/NPA5/SNIP/СНиП_23-05-95/СНиП 23-05-95.files/image003.gif,119,418630521,fe59bde43e1052e992adf99486789fd3745abd86,c0b325f6128b26c6b9f9ce52d054ba6786ce2ff99444325e7bd3db5c5f0341c7,2011-07-11T12:01:18+00:00,33685504,128
1499,{app}\NPA5\SNIP\СНиП_23-05-95\СНиП 23-05-95.files\image004.gif,app/NPA5/SNIP/СНиП_23-05-95/СНиП 23-05-95.files/image004.gif,140,418630640,05ff513a83cdc61545f59dc2455f5c2ed0c53209,e64907bb287770d814f9517fceaebf6b3d99d04c00893c1fcbe2118b26e95ae3,2011-07-11T12:01:18+00:00,33685504,128
1500,{app}\NPA5\SNIP\СНиП_23-05-95\СНиП 23-05-95.files\image005.gif,app/NPA5/SNIP/СНиП_23-05-95/СНиП 23-05-95.files/image005.gif,139,418630780,2da7e599fcbc3742d16d2c10a610a1b474f42dad,8b31ae1c3f29209fb24bd69cc65226cf7a8eaa8a381fd6c6f9526f50f075af9f,2011-07-11T12:01:20+00:00,33685504,128
1501,{app}\NPA5\SNIP\СНиП_23-05-95\СНиП 23-05-95.files\image006.gif,app/NPA5/SNIP/СНиП_23-05-95/СНиП 23-05-95.files/image006.gif,1177,418630919,345830a12100c648a71166a88f9ac28363ce6b88,23be946d991d63b3a64acbf1e634ef96a03fbeab2d326247eb9e625bfbb95043,2011-07-11T12:01:20+00:00,33685504,128
1502,{app}\NPA5\SNIP\СНиП_23-05-95\СНиП 23-05-95.files\image007.gif,app/NPA5/SNIP/СНиП_23-05-95/СНиП 23-05-95.files/image007.gif,1247,418632096,fa2de5e837cc298450e79d8835f6cc38ac7b0e54,49f464333675d0b6a46ba7962d767b2811fabda16a12644399438c5c5c76786c,2011-07-11T12:01:20+00:00,33685504,128
1503,{app}\NPA5\SNIP\СНиП_23-05-95\СНиП 23-05-95.files\image008.gif,app/NPA5/SNIP/СНиП_23-05-95/СНиП 23-05-95.files/image008.gif,115,418633343,7cd11066e6700e61d4e04289d1b33f34c3357e6c,2d96e8ce25ab2a391ef0356348bd20b4f2356b68121bbdda8679938781334227,2011-07-11T12:01:20+00:00,33685504,128
1504,{app}\NPA5\SNIP\СНиП_23-05-95\СНиП 23-05-95.files\image009.gif,app/NPA5/SNIP/СНиП_23-05-95/СНиП 23-05-95.files/image009.gif,141,418633458,670d140047d96a6ffbef6c4a7162b4d419881556,f53d9ea41f4e868b30b82ae0c706c4d4d816179375bae02abfab4eda09f572b8,2011-07-11T12:01:20+00:00,33685504,128
1505,{app}\NPA5\SNIP\СНиП_23-05-95\СНиП 23-05-95.files\image010.gif,app/NPA5/SNIP/СНиП_23-05-95/СНиП 23-05-95.files/image010.gif,223,418633599,7fc262aa2c0210c426f4ed293c71a63c479dfe5e,8835b0ffdff973884b2dd0b140cc7b08ec5538a7c3e70d1712ce6b74e04e6884,2011-07-11T12:01:20+00:00,33685504,128
1506,{app}\NPA5\SNIP\СНиП_23-05-95\СНиП 23-05-95.files\image011.gif,app/NPA5/SNIP/СНиП_23-05-95/СНиП 23-05-95.files/image011.gif,130,418633822,6670b2cde464a4269fc5ac58eb0be59142fbbfa1,03a2ac35c128f44f35570206b8bc71da5e36ec2285699fe64121dd3930f81f1a,2011-07-11T12:01:20+00:00,33685504,128
1507,{app}\NPA5\SNIP\СНиП_23-05-95\СНиП 23-05-95.files\image012.gif,app/NPA5/SNIP/СНиП_23-05-95/СНиП 23-05-95.files/image012.gif,151,418633952,5e6ec8c843a53bdd2e2475afd0b1f9ae8fbdfc18,f1de2e5802de068cc33966a2a0bc88f0cf612e45c8fa8a10fa9fcd5e8e5180c4,2011-07-11T12:01:20+00:00,33685504,128
1508,{app}\NPA5\SNIP\СНиП_23-05-95\СНиП 23-05-95.files\image013.gif,app/NPA5/SNIP/СНиП_23-05-95/СНиП 23-05-95.files/image013.gif,122,418634103,531764d404bb99069b1a0926659c1688b2ae476d,6d745f1cf30e35f6f3456913d85a88497f37342cab0cbb4c7ede3cbe22baf413,2011-07-11T12:01:20+00:00,33685504,128
1509,{app}\NPA5\SNIP\СНиП_23-05-95\СНиП 23-05-95.files\image014.gif,app/NPA5/SNIP/СНиП_23-05-95/СНиП 23-05-95.files/image014.gif,133,418634225,3b3a7ab04834953e794173c2336dda10e19a7fa5,424cbf349380fc882a81c76cc15654a2c131036661c164c0c2c03270bbcef9a9,2011-07-11T12:01:20+00:00,33685504,128
1510,{app}\NPA5\SNIP\СНиП_23-05-95\СНиП 23-05-95.files\image015.gif,app/NPA5/SNIP/СНиП_23-05-95/СНиП 23-05-95.files/image015.gif,136,418634358,3a5e95baa414f6407c826b5344277a28eba8aadf,33a838f43f53f3886d99ee125af0314aeb1e8c79a0adbd4e32b026009b02f81a,2011-07-11T12:01:20+00:00,33685504,128
1511,{app}\NPA5\SNIP\СНиП_23-05-95\СНиП 23-05-95.files\image016.gif,app/NPA5/SNIP/СНиП_23-05-95/СНиП 23-05-95.files/image016.gif,145,418634494,1f07392c862f1cb2040553a3cd1296867458990a,b50a519d98046412f8467481c8467a423d64e8a596e629a0e6eacec94dc54e14,2011-07-11T12:01:20+00:00,33685504,128
1512,{app}\NPA5\SNIP\СНиП_23-05-95\СНиП 23-05-95.files\image017.gif,app/NPA5/SNIP/СНиП_23-05-95/СНиП 23-05-95.files/image017.gif,141,418634639,9d512dea72eb7df633aed45ba4fb95850c15ee81,fa5c6fd72189201429071945badfad331f72dc5e8867597fa08459c94c7bdb77,2011-07-11T12:01:20+00:00,33685504,128
1513,{app}\NPA5\SNIP\СНиП_23-05-95\СНиП 23-05-95.files\image018.gif,app/NPA5/SNIP/СНиП_23-05-95/СНиП 23-05-95.files/image018.gif,639,418634780,7bc2b613bfdf234546dd6e55502436467fcb622d,4119852c8e326cbc18447ccdb656d6c14a43a8ab59566e477cc64b319e91efc7,2011-07-11T12:01:20+00:00,33685504,128
1514,{app}\NPA5\SNIP\СНиП_23-05-95\СНиП 23-05-95.files\image019.gif,app/NPA5/SNIP/СНиП_23-05-95/СНиП 23-05-95.files/image019.gif,142,418635419,0f50df68f23c3081e74d9c5c88db075663e7be63,b7ede690f1420756a9d56ba17b03eb73b0ea8d27bca183088860bb0772a046f8,2011-07-11T12:01:20+00:00,33685504,128
1515,{app}\NPA5\SNIP\СНиП_23-05-95\СНиП 23-05-95.files\image020.gif,app/NPA5/SNIP/СНиП_23-05-95/СНиП 23-05-95.files/image020.gif,143,418635561,c541322c90c778121a682d4b90e9540cd0f08667,3c5a6698c5d88df722d7940c460162f8254d99adc04628246afd31d17cdb9f84,2011-07-11T12:01:20+00:00,33685504,128
1516,{app}\NPA5\SNIP\СНиП_23-05-95\СНиП 23-05-95.files\image021.gif,app/NPA5/SNIP/СНиП_23-05-95/СНиП 23-05-95.files/image021.gif,149,418635704,dbc3c2d402ae7f325422b0a639c2b4a917018f30,eefe9ca1ddadbdd226712438b1fb9420f0db7a67da37a71e12efc358eeb374df,2011-07-11T12:01:20+00:00,33685504,128
1517,{app}\NPA5\SNIP\СНиП_23-05-95\СНиП 23-05-95.files\image022.gif,app/NPA5/SNIP/СНиП_23-05-95/СНиП 23-05-95.files/image022.gif,149,418635853,530b6493fded57317a4c41876ce029422bc4af3c,2eeaee0e1bcfecb09388ac64bfbf8c554161829f302c8fea937ee84fba4e35bb,2011-07-11T12:01:20+00:00,33685504,128
1518,{app}\NPA5\SNIP\СНиП_23-05-95\СНиП 23-05-95.files\image023.gif,app/NPA5/SNIP/СНиП_23-05-95/СНиП 23-05-95.files/image023.gif,136,418636002,c6701182af9c0d3f0f7e1286749e64b16dc5aefb,0c75898a675cf70979ed265c4bdcd58d5e742729d798377f093a6261b6fc344f,2011-07-11T12:01:20+00:00,33685504,128
1519,{app}\NPA5\SNIP\СНиП_23-05-95\СНиП 23-05-95.files\image024.gif,app/NPA5/SNIP/СНиП_23-05-95/СНиП 23-05-95.files/image024.gif,159,418636138,5f9baf1853022ccd0b25e147f0bad49052d2e862,aeef9953e316ed438aa53d0f10eaf91687d15097183722ff5ec92263044cc25e,2011-07-11T12:01:20+00:00,33685504,128
1520,{app}\NPA5\SNIP\СНиП_23-05-95\СНиП 23-05-95.files\image025.gif,app/NPA5/SNIP/СНиП_23-05-95/СНиП 23-05-95.files/image025.gif,236,418636297,e87b843d33bb75362a31d708278e0f0be7d4718a,3ddf84499a00730b25607da6cf40fcbd9f5ebf8e3edfddf7da1e576f4186da80,2011-07-11T12:01:20+00:00,33685504,128
1521,{app}\NPA5\SNIP\СНиП_23-05-95\СНиП 23-05-95.files\image026.gif,app/NPA5/SNIP/СНиП_23-05-95/СНиП 23-05-95.files/image026.gif,161,418636533,a69d7a741f6d7ac495d6d51f7b18f16205d6367b,f0d1bf13f9598a8926341b170cc45c82fc57eef77272cbf7dc1db90c0136f404,2011-07-11T12:01:20+00:00,33685504,128
1522,{app}\NPA5\SNIP\СНиП_23-05-95\СНиП 23-05-95.files\image027.gif,app/NPA5/SNIP/СНиП_23-05-95/СНиП 23-05-95.files/image027.gif,125,418636694,491e4981381a4e35dcce687f9e8f1d7a17cec550,aa4c5a4338d80483a97966aadd082fdf31d21495d9ccdfb987d3360dbe7cafa0,2011-07-11T12:01:20+00:00,33685504,128
1523,{app}\NPA5\SNIP\СНиП_23-05-95\СНиП 23-05-95.files\image028.gif,app/NPA5/SNIP/СНиП_23-05-95/СНиП 23-05-95.files/image028.gif,146,418636819,a0242aba746913319bb581afb50ac672469895b5,fd44ee73edee5a777eabe73a721c96ff18c2638709a8b5e13397825c17d1711f,2011-07-11T12:01:20+00:00,33685504,128
1524,{app}\NPA5\SNIP\СНиП_23-05-95\СНиП 23-05-95.files\image029.gif,app/NPA5/SNIP/СНиП_23-05-95/СНиП 23-05-95.files/image029.gif,216,418636965,84e3cf841bfedd98accfc979a81889c0d5491656,22805381304fbe1a3081a18ca27318131fe6cdae6cf316a6c0e07148711e3b62,2011-07-11T12:01:20+00:00,33685504,128
1525,{app}\NPA5\SNIP\СНиП_23-05-95\СНиП 23-05-95.files\image030.gif,app/NPA5/SNIP/СНиП_23-05-95/СНиП 23-05-95.files/image030.gif,228,418637181,301eeb2cfdaa7de0fcf685e9fb022c243de7cd2c,818eef9e6c0303e49c3b753489dc207af830ba3b6aefa3859988f6a517fbfa38,2011-07-11T12:01:20+00:00,33685504,128
1526,{app}\NPA5\SNIP\СНиП_23-05-95\СНиП 23-05-95.files\image031.gif,app/NPA5/SNIP/СНиП_23-05-95/СНиП 23-05-95.files/image031.gif,153,418637409,5255c4c2ea598d8f185bbb32a3bc92e52aecfd30,11b8bc885135f6dd8e8217aaf7dd231d07d7f4c5de743bb3530c6eab50e6ed19,2011-07-11T12:01:20+00:00,33685504,128
1527,{app}\NPA5\SNIP\СНиП_23-05-95\СНиП 23-05-95.files\image032.gif,app/NPA5/SNIP/СНиП_23-05-95/СНиП 23-05-95.files/image032.gif,223,418637562,843a9f919adf874d0bad96dd837a16bc3331a1ea,e083496c4cab99025bc045e3e9fc3d6d9131537b12a852dec0a2741774d78c1a,2011-07-11T12:01:20+00:00,33685504,128
1528,{app}\NPA5\SNIP\СНиП_23-05-95\СНиП 23-05-95.files\image033.gif,app/NPA5/SNIP/СНиП_23-05-95/СНиП 23-05-95.files/image033.gif,128,418637785,54389639889dd01c25aa61836930d668b1bbebe7,e929f155cbf2f6b484d36bab70a3722626ccb3211ee0adf59fc51fb3e8b54264,2011-07-11T12:01:20+00:00,33685504,128
1529,{app}\NPA5\SNIP\СНиП_23-05-95\СНиП 23-05-95.files\image034.gif,app/NPA5/SNIP/СНиП_23-05-95/СНиП 23-05-95.files/image034.gif,143,418637913,6c267438ee6d433f6e936216ca134acea89f2dc8,630a0a5131491cd5b5e11eb86dc6a318fd894a700d82d50d4f4ba62555f452e5,2011-07-11T12:01:20+00:00,33685504,128
1530,{app}\NPA5\SNIP\СНиП_23-05-95\СНиП 23-05-95.files\image035.gif,app/NPA5/SNIP/СНиП_23-05-95/СНиП 23-05-95.files/image035.gif,148,418638056,cbe4b29dc5951fbb7173521f1d06b440e595231e,f05c2b934d9bda33f1003edfdab4f4fa99f13ebe7a88e414062361fbeef94307,2011-07-11T12:01:20+00:00,33685504,128
1531,{app}\NPA5\SNIP\СНиП_23-05-95\СНиП 23-05-95.files\image036.gif,app/NPA5/SNIP/СНиП_23-05-95/СНиП 23-05-95.files/image036.gif,195,418638204,b47456f6a57cc3e6d7665fad669b7cf67a0bf6ba,34a79330e40ef3ed776a4755fd51e3cb1f5bcc8b7dcd4217b4f1243531f495bb,2011-07-11T12:01:20+00:00,33685504,128
1532,{app}\NPA5\SNIP\СНиП_23-05-95\СНиП 23-05-95.files\image037.gif,app/NPA5/SNIP/СНиП_23-05-95/СНиП 23-05-95.files/image037.gif,213,418638399,a9cabc231a82b570ca2086ac5720455a23773459,77f8f8699a93d4bff82116992ae3531bfaee0ab290bed9729927ca70e75abbeb,2011-07-11T12:01:20+00:00,33685504,128
1533,{app}\NPA5\SNIP\СНиП_23-05-95\СНиП 23-05-95.files\image038.gif,app/NPA5/SNIP/СНиП_23-05-95/СНиП 23-05-95.files/image038.gif,137,418638612,0b400a9307f00a28de26eed3f49460fef0740c53,4bab5e1ac1784b07c42f724a9fdad282c019339f3814d738c4244ee3693ba366,2011-07-11T12:01:20+00:00,33685504,128
1534,{app}\NPA5\SNIP\СНиП_23-05-95\СНиП 23-05-95.files\image039.gif,app/NPA5/SNIP/СНиП_23-05-95/СНиП 23-05-95.files/image039.gif,144,418638749,c8216e5d1328a5f4f9692012622f8f24d30ca01e,2da09b82d2c3875a85bb17f8b0b91310c2f204a6ada54b08edffd423a17eb386,2011-07-11T12:01:20+00:00,33685504,128
1535,{app}\NPA5\SNIP\СНиП_23-05-95\СНиП 23-05-95.files\image040.gif,app/NPA5/SNIP/СНиП_23-05-95/СНиП 23-05-95.files/image040.gif,140,418638893,19ed8da59e714e78de2ebe9d08de63831b44ebc2,5706ac86e964c95a2140cae324343828bde3ba4961cb5492854c927a9bb42f54,2011-07-11T12:01:20+00:00,33685504,128
1536,{app}\NPA5\SNIP\СНиП_23-05-95\СНиП 23-05-95.files\image041.gif,app/NPA5/SNIP/СНиП_23-05-95/СНиП 23-05-95.files/image041.gif,197,418639033,ec7637872e28b7d32cb26d570f24c7ea64da6d05,2e0138198bc75ec0d75268fe50318a2be646d99ff1d9f61e37b30db227ce23bc,2011-07-11T12:01:20+00:00,33685504,128
1537,{app}\NPA5\SNIP\СНиП_23-05-95\СНиП 23-05-95.files\image042.gif,app/NPA5/SNIP/СНиП_23-05-95/СНиП 23-05-95.files/image042.gif,142,418639230,e298a8b8f0bd84913a1a9e38f3d7691c623622ce,f9c076fde802fbb27e3b32f1110663b87b7d25d22597155b0109c497f42392e2,2011-07-11T12:01:20+00:00,33685504,128
1538,{app}\NPA5\SNIP\СНиП_23-05-95\СНиП 23-05-95.files\image043.gif,app/NPA5/SNIP/СНиП_23-05-95/СНиП 23-05-95.files/image043.gif,221,418639372,93320185def7ab8bf172e4068a5402ad7831237d,791e71a2dac87ee852290844f27a58710cb080d4a0cf124ad066705a2e7dc558,2011-07-11T12:01:20+00:00,33685504,128
1539,{app}\NPA5\SNIP\СНиП_23-05-95\СНиП 23-05-95.files\image044.gif,app/NPA5/SNIP/СНиП_23-05-95/СНиП 23-05-95.files/image044.gif,219,418639593,616bc2afb03729a29745fc84a2608c90650e6f0e,51ba5de2725d0bc8f910b709d1c45cb2f0f7736a9b9605eb85e557397334bd5c,2011-07-11T12:01:20+00:00,33685504,128
1540,{app}\NPA5\SNIP\СНиП_23-05-95\СНиП 23-05-95.files\image045.gif,app/NPA5/SNIP/СНиП_23-05-95/СНиП 23-05-95.files/image045.gif,143,418639812,2d18761a90d5ad4f28a3e7b0c45629c3ff929634,de5e737fa3ca4ace36aec6c181cad3fe7cbdbb0157cd785c346ea72fb2a3a5d6,2011-07-11T12:01:20+00:00,33685504,128
1541,{app}\NPA5\SNIP\СНиП_23-05-95\СНиП 23-05-95.files\image046.gif,app/NPA5/SNIP/СНиП_23-05-95/СНиП 23-05-95.files/image046.gif,121,418639955,011dbb81c4d7e6628fab4021bce718c5ccc0f16e,b82d1b432218ea05e1c8e179a6565b3f4360cf3ef87a56458c201de80b9fe9db,2011-07-11T12:01:20+00:00,33685504,128
1542,{app}\NPA5\SNIP\СНиП_23-05-95\СНиП 23-05-95.files\image047.gif,app/NPA5/SNIP/СНиП_23-05-95/СНиП 23-05-95.files/image047.gif,144,418640076,19a190178aa3cbd576764c829ec52b705bfa2c6c,15a0a36167263ac008fe04dfe47473df9161806a3212f3d430edbe6f14e1fabc,2011-07-11T12:01:20+00:00,33685504,128
1543,{app}\NPA5\SNIP\СНиП_23-05-95\СНиП 23-05-95.files\image048.gif,app/NPA5/SNIP/СНиП_23-05-95/СНиП 23-05-95.files/image048.gif,127,418640220,c671b24d9385db628e3d2ea59b70edf44ea9fb59,aca894c506346319228ef0e17061de2f5d2c1692eb12446ecf15e95089fea2ff,2011-07-11T12:01:20+00:00,33685504,128
1544,{app}\NPA5\SNIP\СНиП_23-05-95\СНиП 23-05-95.files\image049.gif,app/NPA5/SNIP/СНиП_23-05-95/СНиП 23-05-95.files/image049.gif,117,418640347,dfd5fd5b8b20cc853ba7ced67c9a5d8611df63eb,da8afe1b61b6121434307c25aba9bc80417cad50bd494ff6de270a59265b0b3b,2011-07-11T12:01:20+00:00,33685504,128
1545,{app}\NPA5\SNIP\СНиП_23-05-95\СНиП 23-05-95.files\image050.gif,app/NPA5/SNIP/СНиП_23-05-95/СНиП 23-05-95.files/image050.gif,151,418640464,dfe86d69f49279bf7fb29e0a099e763e8e507946,2777a7bdbf6e5946fd38889349280641fa185ef662328a43d3615fb8230554ee,2011-07-11T12:01:20+00:00,33685504,128
1546,{app}\NPA5\SNIP\СНиП_23-05-95\СНиП 23-05-95.files\image051.gif,app/NPA5/SNIP/СНиП_23-05-95/СНиП 23-05-95.files/image051.gif,137,418640615,de0c4e43b900a539ef34dd3d79161ee7f29d2027,6b0fc32acc180e23c78d35d836aa6187ede86b4b875ae4225e693354b2df2da2,2011-07-11T12:01:22+00:00,33685504,128
1547,{app}\NPA5\SNIP\СНиП_23-05-95\СНиП 23-05-95.files\image052.gif,app/NPA5/SNIP/СНиП_23-05-95/СНиП 23-05-95.files/image052.gif,122,418640752,2b93d97b4a75e2ff105c00fd4a5d0bb25be5998f,f996f2a770b36378ef2004732b211f17a2b18dee450851d996061b457acdeccd,2011-07-11T12:01:22+00:00,33685504,128
1548,{app}\NPA5\SNIP\СНиП_23-05-95\СНиП 23-05-95.files\image053.gif,app/NPA5/SNIP/СНиП_23-05-95/СНиП 23-05-95.files/image053.gif,119,418640874,4098b6082577bcf44c179bf4436b99f8cc301c6a,c770f4a9f5421cac6cc7fde0f96800cc3afb559c77d13a09b44da50b1a6a60d7,2011-07-11T12:01:22+00:00,33685504,128
1549,{app}\NPA5\SNIP\СНиП_23-05-95\СНиП 23-05-95.files\image054.gif,app/NPA5/SNIP/СНиП_23-05-95/СНиП 23-05-95.files/image054.gif,138,418640993,c995b225bd824b8cf95998727c48c14f8bd6cc8e,c39b8d91e48d9674554014a6e5412d59b488c8bbf5385331f2f667acc24179dd,2011-07-11T12:01:22+00:00,33685504,128
1550,{app}\NPA5\SNIP\СНиП_23-05-95\СНиП 23-05-95.files\image055.gif,app/NPA5/SNIP/СНиП_23-05-95/СНиП 23-05-95.files/image055.gif,113,418641131,491dd097e9449cc641c8437cb49f806716c1cc9e,26fb210335ba22587cdd41baf0a03c52516a940d74d6efa8eafb22ef7986b9b9,2011-07-11T12:01:22+00:00,33685504,128
1551,{app}\NPA5\SNIP\СНиП_23-05-95\СНиП 23-05-95.files\image056.gif,app/NPA5/SNIP/СНиП_23-05-95/СНиП 23-05-95.files/image056.gif,153,418641244,f3874de30a59b92059a274d9b4434e0c4e082f23,cfeb15e7d35046826846fa5bca9416727424d941fbbc1baf91a078137842d184,2011-07-11T12:01:22+00:00,33685504,128
1552,{app}\NPA5\SNIP\СНиП_23-05-95\СНиП 23-05-95.files\image057.gif,app/NPA5/SNIP/СНиП_23-05-95/СНиП 23-05-95.files/image057.gif,136,418641397,5affd54a38c48e6f835faef40f35fcebb03fbc89,187fe6edc16f8490beb7c0482cdcc03aa4716bc909fe7fd498647c0a4ca7b412,2011-07-11T12:01:22+00:00,33685504,128
1553,{app}\NPA5\SNIP\СНиП_23-05-95\СНиП 23-05-95.files\image058.gif,app/NPA5/SNIP/СНиП_23-05-95/СНиП 23-05-95.files/image058.gif,236,418641533,42b398cd80e977b36b4859385b11aa61df1a234b,4f0e3654b8240470ee145c8261874f72f22cf797ef9c2615b84701b8c9837346,2011-07-11T12:01:22+00:00,33685504,128
1554,{app}\NPA5\SNIP\СНиП_23-05-95\СНиП 23-05-95_pril_А.files\image001.gif,app/NPA5/SNIP/СНиП_23-05-95/СНиП 23-05-95_pril_А.files/image001.gif,122,418641769,2842f86ff151352a45f0edf547baea35affaf262,346468110b37118a4be1a7349ec33cd59ec80efc8a57d7c49f1fc13614c3d6a8,2011-07-11T14:01:28+00:00,33685504,128
1555,{app}\NPA5\SNIP\СНиП_23-05-95\СНиП 23-05-95_pril_Б.files\image001.gif,app/NPA5/SNIP/СНиП_23-05-95/СНиП 23-05-95_pril_Б.files/image001.gif,123,418641891,4b12e969658afb57160b1b9c929f8cf4d0fce86f,6c7019a9bd0c678a7e83e0b07bcab11d73cfea1d65fd0e9bf17af93fa77eb652,2011-07-11T14:01:50+00:00,33685504,128
1556,{app}\NPA5\SNIP\СНиП_23-05-95\СНиП 23-05-95_pril_Б.files\image002.gif,app/NPA5/SNIP/СНиП_23-05-95/СНиП 23-05-95_pril_Б.files/image002.gif,139,418642014,2da7e599fcbc3742d16d2c10a610a1b474f42dad,8b31ae1c3f29209fb24bd69cc65226cf7a8eaa8a381fd6c6f9526f50f075af9f,2011-07-11T14:01:50+00:00,33685504,128
1557,{app}\NPA5\SNIP\СНиП_23-05-95\СНиП 23-05-95_pril_Б.files\image003.gif,app/NPA5/SNIP/СНиП_23-05-95/СНиП 23-05-95_pril_Б.files/image003.gif,140,418642153,05ff513a83cdc61545f59dc2455f5c2ed0c53209,e64907bb287770d814f9517fceaebf6b3d99d04c00893c1fcbe2118b26e95ae3,2011-07-11T14:01:50+00:00,33685504,128
1558,{app}\NPA5\SNIP\СНиП_23-05-95\СНиП 23-05-95_pril_Б.files\image004.gif,app/NPA5/SNIP/СНиП_23-05-95/СНиП 23-05-95_pril_Б.files/image004.gif,435,418642293,182c2a91c5ba8814dbb4ced898e4e8817c90c25a,6b46efae02a6912f6e0ee87ccb1230341a4f21eedb52d248f733879c9387406a,2011-07-11T14:01:50+00:00,33685504,128
1559,{app}\NPA5\SNIP\СНиП_23-05-95\СНиП 23-05-95_pril_Б.files\image005.gif,app/NPA5/SNIP/СНиП_23-05-95/СНиП 23-05-95_pril_Б.files/image005.gif,171,418642728,b3868ded6bf171ad8248ab5ed61b8cdc0161a35f,4a8c98464689bb116dee4798064eff83eb3cb05f7505b95a333bf458cb06c8ff,2011-07-11T14:01:50+00:00,33685504,128
1560,{app}\NPA5\SNIP\СНиП_23-05-95\СНиП 23-05-95_pril_Б.files\image006.gif,app/NPA5/SNIP/СНиП_23-05-95/СНиП 23-05-95_pril_Б.files/image006.gif,165,418642899,e29ed43241528716c939f645f35eb3e2b08a3566,c29e156b7988997576482a8bc05bea2c7f85f7548c3a3eae4b7d5d94fbae6516,2011-07-11T14:01:50+00:00,33685504,128
1561,{app}\NPA5\SNIP\СНиП_23-05-95\СНиП 23-05-95_pril_Б.files\image007.gif,app/NPA5/SNIP/СНиП_23-05-95/СНиП 23-05-95_pril_Б.files/image007.gif,153,418643064,2c1449d44a2472ffcf0ebf5f886714179d759e7a,54d7c8059379518b0c9cdee0b087cac2202dc49e7707a74471677a952f219758,2011-07-11T14:01:50+00:00,33685504,128
1562,{app}\NPA5\SNIP\СНиП_23-05-95\СНиП 23-05-95_pril_Б.files\image008.gif,app/NPA5/SNIP/СНиП_23-05-95/СНиП 23-05-95_pril_Б.files/image008.gif,122,418643217,531764d404bb99069b1a0926659c1688b2ae476d,6d745f1cf30e35f6f3456913d85a88497f37342cab0cbb4c7ede3cbe22baf413,2011-07-11T14:01:50+00:00,33685504,128
1563,{app}\NPA5\SNIP\СНиП_23-05-95\СНиП 23-05-95_pril_Б.files\image009.gif,app/NPA5/SNIP/СНиП_23-05-95/СНиП 23-05-95_pril_Б.files/image009.gif,119,418643339,ff9885e965242c11fb0ab9e7b042b05a56595839,04e468d5d1644fcbbc2950a4965596423613c3ba843af50d5b1a43d65b4c7592,2011-07-11T14:01:50+00:00,33685504,128
1564,{app}\NPA5\SNIP\СНиП_23-05-95\СНиП 23-05-95_pril_Б.files\image010.gif,app/NPA5/SNIP/СНиП_23-05-95/СНиП 23-05-95_pril_Б.files/image010.gif,247,418643458,3ff595857054f19f520c5430a9850b97bc7c0cff,2432cd09e2dc04ab17bce8c4a1b485018ec20734e951764d07cace3f8fc2aa7e,2011-07-11T14:01:50+00:00,33685504,128
1565,{app}\NPA5\SNIP\СНиП_23-05-95\СНиП 23-05-95_pril_Б.files\image011.gif,app/NPA5/SNIP/СНиП_23-05-95/СНиП 23-05-95_pril_Б.files/image011.gif,673,418643705,ed9d79e1c72eaa2698d78fcbf0daad2aab4b75a5,da15d51e05250ac4946c14f6fd1a4cd9fd5d727a65cf65f8eee745b53892d43a,2011-07-11T14:01:50+00:00,33685504,128
1566,{app}\NPA5\SNIP\СНиП_23-05-95\СНиП 23-05-95_pril_Б.files\image012.gif,app/NPA5/SNIP/СНиП_23-05-95/СНиП 23-05-95_pril_Б.files/image012.gif,127,418644378,836e46e31511cae1d297c2922b794582216e8181,8a01c1f094d3d2d464bc1cd2702e263987508654dcd23c4d5a61f89dd9d04628,2011-07-11T14:01:50+00:00,33685504,128
1567,{app}\NPA5\SNIP\СНиП_23-05-95\СНиП 23-05-95_pril_Б.files\image013.gif,app/NPA5/SNIP/СНиП_23-05-95/СНиП 23-05-95_pril_Б.files/image013.gif,116,418644505,c4afac811222ce2f15fc57db38280ef3bfba90ae,730b74d254341763ea2dd5f07e0c0d1455bcc8179e06a9ac965c15a2efcf5dfb,2011-07-11T14:01:50+00:00,33685504,128
1568,{app}\NPA5\SNIP\СНиП_23-05-95\СНиП 23-05-95_pril_Б.files\image014.gif,app/NPA5/SNIP/СНиП_23-05-95/СНиП 23-05-95_pril_Б.files/image014.gif,129,418644621,d193f7046266ecd4798b0781bb33b69a6dec711d,81e2bb29c2a6af47311a60b72f7e3c155371aace0ebef0323bb97bda6b941f41,2011-07-11T14:01:50+00:00,33685504,128
1569,{app}\NPA5\SNIP\СНиП_23-05-95\СНиП 23-05-95_pril_Б.files\image015.gif,app/NPA5/SNIP/СНиП_23-05-95/СНиП 23-05-95_pril_Б.files/image015.gif,132,418644750,68fd50a3d67052ed039302ec16fcd6251e9284ba,ebec69a929b3dc60d2c603c6836911b7dea6b019f9602d3d5a98142a053084c3,2011-07-11T14:01:50+00:00,33685504,128
1570,{app}\NPA5\SNIP\СНиП_23-05-95\СНиП 23-05-95_pril_Б.files\image016.gif,app/NPA5/SNIP/СНиП_23-05-95/СНиП 23-05-95_pril_Б.files/image016.gif,132,418644882,82aacabd42879e9b0e5406298ab3c2ef4a9663f7,fe3fa3748a4c09c0a2a77743f0e61298bb74859ff5483b83a34690bc21c141a1,2011-07-11T14:01:50+00:00,33685504,128
1571,{app}\NPA5\SNIP\СНиП_23-05-95\СНиП 23-05-95_pril_Б.files\image017.gif,app/NPA5/SNIP/СНиП_23-05-95/СНиП 23-05-95_pril_Б.files/image017.gif,311,418645014,8b6be48e87f17c366b148d8a2a2fc2d7f1f73fb8,05b064edaf9a8b771aeb5208848bfbd266ae3155eed893b88889bcec2f0ea797,2011-07-11T14:01:50+00:00,33685504,128
1572,{app}\NPA5\SNIP\СНиП_23-05-95\СНиП 23-05-95_pril_Б.files\image018.gif,app/NPA5/SNIP/СНиП_23-05-95/СНиП 23-05-95_pril_Б.files/image018.gif,122,418645325,8511547ce3829ce18b5539a7544f37e3c2d65570,59ef7921cf955ebec2740318d63b5ac8c0daecee74f5ea088620183cfbc4a3fd,2011-07-11T14:01:50+00:00,33685504,128
1573,{app}\NPA5\SNIP\СНиП_23-05-95\СНиП 23-05-95_pril_Б.files\image019.gif,app/NPA5/SNIP/СНиП_23-05-95/СНиП 23-05-95_pril_Б.files/image019.gif,193,418645447,98a09b9b7365f37b178b9943daa54493daaf3b1a,f86bba28d1fd3d61f73840e4c8d52b47d90c77d96b542ed35d238a65c9b65929,2011-07-11T14:01:50+00:00,33685504,128
1574,{app}\NPA5\SNIP\СНиП_23-05-95\СНиП 23-05-95_pril_Б.files\image020.gif,app/NPA5/SNIP/СНиП_23-05-95/СНиП 23-05-95_pril_Б.files/image020.gif,185,418645640,535c439fe983d9a09c0d43bd671848197ca46085,91e39e28c5fe890240520b6ffc3ef8340ad11018529f74810548e2bdb8945daa,2011-07-11T14:01:50+00:00,33685504,128
1575,{app}\NPA5\SNIP\СНиП_23-05-95\СНиП 23-05-95_pril_Б.files\image021.gif,app/NPA5/SNIP/СНиП_23-05-95/СНиП 23-05-95_pril_Б.files/image021.gif,135,418645825,3777cb340a0ff1f5bac7ba8ecd01dd60f23193c0,d5998c8907be0d3d62d43c8ee854eb0061b3f1979af5c8f027b2372b58a4c2ed,2011-07-11T14:01:50+00:00,33685504,128
1576,{app}\NPA5\SNIP\СНиП_23-05-95\СНиП 23-05-95_pril_Б.files\image022.gif,app/NPA5/SNIP/СНиП_23-05-95/СНиП 23-05-95_pril_Б.files/image022.gif,147,418645960,4ba00c8e6a9ccd9dfaeb48dcb1347d9cc1080a85,a5ac9bc783a213126348f2d5643b1e0c783fb89872888a377097704443d2c419,2011-07-11T14:01:50+00:00,33685504,128
1577,{app}\NPA5\SNIP\СНиП_23-05-95\СНиП 23-05-95_pril_Б.files\image023.gif,app/NPA5/SNIP/СНиП_23-05-95/СНиП 23-05-95_pril_Б.files/image023.gif,132,418646107,8be58c2239c86918e7a71872faee319e0c48b803,4fb791d1291c2846ab72c3ba7f20682ce18833947de83e1004c6147344f2e7ac,2011-07-11T14:01:50+00:00,33685504,128
1578,{app}\NPA5\SNIP\СНиП_23-05-95\СНиП 23-05-95_pril_Б.files\image024.gif,app/NPA5/SNIP/СНиП_23-05-95/СНиП 23-05-95_pril_Б.files/image024.gif,557,418646239,e6c0bd1483c82f33c8024b0cb742114531cc2f65,846d182ca020db22bca54e6b0b2553f6cad7f88e944050a919c7a5a6eedfb6d3,2011-07-11T14:01:50+00:00,33685504,128
1579,{app}\NPA5\SNIP\СНиП_23-05-95\СНиП 23-05-95_pril_Б.files\image025.gif,app/NPA5/SNIP/СНиП_23-05-95/СНиП 23-05-95_pril_Б.files/image025.gif,327,418646796,7894768ccdbf2c5c1b2013fa981b13cb9f1b2277,53644ebd05a47984ceb71019791989aa9fceb7fc701fb5f0c2df2e9e9a825794,2011-07-11T14:01:50+00:00,33685504,128
1580,{app}\NPA5\SNIP\СНиП_23-05-95\СНиП 23-05-95_pril_Б.files\image026.gif,app/NPA5/SNIP/СНиП_23-05-95/СНиП 23-05-95_pril_Б.files/image026.gif,119,418647123,a4d3a1ed745d694d93e10703ccf73025aaf5ad45,2e1e7faffa1eb0f54f4b53ad5b413ec99925927436aa1ddb2a050015bb7a2815,2011-07-11T14:01:50+00:00,33685504,128
1581,{app}\NPA5\SNIP\СНиП_23-05-95\СНиП 23-05-95_pril_Б.files\image027.gif,app/NPA5/SNIP/СНиП_23-05-95/СНиП 23-05-95_pril_Б.files/image027.gif,241,418647242,2322a69fa60493e77d2cfa46fc1572e15d38e88c,49886acdf10dc8760e1897d50eba908d180711ad57ec8d64621a22b5cb4a930b,2011-07-11T14:01:50+00:00,33685504,128
1582,{app}\NPA5\SNIP\СНиП_23-05-95\СНиП 23-05-95_pril_Б.files\image028.gif,app/NPA5/SNIP/СНиП_23-05-95/СНиП 23-05-95_pril_Б.files/image028.gif,122,418647483,2b93d97b4a75e2ff105c00fd4a5d0bb25be5998f,f996f2a770b36378ef2004732b211f17a2b18dee450851d996061b457acdeccd,2011-07-11T14:01:50+00:00,33685504,128
1583,{app}\NPA5\SNIP\СНиП_23-05-95\СНиП 23-05-95_pril_Б.files\image029.gif,app/NPA5/SNIP/СНиП_23-05-95/СНиП 23-05-95_pril_Б.files/image029.gif,128,418647605,54389639889dd01c25aa61836930d668b1bbebe7,e929f155cbf2f6b484d36bab70a3722626ccb3211ee0adf59fc51fb3e8b54264,2011-07-11T14:01:50+00:00,33685504,128
1584,{app}\NPA5\SNIP\СНиП_23-05-95\СНиП 23-05-95_pril_Б.files\image030.gif,app/NPA5/SNIP/СНиП_23-05-95/СНиП 23-05-95_pril_Б.files/image030.gif,442,418647733,1441aeba08a69b2a088176ad4f4ce936b0c949ef,fcf49d46130e243c44b5d08c3bf894b9c80b439f38dee5f9161bfa2c0c1ee117,2011-07-11T14:01:50+00:00,33685504,128
1585,{app}\NPA5\SNIP\СНиП_23-05-95\СНиП 23-05-95_pril_Б.files\image031.gif,app/NPA5/SNIP/СНиП_23-05-95/СНиП 23-05-95_pril_Б.files/image031.gif,146,418648175,a0242aba746913319bb581afb50ac672469895b5,fd44ee73edee5a777eabe73a721c96ff18c2638709a8b5e13397825c17d1711f,2011-07-11T14:01:50+00:00,33685504,128
1586,{app}\NPA5\SNIP\СНиП_23-05-95\СНиП 23-05-95_pril_Б.files\image032.gif,app/NPA5/SNIP/СНиП_23-05-95/СНиП 23-05-95_pril_Б.files/image032.gif,118,418648321,ea78a42664daf74552aa09f31370c939cc0b7954,80be696a7211b42206d6e32ddfe8b10dbaf2f44ed1ac158bafa437617598d30e,2011-07-11T14:01:50+00:00,33685504,128
1587,{app}\NPA5\SNIP\СНиП_23-05-95\СНиП 23-05-95_pril_Б.files\image033.gif,app/NPA5/SNIP/СНиП_23-05-95/СНиП 23-05-95_pril_Б.files/image033.gif,166,418648439,ad89edcef3bc4c3dd9a22dc0b4fbd8529a8b5676,92effafa031ef4914d0cc8e09e42ae763787372a23d0405d1a4e4b466d938923,2011-07-11T14:01:50+00:00,33685504,128
1588,{app}\NPA5\SNIP\СНиП_23-05-95\СНиП 23-05-95_pril_Б.files\image034.gif,app/NPA5/SNIP/СНиП_23-05-95/СНиП 23-05-95_pril_Б.files/image034.gif,168,418648605,b74185afc7494834e2f54c3ca63c27c197882bfb,ae2e0fd947e1ccd82b61b0e26ef84cfd487bdc6891da092c4ed228c2e5ce30ac,2011-07-11T14:01:50+00:00,33685504,128
1589,{app}\NPA5\SNIP\СНиП_23-05-95\СНиП 23-05-95_pril_Б.files\image035.gif,app/NPA5/SNIP/СНиП_23-05-95/СНиП 23-05-95_pril_Б.files/image035.gif,151,418648773,fb6abd9d2e539a567c8e30e071a3cb85d9348f73,0dfb7405a46fdf537fd675ec070a43e0bc620dab3fca0fb85fbfd8d2e55dda35,2011-07-11T14:01:50+00:00,33685504,128
1590,{app}\NPA5\SNIP\СНиП_23-05-95\СНиП 23-05-95_pril_Б.files\image036.gif,app/NPA5/SNIP/СНиП_23-05-95/СНиП 23-05-95_pril_Б.files/image036.gif,108,418648924,0db4945cb9073e1d9c607deda159ad13a7659132,6b3d8218f2075c3f399f5fb5e30a8ffb745029c0d4355824d84b1337242b9b22,2011-07-11T14:01:50+00:00,33685504,128
1591,{app}\NPA5\SNIP\СНиП_23-05-95\СНиП 23-05-95_pril_Б.files\image037.gif,app/NPA5/SNIP/СНиП_23-05-95/СНиП 23-05-95_pril_Б.files/image037.gif,131,418649032,f5ba152962b251452e8bacd1d0ddd8021edcbb1a,606fee901766e69b4913fb9f6e46c308ca7e66df4efbe71dfd7aab185285301e,2011-07-11T14:01:50+00:00,33685504,128
1592,{app}\NPA5\SNIP\СНиП_23-05-95\СНиП 23-05-95_pril_Б.files\image038.gif,app/NPA5/SNIP/СНиП_23-05-95/СНиП 23-05-95_pril_Б.files/image038.gif,115,418649163,808b37ff64b09e67ceab350bde5dd7cbaf5b9a7b,c08d954064a93c70fe3bc1687853c32a2a62e6f4e9338d293789a0b4fb5b4653,2011-07-11T14:01:50+00:00,33685504,128
1593,{app}\NPA5\SNIP\СНиП_23-05-95\СНиП 23-05-95_pril_Б.files\image039.gif,app/NPA5/SNIP/СНиП_23-05-95/СНиП 23-05-95_pril_Б.files/image039.gif,150,418649278,ca2b75ee420ea767afcdb490053e62961d6e3d1f,03c89a19629032cb9ad7857b98a9b31c9e319bcd318ee61ce80a8d91664a3b17,2011-07-11T14:01:50+00:00,33685504,128
1594,{app}\NPA5\SNIP\СНиП_23-05-95\СНиП 23-05-95_pril_Б.files\image040.gif,app/NPA5/SNIP/СНиП_23-05-95/СНиП 23-05-95_pril_Б.files/image040.gif,236,418649428,42b398cd80e977b36b4859385b11aa61df1a234b,4f0e3654b8240470ee145c8261874f72f22cf797ef9c2615b84701b8c9837346,2011-07-11T14:01:50+00:00,33685504,128
1595,{app}\NPA5\SNIP\СНиП_23-05-95\СНиП 23-05-95_pril_Б.files\image041.gif,app/NPA5/SNIP/СНиП_23-05-95/СНиП 23-05-95_pril_Б.files/image041.gif,160,418649664,28fe5df984e108d77fee055d277ce7b66c636a6f,8849f2cd339992e2ca7e711d8d28255dea24f577e67bfdf491c10097cdb24bec,2011-07-11T14:01:50+00:00,33685504,128
1596,{app}\NPA5\SNIP\СНиП_23-05-95\СНиП 23-05-95_pril_Б.files\image042.gif,app/NPA5/SNIP/СНиП_23-05-95/СНиП 23-05-95_pril_Б.files/image042.gif,228,418649824,301eeb2cfdaa7de0fcf685e9fb022c243de7cd2c,818eef9e6c0303e49c3b753489dc207af830ba3b6aefa3859988f6a517fbfa38,2011-07-11T14:01:50+00:00,33685504,128
1597,{app}\NPA5\SNIP\СНиП_23-05-95\СНиП 23-05-95_pril_Б.files\image043.gif,app/NPA5/SNIP/СНиП_23-05-95/СНиП 23-05-95_pril_Б.files/image043.gif,165,418650052,1f381ef67efaaade215552578a1a97f71274d7d9,ede26f16d6de6a2c5eb76821d2498dc9c11d2cb5d555200fa0c1f904fc9b7bf8,2011-07-11T14:01:50+00:00,33685504,128
1598,{app}\NPA5\SNIP\СНиП_23-05-95\СНиП 23-05-95_pril_Б.files\image044.gif,app/NPA5/SNIP/СНиП_23-05-95/СНиП 23-05-95_pril_Б.files/image044.gif,133,418650217,3b3a7ab04834953e794173c2336dda10e19a7fa5,424cbf349380fc882a81c76cc15654a2c131036661c164c0c2c03270bbcef9a9,2011-07-11T14:01:50+00:00,33685504,128
1599,{app}\NPA5\SNIP\СНиП_23-05-95\СНиП 23-05-95_pril_Б.files\image045.gif,app/NPA5/SNIP/СНиП_23-05-95/СНиП 23-05-95_pril_Б.files/image045.gif,783,418650350,b4912b9d7fbde3528c78581fefe34aa0dc533829,cf446856e0f2d7b1b38863ef4f9e4bd59f49c75ffc7bf20f876b236307848d6d,2011-07-11T14:01:50+00:00,33685504,128
1600,{app}\NPA5\SNIP\СНиП_23-05-95\СНиП 23-05-95_pril_Б.files\image046.gif,app/NPA5/SNIP/СНиП_23-05-95/СНиП 23-05-95_pril_Б.files/image046.gif,649,418651133,9d55157002bcda505d622f149df9f2370109b4ca,18585514a065b26f150bf8feabde7098d9847f57e2168bd768599e54ec2ed818,2011-07-11T14:01:50+00:00,33685504,128
1601,{app}\NPA5\SNIP\СНиП_23-05-95\СНиП 23-05-95_pril_Б.files\image047.gif,app/NPA5/SNIP/СНиП_23-05-95/СНиП 23-05-95_pril_Б.files/image047.gif,255,418651782,f514f76199f69fd475774a5ac107086370262fd0,d6cb55397b0d37f60cf77a2fd58de59d69594d9c0656e0ba3047403aa4b054de,2011-07-11T14:01:50+00:00,33685504,128
1602,{app}\NPA5\SNIP\СНиП_23-05-95\СНиП 23-05-95_pril_Б.files\image048.gif,app/NPA5/SNIP/СНиП_23-05-95/СНиП 23-05-95_pril_Б.files/image048.gif,117,418652037,dfd5fd5b8b20cc853ba7ced67c9a5d8611df63eb,da8afe1b61b6121434307c25aba9bc80417cad50bd494ff6de270a59265b0b3b,2011-07-11T14:01:50+00:00,33685504,128
1603,{app}\NPA5\SNIP\СНиП_23-05-95\СНиП 23-05-95_pril_Б.files\image049.gif,app/NPA5/SNIP/СНиП_23-05-95/СНиП 23-05-95_pril_Б.files/image049.gif,137,418652154,43171e6546006c1cd95bd76dc1fb9508437215b9,d5d30b520ec69dcb383497ca9560a723c62082d843492c31bdb55ed043e645a3,2011-07-11T14:01:50+00:00,33685504,128
1604,{app}\NPA5\SNIP\СНиП_23-05-95\СНиП 23-05-95_pril_Б.files\image050.gif,app/NPA5/SNIP/СНиП_23-05-95/СНиП 23-05-95_pril_Б.files/image050.gif,130,418652291,f1ca87009b3dfc43c34f063765115782254b0d5e,10c4b23eb7060e03fcc116d5ad72896624583ed8c43a6da3b2bc32877067b38a,2011-07-11T14:01:50+00:00,33685504,128
1605,{app}\NPA5\SNIP\СНиП_23-05-95\СНиП 23-05-95_pril_Б.files\image051.gif,app/NPA5/SNIP/СНиП_23-05-95/СНиП 23-05-95_pril_Б.files/image051.gif,133,418652421,bf1860c527dc52a30116916f2455095559164870,f8107d1b7a2889d9eb2b0c6a65eb45ccc289c981601f845de9811cdc5f40ff2e,2011-07-11T14:01:50+00:00,33685504,128
1606,{app}\NPA5\SNIP\СНиП_23-05-95\СНиП 23-05-95_pril_Б.files\image052.gif,app/NPA5/SNIP/СНиП_23-05-95/СНиП 23-05-95_pril_Б.files/image052.gif,148,418652554,70fd51bcd766c44989541c37efb57caee036ebaa,2451b121248616e2c05cbbef945ee5960e5939c005359890c8f7f347dc4301f7,2011-07-11T14:01:50+00:00,33685504,128
1607,{app}\NPA5\SNIP\СНиП_23-05-95\СНиП 23-05-95_pril_Б.files\image053.gif,app/NPA5/SNIP/СНиП_23-05-95/СНиП 23-05-95_pril_Б.files/image053.gif,115,418652702,6417c2ed3c3d2b0b173db84ed6e3bffcb05e6508,2fd3d13ef1c17b6303dec42952cf1da4a5fcd466464340ac4e7f0448f99efcf3,2011-07-11T14:01:50+00:00,33685504,128
1608,{app}\NPA5\SNIP\СНиП_23-05-95\СНиП 23-05-95_pril_Б.files\image054.gif,app/NPA5/SNIP/СНиП_23-05-95/СНиП 23-05-95_pril_Б.files/image054.gif,151,418652817,22407481189c75d0366c10d2f3301a28ca323507,74128bced0807e770d209b1222f2db0f8efcde76c1e0c86a12a094a2d8ca23bc,2011-07-11T14:01:50+00:00,33685504,128
1609,{app}\NPA5\SNIP\СНиП_23-05-95\СНиП 23-05-95_pril_Б.files\image055.gif,app/NPA5/SNIP/СНиП_23-05-95/СНиП 23-05-95_pril_Б.files/image055.gif,128,418652968,69e2cc3192c3fbac7eb541b48c7d3e49beb59791,57e7faf53176a8fb84f4c2d2070a5053f287b4b8c96c4359ed397c8c75ee938f,2011-07-11T14:01:50+00:00,33685504,128
1610,{app}\NPA5\SNIP\СНиП_23-05-95\СНиП 23-05-95_pril_Б.files\image056.gif,app/NPA5/SNIP/СНиП_23-05-95/СНиП 23-05-95_pril_Б.files/image056.gif,152,418653096,162dbe3dcd6e438d626bafa3f53955e16871a009,fd284d9bea0bf552c0f981244f8383602cee91ab2e4086d42fd65858db56abac,2011-07-11T14:01:50+00:00,33685504,128
1611,{app}\NPA5\SNIP\СНиП_23-05-95\СНиП 23-05-95_pril_Б.files\image057.gif,app/NPA5/SNIP/СНиП_23-05-95/СНиП 23-05-95_pril_Б.files/image057.gif,796,418653248,0fd1514a1437997d53a8731782cb51d76e8180c1,756c39c6e79a546cbd7821f11753c9dc604853067e6de63b3866b7cfd456f706,2011-07-11T14:01:50+00:00,33685504,128
1612,{app}\NPA5\SNIP\СНиП_23-05-95\СНиП 23-05-95_pril_Б.files\image058.gif,app/NPA5/SNIP/СНиП_23-05-95/СНиП 23-05-95_pril_Б.files/image058.gif,159,418654044,7a54569e354f80ee7ccd1b9895b8e34dcb781cf3,8d837a2552dc5364899e6683833c21a4a921320eee86e4eedc0dda209ef5c0d9,2011-07-11T14:01:50+00:00,33685504,128
1613,{app}\NPA5\SNIP\СНиП_23-05-95\СНиП 23-05-95_pril_Б.files\image059.gif,app/NPA5/SNIP/СНиП_23-05-95/СНиП 23-05-95_pril_Б.files/image059.gif,129,418654203,5b6b8bbc35481c8c00927920ab4d63e22258ef00,c8611fbefb3ed95ef93b3c68f19761bb09a3b4c9a79bed0a59c1af7dac319dc6,2011-07-11T14:01:50+00:00,33685504,128
1614,{app}\NPA5\SNIP\СНиП_23-05-95\СНиП 23-05-95_pril_Б.files\image060.gif,app/NPA5/SNIP/СНиП_23-05-95/СНиП 23-05-95_pril_Б.files/image060.gif,262,418654332,d5b4b83bba632dc40ba4010a41e5c00ca5ccb0ba,bc03179be13bc4976e7b7dd48751989895f49d8432691e53b2898c6c3b4ae19b,2011-07-11T14:01:50+00:00,33685504,128
1615,{app}\NPA5\SNIP\СНиП_23-05-95\СНиП 23-05-95_pril_Б.files\image061.gif,app/NPA5/SNIP/СНиП_23-05-95/СНиП 23-05-95_pril_Б.files/image061.gif,124,418654594,515d9977f1f16b624d16e0fdbeb785abaa1eb734,fccbbad3561dae9c6bd750c4cd265fb5a58837d47236502a1f9172315611cb9d,2011-07-11T14:01:50+00:00,33685504,128
1616,{app}\NPA5\SNIP\СНиП_23-05-95\СНиП 23-05-95_pril_Б.files\image062.gif,app/NPA5/SNIP/СНиП_23-05-95/СНиП 23-05-95_pril_Б.files/image062.gif,128,418654718,d44762f1a7c0e49a34c277a660a82e3eeb9f4ad5,592d888d262de996ede21466d6168811797745be3dc8dbcc23b549d1a5160cae,2011-07-11T14:01:50+00:00,33685504,128
1617,{app}\NPA5\SNIP\СНиП_23-05-95\СНиП 23-05-95_pril_Б.files\image063.gif,app/NPA5/SNIP/СНиП_23-05-95/СНиП 23-05-95_pril_Б.files/image063.gif,128,418654846,298f00df1d1fddb89216adf1cff9ad16fc7c68d4,93d978684ae8845f3d68257cc5635e8b987a61714b53295f29437b4a8f50038e,2011-07-11T14:01:50+00:00,33685504,128
1618,{app}\NPA5\SNIP\СНиП_23-05-95\СНиП 23-05-95_pril_Б.files\image064.gif,app/NPA5/SNIP/СНиП_23-05-95/СНиП 23-05-95_pril_Б.files/image064.gif,141,418654974,477823e4fdd53f4df2c476373738ab80e6316a32,55831d6c1004c1c036e278f075eebc20902b6719231a991a80db2ead19ef4601,2011-07-11T14:01:50+00:00,33685504,128
1619,{app}\NPA5\SNIP\СНиП_23-05-95\СНиП 23-05-95_pril_Б.files\image065.gif,app/NPA5/SNIP/СНиП_23-05-95/СНиП 23-05-95_pril_Б.files/image065.gif,129,418655115,3f4843527220daa852d5434a57ca1e9a011c8a45,4faebcc0139f27e92a167d70d25b1244c694f9ecfa892a55baf726eee6bd4253,2011-07-11T14:01:50+00:00,33685504,128
1620,{app}\NPA5\SNIP\СНиП_23-05-95\СНиП 23-05-95_pril_Б.files\image066.gif,app/NPA5/SNIP/СНиП_23-05-95/СНиП 23-05-95_pril_Б.files/image066.gif,126,418655244,faa69ced51eeac2b2d38a80fd0f4abccb4eca0f1,14a04cbc6978e15922c253217f23ea357587aa2f82f58d3b503f87714e635f16,2011-07-11T14:01:50+00:00,33685504,128
1621,{app}\NPA5\SNIP\СНиП_23-05-95\СНиП 23-05-95_pril_Б.files\image067.gif,app/NPA5/SNIP/СНиП_23-05-95/СНиП 23-05-95_pril_Б.files/image067.gif,118,418655370,bc896fbe1e315755dedda48777d8ba45c9607529,dd577dbee3c81d49c50919daa4d0e6a49c6ae8b2758ea29ba9991b556fb0f36b,2011-07-11T14:01:50+00:00,33685504,128
1622,{app}\NPA5\SNIP\СНиП_23-05-95\СНиП 23-05-95_pril_Б.files\image068.gif,app/NPA5/SNIP/СНиП_23-05-95/СНиП 23-05-95_pril_Б.files/image068.gif,134,418655488,421a43a55d20dcf904aad658d8cab142796209fc,581be31bdddc52abb74fd95eaf738a71ae5f91529cb0b4e12e1cd5abc003ccdb,2011-07-11T14:01:50+00:00,33685504,128
1623,{app}\NPA5\SNIP\СНиП_23-05-95\СНиП 23-05-95_pril_Б.files\image069.gif,app/NPA5/SNIP/СНиП_23-05-95/СНиП 23-05-95_pril_Б.files/image069.gif,140,418655622,c26de90e9004ede2cca62302614e5a7381110bba,8552876ad5fe7c3c0afffd4d87668556f4cf7db26fcd6018ab187ca1440a6ec7,2011-07-11T14:01:50+00:00,33685504,128
1624,{app}\NPA5\SNIP\СНиП_23-05-95\СНиП 23-05-95_pril_Б.files\image070.gif,app/NPA5/SNIP/СНиП_23-05-95/СНиП 23-05-95_pril_Б.files/image070.gif,329,418655762,3135e9d280839092a5967d425a695d8a1a918cb0,52737a7e348610999eb2bf06f6133f09ee2a862c44482e23888a951a9062fcec,2011-07-11T14:01:50+00:00,33685504,128
1625,{app}\NPA5\SNIP\СНиП_23-05-95\СНиП 23-05-95_pril_Б.files\image071.gif,app/NPA5/SNIP/СНиП_23-05-95/СНиП 23-05-95_pril_Б.files/image071.gif,130,418656091,6670b2cde464a4269fc5ac58eb0be59142fbbfa1,03a2ac35c128f44f35570206b8bc71da5e36ec2285699fe64121dd3930f81f1a,2011-07-11T14:01:50+00:00,33685504,128
1626,{app}\NPA5\SNIP\СНиП_23-05-95\СНиП 23-05-95_pril_Б.files\image072.gif,app/NPA5/SNIP/СНиП_23-05-95/СНиП 23-05-95_pril_Б.files/image072.gif,128,418656221,966ff6d741417c53923dd16084650de3841b6212,00bc09317aa9891a52b6f1e0ad1bb9fd962a3c293181f4b5eca18bc3502483dc,2011-07-11T14:01:50+00:00,33685504,128
1627,{app}\NPA5\SNIP\СНиП_23-05-95\СНиП 23-05-95_pril_Б.files\image073.gif,app/NPA5/SNIP/СНиП_23-05-95/СНиП 23-05-95_pril_Б.files/image073.gif,143,418656349,8ad34b837a00e1df7aaa2a073c4d45c58b57ad02,1bd39c8f922213ca1629ea4baa94239f26b87b7440d9c60ec1625df32fc22d6f,2011-07-11T14:01:50+00:00,33685504,128
1628,{app}\NPA5\SNIP\СНиП_23-05-95\СНиП 23-05-95_pril_Б.files\image074.gif,app/NPA5/SNIP/СНиП_23-05-95/СНиП 23-05-95_pril_Б.files/image074.gif,137,418656492,0b400a9307f00a28de26eed3f49460fef0740c53,4bab5e1ac1784b07c42f724a9fdad282c019339f3814d738c4244ee3693ba366,2011-07-11T14:01:50+00:00,33685504,128
1629,{app}\NPA5\SNIP\СНиП_23-05-95\СНиП 23-05-95_pril_Б.files\image075.gif,app/NPA5/SNIP/СНиП_23-05-95/СНиП 23-05-95_pril_Б.files/image075.gif,143,418656629,6c267438ee6d433f6e936216ca134acea89f2dc8,630a0a5131491cd5b5e11eb86dc6a318fd894a700d82d50d4f4ba62555f452e5,2011-07-11T14:01:50+00:00,33685504,128
1630,{app}\NPA5\SNIP\СНиП_23-05-95\СНиП 23-05-95_pril_Б.files\image076.gif,app/NPA5/SNIP/СНиП_23-05-95/СНиП 23-05-95_pril_Б.files/image076.gif,141,418656772,435157e17e9e3e9e977aec294eef01252249ccb0,c70cf9277ca3f106b3160c99ca3516866fb5850152e79a8706d2577ad78b4e1e,2011-07-11T14:01:50+00:00,33685504,128
1631,{app}\NPA5\SNIP\СНиП_23-05-95\СНиП 23-05-95_pril_Б.files\image077.gif,app/NPA5/SNIP/СНиП_23-05-95/СНиП 23-05-95_pril_Б.files/image077.gif,591,418656913,f786b25bac4d3547e349eb936b6da68c822dda3b,3066ca6c45d33d3ac2daf82650d05efda28829321a93308d06a310080c84868b,2011-07-11T14:01:50+00:00,33685504,128
1632,{app}\NPA5\SNIP\СНиП_23-05-95\СНиП 23-05-95_pril_Б.files\image078.gif,app/NPA5/SNIP/СНиП_23-05-95/СНиП 23-05-95_pril_Б.files/image078.gif,125,418657504,de9715322818aa87ada6fd5c0f9345981e25de15,7d81a0f776ea688ae5d5b354407f55365be39350b0c4105884db38408e3cde62,2011-07-11T14:01:50+00:00,33685504,128
1633,{app}\NPA5\SNIP\СНиП_23-05-95\СНиП 23-05-95_pril_Б.files\image079.gif,app/NPA5/SNIP/СНиП_23-05-95/СНиП 23-05-95_pril_Б.files/image079.gif,141,418657629,670d140047d96a6ffbef6c4a7162b4d419881556,f53d9ea41f4e868b30b82ae0c706c4d4d816179375bae02abfab4eda09f572b8,2011-07-11T14:01:50+00:00,33685504,128
1634,{app}\NPA5\SNIP\СНиП_23-05-95\СНиП 23-05-95_pril_Б.files\image080.gif,app/NPA5/SNIP/СНиП_23-05-95/СНиП 23-05-95_pril_Б.files/image080.gif,125,418657770,7cded6873ab18938a5bd6dc39a6b6808a1580ee7,b78c313457eb20df310c6e425f286e31abed27107863eb8c23b69b406525852c,2011-07-11T14:01:50+00:00,33685504,128
1635,{app}\NPA5\SNIP\СНиП_23-05-95\СНиП 23-05-95_pril_Б.files\image081.gif,app/NPA5/SNIP/СНиП_23-05-95/СНиП 23-05-95_pril_Б.files/image081.gif,121,418657895,cf9af10006d57a37f2a4b155f272fb23730b0a46,fd161593d29aea0ea22e8ec6166eaea27fc6722b0d9fae2d15c379c3dd13f464,2011-07-11T14:01:50+00:00,33685504,128
1636,{app}\NPA5\SNIP\СНиП_23-05-95\СНиП 23-05-95_pril_Б.files\image082.gif,app/NPA5/SNIP/СНиП_23-05-95/СНиП 23-05-95_pril_Б.files/image082.gif,154,418658016,f9a4133e9dbbdd4627e1c891e86aaf96c153e167,6a5c03208ca1a174616e8b3c804058176dc71ee999ef92aa81e1be1cb2091e8b,2011-07-11T14:01:50+00:00,33685504,128
1637,{app}\NPA5\SNIP\СНиП_23-05-95\СНиП 23-05-95_pril_Б.files\image083.gif,app/NPA5/SNIP/СНиП_23-05-95/СНиП 23-05-95_pril_Б.files/image083.gif,134,418658170,2f24405afd26c5943b0ada75c2d2d26824761b58,01f7dcdb9ab8cb5e6298ad18fe4ff4d72b54be1793c25f2347f4e30b8edce8f1,2011-07-11T14:01:50+00:00,33685504,128
1638,{app}\NPA5\SNIP\СНиП_23-05-95\СНиП 23-05-95_pril_Б.files\image084.gif,app/NPA5/SNIP/СНиП_23-05-95/СНиП 23-05-95_pril_Б.files/image084.gif,140,418658304,fb906ee188938836b1da7a8418f8749cd967b0e5,2e8853356c790215d1c46200546d95da83922bfc03ceaedd15e05af9528f5594,2011-07-11T14:01:50+00:00,33685504,128
1639,{app}\NPA5\SNIP\СНиП_23-05-95\СНиП 23-05-95_pril_Б.files\image085.gif,app/NPA5/SNIP/СНиП_23-05-95/СНиП 23-05-95_pril_Б.files/image085.gif,148,418658444,cbe4b29dc5951fbb7173521f1d06b440e595231e,f05c2b934d9bda33f1003edfdab4f4fa99f13ebe7a88e414062361fbeef94307,2011-07-11T14:01:50+00:00,33685504,128
1640,{app}\NPA5\SNIP\СНиП_23-05-95\СНиП 23-05-95_pril_В.files\image001.gif,app/NPA5/SNIP/СНиП_23-05-95/СНиП 23-05-95_pril_В.files/image001.gif,122,418658592,e7e1c9f4a54a1c2d381d9fe3def885d9ab1321e7,7bbbe3fe4e155ac998441a960ff10088c1d52af9f03bcdb4e72c62649bdd5da6,2011-07-11T14:02:08+00:00,33685504,128
1641,{app}\NPA5\SNIP\СНиП_23-05-95\СНиП 23-05-95_pril_В.files\image002.gif,app/NPA5/SNIP/СНиП_23-05-95/СНиП 23-05-95_pril_В.files/image002.gif,110,418658714,7610ac5ee0711b4675b4b18b015660f386f8d394,a73bef7178f23eb2c3804cfee6a7eb6ec2c84a35342e4bbee680fd0c94deae5d,2011-07-11T14:02:08+00:00,33685504,128
1642,{app}\NPA5\SNIP\СНиП_23-05-95\СНиП 23-05-95_pril_В.files\image003.gif,app/NPA5/SNIP/СНиП_23-05-95/СНиП 23-05-95_pril_В.files/image003.gif,147,418658824,f359f37a9c9509fd5581897dd1330c2d3ee7444d,302ce584e6ea5639a1b1cfcf793f66a3fde2487354e0adb582a15f17cf0ca57a,2011-07-11T14:02:08+00:00,33685504,128
1643,{app}\NPA5\SNIP\СНиП_23-05-95\СНиП 23-05-95_pril_В.files\image004.gif,app/NPA5/SNIP/СНиП_23-05-95/СНиП 23-05-95_pril_В.files/image004.gif,178,418658971,10f9d58648043d0f7b32bc6992c3c557ccc059f0,a1e4a917b21819f0866ca340c65e17338f2f5ae7b103e329dff4c18b586a886c,2011-07-11T14:02:08+00:00,33685504,128
1644,{app}\NPA5\SNIP\СНиП_23-05-95\СНиП 23-05-95_pril_В.files\image005.gif,app/NPA5/SNIP/СНиП_23-05-95/СНиП 23-05-95_pril_В.files/image005.gif,119,418659149,4098b6082577bcf44c179bf4436b99f8cc301c6a,c770f4a9f5421cac6cc7fde0f96800cc3afb559c77d13a09b44da50b1a6a60d7,2011-07-11T14:02:08+00:00,33685504,128
1645,{app}\NPA5\SNIP\СНиП_23-05-95\СНиП 23-05-95_pril_В.files\image006.gif,app/NPA5/SNIP/СНиП_23-05-95/СНиП 23-05-95_pril_В.files/image006.gif,119,418659268,ca066e9d5f0882fa7e84101e2f790bffd742d325,004880112c93fa2eb6b44c38565cc9352709aa617046244facdd0697c8b46141,2011-07-11T14:02:08+00:00,33685504,128
1646,{app}\NPA5\SNIP\СНиП_23-05-95\СНиП 23-05-95_pril_В.files\image007.gif,app/NPA5/SNIP/СНиП_23-05-95/СНиП 23-05-95_pril_В.files/image007.gif,10721,418659387,e2bd3afbd90c59471d0eefdba09d6b4ffe1ec924,8be65ed76fa2fbc36ba0c8d62f925a1092de53b2107b570c475d870153497f39,2011-07-11T14:02:08+00:00,33685504,128
1647,{app}\NPA5\SNIP\СНиП_23-05-95\СНиП 23-05-95_pril_Г.files\image001.gif,app/NPA5/SNIP/СНиП_23-05-95/СНиП 23-05-95_pril_Г.files/image001.gif,168,418670108,3f8f371f7aec6bcab7c904b11141c5ab5d31e874,891a4007f499f7af018faafdcd10c07a6381824b847128c40a835a6884628a38,2011-07-11T14:02:52+00:00,33685504,128
1648,{app}\NPA5\SNIP\СНиП_23-05-95\СНиП 23-05-95_pril_Г.files\image002.gif,app/NPA5/SNIP/СНиП_23-05-95/СНиП 23-05-95_pril_Г.files/image002.gif,115,418670276,a539681acaa808459e599a92213162f56238a127,36d0d05d4c88c041af31bb3a32edf94f7ddfefd2f0f0c3c5199831c586a56ce2,2011-07-11T14:02:52+00:00,33685504,128
1649,{app}\NPA5\SNIP\СНиП_23-05-95\СНиП 23-05-95_pril_Г.files\image003.gif,app/NPA5/SNIP/СНиП_23-05-95/СНиП 23-05-95_pril_Г.files/image003.gif,32231,418670391,ee975c919233fef59a85523865b48cd3a4eb7e38,d8b3b17a445196dc30720993d08373f7d1500b20101ba626f8e9cd50f62c8d71,2011-07-11T14:02:52+00:00,33685504,128
1650,{app}\NPA5\SNIP\СНиП_23-05-95\СНиП 23-05-95_pril_Г.files\image004.gif,app/NPA5/SNIP/СНиП_23-05-95/СНиП 23-05-95_pril_Г.files/image004.gif,30718,418702622,428ede4160805bbb22d12be629600befb1650389,d4225b6b6fa077ba8654d60eba0178b0f5f75a069117b316dbed259cbc851a7f,2011-07-11T14:02:52+00:00,33685504,128
1651,{app}\NPA5\SNIP\СНиП_23-05-95\СНиП 23-05-95_pril_Г.files\image005.gif,app/NPA5/SNIP/СНиП_23-05-95/СНиП 23-05-95_pril_Г.files/image005.gif,283,418733340,5f0156b1a934dada98c14a6dd0aa71eaa11709f7,596745d0c2111d0e3d680536e2f6e1ce55e4a0e27a8bf5c88d9dd5f8e83489ed,2011-07-11T14:02:52+00:00,33685504,128
1652,{app}\NPA5\SNIP\СНиП_23-05-95\СНиП 23-05-95_pril_Г.files\image006.gif,app/NPA5/SNIP/СНиП_23-05-95/СНиП 23-05-95_pril_Г.files/image006.gif,111,418733623,1fc806f60ccd04341d633a7967f463df89a4dc2f,fef9aadac710e55a755c300fee53f5864f4b092515cbf33c842efd86438c3bdf,2011-07-11T14:02:52+00:00,33685504,128
1653,{app}\NPA5\SNIP\СНиП_23-05-95\СНиП 23-05-95_pril_Г.files\image007.gif,app/NPA5/SNIP/СНиП_23-05-95/СНиП 23-05-95_pril_Г.files/image007.gif,110,418733734,7610ac5ee0711b4675b4b18b015660f386f8d394,a73bef7178f23eb2c3804cfee6a7eb6ec2c84a35342e4bbee680fd0c94deae5d,2011-07-11T14:02:52+00:00,33685504,128
1654,{app}\NPA5\SNIP\СНиП_23-05-95\СНиП 23-05-95_pril_Г.files\image008.gif,app/NPA5/SNIP/СНиП_23-05-95/СНиП 23-05-95_pril_Г.files/image008.gif,257,418733844,7463c72e712b5b23ac54581f28f1beb6769dbf0f,f5b418b5211e77113ce3d4d00fbce9e614408b6eaf391fd9b0a92f1059cbec63,2011-07-11T14:02:52+00:00,33685504,128
1655,{app}\NPA5\SNIP\СНиП_23-05-95\СНиП 23-05-95_pril_Д.files\image001.jpg,app/NPA5/SNIP/СНиП_23-05-95/СНиП 23-05-95_pril_Д.files/image001.jpg,39213,418734101,2642910d0caa2e3a4e85648b8c05db5cdf6e27e9,2db799fa0df9977389186baa63e96256ed218f92de4b941f78278fd267d37fcc,2011-07-11T14:03:08+00:00,33685504,128
1656,{app}\NPA5\SNIP\СНиП_23-05-95\СНиП 23-05-95_pril_Ж.files\image001.gif,app/NPA5/SNIP/СНиП_23-05-95/СНиП 23-05-95_pril_Ж.files/image001.gif,13006,418773314,c800ca0b8249b3f2b6b621b24638c9f70cfe3cf6,29487fe55fe1fc1fe4acf8577c4bae779df8ee4fb89c852ad0299bf47b9ba62e,2011-07-11T14:04:24+00:00,33685504,128
1657,{app}\NPA5\SNIP\СНиП_23-05-95\СНиП 23-05-95_pril_Ж.files\image002.gif,app/NPA5/SNIP/СНиП_23-05-95/СНиП 23-05-95_pril_Ж.files/image002.gif,7608,418786320,b5f0b6df494ebc851592aa8c31e03f10fe97a063,a01af22378076689a943fe320c380edff0930d125cf530216c281ba99ee00c9c,2011-07-11T14:04:24+00:00,33685504,128
1658,{app}\NPA5\SNIP\СНиП_23-05-95\СНиП 23-05-95_pril_Ж.files\image003.gif,app/NPA5/SNIP/СНиП_23-05-95/СНиП 23-05-95_pril_Ж.files/image003.gif,148,418793928,cbe4b29dc5951fbb7173521f1d06b440e595231e,f05c2b934d9bda33f1003edfdab4f4fa99f13ebe7a88e414062361fbeef94307,2011-07-11T14:04:24+00:00,33685504,128
1659,{app}\NPA5\SNIP\СНиП_23-05-95\СНиП 23-05-95_pril_Ж.files\image004.gif,app/NPA5/SNIP/СНиП_23-05-95/СНиП 23-05-95_pril_Ж.files/image004.gif,364,418794076,f5dd443df83483c61892f200dd9e09e47bf03466,9d661311280483112473fc7d34c7de628a57eee9504eb3185777765382fee94c,2011-07-11T14:04:24+00:00,33685504,128
1660,{app}\NPA5\SNIP\СНиП_23-05-95\СНиП 23-05-95_pril_Ж.files\image005.gif,app/NPA5/SNIP/СНиП_23-05-95/СНиП 23-05-95_pril_Ж.files/image005.gif,139,418794440,89fb65ba037744d1025936f3eb29881cf3ef707e,efe80d8083248edf962d7286ecf00789ee92fb43662ca88050c312db56aee68d,2011-07-11T14:04:24+00:00,33685504,128
1661,{app}\NPA5\SNIP\СНиП_23-05-95\СНиП 23-05-95_pril_Ж.files\image006.gif,app/NPA5/SNIP/СНиП_23-05-95/СНиП 23-05-95_pril_Ж.files/image006.gif,137,418794579,b4d5d9c1cd522eaab24e23731b8a163a326a2192,c13b70bd94b5077bd1bb7f36f42afb674c67ebe69c09f65fc1c4fa4e6560752d,2011-07-11T14:04:24+00:00,33685504,128
1662,{app}\NPA5\SNIP\СНиП_23-05-95\СНиП 23-05-95_pril_Ж.files\image007.gif,app/NPA5/SNIP/СНиП_23-05-95/СНиП 23-05-95_pril_Ж.files/image007.gif,139,418794716,b137d3b526f9d4f6eb3b40733e7bf42f1a76994c,da31ee2f39df8fed2aa119e36e793c02c9e96ae081d5da27fbebf89d7e1e8b3a,2011-07-11T14:04:24+00:00,33685504,128
1663,{app}\NPA5\SNIP\СНиП_23-05-95\СНиП 23-05-95_pril_Ж.files\image008.gif,app/NPA5/SNIP/СНиП_23-05-95/СНиП 23-05-95_pril_Ж.files/image008.gif,130,418794855,7e2fb3895a2ea1476815536a55102673bae0301c,0753584535cf8991015b1fa57a2f6e88e23d7eb5f4a344402d20f4ab60071719,2011-07-11T14:04:24+00:00,33685504,128
1664,{app}\NPA5\SNIP\СНиП_23-05-95\СНиП 23-05-95_pril_Ж.files\image009.gif,app/NPA5/SNIP/СНиП_23-05-95/СНиП 23-05-95_pril_Ж.files/image009.gif,128,418794985,857c7e0ecdb66d1e7a649492d7c64fe211dac9a8,82c75d37c33d7d380e0b9720ada00e73ed5774f73fda76a02460a509b284ab4a,2011-07-11T14:04:24+00:00,33685504,128
1665,{app}\NPA5\SNIP\СНиП_23-05-95\СНиП 23-05-95_pril_Ж.files\image010.gif,app/NPA5/SNIP/СНиП_23-05-95/СНиП 23-05-95_pril_Ж.files/image010.gif,130,418795113,74a00dad3e75bcbc2036a05e7014869b6fba4c5f,312c5353175ffb32fb86c6136308937fe990bdc6120d579f339526d812363da3,2011-07-11T14:04:24+00:00,33685504,128
1666,{app}\NPA5\SNIP\СНиП_23-05-95\СНиП 23-05-95_pril_Ж.files\image011.gif,app/NPA5/SNIP/СНиП_23-05-95/СНиП 23-05-95_pril_Ж.files/image011.gif,116,418795243,c4afac811222ce2f15fc57db38280ef3bfba90ae,730b74d254341763ea2dd5f07e0c0d1455bcc8179e06a9ac965c15a2efcf5dfb,2011-07-11T14:04:24+00:00,33685504,128
1667,{app}\NPA5\SNIP\СНиП_23-05-95\СНиП 23-05-95_pril_Ж.files\image012.gif,app/NPA5/SNIP/СНиП_23-05-95/СНиП 23-05-95_pril_Ж.files/image012.gif,137,418795359,0b400a9307f00a28de26eed3f49460fef0740c53,4bab5e1ac1784b07c42f724a9fdad282c019339f3814d738c4244ee3693ba366,2011-07-11T14:04:24+00:00,33685504,128
1668,{app}\NPA5\SNIP\СНиП_23-05-95\СНиП 23-05-95_pril_Ж.files\image013.gif,app/NPA5/SNIP/СНиП_23-05-95/СНиП 23-05-95_pril_Ж.files/image013.gif,143,418795496,6c267438ee6d433f6e936216ca134acea89f2dc8,630a0a5131491cd5b5e11eb86dc6a318fd894a700d82d50d4f4ba62555f452e5,2011-07-11T14:04:24+00:00,33685504,128
1669,{app}\NPA5\SNIP\СНиП_23-05-95\СНиП 23-05-95_pril_Ж.files\image014.gif,app/NPA5/SNIP/СНиП_23-05-95/СНиП 23-05-95_pril_Ж.files/image014.gif,441,418795639,9e3dcf28d8c7d7ba36afa8fc1a481b2110b8cafb,d95eed3054d18f23d97b3f2fcc7530966d1013978c3eeb99fc711e070a7a19d1,2011-07-11T14:04:24+00:00,33685504,128
1670,{app}\NPA5\SNIP\СНиП_23-05-95\СНиП 23-05-95_pril_Ж.files\image015.gif,app/NPA5/SNIP/СНиП_23-05-95/СНиП 23-05-95_pril_Ж.files/image015.gif,122,418796080,e7e1c9f4a54a1c2d381d9fe3def885d9ab1321e7,7bbbe3fe4e155ac998441a960ff10088c1d52af9f03bcdb4e72c62649bdd5da6,2011-07-11T14:04:24+00:00,33685504,128
1671,{app}\NPA5\SNIP\СНиП_23-05-95\СНиП 23-05-95_pril_Ж.files\image016.gif,app/NPA5/SNIP/СНиП_23-05-95/СНиП 23-05-95_pril_Ж.files/image016.gif,111,418796202,dcfc423fc61f107df245d56bc29efe7282f7452e,d51f02160e375d513ffa8abde84660f6c2b45fcb9d049f78fb0b69226f589afb,2011-07-11T14:04:24+00:00,33685504,128
1672,{app}\NPA5\SNIP\СНиП_23-05-95\СНиП 23-05-95_pril_Ж.files\image017.gif,app/NPA5/SNIP/СНиП_23-05-95/СНиП 23-05-95_pril_Ж.files/image017.gif,19095,418796313,19963d0266f1a75a96de3c0ad9bf5e5b53ca9d18,d50b258e672640a86b3b2b71ca800ff61e16a817419cb05deb746509befe4671,2011-07-11T14:04:24+00:00,33685504,128
1673,{app}\NPA5\SNIP\СНиП_23-05-95\СНиП 23-05-95_pril_З.files\image001.gif,app/NPA5/SNIP/СНиП_23-05-95/СНиП 23-05-95_pril_З.files/image001.gif,135,418815408,eb732bc5e3540f6b1cf357179f4f1b23d585ff3b,c5f07369d9610a2b518eed9fa7423d5c9e26117cb60bf61f56f28fa889b687ed,2011-07-11T14:05:00+00:00,33685504,128
1674,{app}\NPA5\SNIP\СНиП_23-05-95\СНиП 23-05-95_pril_З.files\image002.gif,app/NPA5/SNIP/СНиП_23-05-95/СНиП 23-05-95_pril_З.files/image002.gif,134,418815543,2f24405afd26c5943b0ada75c2d2d26824761b58,01f7dcdb9ab8cb5e6298ad18fe4ff4d72b54be1793c25f2347f4e30b8edce8f1,2011-07-11T14:05:00+00:00,33685504,128
1675,{app}\NPA5\SNIP\СНиП_23-05-95\СНиП 23-05-95_pril_И.files\image001.gif,app/NPA5/SNIP/СНиП_23-05-95/СНиП 23-05-95_pril_И.files/image001.gif,135,418815677,eb732bc5e3540f6b1cf357179f4f1b23d585ff3b,c5f07369d9610a2b518eed9fa7423d5c9e26117cb60bf61f56f28fa889b687ed,2011-07-11T14:05:34+00:00,33685504,128
1676,{app}\NPA5\SNIP\СНиП_23-05-95\СНиП 23-05-95_pril_И.files\image002.gif,app/NPA5/SNIP/СНиП_23-05-95/СНиП 23-05-95_pril_И.files/image002.gif,134,418815812,2f24405afd26c5943b0ada75c2d2d26824761b58,01f7dcdb9ab8cb5e6298ad18fe4ff4d72b54be1793c25f2347f4e30b8edce8f1,2011-07-11T14:05:34+00:00,33685504,128
1677,{app}\NPA5\SNIP\СНиП_23-05-95\СНиП 23-05-95_pril_К.files\image001.gif,app/NPA5/SNIP/СНиП_23-05-95/СНиП 23-05-95_pril_К.files/image001.gif,128,418815946,4543ac1fee1785b6a6796acb015dde8e179b81da,0bebe2867ea88fd7c2ca8f5c000ad9870c894800fdf41740d0d7bb8f0533bc26,2011-07-11T14:27:10+00:00,33685504,128
1678,{app}\NPA5\SNIP\СНиП_23-05-95\СНиП 23-05-95_pril_К.files\image002.gif,app/NPA5/SNIP/СНиП_23-05-95/СНиП 23-05-95_pril_К.files/image002.gif,115,418816074,7cd11066e6700e61d4e04289d1b33f34c3357e6c,2d96e8ce25ab2a391ef0356348bd20b4f2356b68121bbdda8679938781334227,2011-07-11T14:27:10+00:00,33685504,128
1679,{app}\NPA5\SNIP\СНиП_23-05-95\СНиП 23-05-95_pril_К.files\image003.gif,app/NPA5/SNIP/СНиП_23-05-95/СНиП 23-05-95_pril_К.files/image003.gif,111,418816189,687611e2565cd1c65f5483a9f6554033f16e1d5e,bae90c1b9adcef516a992fbbaeeb4ca2508247583aa05ccfdf07ff1cc56ecb34,2011-07-11T14:27:10+00:00,33685504,128
1680,{app}\NPA5\SNIP\СНиП_23-05-95\СНиП 23-05-95_pril_К.files\image004.gif,app/NPA5/SNIP/СНиП_23-05-95/СНиП 23-05-95_pril_К.files/image004.gif,116,418816300,c4afac811222ce2f15fc57db38280ef3bfba90ae,730b74d254341763ea2dd5f07e0c0d1455bcc8179e06a9ac965c15a2efcf5dfb,2011-07-11T14:27:12+00:00,33685504,128
1681,{app}\NPA5\SNIP\СНИП_23-05-95-2017\СП 52.13330.2016-0.htm,app/NPA5/SNIP/СНИП_23-05-95-2017/СП 52.13330.2016-0.htm,690325,418816416,ab77f8ac5e71a97a19d9104acf68a7a70c425fd8,9ce05545f27b78d24bf4a1f9cf72176b7461e900d2a2e2b21107c0c51885f4aa,2017-06-19T16:25:06+00:00,33685504,128
1682,{app}\NPA5\SNIP\СНИП_23-05-95-2017\СП 52.13330.2016-pr.htm,app/NPA5/SNIP/СНИП_23-05-95-2017/СП 52.13330.2016-pr.htm,1472502,419506741,6d2316ad7621ecbf802b752cf209c4348405f235,e3cf91c69f77a7a5e41ead146d9db2d066cdbdeabf7b761664e946a4ca1c0004,2017-06-19T16:24:10+00:00,33685504,128
1683,{app}\NPA5\SNIP\СНИП_23-05-95-2017\СП 52.13330.2016-0.files\image001.gif,app/NPA5/SNIP/СНИП_23-05-95-2017/СП 52.13330.2016-0.files/image001.gif,139,420979243,524de4e586b350ad68b84accd9448de0090d23b5,5d206bc37494adcc0c1e28454961f1795441107c58d0c9f8ef6ed88daafda4b0,2017-06-19T16:15:38+00:00,33685504,128
1684,{app}\NPA5\SNIP\СНИП_23-05-95-2017\СП 52.13330.2016-0.files\image002.gif,app/NPA5/SNIP/СНИП_23-05-95-2017/СП 52.13330.2016-0.files/image002.gif,251,420979382,f1301de4f79339285d2210d9fa62312dd2bfb2f5,7c8de21918defad0f34635e85ca66ccacf1a6446456f316d7c9d8f10107c21e5,2017-06-19T16:15:38+00:00,33685504,128
1685,{app}\NPA5\SNIP\СНИП_23-05-95-2017\СП 52.13330.2016-0.files\image003.gif,app/NPA5/SNIP/СНИП_23-05-95-2017/СП 52.13330.2016-0.files/image003.gif,329,420979633,6beba9af6f7b421d7dce9b2b96853d0613190893,2aa23f6bcb96e3449f910a02912de93342c3872be3da1807972e8025dab32b7c,2017-06-19T16:15:38+00:00,33685504,128
1686,{app}\NPA5\SNIP\СНИП_23-05-95-2017\СП 52.13330.2016-0.files\image004.gif,app/NPA5/SNIP/СНИП_23-05-95-2017/СП 52.13330.2016-0.files/image004.gif,1564,420979962,bd4d0d461322062685bdf326959cbefed0858f52,f138b4a350705f2604ed3d5c45553ce4df75f6fd7a9103f7d721bf1155f6e450,2017-06-19T16:15:38+00:00,33685504,128
1687,{app}\NPA5\SNIP\СНИП_23-05-95-2017\СП 52.13330.2016-0.files\image005.gif,app/NPA5/SNIP/СНИП_23-05-95-2017/СП 52.13330.2016-0.files/image005.gif,204,420981526,fbabccc4e403aca7bae93a372bcd5ec9832ac007,c194d6afb3c482aa50783112fe74f7b5c586bb0c57ff187849688fdeaac9bf67,2017-06-19T16:15:38+00:00,33685504,128
1688,{app}\NPA5\SNIP\СНИП_23-05-95-2017\СП 52.13330.2016-0.files\image006.gif,app/NPA5/SNIP/СНИП_23-05-95-2017/СП 52.13330.2016-0.files/image006.gif,436,420981730,135ea3994a20f9f6a6bebdde9f3fe4070ce8568a,e156eacc709f7aa04a341041e5a4cff30bee141500661af899e0c145eda2dea1,2017-06-19T16:15:38+00:00,33685504,128
1689,{app}\NPA5\SNIP\СНИП_23-05-95-2017\СП 52.13330.2016-0.files\image007.gif,app/NPA5/SNIP/СНИП_23-05-95-2017/СП 52.13330.2016-0.files/image007.gif,349,420982166,fcf8ebc03b2ca4bb837d4a0c2fbe9257dfdecce4,01b9fa60a44b07f5ddffee7411b2c1a2551282fd26faa52a5385f49815d0e42a,2017-06-19T16:15:38+00:00,33685504,128
1690,{app}\NPA5\SNIP\СНИП_23-05-95-2017\СП 52.13330.2016-0.files\image008.gif,app/NPA5/SNIP/СНИП_23-05-95-2017/СП 52.13330.2016-0.files/image008.gif,295,420982515,7949c5b7b7198cb013310159fd322a38a1bbb357,5645b018d65ef418353498f9a04a91345f18217168b5641bb31ef6af4b41429a,2017-06-19T16:15:38+00:00,33685504,128
1691,{app}\NPA5\SNIP\СНИП_23-05-95-2017\СП 52.13330.2016-0.files\image009.gif,app/NPA5/SNIP/СНИП_23-05-95-2017/СП 52.13330.2016-0.files/image009.gif,245,420982810,02b1d98baadad20efab4a1e5e7fb997d420e2766,4c51413f83ae75c2c3cd3d9e1a234cb1dc3b966d0df4b024d1e26a85e2928d08,2017-06-19T16:15:38+00:00,33685504,128
1692,{app}\NPA5\SNIP\СНИП_23-05-95-2017\СП 52.13330.2016-0.files\image010.gif,app/NPA5/SNIP/СНИП_23-05-95-2017/СП 52.13330.2016-0.files/image010.gif,960,420983055,503db5d354de0dc52149168b0a47e7ee05e0b443,60e1f598af5598cb698801501441f1a92e97dd57368240c8fffafd225f8702e4,2017-06-19T16:15:38+00:00,33685504,128
1693,{app}\NPA5\SNIP\СНИП_23-05-95-2017\СП 52.13330.2016-0.files\image011.gif,app/NPA5/SNIP/СНИП_23-05-95-2017/СП 52.13330.2016-0.files/image011.gif,433,420984015,7f5364ac04a303e4f31c247d560d6028e0fc40e4,839e07599d8feb8da12539b92c6b1e4a6ffb06b1a5c16e359daaeff30797e8c9,2017-06-19T16:15:38+00:00,33685504,128
1694,{app}\NPA5\SNIP\СНИП_23-05-95-2017\СП 52.13330.2016-0.files\image012.gif,app/NPA5/SNIP/СНИП_23-05-95-2017/СП 52.13330.2016-0.files/image012.gif,406,420984448,88531c76326ab18573df59ffeb196661e4e8cc2a,ff615fd4fe4f4577c066bf57af8314829f8dddeea5401d266ab216dfd2062ecf,2017-06-19T16:15:38+00:00,33685504,128
1695,{app}\NPA5\SNIP\СНИП_23-05-95-2017\СП 52.13330.2016-0.files\image013.gif,app/NPA5/SNIP/СНИП_23-05-95-2017/СП 52.13330.2016-0.files/image013.gif,281,420984854,6b8da442599f4db9a7c65b9120c40afda8d02cf9,51a4480393d5e5c477cdb355a9a11db9cb8d80e7c61e4cb56a83162edb9e5713,2017-06-19T16:15:38+00:00,33685504,128
1696,{app}\NPA5\SNIP\СНИП_23-05-95-2017\СП 52.13330.2016-0.files\image014.gif,app/NPA5/SNIP/СНИП_23-05-95-2017/СП 52.13330.2016-0.files/image014.gif,378,420985135,38db54f0c97dd2c4b0b7ff09c36bc6576d9da9e7,2c9ac9977d0cff40575dfe506f10fb7ed75688685f26a8f46d7bcd15b6753b9d,2017-06-19T16:15:38+00:00,33685504,128
1697,{app}\NPA5\SNIP\СНИП_23-05-95-2017\СП 52.13330.2016-0.files\image015.gif,app/NPA5/SNIP/СНИП_23-05-95-2017/СП 52.13330.2016-0.files/image015.gif,266,420985513,e26f44add03126aca45ecaa219b9d7ac1a668b61,8bd707844ebada0999b911c1d7036dfcea651bf1835cb48a3a0e0e84b9763706,2017-06-19T16:15:38+00:00,33685504,128
1698,{app}\NPA5\SNIP\СНИП_23-05-95-2017\СП 52.13330.2016-0.files\image016.gif,app/NPA5/SNIP/СНИП_23-05-95-2017/СП 52.13330.2016-0.files/image016.gif,1235,420985779,4f67506e88bbc8d9c081e1b8e986d10d13933994,5d0e2048c71cdbaceadd2572139e0e38a14024ff41aad8353be28c46b1981d76,2017-06-19T16:15:38+00:00,33685504,128
1699,{app}\NPA5\SNIP\СНИП_23-05-95-2017\СП 52.13330.2016-0.files\image017.gif,app/NPA5/SNIP/СНИП_23-05-95-2017/СП 52.13330.2016-0.files/image017.gif,360,420987014,5415b23d4a8e009aad308ea009fba11b67a2ff94,bb9a4de6416a3199a26ecf4d76c0b51d936202724fdd993eefee991c0ec57e2d,2017-06-19T16:15:38+00:00,33685504,128
1700,{app}\NPA5\SNIP\СНИП_23-05-95-2017\СП 52.13330.2016-0.files\image018.gif,app/NPA5/SNIP/СНИП_23-05-95-2017/СП 52.13330.2016-0.files/image018.gif,794,420987374,dee2da963c60e36a2ea82d8af15a63fa4970a297,4d4399c72df8de7b8af4460ff4fa181df5675ab0097ac0c2d4ac285fcc1e4745,2017-06-19T16:15:38+00:00,33685504,128
1701,{app}\NPA5\SNIP\СНИП_23-05-95-2017\СП 52.13330.2016-0.files\image019.gif,app/NPA5/SNIP/СНИП_23-05-95-2017/СП 52.13330.2016-0.files/image019.gif,466,420988168,380e3b8a5d646795150bbe6f70581394132827ec,f1d2858671b0aea7b7f6657eaec8f3573a2f7449c9c881f956ad916620a10c82,2017-06-19T16:15:38+00:00,33685504,128
1702,{app}\NPA5\SNIP\СНИП_23-05-95-2017\СП 52.13330.2016-0.files\image020.gif,app/NPA5/SNIP/СНИП_23-05-95-2017/СП 52.13330.2016-0.files/image020.gif,801,420988634,45a9287867b63c95245bd76e0d9b3aee1da56964,f66b3f52de0593ba2c22b457e12af2f7ebd75811c792db5dc03f4f43c34df14f,2017-06-19T16:15:38+00:00,33685504,128
1703,{app}\NPA5\SNIP\СНИП_23-05-95-2017\СП 52.13330.2016-0.files\image021.gif,app/NPA5/SNIP/СНИП_23-05-95-2017/СП 52.13330.2016-0.files/image021.gif,407,420989435,7ccacdfeec5f6bbb87453713c6e64b86dcc0c631,9eeb04465ae86882492c19a923235d2e9df49eac18a8d765091d742886bcb045,2017-06-19T16:15:38+00:00,33685504,128
1704,{app}\NPA5\SNIP\СНИП_23-05-95-2017\СП 52.13330.2016-0.files\image022.gif,app/NPA5/SNIP/СНИП_23-05-95-2017/СП 52.13330.2016-0.files/image022.gif,206,420989842,3eebc329f10490ad14bfb5361c89101c5ffd016d,6c0202c411e17c75da9df980b8e0dec38b8955f67ff73d4c92f7ebec04451a57,2017-06-19T16:15:38+00:00,33685504,128
1705,{app}\NPA5\SNIP\СНИП_23-05-95-2017\СП 52.13330.2016-0.files\image023.gif,app/NPA5/SNIP/СНИП_23-05-95-2017/СП 52.13330.2016-0.files/image023.gif,258,420990048,81cde82b3edf9703f95a52c06b60d0e0471a832f,8793f59219d1ce4a61dc7c733035b6eea0ba826ea2bc61b1ae7dcd8d73696a5e,2017-06-19T16:15:38+00:00,33685504,128
1706,{app}\NPA5\SNIP\СНИП_23-05-95-2017\СП 52.13330.2016-0.files\image024.gif,app/NPA5/SNIP/СНИП_23-05-95-2017/СП 52.13330.2016-0.files/image024.gif,711,420990306,801a519c120eff78b3a8bf14cd0bd083a6365484,b8bfed9699e4955b57b6b80ba925d595f3c7f846c11589f55edd86a4f604a9ca,2017-06-19T16:15:38+00:00,33685504,128
1707,{app}\NPA5\SNIP\СНИП_23-05-95-2017\СП 52.13330.2016-0.files\image025.gif,app/NPA5/SNIP/СНИП_23-05-95-2017/СП 52.13330.2016-0.files/image025.gif,241,420991017,d7cad4df72bad9a741db3e5413f04134fa92777b,38d28e954b304c93e1366a121f51bf214138326fe6be2f7c3fa32fd6278a1372,2017-06-19T16:15:38+00:00,33685504,128
1708,{app}\NPA5\SNIP\СНИП_23-05-95-2017\СП 52.13330.2016-0.files\image026.gif,app/NPA5/SNIP/СНИП_23-05-95-2017/СП 52.13330.2016-0.files/image026.gif,150,420991258,2784429941074528365b6ec1f651b21d368fdc4f,1b3ff4d2742fdb4a16428abda980aba2d7a53bd5eca94d4d9d76e73ad0ad746c,2017-06-19T16:15:38+00:00,33685504,128
1709,{app}\NPA5\SNIP\СНИП_23-05-95-2017\СП 52.13330.2016-0.files\image027.jpg,app/NPA5/SNIP/СНИП_23-05-95-2017/СП 52.13330.2016-0.files/image027.jpg,22928,420991408,c25544466939171178e9f9dbeae4457361f4e467,753ac4cc85067cb6d147851ff972f55492f58095e2be540db10d416110af4151,2017-06-19T16:15:40+00:00,33685504,128
1710,{app}\NPA5\SNIP\СНИП_23-05-95-2017\СП 52.13330.2016-0.files\image028.gif,app/NPA5/SNIP/СНИП_23-05-95-2017/СП 52.13330.2016-0.files/image028.gif,663,421014336,4f2f0633aa9655fe87d5a69ee28287f310eaf0d3,5caeea47637acacb9418d92757a2cf2da9c71122ea9b046bf1743d54f51fd91b,2017-06-19T16:15:40+00:00,33685504,128
1711,{app}\NPA5\SNIP\СНИП_23-05-95-2017\СП 52.13330.2016-0.files\image029.gif,app/NPA5/SNIP/СНИП_23-05-95-2017/СП 52.13330.2016-0.files/image029.gif,423,421014999,9f5e987d0127135d02deef7ebce4cd19bf6a5f66,62893c3e6014ad03edacdbda5387ed86c50da54e0230dfb0346abab5f75a7730,2017-06-19T16:15:40+00:00,33685504,128
1712,{app}\NPA5\SNIP\СНИП_23-05-95-2017\СП 52.13330.2016-0.files\image030.gif,app/NPA5/SNIP/СНИП_23-05-95-2017/СП 52.13330.2016-0.files/image030.gif,423,421015422,33ea506dee28a3979eeaa45e2bcd9389bfca301e,7d35e918a0f7d69aa3b9c12e096ca4c1d4408ca51ea9ac4b454164fa818be5dd,2017-06-19T16:15:40+00:00,33685504,128
1713,{app}\NPA5\SNIP\СНИП_23-05-95-2017\СП 52.13330.2016-0.files\image031.gif,app/NPA5/SNIP/СНИП_23-05-95-2017/СП 52.13330.2016-0.files/image031.gif,250,421015845,9c937c4dd6779d876a389676592718ee84610ad9,f1ccea667905e3ed2749ec3b3156a7cd22316c38ddb7b73a1583e5655551f42c,2017-06-19T16:15:40+00:00,33685504,128
1714,{app}\NPA5\SNIP\СНИП_23-05-95-2017\СП 52.13330.2016-0.files\image032.gif,app/NPA5/SNIP/СНИП_23-05-95-2017/СП 52.13330.2016-0.files/image032.gif,666,421016095,5054f0483c71138c76c41744bad219db07abfa21,a630f052c9c2b7110ac1e25b4807e3a6c4a4a6e285f254a5922f3ff35e5a15f6,2017-06-19T16:15:40+00:00,33685504,128
1715,{app}\NPA5\SNIP\СНИП_23-05-95-2017\СП 52.13330.2016-0.files\image033.gif,app/NPA5/SNIP/СНИП_23-05-95-2017/СП 52.13330.2016-0.files/image033.gif,946,421016761,c7541b3e9d2904b25a8bea646d0f2830e613c344,c872f99df9d2091f98a3bace2695d4e643b3f811d68d57162ae4bea2f0307aae,2017-06-19T16:15:40+00:00,33685504,128
1716,{app}\NPA5\SNIP\СНИП_23-05-95-2017\СП 52.13330.2016-0.files\image034.gif,app/NPA5/SNIP/СНИП_23-05-95-2017/СП 52.13330.2016-0.files/image034.gif,441,421017707,1638aabd826bc54f480600184b8c4d2ab410043d,7df88345519329168a6d6089cb4c77d592f5c3a69fad503c611d69ad457dadde,2017-06-19T16:15:40+00:00,33685504,128
1717,{app}\NPA5\SNIP\СНИП_23-05-95-2017\СП 52.13330.2016-0.files\image035.gif,app/NPA5/SNIP/СНИП_23-05-95-2017/СП 52.13330.2016-0.files/image035.gif,459,421018148,679f6239032af26499a9b9d060e3d11d631265d7,0fe4e9d159662fbe068a8b138641f66bce55033590c366e78d9fce4d98f01363,2017-06-19T16:15:40+00:00,33685504,128
1718,{app}\NPA5\SNIP\СНИП_23-05-95-2017\СП 52.13330.2016-0.files\image036.gif,app/NPA5/SNIP/СНИП_23-05-95-2017/СП 52.13330.2016-0.files/image036.gif,452,421018607,21e7139ba77fbe8143dc8155ddc2e5bf1d923a82,03e454432075ead4c0cc28bfe5424d7b045ce9690930f45c97513ca5d3d5383e,2017-06-19T16:15:40+00:00,33685504,128
1719,{app}\NPA5\SNIP\СНИП_23-05-95-2017\СП 52.13330.2016-0.files\image037.gif,app/NPA5/SNIP/СНИП_23-05-95-2017/СП 52.13330.2016-0.files/image037.gif,1504,421019059,25cdeea5b80077ab72545963315d54d91047d7af,7e0e737d2c5df8a0c15037b01b200de3908ed0c68fb057bfd7bdd4fc102877b1,2017-06-19T16:15:40+00:00,33685504,128
1720,{app}\NPA5\SNIP\СНИП_23-05-95-2017\СП 52.13330.2016-0.files\image038.gif,app/NPA5/SNIP/СНИП_23-05-95-2017/СП 52.13330.2016-0.files/image038.gif,544,421020563,cf6e9e91a81a61cca9c48e125486a8a85f3a1d6a,dab8ec9d52ab098da450373ea9799ccf8e3c8aab46c8b6764072441585bc179d,2017-06-19T16:15:40+00:00,33685504,128
1721,{app}\NPA5\SNIP\СНИП_23-05-95-2017\СП 52.13330.2016-0.files\image039.gif,app/NPA5/SNIP/СНИП_23-05-95-2017/СП 52.13330.2016-0.files/image039.gif,460,421021107,25262c277816171c212cfb269c9f18482ed27b02,49867b032cf36fae458d5da35674abc531a23c4f886cad3cbf17c23e82a89af9,2017-06-19T16:15:40+00:00,33685504,128
1722,{app}\NPA5\SNIP\СНИП_23-05-95-2017\СП 52.13330.2016-0.files\image040.gif,app/NPA5/SNIP/СНИП_23-05-95-2017/СП 52.13330.2016-0.files/image040.gif,264,421021567,4640d278d3167884056828fe4db666b8a862b7bf,3a79f0ef7063397e49d49a721dbcc18c78ded7c97de713389e9e8f7ce701949c,2017-06-19T16:15:40+00:00,33685504,128
1723,{app}\NPA5\SNIP\СНИП_23-05-95-2017\СП 52.13330.2016-0.files\image041.gif,app/NPA5/SNIP/СНИП_23-05-95-2017/СП 52.13330.2016-0.files/image041.gif,629,421021831,75ec823c692952b75469182479e43adf3537ceb2,bca8170c38d87e958ae69da6e1e4ff5c778c29f7af3602a1b53f39fa69a53fc5,2017-06-19T16:15:40+00:00,33685504,128
1724,{app}\NPA5\SNIP\СНИП_23-05-95-2017\СП 52.13330.2016-0.files\image042.gif,app/NPA5/SNIP/СНИП_23-05-95-2017/СП 52.13330.2016-0.files/image042.gif,2011,421022460,d4484d290dfefd8973e993f42f2eb73c075a3df2,7015777760824efb4d41313de9ff6893e37afadd35cb7e47272ce8299dfb36c2,2017-06-19T16:15:40+00:00,33685504,128
1725,{app}\NPA5\SNIP\СНИП_23-05-95-2017\СП 52.13330.2016-0.files\image043.gif,app/NPA5/SNIP/СНИП_23-05-95-2017/СП 52.13330.2016-0.files/image043.gif,225,421024471,3e5ec8af1768bbb0583ba1c6766a9893d333e5c7,d9e23f55137cd2dc74ba74a34682fd6a816f5bbf18d83a1b34a5f74ac06bfab5,2017-06-19T16:15:40+00:00,33685504,128
1726,{app}\NPA5\SNIP\СНИП_23-05-95-2017\СП 52.13330.2016-0.files\image044.gif,app/NPA5/SNIP/СНИП_23-05-95-2017/СП 52.13330.2016-0.files/image044.gif,237,421024696,98096aa94f4c6842376dc47c6407d7972c835184,3853fa0f0758b12113040a1f5637f5a080b4297104ea9857bb56017fe3fd6442,2017-06-19T16:15:40+00:00,33685504,128
1727,{app}\NPA5\SNIP\СНИП_23-05-95-2017\СП 52.13330.2016-0.files\image045.gif,app/NPA5/SNIP/СНИП_23-05-95-2017/СП 52.13330.2016-0.files/image045.gif,232,421024933,6f1782271fe7ed4240f4e7ea0adf0cd8ce460865,731a290216157c12757757585c858cb321330dfa7de5ab721073fd7279f5708e,2017-06-19T16:15:40+00:00,33685504,128
1728,{app}\NPA5\SNIP\СНИП_23-05-95-2017\СП 52.13330.2016-0.files\image046.gif,app/NPA5/SNIP/СНИП_23-05-95-2017/СП 52.13330.2016-0.files/image046.gif,235,421025165,debafeb52f4543a92a70340f9ddc9b3980040179,cc8f29f36d0d88cf1a6c91c5c58d7134aafa72745320645c9d8e1fa44e0110b5,2017-06-19T16:15:40+00:00,33685504,128
1729,{app}\NPA5\SNIP\СНИП_23-05-95-2017\СП 52.13330.2016-0.files\image047.gif,app/NPA5/SNIP/СНИП_23-05-95-2017/СП 52.13330.2016-0.files/image047.gif,359,421025400,948869777d69fcae9ecd334113bf5abc58b85c36,67bfdce470a0e0361916a97387ad9647948b747c271648807b554992280b1ce5,2017-06-19T16:15:40+00:00,33685504,128
1730,{app}\NPA5\SNIP\СНИП_23-05-95-2017\СП 52.13330.2016-0.files\image048.gif,app/NPA5/SNIP/СНИП_23-05-95-2017/СП 52.13330.2016-0.files/image048.gif,448,421025759,091c5b5a1f500753a88de81f18d3dc398f54a6dc,34f46166ddfbfa70cd66fd5e9da9ca819a45672b58c11f9976f1619be920a153,2017-06-19T16:15:40+00:00,33685504,128
1731,{app}\NPA5\SNIP\СНИП_23-05-95-2017\СП 52.13330.2016-0.files\image049.gif,app/NPA5/SNIP/СНИП_23-05-95-2017/СП 52.13330.2016-0.files/image049.gif,264,421026207,af16f120c329bda17b85fb6b84e61bf5b3ff7d3e,484e49850e787737736498353437cabf0411063872df465b7c5d592686a9c161,2017-06-19T16:15:40+00:00,33685504,128
1732,{app}\NPA5\SNIP\СНИП_23-05-95-2017\СП 52.13330.2016-0.files\image050.gif,app/NPA5/SNIP/СНИП_23-05-95-2017/СП 52.13330.2016-0.files/image050.gif,639,421026471,7fea581a1f88df4e541e6d9a4a70ba5b884a6a93,e3c753e6c4c3837f6b7b34d56761806c4344a4b05dc41df06a793969c31e8cd1,2017-06-19T16:15:40+00:00,33685504,128
1733,{app}\NPA5\SNIP\СНИП_23-05-95-2017\СП 52.13330.2016-0.files\image051.gif,app/NPA5/SNIP/СНИП_23-05-95-2017/СП 52.13330.2016-0.files/image051.gif,246,421027110,fcd3ef250a24dd3f3a0b5985c2e438351f1489c6,cb587b3e9204975f3e7e436ce8ec7bcd57e90c519f0e8afe715ef41c6442095f,2017-06-19T16:15:40+00:00,33685504,128
1734,{app}\NPA5\SNIP\СНИП_23-05-95-2017\СП 52.13330.2016-0.files\image052.gif,app/NPA5/SNIP/СНИП_23-05-95-2017/СП 52.13330.2016-0.files/image052.gif,361,421027356,d2bd7f2cf412bf90ea77b544a241596762a68c8a,4de89f580a36523e5f4ea7114077a062f01af869fbcbd0de118ea4ba79731383,2017-06-19T16:15:40+00:00,33685504,128
1735,{app}\NPA5\SNIP\СНИП_23-05-95-2017\СП 52.13330.2016-0.files\image053.gif,app/NPA5/SNIP/СНИП_23-05-95-2017/СП 52.13330.2016-0.files/image053.gif,266,421027717,25c946d6186d10f84c793cbfa437a71683fe3795,8ce9a79a515520cfab4ef5831d5f535fb5f39d4102054f61aae09b24848c3849,2017-06-19T16:15:40+00:00,33685504,128
1736,{app}\NPA5\SNIP\СНИП_23-05-95-2017\СП 52.13330.2016-0.files\image054.gif,app/NPA5/SNIP/СНИП_23-05-95-2017/СП 52.13330.2016-0.files/image054.gif,252,421027983,c8dba14bb9686676d8c0c9bb194b5f060d03e380,778e69e2b63246375a01cc4e6b98369c0de706b40821268c06b1ff5d23a4ff75,2017-06-19T16:15:40+00:00,33685504,128
1737,{app}\NPA5\SNIP\СНИП_23-05-95-2017\СП 52.13330.2016-0.files\image055.gif,app/NPA5/SNIP/СНИП_23-05-95-2017/СП 52.13330.2016-0.files/image055.gif,1306,421028235,7c60176c34fde30e132f094f1036b499e52be0b7,98880dd872ed8198a1de01234fa3a92fec1643e5f69abe8703e34c4a963c0bc3,2017-06-19T16:15:40+00:00,33685504,128
1738,{app}\NPA5\SNIP\СНИП_23-05-95-2017\СП 52.13330.2016-0.files\image056.gif,app/NPA5/SNIP/СНИП_23-05-95-2017/СП 52.13330.2016-0.files/image056.gif,267,421029541,4790b23b204ed485ac70f59cc6a11f885f78a298,62ba3a23e36e098d3be0f861fe64c4f2f03d835ac36c9289423f93495ec3f336,2017-06-19T16:15:40+00:00,33685504,128
1739,{app}\NPA5\SNIP\СНИП_23-05-95-2017\СП 52.13330.2016-0.files\image057.gif,app/NPA5/SNIP/СНИП_23-05-95-2017/СП 52.13330.2016-0.files/image057.gif,323,421029808,34009e0eda25e4a71ba2f7fadd6b0ba50bf53c87,ad7f2ab71f7a3f49ebeaafd38bd247938d468d76e2b9de161bff5b0916dc0295,2017-06-19T16:15:40+00:00,33685504,128
1740,{app}\NPA5\SNIP\СНИП_23-05-95-2017\СП 52.13330.2016-0.files\image058.gif,app/NPA5/SNIP/СНИП_23-05-95-2017/СП 52.13330.2016-0.files/image058.gif,329,421030131,53a1ca2890cf19c2f9ce5f0beef5ad3d5fa355c1,3f25be7cc495749065042380d181458d66f7af354ec3923d79c386df75e7edf0,2017-06-19T16:15:40+00:00,33685504,128
1741,{app}\NPA5\SNIP\СНИП_23-05-95-2017\СП 52.13330.2016-0.files\image059.gif,app/NPA5/SNIP/СНИП_23-05-95-2017/СП 52.13330.2016-0.files/image059.gif,386,421030460,ebde54e0f48db12634c60ecac9116658673c58a9,363b22d06292e465e54b53c8e9232c932a9df1654e18096b826340e99d3a549e,2017-06-19T16:15:40+00:00,33685504,128
1742,{app}\NPA5\SNIP\СНИП_23-05-95-2017\СП 52.13330.2016-0.files\image060.gif,app/NPA5/SNIP/СНИП_23-05-95-2017/СП 52.13330.2016-0.files/image060.gif,231,421030846,32f9d7626a84979872f9f18e8e4c28fe2ef2b3fc,85d7be99dbe1efb7093cb26f985cb24a5a9ecce1732b6fad97e586d71518f887,2017-06-19T16:15:40+00:00,33685504,128
1743,{app}\NPA5\SNIP\СНИП_23-05-95-2017\СП 52.13330.2016-0.files\image061.gif,app/NPA5/SNIP/СНИП_23-05-95-2017/СП 52.13330.2016-0.files/image061.gif,532,421031077,8cc2fb94c2a9b9e047341104837d8ad35a58a411,0d2078be3487acc0802bf726638e29da28951a00c1db6a50fb303bfd0e9ec5a4,2017-06-19T16:15:40+00:00,33685504,128
1744,{app}\NPA5\SNIP\СНИП_23-05-95-2017\СП 52.13330.2016-0.files\image062.gif,app/NPA5/SNIP/СНИП_23-05-95-2017/СП 52.13330.2016-0.files/image062.gif,267,421031609,329831f4af07ef200ea10d6e5a4505559aad3463,b59171042c6d45727dd3856afb043b6e82b5077b1145a77fb01c522ca62da2b0,2017-06-19T16:15:40+00:00,33685504,128
1745,{app}\NPA5\SNIP\СНИП_23-05-95-2017\СП 52.13330.2016-0.files\image063.gif,app/NPA5/SNIP/СНИП_23-05-95-2017/СП 52.13330.2016-0.files/image063.gif,1099,421031876,8bb41d6e1a3dec54ab3201bb148ed3cd858228af,7fb6a446c138a7d87f77a6993817770f5b6a302b27e4455ca1bf7cfebc2f4524,2017-06-19T16:15:40+00:00,33685504,128
1746,{app}\NPA5\SNIP\СНИП_23-05-95-2017\СП 52.13330.2016-0.files\image064.gif,app/NPA5/SNIP/СНИП_23-05-95-2017/СП 52.13330.2016-0.files/image064.gif,245,421032975,429e6f78ba8e7d664a3035f380a03c4856cfb6c4,02edc074f7d9acd9341072b35e9c2edfafd020496692fe5630c8166ba5505a4a,2017-06-19T16:15:40+00:00,33685504,128
1747,{app}\NPA5\SNIP\СНИП_23-05-95-2017\СП 52.13330.2016-0.files\image065.gif,app/NPA5/SNIP/СНИП_23-05-95-2017/СП 52.13330.2016-0.files/image065.gif,387,421033220,14c2ab8cc99a7390043b42d04be4134e176dbb5e,24826627dfae046b99f77b7076513ccb0315ac39d48d230cbcc817024d7f43ba,2017-06-19T16:15:40+00:00,33685504,128
1748,{app}\NPA5\SNIP\СНИП_23-05-95-2017\СП 52.13330.2016-0.files\image066.gif,app/NPA5/SNIP/СНИП_23-05-95-2017/СП 52.13330.2016-0.files/image066.gif,415,421033607,c2ec642c86411d0ab67f0d39abd5f89a84019bf1,68f9a71b212d49b9f551ae6af90bd2395242a0e8a69e6767847b042ec092167b,2017-06-19T16:15:40+00:00,33685504,128
1749,{app}\NPA5\SNIP\СНИП_23-05-95-2017\СП 52.13330.2016-0.files\image067.gif,app/NPA5/SNIP/СНИП_23-05-95-2017/СП 52.13330.2016-0.files/image067.gif,633,421034022,4ab73732dadd08bb2ecc55e674481f51d6bbde98,3034a592de330c4d4e5702dc4235181ec4118ea20df6ae18fda6baf0f77d1e5e,2017-06-19T16:15:40+00:00,33685504,128
1750,{app}\NPA5\SNIP\СНИП_23-05-95-2017\СП 52.13330.2016-0.files\image068.gif,app/NPA5/SNIP/СНИП_23-05-95-2017/СП 52.13330.2016-0.files/image068.gif,1045,421034655,1bc0b44a8721a209be0cd45f884c064d324ae114,e3376eec7b06e9bb7ebee1a04e3d0db77c0364c84e2bb5556c58add9676d0544,2017-06-19T16:15:40+00:00,33685504,128
1751,{app}\NPA5\SNIP\СНИП_23-05-95-2017\СП 52.13330.2016-0.files\image069.gif,app/NPA5/SNIP/СНИП_23-05-95-2017/СП 52.13330.2016-0.files/image069.gif,236,421035700,2358eee22a2d97cdfb99467c7a8d31a8b09f2461,e3f4854a3ed4261b4db89c870bf32689899238b8f62851d5bdb109a80f1538c3,2017-06-19T16:15:40+00:00,33685504,128
1752,{app}\NPA5\SNIP\СНИП_23-05-95-2017\СП 52.13330.2016-0.files\image070.gif,app/NPA5/SNIP/СНИП_23-05-95-2017/СП 52.13330.2016-0.files/image070.gif,2428,421035936,bef4098dd5d73237955b5b5b8035000e91aac1c7,cda9a0cc754dd9e46f3dc4ff997db9b9f8d7a45038adece6cc37704fe35c4731,2017-06-19T16:15:40+00:00,33685504,128
1753,{app}\NPA5\SNIP\СНИП_23-05-95-2017\СП 52.13330.2016-0.files\image071.gif,app/NPA5/SNIP/СНИП_23-05-95-2017/СП 52.13330.2016-0.files/image071.gif,1614,421038364,d4190eab994adb0abf0baea52177ef45f27ed537,2936cf56d98658d540337ae176d4841a5efb637502e14ae38ed5444a711319c0,2017-06-19T16:15:40+00:00,33685504,128
1754,{app}\NPA5\SNIP\СНИП_23-05-95-2017\СП 52.13330.2016-0.files\image072.gif,app/NPA5/SNIP/СНИП_23-05-95-2017/СП 52.13330.2016-0.files/image072.gif,584,421039978,2fff463f710a773648d023492a2279116c0995a7,66c371f983440c20a220940159e07e2d93bd0654dd23ada97ce4a8d65f39b659,2017-06-19T16:15:40+00:00,33685504,128
1755,{app}\NPA5\SNIP\СНИП_23-05-95-2017\СП 52.13330.2016-0.files\image073.gif,app/NPA5/SNIP/СНИП_23-05-95-2017/СП 52.13330.2016-0.files/image073.gif,244,421040562,26569519ce7ff1b81a67c9bee0408ee6980aefa8,c77a845e89373b7ad33e935343fdcf893cfc605d42968a09a0157e050682f2f8,2017-06-19T16:15:40+00:00,33685504,128
1756,{app}\NPA5\SNIP\СНИП_23-05-95-2017\СП 52.13330.2016-0.files\image074.gif,app/NPA5/SNIP/СНИП_23-05-95-2017/СП 52.13330.2016-0.files/image074.gif,226,421040806,0d3ad892a6507a1e3e4a11b069868577a3e40482,47bd7049c30727c0aa7fb7fa902245549f1d3b36e597833381f4ccdf72a3e891,2017-06-19T16:15:40+00:00,33685504,128
1757,{app}\NPA5\SNIP\СНИП_23-05-95-2017\СП 52.13330.2016-0.files\image075.gif,app/NPA5/SNIP/СНИП_23-05-95-2017/СП 52.13330.2016-0.files/image075.gif,281,421041032,3eb14901d3fe0a8c0c3cae95c8c0e299f595ac29,d4c8c2d79951822f6f32ac421e0f635dfb1f3967503b5987dc76b7daf54498aa,2017-06-19T16:15:40+00:00,33685504,128
1758,{app}\NPA5\SNIP\СНИП_23-05-95-2017\СП 52.13330.2016-0.files\image076.gif,app/NPA5/SNIP/СНИП_23-05-95-2017/СП 52.13330.2016-0.files/image076.gif,285,421041313,adf7cba926443eed5769f63226a3c3599e0ec837,79a09d1b9aea78c4a0052931cd2b7f4cec05df24fe31627ecb861b4a32d9c457,2017-06-19T16:15:40+00:00,33685504,128
1759,{app}\NPA5\SNIP\СНИП_23-05-95-2017\СП 52.13330.2016-0.files\image077.gif,app/NPA5/SNIP/СНИП_23-05-95-2017/СП 52.13330.2016-0.files/image077.gif,223,421041598,172f37b5bedb8d7df711b82e9c06c1b7ed9e653c,c92feb0176ffa78c007b635f4c1c66a046488fb60a65b6771f295f4336ac31ad,2017-06-19T16:15:40+00:00,33685504,128
1760,{app}\NPA5\SNIP\СНИП_23-05-95-2017\СП 52.13330.2016-0.files\image078.gif,app/NPA5/SNIP/СНИП_23-05-95-2017/СП 52.13330.2016-0.files/image078.gif,408,421041821,15eaab71847f3303952ef7ec1907de7738e3744c,de93dc444bce3430d014ae65453c116ca7b058530ac61410813b42e63c88fec1,2017-06-19T16:15:40+00:00,33685504,128
1761,{app}\NPA5\SNIP\СНИП_23-05-95-2017\СП 52.13330.2016-0.files\image079.gif,app/NPA5/SNIP/СНИП_23-05-95-2017/СП 52.13330.2016-0.files/image079.gif,1980,421042229,c4971a83ddf8247dd358d402477350b58e415172,3ee5ea5f83d27b8d932bb8fee6c44769c5c67b8a8807c6900a9de2ae89adbe7a,2017-06-19T16:15:40+00:00,33685504,128
1762,{app}\NPA5\SNIP\СНИП_23-05-95-2017\СП 52.13330.2016-0.files\image080.gif,app/NPA5/SNIP/СНИП_23-05-95-2017/СП 52.13330.2016-0.files/image080.gif,396,421044209,5ecc8a4bd28f3251d315ba05ad457db12e313d32,ec39dd9bbda3a5cf50ec554eda08775af6d28c526da806a68c186488f0ff28d8,2017-06-19T16:15:40+00:00,33685504,128
1763,{app}\NPA5\SNIP\СНИП_23-05-95-2017\СП 52.13330.2016-0.files\image081.gif,app/NPA5/SNIP/СНИП_23-05-95-2017/СП 52.13330.2016-0.files/image081.gif,231,421044605,c978c3e80953ffaa4e56db4c095710dffee0c30f,084174210769efcb36b7fc4fc9b3c93bc95ee0d25e4cc5f350573dc2e3f04967,2017-06-19T16:15:40+00:00,33685504,128
1764,{app}\NPA5\SNIP\СНИП_23-05-95-2017\СП 52.13330.2016-0.files\image082.gif,app/NPA5/SNIP/СНИП_23-05-95-2017/СП 52.13330.2016-0.files/image082.gif,575,421044836,1f5399cedf5cb76f3d89e0fc0db0d670911b492d,f211cb589c9df86aee85c1e0f1d4552717ec1b0f2106eb90ac8adf4a9f6a42bb,2017-06-19T16:15:40+00:00,33685504,128
1765,{app}\NPA5\SNIP\СНИП_23-05-95-2017\СП 52.13330.2016-0.files\image083.gif,app/NPA5/SNIP/СНИП_23-05-95-2017/СП 52.13330.2016-0.files/image083.gif,215,421045411,8bb30f841c80ad953964b8035cee0ba69b8943cb,557b4a13d8e00919c6154e336d5ce0464970e52e0945ed7abf965ca6df6f60fd,2017-06-19T16:15:40+00:00,33685504,128
1766,{app}\NPA5\SNIP\СНИП_23-05-95-2017\СП 52.13330.2016-0.files\image084.gif,app/NPA5/SNIP/СНИП_23-05-95-2017/СП 52.13330.2016-0.files/image084.gif,227,421045626,caa866053b6a8ba131e9dfdde945dbf8d9b2deec,48ede1dc2f8ffcb07a421abb3f264668a1a93c46e777b02c1373cf9b9c038695,2017-06-19T16:15:40+00:00,33685504,128
1767,{app}\NPA5\SNIP\СНИП_23-05-95-2017\СП 52.13330.2016-0.files\image085.gif,app/NPA5/SNIP/СНИП_23-05-95-2017/СП 52.13330.2016-0.files/image085.gif,227,421045853,be1b26e878514750d29ffb3a322328dca36b3861,3852089426abf848506c9248f09ad85814e00612d00e3f2f037576b476634dbe,2017-06-19T16:15:40+00:00,33685504,128
1768,{app}\NPA5\SNIP\СНИП_23-05-95-2017\СП 52.13330.2016-0.files\image086.gif,app/NPA5/SNIP/СНИП_23-05-95-2017/СП 52.13330.2016-0.files/image086.gif,271,421046080,5646f02250e2e880f4a20723f018f6555462ed59,056e2846eb7d42fceea4cdd1c7c4d527dea12dc4847ee4b4e6da55ae49169ac4,2017-06-19T16:15:40+00:00,33685504,128
1769,{app}\NPA5\SNIP\СНИП_23-05-95-2017\СП 52.13330.2016-0.files\image087.gif,app/NPA5/SNIP/СНИП_23-05-95-2017/СП 52.13330.2016-0.files/image087.gif,223,421046351,5ebc6f0d3750d3c5d3e85be4b26701396fdc6d8d,f0c1e47b8e75e88352d686fa4e1e3dd27cc27fb3dbcab441699cf24e37c07a86,2017-06-19T16:15:40+00:00,33685504,128
1770,{app}\NPA5\SNIP\СНИП_23-05-95-2017\СП 52.13330.2016-0.files\image088.gif,app/NPA5/SNIP/СНИП_23-05-95-2017/СП 52.13330.2016-0.files/image088.gif,227,421046574,b8338b78848ea00d3c7bab8119fb4b9c577d492a,5e942076bbe06d428a2ef4a0c1a8720de90abed78378e56092f9f8f4546d3972,2017-06-19T16:15:40+00:00,33685504,128
1771,{app}\NPA5\SNIP\СНИП_23-05-95-2017\СП 52.13330.2016-0.files\image089.gif,app/NPA5/SNIP/СНИП_23-05-95-2017/СП 52.13330.2016-0.files/image089.gif,236,421046801,ce43ddac8c588addfee6c3f13c7b2a32f4bf03aa,e7af3a094bf31cc47eb284f548176019d3e6062cdd66459b50256c3317aeb821,2017-06-19T16:15:40+00:00,33685504,128
1772,{app}\NPA5\SNIP\СНИП_23-05-95-2017\СП 52.13330.2016-0.files\image090.gif,app/NPA5/SNIP/СНИП_23-05-95-2017/СП 52.13330.2016-0.files/image090.gif,256,421047037,cad847a9504a76cdcbdd502b380882944913ddb0,b9f5bcc9ce2e740668328c6ba383b519e4a366b6bbb7b69bfcd7e7b6bbd0a2c7,2017-06-19T16:15:40+00:00,33685504,128
1773,{app}\NPA5\SNIP\СНИП_23-05-95-2017\СП 52.13330.2016-0.files\image091.gif,app/NPA5/SNIP/СНИП_23-05-95-2017/СП 52.13330.2016-0.files/image091.gif,835,421047293,0889f89c9b4730e012a1f0832d4e7217eca838f6,f7432130fff3d2d7983b9abb722feff56297baa3482e3caa43ed874e17b6cecc,2017-06-19T16:15:40+00:00,33685504,128
1774,{app}\NPA5\SNIP\СНИП_23-05-95-2017\СП 52.13330.2016-0.files\image092.gif,app/NPA5/SNIP/СНИП_23-05-95-2017/СП 52.13330.2016-0.files/image092.gif,223,421048128,35db4d96ad11cadda2af5912158ac49fe216d011,44f52388b51c57050e61955f2f77ddbe8326ccb867084ee5e1426b52adab6fea,2017-06-19T16:15:40+00:00,33685504,128
1775,{app}\NPA5\SNIP\СНИП_23-05-95-2017\СП 52.13330.2016-0.files\image093.gif,app/NPA5/SNIP/СНИП_23-05-95-2017/СП 52.13330.2016-0.files/image093.gif,257,421048351,5fc3c30ffdc8d8d71f7ac0f723e4e4140a228e80,81fc995b061fd29e466038796e8ca89bdede891ccdf55263555a4b6e40d4870e,2017-06-19T16:15:40+00:00,33685504,128
1776,{app}\NPA5\SNIP\СНИП_23-05-95-2017\СП 52.13330.2016-0.files\image094.gif,app/NPA5/SNIP/СНИП_23-05-95-2017/СП 52.13330.2016-0.files/image094.gif,257,421048608,7b19241c2739d0ade6fad64d7b48c7d4b570f947,dffebb56439ce81ff62ac3615bc39ef925b4c8ffdb6b5d21dd99db18c916f171,2017-06-19T16:15:40+00:00,33685504,128
1777,{app}\NPA5\SNIP\СНИП_23-05-95-2017\СП 52.13330.2016-0.files\image095.gif,app/NPA5/SNIP/СНИП_23-05-95-2017/СП 52.13330.2016-0.files/image095.gif,1416,421048865,1a3a7f8cf486b5f9929d57dbecd3b214285a6e16,c29eeeb23d9acb39f4cff65816c28c847fe488a658b609098233090f4257d54c,2017-06-19T16:15:42+00:00,33685504,128
1778,{app}\NPA5\SNIP\СНИП_23-05-95-2017\СП 52.13330.2016-0.files\image096.gif,app/NPA5/SNIP/СНИП_23-05-95-2017/СП 52.13330.2016-0.files/image096.gif,219,421050281,3671f56b4a4f8253cf36c7039b89da5efa223bf0,12e7ee7899b3ce04f34c94d143f35038160b4adee4eb8f66688a8c385ae42fd0,2017-06-19T16:15:42+00:00,33685504,128
1779,{app}\NPA5\SNIP\СНИП_23-05-95-2017\СП 52.13330.2016-0.files\image097.gif,app/NPA5/SNIP/СНИП_23-05-95-2017/СП 52.13330.2016-0.files/image097.gif,250,421050500,642ad2035685a544719979ce12d848e6f7c84182,7559b1e8e8817c01d62ee28e4c2bb26d5bda4ee9ac1e9efda7745cba8f320ea3,2017-06-19T16:15:42+00:00,33685504,128
1780,{app}\NPA5\SNIP\СНИП_23-05-95-2017\СП 52.13330.2016-0.files\image098.gif,app/NPA5/SNIP/СНИП_23-05-95-2017/СП 52.13330.2016-0.files/image098.gif,355,421050750,774f552d0d00a71682ac4c8d8231206cf5e28011,6179300f1cf40b12a7c6c8949076bab566e8a1094fd7c02907a67fe788651f62,2017-06-19T16:15:42+00:00,33685504,128
1781,{app}\NPA5\SNIP\СНИП_23-05-95-2017\СП 52.13330.2016-0.files\image099.gif,app/NPA5/SNIP/СНИП_23-05-95-2017/СП 52.13330.2016-0.files/image099.gif,370,421051105,c61a170655f5606a4a03608618016b91a8908cf1,b49b1405c1172ccd43747939d4d39fd818cd227f94673a0b9e62a588cc0f3eb0,2017-06-19T16:15:42+00:00,33685504,128
1782,{app}\NPA5\SNIP\СНИП_23-05-95-2017\СП 52.13330.2016-0.files\image100.gif,app/NPA5/SNIP/СНИП_23-05-95-2017/СП 52.13330.2016-0.files/image100.gif,464,421051475,51bc31e0c24b1692f9f101c21eb3f85f22973737,0f07eb017d211133704d5aeafc7563ad198e73807e017fddf850c7378e5e22fa,2017-06-19T16:15:42+00:00,33685504,128
1783,{app}\NPA5\SNIP\СНИП_23-05-95-2017\СП 52.13330.2016-0.files\image101.gif,app/NPA5/SNIP/СНИП_23-05-95-2017/СП 52.13330.2016-0.files/image101.gif,210,421051939,a43d0ae6297f8c5eb1dd1c8ddc2d444e2d886483,918a556af472426f52e44ed2cf02971e1dda12f538b339200baf1abac3a8907d,2017-06-19T16:15:42+00:00,33685504,128
1784,{app}\NPA5\SNIP\СНИП_23-05-95-2017\СП 52.13330.2016-0.files\image102.gif,app/NPA5/SNIP/СНИП_23-05-95-2017/СП 52.13330.2016-0.files/image102.gif,465,421052149,03e63044e45726ed28e9a1f2f56180ed86efc51e,553ae004dec78a0cac65bfec06507f83d59629952d36895b6cbd8e129ef584e3,2017-06-19T16:15:42+00:00,33685504,128
1785,{app}\NPA5\SNIP\СНИП_23-05-95-2017\СП 52.13330.2016-0.files\image103.gif,app/NPA5/SNIP/СНИП_23-05-95-2017/СП 52.13330.2016-0.files/image103.gif,241,421052614,6557a3ca2caa40334f38f5fd265703b383230c7c,88c6558d6c2ad39e0cb524616fc9cf650baecdbddded1a2ebf8453fe801f078f,2017-06-19T16:15:42+00:00,33685504,128
1786,{app}\NPA5\SNIP\СНИП_23-05-95-2017\СП 52.13330.2016-0.files\image104.gif,app/NPA5/SNIP/СНИП_23-05-95-2017/СП 52.13330.2016-0.files/image104.gif,249,421052855,38fa3c76e5dc705cd3742ade7887e5a97b582242,7ff611c62fa72cfb28d3588ab55787b3146204e136833c278791662ea8db3ad9,2017-06-19T16:15:42+00:00,33685504,128
1787,{app}\NPA5\SNIP\СНИП_23-05-95-2017\СП 52.13330.2016-0.files\image105.gif,app/NPA5/SNIP/СНИП_23-05-95-2017/СП 52.13330.2016-0.files/image105.gif,411,421053104,718ca4442ef6f948cb7a26f3d7d7b2e95462e2c0,dcfa9e9929227948204c9a735e8b3d819a1f2147228639495ea3795861a2fd52,2017-06-19T16:15:42+00:00,33685504,128
1788,{app}\NPA5\SNIP\СНИП_23-05-95-2017\СП 52.13330.2016-0.files\image106.gif,app/NPA5/SNIP/СНИП_23-05-95-2017/СП 52.13330.2016-0.files/image106.gif,273,421053515,3282f688e104224ceae8c2d249cb7e29a846c880,327a9cb83562b900db73ac5d0a007c696e1c976a7bc0cf2f7d9d25d0f74a712d,2017-06-19T16:15:42+00:00,33685504,128
1789,{app}\NPA5\SNIP\СНИП_23-05-95-2017\СП 52.13330.2016-0.files\image107.gif,app/NPA5/SNIP/СНИП_23-05-95-2017/СП 52.13330.2016-0.files/image107.gif,883,421053788,1bf53114c27265cde568187c9c3e9368b75d78de,670bc384939fc22f293db4a79ade09eb2f98248e37977b3376ed10980b0cecbb,2017-06-19T16:15:42+00:00,33685504,128
1790,{app}\NPA5\SNIP\СНИП_23-05-95-2017\СП 52.13330.2016-0.files\image108.gif,app/NPA5/SNIP/СНИП_23-05-95-2017/СП 52.13330.2016-0.files/image108.gif,371,421054671,54231465e07ede2fca0027d1d7d644b86e82a9c5,3f738923805594a4eaaaa719ae8ca95a65f102b400c163593b31b9d32988e6c7,2017-06-19T16:15:42+00:00,33685504,128
1791,{app}\NPA5\SNIP\СНИП_23-05-95-2017\СП 52.13330.2016-0.files\image109.gif,app/NPA5/SNIP/СНИП_23-05-95-2017/СП 52.13330.2016-0.files/image109.gif,208,421055042,860ec9710d180ebaae277ab324ba82c1fc18390f,2319c74a86fe1a16c164fe4ad6bb38915c266b12ee7902521bb2365779cf5519,2017-06-19T16:15:42+00:00,33685504,128
1792,{app}\NPA5\SNIP\СНИП_23-05-95-2017\СП 52.13330.2016-0.files\image110.gif,app/NPA5/SNIP/СНИП_23-05-95-2017/СП 52.13330.2016-0.files/image110.gif,235,421055250,80827693c2f78310eb220720958d4027629114d8,b4eaa23b50087f3bd049a8cd8d56c7739a59e85d38f27e89ed894d0249bf63ac,2017-06-19T16:15:42+00:00,33685504,128
1793,{app}\NPA5\SNIP\СНИП_23-05-95-2017\СП 52.13330.2016-0.files\image111.gif,app/NPA5/SNIP/СНИП_23-05-95-2017/СП 52.13330.2016-0.files/image111.gif,407,421055485,2692f4ea0385d96fb8a379085b486cb455ba3483,78533c36975cdf23a5fe42a4c7c8536d0d8e255c5de3d6fdd939c1374d2c63fc,2017-06-19T16:15:42+00:00,33685504,128
1794,{app}\NPA5\SNIP\СНИП_23-05-95-2017\СП 52.13330.2016-0.files\image112.gif,app/NPA5/SNIP/СНИП_23-05-95-2017/СП 52.13330.2016-0.files/image112.gif,235,421055892,fa846517f19d3f222645eb30d5c5ab76ac20af6e,836fc76792aa6054798dba68572b1c55cc522de6d2e4cf49ca8f01c5e8c7bb8e,2017-06-19T16:15:42+00:00,33685504,128
1795,{app}\NPA5\SNIP\СНИП_23-05-95-2017\СП 52.13330.2016-0.files\image113.gif,app/NPA5/SNIP/СНИП_23-05-95-2017/СП 52.13330.2016-0.files/image113.gif,220,421056127,3f2a3425870e87884f1a4028b7e7892ac533c4c7,d20b0ed2d6691123d9161e117cb1dff8fcd43c6a600cd2ed684f56f87976c63a,2017-06-19T16:15:42+00:00,33685504,128
1796,{app}\NPA5\SNIP\СНИП_23-05-95-2017\СП 52.13330.2016-0.files\image114.gif,app/NPA5/SNIP/СНИП_23-05-95-2017/СП 52.13330.2016-0.files/image114.gif,321,421056347,0e0ec159a97ac7cc133cfe7f7d483fb2e182bb0c,984395fc9bfdded057b7c18a7cc73ac37b8aeb32e4720ad2e544eaa7df29fa8d,2017-06-19T16:15:42+00:00,33685504,128
1797,{app}\NPA5\SNIP\СНИП_23-05-95-2017\СП 52.13330.2016-0.files\image115.gif,app/NPA5/SNIP/СНИП_23-05-95-2017/СП 52.13330.2016-0.files/image115.gif,344,421056668,b168dfa04f0719341e1719a3ad031d6c47fd3384,cbab063aa4dabf003485e6bbc274d08d0a8f479b5a552fadbba39b6a88e06ea0,2017-06-19T16:15:42+00:00,33685504,128
1798,{app}\NPA5\SNIP\СНИП_23-05-95-2017\СП 52.13330.2016-0.files\image116.gif,app/NPA5/SNIP/СНИП_23-05-95-2017/СП 52.13330.2016-0.files/image116.gif,250,421057012,f42dc5380a97dd212148c4d30f724a06042b4b9b,b327a0aa7ae8c91006c4425725bff80bc5307f3df592586f1de10049b8a7885f,2017-06-19T16:15:42+00:00,33685504,128
1799,{app}\NPA5\SNIP\СНИП_23-05-95-2017\СП 52.13330.2016-0.files\image117.gif,app/NPA5/SNIP/СНИП_23-05-95-2017/СП 52.13330.2016-0.files/image117.gif,260,421057262,175c45ed168ad422715cac4cb36d91250bfc8b2b,d6d64993c1bda0bd31170ba537ce012febce5066f9a477b70d181cf678a3d02c,2017-06-19T16:15:42+00:00,33685504,128
1800,{app}\NPA5\SNIP\СНИП_23-05-95-2017\СП 52.13330.2016-0.files\image118.gif,app/NPA5/SNIP/СНИП_23-05-95-2017/СП 52.13330.2016-0.files/image118.gif,250,421057522,a3c7e9f0c8eadacac74ce40fec8940b6377c7fcb,dc270d50619147b49c37a52ad7dabb03d7be68e49c0cb9f05a51e98725201867,2017-06-19T16:15:42+00:00,33685504,128
1801,{app}\NPA5\SNIP\СНИП_23-05-95-2017\СП 52.13330.2016-0.files\image119.gif,app/NPA5/SNIP/СНИП_23-05-95-2017/СП 52.13330.2016-0.files/image119.gif,1586,421057772,efc238c8bab9f0134b8541da3343eddef081c754,a52aec110aa0583ede3ceb1e41f5b400e641f843ebafe9ae1d005625b6968cc7,2017-06-19T16:15:42+00:00,33685504,128
1802,{app}\NPA5\SNIP\СНИП_23-05-95-2017\СП 52.13330.2016-0.files\image120.gif,app/NPA5/SNIP/СНИП_23-05-95-2017/СП 52.13330.2016-0.files/image120.gif,394,421059358,dab2e65fe57321c19d0a5a446869b5f2cafba00f,79ffd2fed02d4796d1769ee1f9c3156f4c98e29ee64dc1fdaa8b2dd8c2e80615,2017-06-19T16:15:42+00:00,33685504,128
1803,{app}\NPA5\SNIP\СНИП_23-05-95-2017\СП 52.13330.2016-0.files\image121.gif,app/NPA5/SNIP/СНИП_23-05-95-2017/СП 52.13330.2016-0.files/image121.gif,405,421059752,56a2188a2a9bb516f33065cc2a40428162051551,f20baf8e8c941c0c4d9e7d1e204369484f1b71040a84dd09aaf967290ae1eaee,2017-06-19T16:15:42+00:00,33685504,128
1804,{app}\NPA5\SNIP\СНИП_23-05-95-2017\СП 52.13330.2016-0.files\image122.gif,app/NPA5/SNIP/СНИП_23-05-95-2017/СП 52.13330.2016-0.files/image122.gif,375,421060157,53fdf82236cb029c75fe19c10eda244776dbf79d,c3c7aa4d6318b225a7c61970511e2c76a700f440ba16557bd4c60f22e223a5fd,2017-06-19T16:15:42+00:00,33685504,128
1805,{app}\NPA5\SNIP\СНИП_23-05-95-2017\СП 52.13330.2016-0.files\image123.gif,app/NPA5/SNIP/СНИП_23-05-95-2017/СП 52.13330.2016-0.files/image123.gif,250,421060532,c372d27c8b547fc4888a66e1bb6abb9efac85879,7e07951c4fea6e1a8f27e0434af8205690ac9538564fdd8faaa6bc488f5e3240,2017-06-19T16:15:42+00:00,33685504,128
1806,{app}\NPA5\SNIP\СНИП_23-05-95-2017\СП 52.13330.2016-0.files\image124.gif,app/NPA5/SNIP/СНИП_23-05-95-2017/СП 52.13330.2016-0.files/image124.gif,336,421060782,f77b08d5b101a1f6e5cf48ec735b63d15663291a,25fb003b110f0149da30739a4571252028367f38f0c090660961d9aa26664855,2017-06-19T16:15:42+00:00,33685504,128
1807,{app}\NPA5\SNIP\СНИП_23-05-95-2017\СП 52.13330.2016-0.files\image125.gif,app/NPA5/SNIP/СНИП_23-05-95-2017/СП 52.13330.2016-0.files/image125.gif,420,421061118,0c3366b9b9280b1c80cc9a5578d05f26e88c40e0,d574792b132ce27a9ac2a89ffcea0bff6c9693eee83e8786bc856c4c456f5845,2017-06-19T16:15:42+00:00,33685504,128
1808,{app}\NPA5\SNIP\СНИП_23-05-95-2017\СП 52.13330.2016-0.files\image126.gif,app/NPA5/SNIP/СНИП_23-05-95-2017/СП 52.13330.2016-0.files/image126.gif,416,421061538,8f95aa2266d2fe49961c75c5523f8717f3345aa3,514673b0f65c18d2a49f10be7597e32d74df04895a9a7ec180de0b3120f01248,2017-06-19T16:15:42+00:00,33685504,128
1809,{app}\NPA5\SNIP\СНИП_23-05-95-2017\СП 52.13330.2016-0.files\image127.gif,app/NPA5/SNIP/СНИП_23-05-95-2017/СП 52.13330.2016-0.files/image127.gif,413,421061954,cc3f03fde1e870fb2298eebd0a8111cf37ca9d44,378237e3937069a2547f1b4698e6ab8a88af7aa97855755f22a8ff1c9e29f99e,2017-06-19T16:15:42+00:00,33685504,128
1810,{app}\NPA5\SNIP\СНИП_23-05-95-2017\СП 52.13330.2016-0.files\image128.gif,app/NPA5/SNIP/СНИП_23-05-95-2017/СП 52.13330.2016-0.files/image128.gif,419,421062367,65af33667b8ce04427a2498b9dfb0916e9e904e6,874a0c918eabfedbeae660668cfad5a582b3f05746eb25eed206b1f26f42bc29,2017-06-19T16:15:42+00:00,33685504,128
1811,{app}\NPA5\SNIP\СНИП_23-05-95-2017\СП 52.13330.2016-0.files\image129.gif,app/NPA5/SNIP/СНИП_23-05-95-2017/СП 52.13330.2016-0.files/image129.gif,412,421062786,790b80c4b977bad62bf70e7b877794e2841addea,2790398fd0f2b4691839cf475c4e8e2d54c41bdddc9420f72cab07e35795820a,2017-06-19T16:15:42+00:00,33685504,128
1812,{app}\NPA5\SNIP\СНИП_23-05-95-2017\СП 52.13330.2016-0.files\image130.gif,app/NPA5/SNIP/СНИП_23-05-95-2017/СП 52.13330.2016-0.files/image130.gif,675,421063198,dd3cedc17b67ab86576a3da4285d0e3f7fb59905,3354277bbd7998619e54b3fd0ac21470f0695da313ca45c263f7f6d01c498566,2017-06-19T16:15:44+00:00,33685504,128
1813,{app}\NPA5\SNIP\СНИП_23-05-95-2017\СП 52.13330.2016-0.files\image131.gif,app/NPA5/SNIP/СНИП_23-05-95-2017/СП 52.13330.2016-0.files/image131.gif,413,421063873,911ab4a712f7b93a1185a06c45ec500c1d04c13f,c29418fc5997e9cc170c336796d37b6425da87ba992afd23f708d246768fc61b,2017-06-19T16:15:44+00:00,33685504,128
1814,{app}\NPA5\SNIP\СНИП_23-05-95-2017\СП 52.13330.2016-0.files\image132.gif,app/NPA5/SNIP/СНИП_23-05-95-2017/СП 52.13330.2016-0.files/image132.gif,330,421064286,bb5b36ab2c6c675204e232aac09bda4ec6cc2792,5736de166802450964e0d6c776a93d7bddd2abbb7f675cb90fab308a614b9b13,2017-06-19T16:15:44+00:00,33685504,128
1815,{app}\NPA5\SNIP\СНИП_23-05-95-2017\СП 52.13330.2016-0.files\image133.gif,app/NPA5/SNIP/СНИП_23-05-95-2017/СП 52.13330.2016-0.files/image133.gif,414,421064616,12232c7b8addcccb4ae01ca2bed34b531ef9ff67,59976019ba440484fe5e53c95dd9d508ade2b8d4c87a88facf519ffba6947a73,2017-06-19T16:15:44+00:00,33685504,128
1816,{app}\NPA5\SNIP\СНИП_23-05-95-2017\СП 52.13330.2016-0.files\image134.gif,app/NPA5/SNIP/СНИП_23-05-95-2017/СП 52.13330.2016-0.files/image134.gif,236,421065030,977e7c3576c9b1d8b4bb375be74d6a127c2c60a3,3af27ef93f28073bdb299b92c181114c215342dcb8a40430d5d5d642b07309ed,2017-06-19T16:15:44+00:00,33685504,128
1817,{app}\NPA5\SNIP\СНИП_23-05-95-2017\СП 52.13330.2016-0.files\image135.gif,app/NPA5/SNIP/СНИП_23-05-95-2017/СП 52.13330.2016-0.files/image135.gif,241,421065266,8860156af7e95cc32bb7633120e4a4edcfe81a9a,b4013f12ce7b54b794823ee428bca78ad6e475c8ab4abe60edf693204525ba07,2017-06-19T16:15:44+00:00,33685504,128
1818,{app}\NPA5\SNIP\СНИП_23-05-95-2017\СП 52.13330.2016-0.files\image136.gif,app/NPA5/SNIP/СНИП_23-05-95-2017/СП 52.13330.2016-0.files/image136.gif,238,421065507,b250235d35d63e4065f205682eafb6a3b75736ca,ae421b6d067022eb8fda3583fe352caaccb34322e7f5aabc7bceb3ff869de720,2017-06-19T16:15:44+00:00,33685504,128
1819,{app}\NPA5\SNIP\СНИП_23-05-95-2017\СП 52.13330.2016-0.files\image137.gif,app/NPA5/SNIP/СНИП_23-05-95-2017/СП 52.13330.2016-0.files/image137.gif,413,421065745,991bccb64a73769678b4b0e3aed80c38216a909e,4ad54767b984bb4b76eacb24ddb6398813adf544930fc9ef7c8564028158d695,2017-06-19T16:15:44+00:00,33685504,128
1820,{app}\NPA5\SNIP\СНИП_23-05-95-2017\СП 52.13330.2016-0.files\image138.gif,app/NPA5/SNIP/СНИП_23-05-95-2017/СП 52.13330.2016-0.files/image138.gif,468,421066158,449abb2b414e8f15801fea2266c3c8ecc99825f1,3634eb16f9ab1dc63836af1f22dd6555c47e0d8b06e7a8b5ff021f046163b34e,2017-06-19T16:15:44+00:00,33685504,128
1821,{app}\NPA5\SNIP\СНИП_23-05-95-2017\СП 52.13330.2016-0.files\image139.gif,app/NPA5/SNIP/СНИП_23-05-95-2017/СП 52.13330.2016-0.files/image139.gif,265,421066626,a1d8bc394a33e208ad0a74de492b4003d502e5c4,c8ddc0c2f5f1f9ff9d4829947878cf2e82f4ae69f61cd3e250cb0f2461a3c8e0,2017-06-19T16:15:44+00:00,33685504,128
1822,{app}\NPA5\SNIP\СНИП_23-05-95-2017\СП 52.13330.2016-0.files\image140.gif,app/NPA5/SNIP/СНИП_23-05-95-2017/СП 52.13330.2016-0.files/image140.gif,369,421066891,b02f965863ed967c03b3120bb955a551a5af3a32,dcdcecea932ccdea8d72d7addb6f4cc42bc4a41407457877fc866318ccc451f1,2017-06-19T16:15:44+00:00,33685504,128
1823,{app}\NPA5\SNIP\СНИП_23-05-95-2017\СП 52.13330.2016-0.files\image141.gif,app/NPA5/SNIP/СНИП_23-05-95-2017/СП 52.13330.2016-0.files/image141.gif,301,421067260,b4ea9d202464eea903982e2dea75ec4445372d1b,d56cf882c6d7269999e76b02863aeb79bff1e96f25cd6ebc43dcd00345b69e3b,2017-06-19T16:15:44+00:00,33685504,128
1824,{app}\NPA5\SNIP\СНИП_23-05-95-2017\СП 52.13330.2016-0.files\image142.gif,app/NPA5/SNIP/СНИП_23-05-95-2017/СП 52.13330.2016-0.files/image142.gif,235,421067561,61c608fd6c234c8364af3442fa18f4731c35f1e9,fe504166898843a33a377941371dc51fb06a731dc4c00adafa4f1b4c5e1d62a6,2017-06-19T16:15:44+00:00,33685504,128
1825,{app}\NPA5\SNIP\СНИП_23-05-95-2017\СП 52.13330.2016-0.files\image143.gif,app/NPA5/SNIP/СНИП_23-05-95-2017/СП 52.13330.2016-0.files/image143.gif,222,421067796,5a34907d5da455f892e52c6355b8f75c21982e5c,e4dd4c985691c518f2993bbf0523be64045ed11826001bee2b20396df9736578,2017-06-19T16:15:44+00:00,33685504,128
1826,{app}\NPA5\SNIP\СНИП_23-05-95-2017\СП 52.13330.2016-0.files\image144.gif,app/NPA5/SNIP/СНИП_23-05-95-2017/СП 52.13330.2016-0.files/image144.gif,241,421068018,89f529dad9e5c1f512a6b1e567b531bd71ef01b7,4f2663f2e4dee51ecc1bbf7f1d1adbd154c791d8c274212ab3361b1066e42009,2017-06-19T16:15:44+00:00,33685504,128
1827,{app}\NPA5\SNIP\СНИП_23-05-95-2017\СП 52.13330.2016-0.files\image145.gif,app/NPA5/SNIP/СНИП_23-05-95-2017/СП 52.13330.2016-0.files/image145.gif,234,421068259,c0529bc0a35260967aed25a69386981fbb7b0574,ef7e422f0a288b360c84860ff827e0ef954fd58f7effbc5fc83dfbf9c657124c,2017-06-19T16:15:44+00:00,33685504,128
1828,{app}\NPA5\SNIP\СНИП_23-05-95-2017\СП 52.13330.2016-0.files\image146.gif,app/NPA5/SNIP/СНИП_23-05-95-2017/СП 52.13330.2016-0.files/image146.gif,241,421068493,e7fc3cc36cc68277e5782d2ebf9badacb8f49482,b524d5c492ec009c1311cf19e76521542c4c8f3dc22b52664510157f1b875984,2017-06-19T16:15:44+00:00,33685504,128
1829,{app}\NPA5\SNIP\СНИП_23-05-95-2017\СП 52.13330.2016-0.files\image147.gif,app/NPA5/SNIP/СНИП_23-05-95-2017/СП 52.13330.2016-0.files/image147.gif,514,421068734,61cba406e895d790a7300e2b32c2a8b110d31f6e,21f319d93b59b81b9bd653468f7f3e8c9f37614f6b54c1d702195d925d64ff3d,2017-06-19T16:15:44+00:00,33685504,128
1830,{app}\NPA5\SNIP\СНИП_23-05-95-2017\СП 52.13330.2016-0.files\image148.gif,app/NPA5/SNIP/СНИП_23-05-95-2017/СП 52.13330.2016-0.files/image148.gif,255,421069248,e8a891c298f2c0785e1b680bbf216df5399a2c81,3521c89985ac35b4be00d55c7cbab22631787d71b78f602c70e267b49c9de626,2017-06-19T16:15:44+00:00,33685504,128
1831,{app}\NPA5\SNIP\СНИП_23-05-95-2017\СП 52.13330.2016-0.files\image149.gif,app/NPA5/SNIP/СНИП_23-05-95-2017/СП 52.13330.2016-0.files/image149.gif,492,421069503,11cc62fedaa9a4d623dee102ba7779322a4b95ab,9a560ac3f8909db1990b1e697f08f8088a75a870b10bc7ed23a996ef788d3194,2017-06-19T16:15:44+00:00,33685504,128
1832,{app}\NPA5\SNIP\СНИП_23-05-95-2017\СП 52.13330.2016-0.files\image150.gif,app/NPA5/SNIP/СНИП_23-05-95-2017/СП 52.13330.2016-0.files/image150.gif,430,421069995,5086744642ffac7740af12c8ac667d2ad4b20e1c,d9a836444ca5544ed7ee3df5563dc0b8951477565475347e881f9475818a8583,2017-06-19T16:15:44+00:00,33685504,128
1833,{app}\NPA5\SNIP\СНИП_23-05-95-2017\СП 52.13330.2016-0.files\image151.gif,app/NPA5/SNIP/СНИП_23-05-95-2017/СП 52.13330.2016-0.files/image151.gif,549,421070425,668db3010ae55685a666cc632cbd63ea95704b36,5f8ef4b895f13e3e2ef857cb1b3b37c4763e4d6ea0ba7218c9e6e6f5c662196c,2017-06-19T16:15:44+00:00,33685504,128
1834,{app}\NPA5\SNIP\СНИП_23-05-95-2017\СП 52.13330.2016-0.files\image152.gif,app/NPA5/SNIP/СНИП_23-05-95-2017/СП 52.13330.2016-0.files/image152.gif,467,421070974,15c900ee29f3d84d9853190a3f39fbe49134cd90,3a108ced84d368c07615df2e4b64d1c31bee8d324254551b5e4c3e6406f79a4f,2017-06-19T16:15:46+00:00,33685504,128
1835,{app}\NPA5\SNIP\СНИП_23-05-95-2017\СП 52.13330.2016-0.files\image153.gif,app/NPA5/SNIP/СНИП_23-05-95-2017/СП 52.13330.2016-0.files/image153.gif,362,421071441,b08a24ef5035557e3c7d151c5633f7353f691b74,13bec2386fe5b1b1f529185aabcc34183dcef9438b2ebe8f640bb7457efb8e16,2017-06-19T16:15:46+00:00,33685504,128
1836,{app}\NPA5\SNIP\СНИП_23-05-95-2017\СП 52.13330.2016-0.files\image154.gif,app/NPA5/SNIP/СНИП_23-05-95-2017/СП 52.13330.2016-0.files/image154.gif,234,421071803,18c9df2179bdf7fab91e5b5824fea9a1b61c5598,e181e6a2b6838ef981b88c540f717c2c66ce7cf843951d3765ae00cb51f0efde,2017-06-19T16:15:46+00:00,33685504,128
1837,{app}\NPA5\SNIP\СНИП_23-05-95-2017\СП 52.13330.2016-0.files\image155.gif,app/NPA5/SNIP/СНИП_23-05-95-2017/СП 52.13330.2016-0.files/image155.gif,249,421072037,e1960b250aff0b02f7901f5ccaf53d420198a2b0,e9ea25668e48e7306807bce30096c206afcdbf964339b33acf96e6c0976d6bd8,2017-06-19T16:15:46+00:00,33685504,128
1838,{app}\NPA5\SNIP\СНИП_23-05-95-2017\СП 52.13330.2016-0.files\image156.gif,app/NPA5/SNIP/СНИП_23-05-95-2017/СП 52.13330.2016-0.files/image156.gif,253,421072286,dd2e87966ebd43511cc2e869c19d12dd1f61f29a,591247cae8c886833f839ab18cdf5607d37aadd610de850e44b7efa3d6705ed1,2017-06-19T16:15:46+00:00,33685504,128
1839,{app}\NPA5\SNIP\СНИП_23-05-95-2017\СП 52.13330.2016-0.files\image157.gif,app/NPA5/SNIP/СНИП_23-05-95-2017/СП 52.13330.2016-0.files/image157.gif,223,421072539,5a56d7b4a72cb06a283a779a87020cbf380e16ff,4e90651e295dac793e79bde6cf75bd7a6e228aa26a671e4c3310bf56dcd974bb,2017-06-19T16:15:46+00:00,33685504,128
1840,{app}\NPA5\SNIP\СНИП_23-05-95-2017\СП 52.13330.2016-0.files\image158.gif,app/NPA5/SNIP/СНИП_23-05-95-2017/СП 52.13330.2016-0.files/image158.gif,230,421072762,8079aa74f2cda26c18b1e7a55c5465e49d59efc0,827e3f87d931f15d9df8317587303957b510a8c302dce992cb1dc1eadad24bd5,2017-06-19T16:15:46+00:00,33685504,128
1841,{app}\NPA5\SNIP\СНИП_23-05-95-2017\СП 52.13330.2016-0.files\image159.gif,app/NPA5/SNIP/СНИП_23-05-95-2017/СП 52.13330.2016-0.files/image159.gif,525,421072992,25634da53030c1d7294536e8a3773fa4eec05bde,f107edb0193e92411c124f881e9b55da5572b316dcfe3a19c13462f25ad62399,2017-06-19T16:15:46+00:00,33685504,128
1842,{app}\NPA5\SNIP\СНИП_23-05-95-2017\СП 52.13330.2016-0.files\image160.gif,app/NPA5/SNIP/СНИП_23-05-95-2017/СП 52.13330.2016-0.files/image160.gif,269,421073517,cfe8bc1685133e188167807bd2f46db942194aff,1e81a7456c3cd5e95e77bd8d06268133f958b4cbb45dee5b41f6982c587f4132,2017-06-19T16:15:46+00:00,33685504,128
1843,{app}\NPA5\SNIP\СНИП_23-05-95-2017\СП 52.13330.2016-0.files\image161.gif,app/NPA5/SNIP/СНИП_23-05-95-2017/СП 52.13330.2016-0.files/image161.gif,246,421073786,87f5e989810502c9c686ac68da747c32968670af,60579a6af6b366bd98d828ba0e02f37236a7f551bd8845f58e185f5d1c3a93af,2017-06-19T16:15:46+00:00,33685504,128
1844,{app}\NPA5\SNIP\СНИП_23-05-95-2017\СП 52.13330.2016-0.files\image162.gif,app/NPA5/SNIP/СНИП_23-05-95-2017/СП 52.13330.2016-0.files/image162.gif,225,421074032,48c64ff3ac890307aa049e06d478a229b2f2a8af,66c490b99e01e554d527b51c635965a37aa09fa620cfc6bc65fdb50d9250f35c,2017-06-19T16:15:46+00:00,33685504,128
1845,{app}\NPA5\SNIP\СНИП_23-05-95-2017\СП 52.13330.2016-0.files\image163.gif,app/NPA5/SNIP/СНИП_23-05-95-2017/СП 52.13330.2016-0.files/image163.gif,226,421074257,b9c66efd1fd85cdf68074d1c8af88ba644eebb8c,6987186f46030308afc2b1dd4b6979491b8c19c8c91a63a272d309889f25f77b,2017-06-19T16:15:46+00:00,33685504,128
1846,{app}\NPA5\SNIP\СНИП_23-05-95-2017\СП 52.13330.2016-0.files\image164.gif,app/NPA5/SNIP/СНИП_23-05-95-2017/СП 52.13330.2016-0.files/image164.gif,212,421074483,5b895e826cae6a60ff157cf776fbaf135fe7acf1,9ef388380cb299fb4551561f17f7c91cbd071c9552fbc83c72c89b7720e4eba3,2017-06-19T16:15:46+00:00,33685504,128
1847,{app}\NPA5\SNIP\СНИП_23-05-95-2017\СП 52.13330.2016-0.files\image165.gif,app/NPA5/SNIP/СНИП_23-05-95-2017/СП 52.13330.2016-0.files/image165.gif,329,421074695,15e0a7e7698f0a284d2b79b359879984e8ca8a30,3d5fd6076e1908f78cb17ece3b729a6b5b0a171c7fc85a5fdec3b3e827ce0b81,2017-06-19T16:15:46+00:00,33685504,128
1848,{app}\NPA5\SNIP\СНИП_23-05-95-2017\СП 52.13330.2016-0.files\image166.gif,app/NPA5/SNIP/СНИП_23-05-95-2017/СП 52.13330.2016-0.files/image166.gif,224,421075024,98a8ad626234ed9949e8b93eb62b0edac1b63af9,eab5c50b28c6e3e2cb9ef546d6d2b8b88c7d33688aca8dcac0f5211f0aaab840,2017-06-19T16:15:46+00:00,33685504,128
1849,{app}\NPA5\SNIP\СНИП_23-05-95-2017\СП 52.13330.2016-0.files\image167.gif,app/NPA5/SNIP/СНИП_23-05-95-2017/СП 52.13330.2016-0.files/image167.gif,367,421075248,7ce753203f230e3e81b571aedea1a442b586a5e0,b652644cfa73db8316e9608c6fcc9c922bacbb9a4ff0cf7b98c7658acbd5e4b4,2017-06-19T16:15:46+00:00,33685504,128
1850,{app}\NPA5\SNIP\СНИП_23-05-95-2017\СП 52.13330.2016-0.files\image168.gif,app/NPA5/SNIP/СНИП_23-05-95-2017/СП 52.13330.2016-0.files/image168.gif,257,421075615,36f58536f2be391414e44f6a63a9883ce5e2d7f1,1d2a2bc073f3b2b23992a97250a6ba374942a868c36067c8fc177d15139e121b,2017-06-19T16:15:46+00:00,33685504,128
1851,{app}\NPA5\SNIP\СНИП_23-05-95-2017\СП 52.13330.2016-0.files\image169.gif,app/NPA5/SNIP/СНИП_23-05-95-2017/СП 52.13330.2016-0.files/image169.gif,419,421075872,df5f81bc150e16f1d005b1eea6b407179045df86,698e6fa3174b332572d2312161c6c5e8104077ba1f158318c595205ab9731ee5,2017-06-19T16:15:46+00:00,33685504,128
1852,{app}\NPA5\SNIP\СНИП_23-05-95-2017\СП 52.13330.2016-0.files\image170.gif,app/NPA5/SNIP/СНИП_23-05-95-2017/СП 52.13330.2016-0.files/image170.gif,437,421076291,9689c573e5c158a86bde85baa415a4b5af7c52a7,7719730a691a83571ec424f5717c2c8e1fea846cbab90f11d7aae43050536a33,2017-06-19T16:15:46+00:00,33685504,128
1853,{app}\NPA5\SNIP\СНИП_23-05-95-2017\СП 52.13330.2016-0.files\image171.gif,app/NPA5/SNIP/СНИП_23-05-95-2017/СП 52.13330.2016-0.files/image171.gif,453,421076728,dbbdd9ea4b96ebfe0886b680689011048a762136,146ec4b9e629b69861d3b6fb0f2b0a73f8b64abda20624372bcb65e6ffa57b5c,2017-06-19T16:15:48+00:00,33685504,128
1854,{app}\NPA5\SNIP\СНИП_23-05-95-2017\СП 52.13330.2016-0.files\image172.jpg,app/NPA5/SNIP/СНИП_23-05-95-2017/СП 52.13330.2016-0.files/image172.jpg,21943,421077181,26406a401d6f36900fc40223bfc304c1b44afbc2,f24b413193c865c23adbe8d2532df1f091d038b1430c478ff995d4b7b9baa79b,2017-06-19T16:15:48+00:00,33685504,128
1855,{app}\NPA5\SNIP\СНИП_23-05-95-2017\СП 52.13330.2016-0.files\image173.gif,app/NPA5/SNIP/СНИП_23-05-95-2017/СП 52.13330.2016-0.files/image173.gif,230,421099124,6217f4122396a2760926efcdb9b3966d1878caed,6646ee3f7a4b40cb0a11d429d26b2d2df7a427ef00a09ea1fb2a9baeaa7b0afb,2017-06-19T16:15:48+00:00,33685504,128
1856,{app}\NPA5\SNIP\СНИП_23-05-95-2017\СП 52.13330.2016-0.files\image174.gif,app/NPA5/SNIP/СНИП_23-05-95-2017/СП 52.13330.2016-0.files/image174.gif,498,421099354,7d960314ef738209619a152da0d93b7ed01d9983,9f8a0c4729e9931d738ee121f88970e54e78a00e736da93ccb31c41b29190f8b,2017-06-19T16:15:48+00:00,33685504,128
1857,{app}\NPA5\SNIP\СНИП_23-05-95-2017\СП 52.13330.2016-0.files\image175.jpg,app/NPA5/SNIP/СНИП_23-05-95-2017/СП 52.13330.2016-0.files/image175.jpg,22124,421099852,eae05fe649b0c37be8aec27d180992bf0660e6bb,74a5c26daafe8d86495d3297a6cc23a272827804c1d618280ff6c3445f6a82b8,2017-06-19T16:15:48+00:00,33685504,128
1858,{app}\NPA5\SNIP\СНИП_23-05-95-2017\СП 52.13330.2016-0.files\image176.jpg,app/NPA5/SNIP/СНИП_23-05-95-2017/СП 52.13330.2016-0.files/image176.jpg,21344,421121976,623e008e24da8ddfea865148a6d2d3bdc6d829b7,ad2041056e4509d32168aa583cb20f60bb358649b57e27e9236b3218866418c8,2017-06-19T16:15:48+00:00,33685504,128
1859,{app}\NPA5\SNIP\СНИП_23-05-95-2017\СП 52.13330.2016-pr.files\image001.gif,app/NPA5/SNIP/СНИП_23-05-95-2017/СП 52.13330.2016-pr.files/image001.gif,733,421143320,63ed5b76aab4c64f52255cea5da4204725b0c4b3,2b3fda373bd33e102e7af9eace215606e13ff3baa2eea60faf5f2f152459f0a3,2017-06-19T16:24:06+00:00,33685504,128
1860,{app}\NPA5\SNIP\СНИП_23-05-95-2017\СП 52.13330.2016-pr.files\image002.gif,app/NPA5/SNIP/СНИП_23-05-95-2017/СП 52.13330.2016-pr.files/image002.gif,658,421144053,bc31836200ca4db9205338ade314b66e78f19373,5f188eaa1adc008ea302ad0f8b93b8bb08a4a97ac1f6e42d815356ebf415c949,2017-06-19T16:24:06+00:00,33685504,128
1861,{app}\NPA5\SNIP\СНИП_23-05-95-2017\СП 52.13330.2016-pr.files\image003.jpg,app/NPA5/SNIP/СНИП_23-05-95-2017/СП 52.13330.2016-pr.files/image003.jpg,55043,421144711,771a08c6fdbb8a021975d448d91624aa6980d9a3,6cfc57e7c9ed1c667cdc99b9775e0f1d1de32e9b912c8a80cdf5f4709b2ba0d9,2017-06-19T16:24:06+00:00,33685504,128
1862,{app}\NPA5\SNIP\СНИП_23-05-95-2017\СП 52.13330.2016-pr.files\image004.jpg,app/NPA5/SNIP/СНИП_23-05-95-2017/СП 52.13330.2016-pr.files/image004.jpg,51977,421199754,ccf5a4e49a441fd353ec042a245dd598dbcac396,ab6d0998d05ec33e9988ce34b67b03e32cf88f12637f75b1a5bf4259aca375a8,2017-06-19T16:24:06+00:00,33685504,128
1863,{app}\NPA5\SNIP\СНИП_23-05-95-2017\СП 52.13330.2016-pr.files\image005.jpg,app/NPA5/SNIP/СНИП_23-05-95-2017/СП 52.13330.2016-pr.files/image005.jpg,18924,421251731,2e82a50971b75b1101d091dd6158b4aeda1c8874,0038677408fd77d295daae7a975ac626146db78beaad1a7e05a0fcea0ef6c54a,2017-06-19T16:24:06+00:00,33685504,128
1864,{app}\NPA5\SNIP\СНИП_23-05-95-2017\СП 52.13330.2016-pr.files\image006.gif,app/NPA5/SNIP/СНИП_23-05-95-2017/СП 52.13330.2016-pr.files/image006.gif,1024,421270655,7daeb6cc70732074d4718e56a5811c8c2c6d6749,db76a42653c37940d73a286600d077d7d6315e27b7d04626ecb78943d33c67a9,2017-06-19T16:24:06+00:00,33685504,128
1865,{app}\NPA5\SNIP\СНИП_23-05-95-2017\СП 52.13330.2016-pr.files\image007.gif,app/NPA5/SNIP/СНИП_23-05-95-2017/СП 52.13330.2016-pr.files/image007.gif,264,421271679,9ae741f919d9dd4444be4055d5bf9b656344d311,c0069e4b15345986f36ef52f89b04edef50cbee848a44e1f56cb35d0dc18a765,2017-06-19T16:24:06+00:00,33685504,128
1866,{app}\NPA5\SNIP\СНИП_23-05-95-2017\СП 52.13330.2016-pr.files\image008.gif,app/NPA5/SNIP/СНИП_23-05-95-2017/СП 52.13330.2016-pr.files/image008.gif,225,421271943,418838cb149e793c18ec3ba21ad44238e1882617,cea4bd3868d8705fbec3d87ad7786ecd21415780542f08e6447be1ee1cdfdd19,2017-06-19T16:24:06+00:00,33685504,128
1867,{app}\NPA5\SNIP\СНИП_23-05-95-2017\СП 52.13330.2016-pr.files\image009.gif,app/NPA5/SNIP/СНИП_23-05-95-2017/СП 52.13330.2016-pr.files/image009.gif,239,421272168,0413367b5a0fe3f2a16df41d8065ee8e8e11ede1,ef4bb808cfe2bafdc3ba70d94c3e159f7f206bb9828c66192206a35e49c3e179,2017-06-19T16:24:06+00:00,33685504,128
1868,{app}\NPA5\SNIP\СНИП_23-05-95-2017\СП 52.13330.2016-pr.files\image010.gif,app/NPA5/SNIP/СНИП_23-05-95-2017/СП 52.13330.2016-pr.files/image010.gif,361,421272407,d2bd7f2cf412bf90ea77b544a241596762a68c8a,4de89f580a36523e5f4ea7114077a062f01af869fbcbd0de118ea4ba79731383,2017-06-19T16:24:06+00:00,33685504,128
1869,{app}\NPA5\SNIP\СНИП_23-05-95-2017\СП 52.13330.2016-pr.files\image011.gif,app/NPA5/SNIP/СНИП_23-05-95-2017/СП 52.13330.2016-pr.files/image011.gif,281,421272768,19e2690673cf8e32552b74f00f868b5770b70691,b83fd51420e6a9fcb79d36f59adeaa2009e6ae15d59bcff9fe525df40ea2c60a,2017-06-19T16:24:06+00:00,33685504,128
1870,{app}\NPA5\SNIP\СНИП_23-05-95-2017\СП 52.13330.2016-pr.files\image012.gif,app/NPA5/SNIP/СНИП_23-05-95-2017/СП 52.13330.2016-pr.files/image012.gif,296,421273049,50a26ad601102a7c098f8ac767da88c46d74dda2,d9373c1b5851b7cd53516bdb316e2c1a0e540e9fd6a6fa54322eb562d6235064,2017-06-19T16:24:06+00:00,33685504,128
1871,{app}\NPA5\SNIP\СНИП_23-05-95-2017\СП 52.13330.2016-pr.files\image013.jpg,app/NPA5/SNIP/СНИП_23-05-95-2017/СП 52.13330.2016-pr.files/image013.jpg,1929,421273345,37c93e76b2de12d08d653354d6c3c2bfb4a8a43d,54a397f2522e07db563f93b3a8a9b3033b1c7f193a1cd2376523a1e1eda4e5f6,2017-06-19T16:24:06+00:00,33685504,128
1872,{app}\NPA5\SNIP\СНИП_23-05-95-2017\СП 52.13330.2016-pr.files\image014.jpg,app/NPA5/SNIP/СНИП_23-05-95-2017/СП 52.13330.2016-pr.files/image014.jpg,1813,421275274,2ab6d473a9ee52f43ffcbd094113344f829b9915,9a65c4ba2ef09d1d352fb76db4f148dc838eb611bf804949f9baa4e4991def53,2017-06-19T16:24:06+00:00,33685504,128
1873,{app}\NPA5\SNIP\СНИП_23-05-95-2017\СП 52.13330.2016-pr.files\image015.gif,app/NPA5/SNIP/СНИП_23-05-95-2017/СП 52.13330.2016-pr.files/image015.gif,6152,421277087,bc49401ee10d300d5049280be824422eae8e5694,538057f46f54f5a6718258381439767f108dd6cd5d243f7a48584681ec3c70ae,2017-06-19T16:24:06+00:00,33685504,128
1874,{app}\NPA5\SNIP\СНИП_23-05-95-2017\СП 52.13330.2016-pr.files\image016.jpg,app/NPA5/SNIP/СНИП_23-05-95-2017/СП 52.13330.2016-pr.files/image016.jpg,1657,421283239,0a2cd13af255a086fee4c9998557b70dabdca508,5eeeddd08285e685127a2591619ec75e9aec4b27ba6db77c2796a963fc00e17c,2017-06-19T16:24:06+00:00,33685504,128
1875,{app}\NPA5\SNIP\СНИП_23-05-95-2017\СП 52.13330.2016-pr.files\image017.jpg,app/NPA5/SNIP/СНИП_23-05-95-2017/СП 52.13330.2016-pr.files/image017.jpg,1567,421284896,de9d86beb126b099b5f20261d4e4ee5de2be12d7,1fa9acc4e918202368fe83b04e7b1d17bdbefda182e375d1523bc90bb52ca9a7,2017-06-19T16:24:06+00:00,33685504,128
1876,{app}\NPA5\SNIP\СНИП_23-05-95-2017\СП 52.13330.2016-pr.files\image018.jpg,app/NPA5/SNIP/СНИП_23-05-95-2017/СП 52.13330.2016-pr.files/image018.jpg,1947,421286463,25fb71ffd5f1d83e4582d7ced828176264c33a92,f653fcd1f7b08a30b13ca5b45826a6c6b80833d8c24a1e51109d6ee9d28d7e8d,2017-06-19T16:24:06+00:00,33685504,128
1877,{app}\NPA5\SNIP\СНИП_23-05-95-2017\СП 52.13330.2016-pr.files\image019.jpg,app/NPA5/SNIP/СНИП_23-05-95-2017/СП 52.13330.2016-pr.files/image019.jpg,1319,421288410,77fa9dde0af0b92fe23a8dadd2050760f1ebf4ce,a639f79d1be16c876061ed5b6d14448993cf39774d7a5572bd287642132cf2fd,2017-06-19T16:24:06+00:00,33685504,128
1878,{app}\NPA5\SNIP\СНИП_23-05-95-2017\СП 52.13330.2016-pr.files\image020.jpg,app/NPA5/SNIP/СНИП_23-05-95-2017/СП 52.13330.2016-pr.files/image020.jpg,2310,421289729,4a0c2d20e3006320552b632cdcc630b433de2b88,2fa6d63bd223f2bbffdd09a750c3542b559724a96616255a9b0477a7964bc166,2017-06-19T16:24:06+00:00,33685504,128
1879,{app}\NPA5\SNIP\СНИП_23-05-95-2017\СП 52.13330.2016-pr.files\image021.jpg,app/NPA5/SNIP/СНИП_23-05-95-2017/СП 52.13330.2016-pr.files/image021.jpg,2245,421292039,1d91eb086d39d80c1ab9c573847c1b91331a5d11,d233a405dc783dd02c17ad212f3f08e349b3732f0f8071b20f92816d9616b7ac,2017-06-19T16:24:06+00:00,33685504,128
1880,{app}\NPA5\SNIP\СНИП_23-05-95-2017\СП 52.13330.2016-pr.files\image022.gif,app/NPA5/SNIP/СНИП_23-05-95-2017/СП 52.13330.2016-pr.files/image022.gif,5059,421294284,27d78698cc06748c8e4b29a6bde7d73589bd5af3,9e208a4abda76c9ba3c9e35287fb0047e9459312b00e5349a9d7b1cd149cbd39,2017-06-19T16:24:06+00:00,33685504,128
1881,{app}\NPA5\SNIP\СНИП_23-05-95-2017\СП 52.13330.2016-pr.files\image023.jpg,app/NPA5/SNIP/СНИП_23-05-95-2017/СП 52.13330.2016-pr.files/image023.jpg,1627,421299343,48b5767965130c620a23ed1f4529f3a7378d60e3,4a8fe9e494dbc620b5ef337cb8c558b6861ca1598057c50186279c39b9d3046b,2017-06-19T16:24:06+00:00,33685504,128
1882,{app}\NPA5\SNIP\СНИП_23-05-95-2017\СП 52.13330.2016-pr.files\image024.jpg,app/NPA5/SNIP/СНИП_23-05-95-2017/СП 52.13330.2016-pr.files/image024.jpg,1594,421300970,b898b1383e7a6a045f391a8d6480d388a3be0424,0b378f09f27e346ee24bb697acad3c511e0f369949cd8494aaadcf778234a449,2017-06-19T16:24:06+00:00,33685504,128
1883,{app}\NPA5\SNIP\СНИП_23-05-95-2017\СП 52.13330.2016-pr.files\image025.jpg,app/NPA5/SNIP/СНИП_23-05-95-2017/СП 52.13330.2016-pr.files/image025.jpg,1956,421302564,40d119c188458b509e731d21271488dcab052aec,1cd9b867768a2b05b556e3ebd8c888cb3cacc554339457072ff2f4d4c63a7be1,2017-06-19T16:24:06+00:00,33685504,128
1884,{app}\NPA5\SNIP\СНИП_23-05-95-2017\СП 52.13330.2016-pr.files\image026.jpg,app/NPA5/SNIP/СНИП_23-05-95-2017/СП 52.13330.2016-pr.files/image026.jpg,730,421304520,3466f183e1492dd7443c98a422977764d7bc2fb1,c5019b4ad5fd8a2348a6d48e5057569469a03fac8d67317e98dca96287820ef8,2017-06-19T16:24:06+00:00,33685504,128
1885,{app}\NPA5\SNIP\СНИП_23-05-95-2017\СП 52.13330.2016-pr.files\image027.jpg,app/NPA5/SNIP/СНИП_23-05-95-2017/СП 52.13330.2016-pr.files/image027.jpg,2260,421305250,7a46598eef55ce258a0bdb3903717ea5787b63a3,80099156c664d3b58e33cd3c1e25c1f1573563c1d1e5582d5da96335cf5fc004,2017-06-19T16:24:06+00:00,33685504,128
1886,{app}\NPA5\SNIP\СНИП_23-05-95-2017\СП 52.13330.2016-pr.files\image028.jpg,app/NPA5/SNIP/СНИП_23-05-95-2017/СП 52.13330.2016-pr.files/image028.jpg,2371,421307510,28470c0a46dff05f4eaddfb2a98dbe8e004d4329,e0a375996fa6adc3673398b895331fa467fc611e9077a16db3ede225e6641bce,2017-06-19T16:24:06+00:00,33685504,128
1887,{app}\NPA5\SNIP\СНИП_23-05-95-2017\СП 52.13330.2016-pr.files\image029.gif,app/NPA5/SNIP/СНИП_23-05-95-2017/СП 52.13330.2016-pr.files/image029.gif,4710,421309881,81b1e005dbf22015e1164d5d444d02554a99f478,b838eced721b74e685a3040bbba7039736b0fc6843604ed11e6897662ca72976,2017-06-19T16:24:06+00:00,33685504,128
1888,{app}\NPA5\SNIP\СНИП_23-05-95-2017\СП 52.13330.2016-pr.files\image030.jpg,app/NPA5/SNIP/СНИП_23-05-95-2017/СП 52.13330.2016-pr.files/image030.jpg,1628,421314591,acc6bc1975d9721f0feaedd5844c9f475ad52025,814ea01a8161632a8f8e250c7f904421520fc9e94a85777ee8df872affde940c,2017-06-19T16:24:06+00:00,33685504,128
1889,{app}\NPA5\SNIP\СНИП_23-05-95-2017\СП 52.13330.2016-pr.files\image031.jpg,app/NPA5/SNIP/СНИП_23-05-95-2017/СП 52.13330.2016-pr.files/image031.jpg,927,421316219,842cf6a4a0bc9be519d924dacf83170021b200e0,b5bd4b73ea84d674c7e30b67709a3ad697fe6f2b6d9a56de5ab2d07f2c0a3bc1,2017-06-19T16:24:06+00:00,33685504,128
1890,{app}\NPA5\SNIP\СНИП_23-05-95-2017\СП 52.13330.2016-pr.files\image032.jpg,app/NPA5/SNIP/СНИП_23-05-95-2017/СП 52.13330.2016-pr.files/image032.jpg,36035,421317146,e20ad260a026de4a5fb61089c70e71b1d6ffc335,ef95958f3f642c2c370c5af0f35cb00f9dd88ba65cbbf0fbcad95361669678e4,2017-06-19T16:24:06+00:00,33685504,128
1891,{app}\NPA5\SNIP\СНИП_23-05-95-2017\СП 52.13330.2016-pr.files\image033.jpg,app/NPA5/SNIP/СНИП_23-05-95-2017/СП 52.13330.2016-pr.files/image033.jpg,21834,421353181,9489c6f16289dc5dd1e4dd96b9b1087eb5f2fa90,b072509e3fb1b5780379a1f50740b9c7efcd42ab9f757db036bf796471545cd3,2017-06-19T16:24:06+00:00,33685504,128
1892,{app}\NPA5\SNIP\СНИП_23-05-95-2017\СП 52.13330.2016-pr.files\image034.gif,app/NPA5/SNIP/СНИП_23-05-95-2017/СП 52.13330.2016-pr.files/image034.gif,371,421375015,54231465e07ede2fca0027d1d7d644b86e82a9c5,3f738923805594a4eaaaa719ae8ca95a65f102b400c163593b31b9d32988e6c7,2017-06-19T16:24:06+00:00,33685504,128
1893,{app}\NPA5\SNIP\СНИП_23-05-95-2017\СП 52.13330.2016-pr.files\image035.gif,app/NPA5/SNIP/СНИП_23-05-95-2017/СП 52.13330.2016-pr.files/image035.gif,789,421375386,87d510e177f63c5cff783ed82f778130b648f8a3,c2c82f61399a698e9526f4f3c01a0d99052919aa39b775eb7186bf58247973ac,2017-06-19T16:24:06+00:00,33685504,128
1894,{app}\NPA5\SNIP\СНИП_23-05-95-2017\СП 52.13330.2016-pr.files\image036.gif,app/NPA5/SNIP/СНИП_23-05-95-2017/СП 52.13330.2016-pr.files/image036.gif,247,421376175,811b99ea6176eb1a0cb5cbb514d8bf8f034a385d,e45d15558e0f5baedb0effac5c081467173ae2ea161f83766487dd9893bb5617,2017-06-19T16:24:06+00:00,33685504,128
1895,{app}\NPA5\SNIP\СНИП_23-05-95-2017\СП 52.13330.2016-pr.files\image037.gif,app/NPA5/SNIP/СНИП_23-05-95-2017/СП 52.13330.2016-pr.files/image037.gif,357,421376422,8cc5c10971340875b26afb124b254026d64ff9be,04e22cb061709fa48773726d64f3a119031a2bd8ce53c6cb35e6f4a084b8ad16,2017-06-19T16:24:06+00:00,33685504,128
1896,{app}\NPA5\SNIP\СНИП_23-05-95-2017\СП 52.13330.2016-pr.files\image038.gif,app/NPA5/SNIP/СНИП_23-05-95-2017/СП 52.13330.2016-pr.files/image038.gif,254,421376779,391af1010c0ca42dfffaaf47eb5798caf755a93e,c84f953f64cbc723b04fbe4026d027b24e0933d3e3eea9c05fab5a9c91511e34,2017-06-19T16:24:06+00:00,33685504,128
1897,{app}\NPA5\SNIP\СНИП_23-05-95-2017\СП 52.13330.2016-pr.files\image039.gif,app/NPA5/SNIP/СНИП_23-05-95-2017/СП 52.13330.2016-pr.files/image039.gif,230,421377033,560414bc83165961aec94801cf00fdd738d6201f,09a079305b1adc8b110126dce08b77c053be95ac8e2955fc6184d90de760c91e,2017-06-19T16:24:06+00:00,33685504,128
1898,{app}\NPA5\SNIP\СНИП_23-05-95-2017\СП 52.13330.2016-pr.files\image040.gif,app/NPA5/SNIP/СНИП_23-05-95-2017/СП 52.13330.2016-pr.files/image040.gif,232,421377263,e09dd06ed60388cf4448f4e08b61d6a5cb64c880,99e614c9457e1d16e85bb1e259b19d41cfaa48ea6028f599d65e927425bf29ed,2017-06-19T16:24:06+00:00,33685504,128
1899,{app}\NPA5\SNIP\СНИП_23-05-95-2017\СП 52.13330.2016-pr.files\image041.gif,app/NPA5/SNIP/СНИП_23-05-95-2017/СП 52.13330.2016-pr.files/image041.gif,235,421377495,60a519ed4d97c446e5b80fce344e00540847d306,3dc8aff63f01e3e6666f7a22bdb20fb04d4158471d84eab804a4d1796f6802c3,2017-06-19T16:24:06+00:00,33685504,128
1900,{app}\NPA5\SNIP\СНИП_23-05-95-2017\СП 52.13330.2016-pr.files\image042.gif,app/NPA5/SNIP/СНИП_23-05-95-2017/СП 52.13330.2016-pr.files/image042.gif,431,421377730,d205321e3e11433d69b1cf53537f7a51c6bb4a48,22452b474f674c9a2093bacc3c91a73dd6dbfb5c79ae485db8376885cfa26e1d,2017-06-19T16:24:06+00:00,33685504,128
1901,{app}\NPA5\SNIP\СНИП_23-05-95-2017\СП 52.13330.2016-pr.files\image043.gif,app/NPA5/SNIP/СНИП_23-05-95-2017/СП 52.13330.2016-pr.files/image043.gif,207,421378161,58a5b834efeeac623e4f71030f852fe863bceb0b,4c3823332292fff4d9723cd7a3a614250fcbdb1b4b4478d417f17c9ba7344c78,2017-06-19T16:24:06+00:00,33685504,128
1902,{app}\NPA5\SNIP\СНИП_23-05-95-2017\СП 52.13330.2016-pr.files\image044.gif,app/NPA5/SNIP/СНИП_23-05-95-2017/СП 52.13330.2016-pr.files/image044.gif,208,421378368,00e8b13198daa421f084cdf6486f8737da20a4d2,10b973ff9e19b136b5febc4c065dfb022504435d325dc1dfbdea9d21c2683174,2017-06-19T16:24:06+00:00,33685504,128
1903,{app}\NPA5\SNIP\СНИП_23-05-95-2017\СП 52.13330.2016-pr.files\image045.gif,app/NPA5/SNIP/СНИП_23-05-95-2017/СП 52.13330.2016-pr.files/image045.gif,210,421378576,c9a66b73f607627cdfe50628d612a8da5fbc6e9f,d6819ff241c759f11e047745ea468291f1876c389878dc6ca2b8f4701311e554,2017-06-19T16:24:06+00:00,33685504,128
1904,{app}\NPA5\SNIP\СНИП_23-05-95-2017\СП 52.13330.2016-pr.files\image046.gif,app/NPA5/SNIP/СНИП_23-05-95-2017/СП 52.13330.2016-pr.files/image046.gif,355,421378786,774f552d0d00a71682ac4c8d8231206cf5e28011,6179300f1cf40b12a7c6c8949076bab566e8a1094fd7c02907a67fe788651f62,2017-06-19T16:24:06+00:00,33685504,128
1905,{app}\NPA5\SNIP\СНИП_23-05-95-2017\СП 52.13330.2016-pr.files\image047.gif,app/NPA5/SNIP/СНИП_23-05-95-2017/СП 52.13330.2016-pr.files/image047.gif,370,421379141,c61a170655f5606a4a03608618016b91a8908cf1,b49b1405c1172ccd43747939d4d39fd818cd227f94673a0b9e62a588cc0f3eb0,2017-06-19T16:24:06+00:00,33685504,128
1906,{app}\NPA5\SNIP\СНИП_23-05-95-2017\СП 52.13330.2016-pr.files\image048.gif,app/NPA5/SNIP/СНИП_23-05-95-2017/СП 52.13330.2016-pr.files/image048.gif,1059,421379511,5d86914ec2c92e80f3c51bd7e3dfbcfff7ae1c4e,f1ba22606ea052d7eb03d0195d9f59960a5743eb461c7c086cd041a10a7a2b98,2017-06-19T16:24:06+00:00,33685504,128
1907,{app}\NPA5\SNIP\СНИП_23-05-95-2017\СП 52.13330.2016-pr.files\image049.jpg,app/NPA5/SNIP/СНИП_23-05-95-2017/СП 52.13330.2016-pr.files/image049.jpg,48351,421380570,c85e85b8d9724948e7e14e92fd99a3ecd6baf34b,01e6294718389659f99fa58e2a94533ace386e19191b0eb8d71734ac8bfcb93a,2017-06-19T16:24:08+00:00,33685504,128
1908,{app}\NPA5\SNIP\СНИП_23-05-95-2017\СП 52.13330.2016-pr.files\image050.gif,app/NPA5/SNIP/СНИП_23-05-95-2017/СП 52.13330.2016-pr.files/image050.gif,336,421428921,f77b08d5b101a1f6e5cf48ec735b63d15663291a,25fb003b110f0149da30739a4571252028367f38f0c090660961d9aa26664855,2017-06-19T16:24:08+00:00,33685504,128
1909,{app}\NPA5\SNIP\СНИП_23-05-95-2017\СП 52.13330.2016-pr.files\image051.gif,app/NPA5/SNIP/СНИП_23-05-95-2017/СП 52.13330.2016-pr.files/image051.gif,224,421429257,98a8ad626234ed9949e8b93eb62b0edac1b63af9,eab5c50b28c6e3e2cb9ef546d6d2b8b88c7d33688aca8dcac0f5211f0aaab840,2017-06-19T16:24:08+00:00,33685504,128
1910,{app}\NPA5\SNIP\СНИП_23-05-95-2017\СП 52.13330.2016-pr.files\image052.gif,app/NPA5/SNIP/СНИП_23-05-95-2017/СП 52.13330.2016-pr.files/image052.gif,407,421429481,2713a90febdd3715e7344ade5fe72989ae661b05,13bf5cea840a8d5b5d9b7797f9d5601c0ef49f3683115f725c5374dd25e4cbde,2017-06-19T16:24:08+00:00,33685504,128
1911,{app}\NPA5\SNIP\СНИП_23-05-95-2017\СП 52.13330.2016-pr.files\image053.gif,app/NPA5/SNIP/СНИП_23-05-95-2017/СП 52.13330.2016-pr.files/image053.gif,453,421429888,b1e9091333d38a7b63859ddf434f6d21234d740a,7d41407a022c65512fe9ed24179c7e34e68255bcf882fe1d6cd46ea6c09d054c,2017-06-19T16:24:08+00:00,33685504,128
1912,{app}\NPA5\SNIP\СНИП_23-05-95-2017\СП 52.13330.2016-pr.files\image054.gif,app/NPA5/SNIP/СНИП_23-05-95-2017/СП 52.13330.2016-pr.files/image054.gif,208,421430341,860ec9710d180ebaae277ab324ba82c1fc18390f,2319c74a86fe1a16c164fe4ad6bb38915c266b12ee7902521bb2365779cf5519,2017-06-19T16:24:08+00:00,33685504,128
1913,{app}\NPA5\SNIP\СНИП_23-05-95-2017\СП 52.13330.2016-pr.files\image055.gif,app/NPA5/SNIP/СНИП_23-05-95-2017/СП 52.13330.2016-pr.files/image055.gif,264,421430549,af16f120c329bda17b85fb6b84e61bf5b3ff7d3e,484e49850e787737736498353437cabf0411063872df465b7c5d592686a9c161,2017-06-19T16:24:10+00:00,33685504,128
1914,{app}\NPA5\SNIP\СНИП_23-05-95-2017\СП 52.13330.2016-pr.files\image056.gif,app/NPA5/SNIP/СНИП_23-05-95-2017/СП 52.13330.2016-pr.files/image056.gif,456,421430813,41e2da78554a8f5e3f6b110e651522418446a265,ef25433ff3efed99e3be56828293518325859eab38d47e131bec11965c4ecbd9,2017-06-19T16:24:10+00:00,33685504,128
1915,{app}\NPA5\SNIP\СНИП_23-05-95-2017\СП 52.13330.2016-pr.files\image057.gif,app/NPA5/SNIP/СНИП_23-05-95-2017/СП 52.13330.2016-pr.files/image057.gif,259,421431269,0ffd8ed0b64d59b6e653a2c0e15cce33214ce82c,959833b1aade7851e1f383e8c4f828e9360b51af4b74b9500f1a430fc3bab4e0,2017-06-19T16:24:10+00:00,33685504,128
1916,{app}\NPA5\SNIP\СНИП_23-05-95-2017\СП 52.13330.2016-pr.files\image058.gif,app/NPA5/SNIP/СНИП_23-05-95-2017/СП 52.13330.2016-pr.files/image058.gif,1096,421431528,28c1f4e8b9d6646963366dca4124ffed6ec77b58,2854678ee57cbc0607d79b8ef8fdfd68671d1fc96438bc2ce77a275d75f5b268,2017-06-19T16:24:10+00:00,33685504,128
1917,{app}\NPA5\SNIP\СНИП_23-05-95-2017\СП 52.13330.2016-pr.files\image059.gif,app/NPA5/SNIP/СНИП_23-05-95-2017/СП 52.13330.2016-pr.files/image059.gif,247,421432624,750dae03a0cc92916cbdf04ecf8b2611ea879920,cb6e12274bfa01f00f04351697bbaed86ec42c5a958edead153ba813377a934f,2017-06-19T16:24:10+00:00,33685504,128
1918,{app}\NPA5\SNIP\СНИП_23-05-95-2017\СП 52.13330.2016-pr.files\image060.gif,app/NPA5/SNIP/СНИП_23-05-95-2017/СП 52.13330.2016-pr.files/image060.gif,244,421432871,af8b621d06ef7108871e038a6436f19b17397d58,6ecdeee6d51108938be19e0e76083eda5f740848bce33a1be1b57808a4c99f01,2017-06-19T16:24:10+00:00,33685504,128
1919,{app}\NPA5\SNIP\СНИП_23-05-95-2017\СП 52.13330.2016-pr.files\image061.gif,app/NPA5/SNIP/СНИП_23-05-95-2017/СП 52.13330.2016-pr.files/image061.gif,235,421433115,4600a086456d3def8412be5acef6b85486122cf9,92babf6d8ec8daa4b9545e60ce1912a93b0df73f69e84f9354ddd7ab2d5cb6ae,2017-06-19T16:24:10+00:00,33685504,128
1920,{app}\NPA5\SNIP\СНИП_23-05-95-2017\СП 52.13330.2016-pr.files\image062.gif,app/NPA5/SNIP/СНИП_23-05-95-2017/СП 52.13330.2016-pr.files/image062.gif,1195,421433350,71b4866a135892541aabc7203229565232804f0a,fafc330ed70009410369072536fe61a0964248ca1056af5be951295ef88aa479,2017-06-19T16:24:10+00:00,33685504,128
1921,{app}\NPA5\SNIP\СНИП_23-05-95-2017\СП 52.13330.2016-pr.files\image063.gif,app/NPA5/SNIP/СНИП_23-05-95-2017/СП 52.13330.2016-pr.files/image063.gif,256,421434545,0d8686d146aff0dbccb6a9faa93a39d405baca37,576c86a96974b80f705068e8bf3ca85313daed1ea746e298bd4932c68b54466c,2017-06-19T16:24:10+00:00,33685504,128
1922,{app}\NPA5\SNIP\СНИП_23-05-95-2017\СП 52.13330.2016-pr.files\image064.gif,app/NPA5/SNIP/СНИП_23-05-95-2017/СП 52.13330.2016-pr.files/image064.gif,250,421434801,f8fd4de128f8c746fea86b5332f3d6b286ff7182,98aca683b9abdc701e6acd85fea5d8385725cd0102225b68eebbaa8f26a8ff31,2017-06-19T16:24:10+00:00,33685504,128
1923,{app}\NPA5\SNIP\СНИП_23-05-95-2017\СП 52.13330.2016-pr.files\image065.gif,app/NPA5/SNIP/СНИП_23-05-95-2017/СП 52.13330.2016-pr.files/image065.gif,267,421435051,36564f553dc7ed4f72812b8d1cdcd75e5531ac43,8071ea6f40c5f737b42f64d03412cd3a29732f4254152c0b8d515f7bd5c8fba8,2017-06-19T16:24:10+00:00,33685504,128
1924,{app}\NPA5\SNIP\СНИП_23-05-95-2017\СП 52.13330.2016-pr.files\image066.gif,app/NPA5/SNIP/СНИП_23-05-95-2017/СП 52.13330.2016-pr.files/image066.gif,393,421435318,f64f4b64350c401d71903096659b27ab70466712,617dd3ec26dd6d4b300252131d9d4d138ac9abab9d46c3aee3ad710a1597da27,2017-06-19T16:24:10+00:00,33685504,128
1925,{app}\NPA5\SNIP\СНИП_23-05-95-2017\СП 52.13330.2016-pr.files\image067.gif,app/NPA5/SNIP/СНИП_23-05-95-2017/СП 52.13330.2016-pr.files/image067.gif,403,421435711,6d47ec1e1a457c3b8509b438f869ee06dc387df4,b5607539505b77464ba5276f8d7c53dbf9799206515cd8fe8fd2c1cbbc73ab5f,2017-06-19T16:24:10+00:00,33685504,128
1926,{app}\NPA5\SNIP\СНИП_23-05-95-2017\СП 52.13330.2016-pr.files\image068.gif,app/NPA5/SNIP/СНИП_23-05-95-2017/СП 52.13330.2016-pr.files/image068.gif,258,421436114,08223c38a84a3f4369085e9e60a5f72f8cb3dc3c,824f5cfa7692d06c4ba51e18ad0b41eb8176952c98a4078aa84dd7d551132408,2017-06-19T16:24:10+00:00,33685504,128
1927,{app}\NPA5\SNIP\СНИП_23-05-95-2017\СП 52.13330.2016-pr.files\image069.gif,app/NPA5/SNIP/СНИП_23-05-95-2017/СП 52.13330.2016-pr.files/image069.gif,383,421436372,64259908aa06046394295c20b625f23e28849bea,7f11628fbc198aa9f94354c7912ce11aa417ad0770e494229a0999689727ee3e,2017-06-19T16:24:10+00:00,33685504,128
1928,{app}\NPA5\SNIP\СНИП_23-05-95-2017\СП 52.13330.2016-pr.files\image070.gif,app/NPA5/SNIP/СНИП_23-05-95-2017/СП 52.13330.2016-pr.files/image070.gif,394,421436755,6aaa74040fa8081b713dff7f13793288fcbce445,7c4b298ea678d7d8dede107c05e2e023e8d7141f854ff412f0b7b097ca4e9603,2017-06-19T16:24:10+00:00,33685504,128
1929,{app}\NPA5\SNIP\СНИП_23-05-95-2017\СП 52.13330.2016-pr.files\image071.jpg,app/NPA5/SNIP/СНИП_23-05-95-2017/СП 52.13330.2016-pr.files/image071.jpg,33248,421437149,1062b8972bf09a15eb200e3e4629ff3768d6b05e,e90e6a72d5a559f977dce843e582e6f246d3791b83830401946ce9892c9f2129,2017-06-19T16:24:10+00:00,33685504,128
1930,{app}\NPA5\SNIP\СНИП_23-05-95-2017\СП 52.13330.2016-pr.files\image072.jpg,app/NPA5/SNIP/СНИП_23-05-95-2017/СП 52.13330.2016-pr.files/image072.jpg,16822,421470397,acaa0d02ae33bee61a9f39d9cf64f314e52a5742,76c209679609c37359c812dccf9cae770532bf3eca19b8b168c2b4e3f0b1f57b,2017-06-19T16:24:10+00:00,33685504,128
1931,{app}\NPA5\SNIP\СНИП_23-05-95-2017\СП 52.13330.2016-pr.files\image073.jpg,app/NPA5/SNIP/СНИП_23-05-95-2017/СП 52.13330.2016-pr.files/image073.jpg,39812,421487219,d96e3b9c8114dfa36de1f121993f57a2300ee37a,e48cb13a671a759305780cdd564ba915c4cfbde7057cf7ea255f4e8ae7c41b63,2017-06-19T16:24:10+00:00,33685504,128
1932,{app}\NPA5\SNIP\СНИП_III-_4-80_(2000)\СНИП_III-_4-80_(2000).htm,app/NPA5/SNIP/СНИП_III-_4-80_(2000)/СНИП_III-_4-80_(2000).htm,95182,421527031,70efd2f41889fc59057eec8c1424cbf3cf52d60c,ba8ca1044161d1fa6a73fd1c753a97b18e9606928f0d29fa75583ac9563072cd,2003-01-21T07:53:04+00:00,33685504,128
1933,{app}\NPA5\SPECOD\10.htm,app/NPA5/SPECOD/10.htm,626780,421622213,d9c96a92fa8935b5a92cc5690b4ea9e39622cd9f,80e3817e0ea65e28a242a9bb08c4c46be24e88bb7eeecbfe6dda0bedaf609c53,2004-12-29T13:39:54+00:00,33685504,128
1934,{app}\NPA5\SPECOD\11.htm,app/NPA5/SPECOD/11.htm,124960,422248993,f5967d0b26fbe9833915c9677e738302bcab679d,889f755be0b0e814c234d055c7eae6fcfa824ac0228cecf19c960374e73c4814,2004-12-29T13:38:24+00:00,33685504,128
1935,{app}\NPA5\SPECOD\13.htm,app/NPA5/SPECOD/13.htm,555739,422373953,2fe9769e7c5231bdbd15df2d946e5b12c192415e,6808767b4079d9db1b471f5e4101eb1a3e5e81a22626621c6162c9453ed0a459,2000-09-01T15:21:10+00:00,33685504,128
1936,{app}\NPA5\SPECOD\14.htm,app/NPA5/SPECOD/14.htm,32399,422929692,88251141be6b4dee8f1362a64bd002b6ce71f46e,f624d5ef7842d6b0bf744707b2873c145348c6d19f6a1200dedb5a2647963ef9,2000-09-01T15:28:42+00:00,33685504,128
1937,{app}\NPA5\SPECOD\15.htm,app/NPA5/SPECOD/15.htm,57465,422962091,4439f0a8ae379b1f6abae97fcf8a4919b2f7b2b4,58ccb6b36a36c9ec0e83209aa268566f9377cb59e84c8bedf8684ed1009b834c,2004-12-29T13:27:20+00:00,33685504,128
1938,{app}\NPA5\SPECOD\16.htm,app/NPA5/SPECOD/16.htm,387594,423019556,6c8cf548a5a525bd339ca411da8177fc1731aff1,ef1afecb5efc53bef38906c58a1d031d676b8461ebb986e7cb63a739c125fd6e,2000-09-01T15:48:42+00:00,33685504,128
1939,{app}\NPA5\SPECOD\17.htm,app/NPA5/SPECOD/17.htm,136542,423407150,a8619f7d53f840b72d050e8a2f93b4f599d91912,fd5c6169f0b0f51c60c8032b8a24725c257f33c2d3b97c6f17ae8614975b328a,2004-12-29T13:26:50+00:00,33685504,128
1940,{app}\NPA5\SPECOD\18.htm,app/NPA5/SPECOD/18.htm,55342,423543692,a2c00166271e4fe1bd4d057904c0935316e5cee7,81a6487beefcd2b71dd965f68e10e7b5994730a1dcbf1b19e4fb6b738c2e0528,2000-09-01T15:53:00+00:00,33685504,128
1941,{app}\NPA5\SPECOD\19.htm,app/NPA5/SPECOD/19.htm,39879,423599034,0122b5a7cceeddc502c6c0605bb946b0d3f7856f,67c6576b6a9b44262ca9d041b795f650326e9c24df32c0dfdf6ae4be4c6cdfed,2000-09-01T15:54:18+00:00,33685504,128
1942,{app}\NPA5\SPECOD\20.htm,app/NPA5/SPECOD/20.htm,13766,423638913,ad516bcd3db2d07b5b3b1bf517013546f296b215,392aca3bfb4a35b8e8fb0320bcf43488837ebe1ec23887051ee7cef2e4080563,2000-09-01T15:55:28+00:00,33685504,128
1943,{app}\NPA5\SPECOD\21.htm,app/NPA5/SPECOD/21.htm,151015,423652679,9d14ffa3396323e399a3f652c188131efce5b18e,27417adc744203d9b61afdfb9f4c53a245b9eafdd0679f54079cb610e99670bc,2000-09-01T15:58:42+00:00,33685504,128
1944,{app}\NPA5\SPECOD\22.htm,app/NPA5/SPECOD/22.htm,203937,423803694,669aaba2b024d11613bfdb8acc86575238a7bbff,d1959c7947892f9b999c9254bbca80b014b61973a079de3e88f7c42939f22734,2000-09-01T16:03:28+00:00,33685504,128
1945,{app}\NPA5\SPECOD\3.htm,app/NPA5/SPECOD/3.htm,26517,424007631,4c1f2abb8778899987431ddb9eed7ef5ce4b6160,03429cdad71a213540e025bfe68a449f03c2d0e361465bb33dcf874bc195d914,2000-09-01T12:35:20+00:00,33685504,128
1946,{app}\NPA5\SPECOD\4.htm,app/NPA5/SPECOD/4.htm,80709,424034148,9f35ec6b4e14903cad30d1fcc27f6e49f7b12a39,3ab8fa080a8bee806a6bef189d05cf22516e1349f8dac6dfcd5a33251302b8d7,2004-12-29T13:30:58+00:00,33685504,128
1947,{app}\NPA5\SPECOD\8.htm,app/NPA5/SPECOD/8.htm,215791,424114857,63eeca65bf411add75fd9f6fb014fd21ce297104,3dcb93bd8e1dfa04610d8d4f598b8dac3ba9bb1e9b4dc89357bd9f3b076cf71d,2000-07-24T17:44:00+00:00,33685504,128
1948,{app}\NPA5\SPECOD\Bullet7.gif,app/NPA5/SPECOD/Bullet7.gif,140,424330648,feb31933a3e492293f142d6b4b4656765ea25625,d23eb0569fcb7ff5564cd0da66f35dedb9c609de7ecb8996440425c5b06af311,1997-03-05T12:21:54+00:00,33685504,128
1949,{app}\NPA5\SPECOD\celpaper.htm,app/NPA5/SPECOD/celpaper.htm,444428,424330788,fc84529d6ece7b03d52417cc773426bb75f4c2b6,b21b20215830407196b9160a2078535e0ff3405fc618daa9341b7b7bda0c7fad,2005-02-15T08:37:38+00:00,33685504,128
1950,{app}\NPA5\SPECOD\Image7.gif,app/NPA5/SPECOD/Image7.gif,4699,424775216,e327c8b7369476c116e8feb9461043e8a2e7c971,4493bf1e8abc0cf7866235c00dcdaf3502392cf907b941c6bb0603336ac1f32d,1998-03-14T14:03:32+00:00,33685504,128
1951,{app}\NPA5\SPECOD\legprom.htm,app/NPA5/SPECOD/legprom.htm,917611,424779915,c3a88eb672823282df69637394a5a49564d1192b,426efd8a1f00c0d5fd8663b5423d3bd5c6e9afc1afc2a7e0012abd31ea1446fd,2005-02-15T08:26:26+00:00,33685504,128
1952,{app}\NPA5\SPECOD\main1.htm,app/NPA5/SPECOD/main1.htm,45188,425697526,432b224c1698bc152957cc135f44565551475d43,b53aec0230a075db4973ed8960ae8409f193b5c2e25c8f8f639376fb6e18016d,2018-10-30T12:00:10+00:00,33685504,128
1953,{app}\NPA5\SPECOD\market.htm,app/NPA5/SPECOD/market.htm,91475,425742714,ad4415922f8ad9d5807a6103105cbe362b74dba3,603e1b9ec2be15a6aeeac27f62065fd9a00c6174def632b4b2be265929fff95b,2000-07-24T17:46:06+00:00,33685504,128
1954,{app}\NPA5\SPECOD\poyas.html,app/NPA5/SPECOD/poyas.html,10827,425834189,bfb923677ed3410b8b9e055f1400eadfdb639178,07559e4787bcb54076ff2f502eba89af4a0c81c128fc8951c816acc3a115d974,2005-01-11T14:11:38+00:00,33685504,128
1955,{app}\NPA5\SPECOD\prikaz_290n.htm,app/NPA5/SPECOD/prikaz_290n.htm,59685,425845016,4b160a5fc74b764461a874ed8374810e15d534db,91d6e5e35e3112eedab1b2bd762abd8efde2d0c302c73be39751aa98c1af749f,2015-07-16T17:08:08+00:00,33685504,128
1956,{app}\NPA5\SPECOD\radio.htm,app/NPA5/SPECOD/radio.htm,305243,425904701,e9d2d4cd52b43332d9c0e39ef234a12faa9e0bea,8fe03fcb8ff4c2561aa831503acb19352a1631a317c232be1dcc155de7616b74,2005-02-15T08:34:40+00:00,33685504,128
1957,{app}\NPA5\SPECOD\tree.htm,app/NPA5/SPECOD/tree.htm,246451,426209944,eed97e3b100ba190f26841c9db234e272a7c4186,ad21204555692704bf0ef541faf457d99b278c4242d64f9b0b1158234cfe2b65,2005-01-11T12:38:24+00:00,33685504,128
1958,{app}\NPA5\SPECOD\авиационной.htm,app/NPA5/SPECOD/авиационной.htm,560588,426456395,21de0ca68c65d11043b292c14b6e27432f26616c,d4419b878407dd66b95ae2deb2e47201de08218593884aa30374bb4a0128024d,2004-12-29T13:17:30+00:00,33685504,128
1959,{app}\NPA5\SPECOD\бериллий.htm,app/NPA5/SPECOD/бериллий.htm,27636,427016983,53cd1195ab83c6692ec25fa378dc72dc2fd594c6,3dd338b1fb7e5a6d4d81495d37bd5e6f5929d4fbcd99ad5ec360da2304362b53,2005-01-11T14:49:40+00:00,33685504,128
1960,{app}\NPA5\SPECOD\БЫТ_ОБСЛ.htm,app/NPA5/SPECOD/БЫТ_ОБСЛ.htm,173294,427044619,fb37e8c84a71c2282a64db1ba358f6f61531d4a6,5c574aeb394300f1f8e5810b67ab10d0f0322c88b47ab76d09830857c306d03e,2000-07-24T15:42:32+00:00,33685504,128
1961,{app}\NPA5\SPECOD\геология.htm,app/NPA5/SPECOD/геология.htm,387871,427217913,c4d7a9f7a0efe11708d5affb16f8b32e884db938,66875b5e28cb546f73b975a827acb137ec6daa95e90ae8ec5328551d6ef6a2e9,2003-04-04T10:11:56+00:00,33685504,128
1962,{app}\NPA5\SPECOD\ЛЕСХОЗ.htm,app/NPA5/SPECOD/ЛЕСХОЗ.htm,136009,427605784,b01d89ea7e473c96b25f217d19bcb3f3e669528e,6060a848e9b76429ff717ea3d8768e0f8737a7e9df50f864c80db474666a6ba2,2004-12-29T13:21:42+00:00,33685504,128
1963,{app}\NPA5\SPECOD\минобороны.htm,app/NPA5/SPECOD/минобороны.htm,1304122,427741793,a1a9c89ae88674dc6e282dd3a4689462d8a2f1cb,1f14b6e13f8e6d6adc2e3be33c33cc93cdf17dec7b6cfbcdbfdae502c95b9aa6,2005-02-15T08:01:28+00:00,33685504,128
1964,{app}\NPA5\SPECOD\Приложение N 11.htm,app/NPA5/SPECOD/Приложение N 11.htm,428409,429045915,b501ad406d2cc1516f55700ccb09c07d7ebe9789,729de14a8fbeca1690cac6f078ee215fb91a245e859c41b987ba86cf946bd62d,2005-02-15T08:08:00+00:00,33685504,128
1965,{app}\NPA5\SPECOD\РАН.htm,app/NPA5/SPECOD/РАН.htm,205448,429474324,27b505d0a32d94c98e2d76a9e3cd01bde85de3a3,a72ac1daa741a86ea52cb5b7b98dce6fffbf61ded3638220fb1fb33f5a826412,2003-04-04T13:55:14+00:00,33685504,128
1966,{app}\NPA5\SPECOD\рыбпром.htm,app/NPA5/SPECOD/рыбпром.htm,755456,429679772,3621522663746880405b16e99e25b514152a71b4,38b4639872acd24ffb688c6edb8e913d3fb70e9a7912f37ebed1fbb524dffac3,2005-02-15T08:10:16+00:00,33685504,128
1967,{app}\NPA5\SPECOD\судостроение.htm,app/NPA5/SPECOD/судостроение.htm,89106,430435228,03278f4d943c39119e29eadb92789ab845752c86,92c14ee70a5d027d4c2c381164dd07e4739a49a406efef914ca2036aecd3e4bf,2005-01-11T13:43:28+00:00,33685504,128
1968,{app}\NPA5\SPECOD\торф.htm,app/NPA5/SPECOD/торф.htm,139428,430524334,86bdb9f41bedbd14a5d30232fab60bbbb7506f31,29d90bc9ea9b5c3c31e0348df11181fe4c9c8d63ef6d90f1dbd5d512ca3ff6c7,2005-01-11T14:27:14+00:00,33685504,128
1969,{app}\NPA5\SPECOD\фсб.htm,app/NPA5/SPECOD/фсб.htm,130476,430663762,70315fd8531b0a5f606de0cb1805d7ad9ae0fd80,e9c6e0a11a1b856f46187e08c8ed51fd23cf81d1d013a3de527e815455c80ad6,2005-01-11T14:42:50+00:00,33685504,128
1970,{app}\NPA5\SPECOD\химоружие.htm,app/NPA5/SPECOD/химоружие.htm,822432,430794238,310258d260001d43cac492c80b35a6c33c6da5e2,4038b71dfca53fcb7684ac784d656e37dea676ac106ad7b097acc611a9012f19,2005-02-15T08:04:50+00:00,33685504,128
1971,{app}\NPA5\SPECOD\29_post_43\29_post_43.htm,app/NPA5/SPECOD/29_post_43/29_post_43.htm,1147842,431616670,c5c20dfe19483a21b8524d7cc7e9b6318b474b76,939d83a675a70d94059b025646d813dc8719b096c54fc3f1a76b778b17c62780,2007-08-21T11:54:08+00:00,33685504,128
1972,{app}\NPA5\SPECOD\glass\glass1.htm,app/NPA5/SPECOD/glass/glass1.htm,1967087,432764512,33015e151d30e3dc2fd503863763e9f17719af1f,03ac2692f123fba3e2fd026104c68f1236de72ba1973af0381d34066b7b3b2a6,2004-12-29T13:36:02+00:00,33685504,128
1973,{app}\NPA5\SPECOD\glass\glass2.htm,app/NPA5/SPECOD/glass/glass2.htm,362866,434731599,fbe28e1b5e83a5f738cd4e2cff596d22e91d5e77,7872a9aa173ab00a8e6fbd6b0be80d3b5d59d327ddf128675756580b5ac97cac,2000-09-04T19:45:30+00:00,33685504,128
1974,{app}\NPA5\SPECOD\glass\glass3.htm,app/NPA5/SPECOD/glass/glass3.htm,360627,435094465,7bdee349fd4af5d6f066693f0349db52e82b611a,22095ee56406d5ca1b698da161dbbef0c82379f648f059b78cf6de6670e471c0,2000-09-04T19:54:38+00:00,33685504,128
1975,{app}\NPA5\SPECOD\glass\glass4.htm,app/NPA5/SPECOD/glass/glass4.htm,380111,435455092,34a3538ec68ddbc1b813832496ed4ca50be04ed3,60bca4efc1546ff8721ffc521e094d8374738e2d913f8a4e53b679c1d36ccf9a,2000-09-04T19:56:14+00:00,33685504,128
1976,{app}\NPA5\SPECOD\glass\glass5.htm,app/NPA5/SPECOD/glass/glass5.htm,345446,435835203,2fec4036cfad649f2f8562ff016eb338fea2c808,43304fc7814c3a01b788d28b686163afc1826002af8b12aa5d258dd26fe8da2b,2000-09-04T19:57:42+00:00,33685504,128
1977,{app}\NPA5\SPECOD\glass\glass6.htm,app/NPA5/SPECOD/glass/glass6.htm,368826,436180649,057dd134fa3ef39ac9e667e07a7a72e5cb845e5a,c4e012b1f8065a95850fe0a1921304f58e5c47b50d1c851eb43756a717b2fbf5,2000-09-04T19:58:32+00:00,33685504,128
1978,{app}\NPA5\SPECOD\OIL\oil1.htm,app/NPA5/SPECOD/OIL/oil1.htm,987683,436549475,e072e30b773559f016dc96e4919f93cf3e641f28,d3bf6dbfbd916589e92ac2422133cb69aeb36f395a82339760457af4d3b46179,2000-07-12T13:32:50+00:00,33685504,128
1979,{app}\NPA5\SPECOD\OIL\oil2.htm,app/NPA5/SPECOD/OIL/oil2.htm,1028593,437537158,29f2680e9971376ffba6d425111f8125abfa9c91,aa1282ab5696d9ec6651288bb4e8d3db609a57bdfab863258bdcd88745d26124,2000-07-12T13:43:18+00:00,33685504,128
1980,{app}\NPA5\SPECOD\prikaz_1022n\prikaz_1022n.htm,app/NPA5/SPECOD/prikaz_1022n/prikaz_1022n.htm,62745,438565751,a5b4d3da87e5cb43ce014c0ebab413bbfb40c450,b267b1d87556fdf877049b781884c823f10135a65c10667948e9011c76efa340,2015-08-27T13:27:38+00:00,33685504,128
1981,{app}\NPA5\SPECOD\prikaz_1028n\prikaz_1028n-1.htm,app/NPA5/SPECOD/prikaz_1028n/prikaz_1028n-1.htm,6453817,438628496,bf0d1db1d533b54aaaf8aadbbd89ae609b3e35a4,29dadb881deab8a89562618bdda2599db603e53eb33e3785fe17574f9b866f65,2010-10-27T21:01:48+00:00,33685504,128
1982,{app}\NPA5\SPECOD\prikaz_1028n\prikaz_1028n-2.htm,app/NPA5/SPECOD/prikaz_1028n/prikaz_1028n-2.htm,2623903,445082313,f26c724f1e6197ea28ca12bd84c7e4c76b4839ae,c7bc61e9bf09d558d85dd98fb997a2a21b0fef9941883733ac86a8b3c05bb9eb,2010-10-27T21:02:04+00:00,33685504,128
1983,{app}\NPA5\SPECOD\prikaz_1028n\prikaz_1028n-3.htm,app/NPA5/SPECOD/prikaz_1028n/prikaz_1028n-3.htm,1366809,447706216,2a025d8717f8d086fec72c2f6274f9c7d07a8fa2,25bf0a238f37d3e89a15781f5a7d8bdc5d9b9e36b05e379496ee0da747f58059,2010-10-27T21:02:20+00:00,33685504,128
1984,{app}\NPA5\SPECOD\prikaz_1028n\prikaz_1028n-4.htm,app/NPA5/SPECOD/prikaz_1028n/prikaz_1028n-4.htm,263669,449073025,5ab03d93b4bc39359025b5915dc7aec0bd8b0f76,653d84a784c243cdaefa6be24947fb2f8b7f727a0e29a55c5d46dda9ed131cfa,2010-10-27T21:02:42+00:00,33685504,128
1985,{app}\NPA5\SPECOD\prikaz_1028n\prikaz_1028n-5.htm,app/NPA5/SPECOD/prikaz_1028n/prikaz_1028n-5.htm,2006340,449336694,c0a4487821af0a15cedd957cc95041b9379f1049,2e94f574a7417ff1c2de47aeea08317ebfc66912e2c862ab386ca39338104a94,2010-10-27T21:03:00+00:00,33685504,128
1986,{app}\NPA5\SPECOD\prikaz_1028n\prikaz_1028n-6.htm,app/NPA5/SPECOD/prikaz_1028n/prikaz_1028n-6.htm,5919030,451343034,5b80ec5e3567cc38035ab4bac088e62f8e95db66,cc69647eef7ce6f1535313242db1947c3c33555b7160a335c2a62c1bcc09607f,2010-10-27T21:03:34+00:00,33685504,128
1987,{app}\NPA5\SPECOD\prikaz_1028n\prikaz_1028n-7.htm,app/NPA5/SPECOD/prikaz_1028n/prikaz_1028n-7.htm,579862,457262064,b478cb9b85965d6a4b30113c926d304ea596f228,9ea89ace29be12e0846fa2dd1d8e217f0038a687eedb17122ca0f3deee3f764e,2010-10-27T21:03:52+00:00,33685504,128
1988,{app}\NPA5\SPECOD\prikaz_1028n\prikaz_1028n-8.htm,app/NPA5/SPECOD/prikaz_1028n/prikaz_1028n-8.htm,243135,457841926,b89b89a009649db6417301fb4e55cf7e5f455f10,cb124df41678c65ffcdd68ea1542e7e5e670d79a87090323ea7ac9093de3e130,2010-10-27T21:04:16+00:00,33685504,128
1989,{app}\NPA5\SPECOD\prikaz_1028n\prikaz_1028n.htm,app/NPA5/SPECOD/prikaz_1028n/prikaz_1028n.htm,27198,458085061,21bf7c82730c0e4b6ca7a941edd9861b51a41f17,49271469a20b096d4c85bfab6c0af38876acb9b5b94fb88e40144053bf14385a,2010-10-27T21:06:18+00:00,33685504,128
1990,{app}\NPA5\SPECOD\prikaz_1077n\prikaz_1077n.htm,app/NPA5/SPECOD/prikaz_1077n/prikaz_1077n.htm,698543,458112259,e3babcaf6f07775f7e85a895b4e70dcf7cc78d74,2c1ab53c8966722db9880d0e35e50dc43cccb53bfec6b1fa402f977835eedfe9,2011-01-28T15:34:42+00:00,33685504,128
1991,{app}\NPA5\SPECOD\prikaz_1078n\prikaz_1078n.htm,app/NPA5/SPECOD/prikaz_1078n/prikaz_1078n.htm,952124,458810802,b83e13450ac49def9fad6d125145df7275e2042a,de84fa75ba924d881359787b91800d0188fc00d12ed2ba373afe5878e77c26b0,2011-01-31T11:29:12+00:00,33685504,128
1992,{app}\NPA5\SPECOD\prikaz_1104n\prikaz_1104n.htm,app/NPA5/SPECOD/prikaz_1104n/prikaz_1104n.htm,3219976,459762926,6d0c15a7923d0a4c943253048f5adeb7b3b85413,9dfe02a99502f4a90eb1381fb5c7acbb215cbc03dc57008dbc53c1903da6a12e,2011-02-16T11:33:32+00:00,33685504,128
1993,{app}\NPA5\SPECOD\prikaz_1110n\prikaz_1110n.htm,app/NPA5/SPECOD/prikaz_1110n/prikaz_1110n.htm,1242174,462982902,c5f3b0de6117e0bfa019303d4c6d3f1f7e3b7efe,c959552787b4dddcb9eb819f6bd6ae4825b314862a1d049038d78cab7e44e587,2016-11-18T14:51:28+00:00,33685504,128
1994,{app}\NPA5\SPECOD\prikaz_1247n\prikaz_1247n.htm,app/NPA5/SPECOD/prikaz_1247n/prikaz_1247n.htm,1505667,464225076,c96478ac256cee394fdfef06a8e9696076bdaa3d,1028bdcc3c0d7caa82bbc6ac6d72f51a35d4bd61641ad67aee817c5e1c3de476,2011-02-16T11:42:00+00:00,33685504,128
1995,{app}\NPA5\SPECOD\prikaz_1988_803\prikaz_1988_803.htm,app/NPA5/SPECOD/prikaz_1988_803/prikaz_1988_803.htm,120282,465730743,e27b632de268a3dbb60314c9e58f5224bb5c7f7c,969eda5a8405a0cddfba5d7b0d5a03bcc4423ff851f573aceb3001063237107d,2011-04-19T14:52:52+00:00,33685504,128
1996,{app}\NPA5\SPECOD\prikaz_297\prikaz_297.htm,app/NPA5/SPECOD/prikaz_297/prikaz_297.htm,1226528,465851025,3bea9639135b39e036b78b5983edd3560401fbe4,ef3b713737254fdaef0eb60a91c5e1e21e60bd7e4492bcc2494deb564607050e,2015-07-16T17:15:24+00:00,33685504,128
1997,{app}\NPA5\SPECOD\prikaz_340n\prikaz_340n.htm,app/NPA5/SPECOD/prikaz_340n/prikaz_340n.htm,1010893,467077553,38ea447585c8d2a9d6ff2a352a0b2577a893c413,4b2b20afeb65ab933f85a1a1944bc3180c7d94f168fedd546269ac731bd9aff1,2014-12-11T11:25:18+00:00,33685504,128
1998,{app}\NPA5\SPECOD\prikaz_341n\prikaz_341n.htm,app/NPA5/SPECOD/prikaz_341n/prikaz_341n.htm,275633,468088446,0873640ffff25edf1ba9e14f4080f389b0933121,1080830018ae7000ffdff9db56e30f504a1a40f09b29cc7437d64d8756a7a887,2013-10-02T13:23:14+00:00,33685504,128
1999,{app}\NPA5\SPECOD\prikaz_357n\pril1.htm,app/NPA5/SPECOD/prikaz_357n/pril1.htm,166165,468364079,f15aff9d5866ec26bf407a19dd1c1b2c2d77c9e0,74fd1ddd76c72e657e21492e0cf36cb0792612ac71119683e3620bf18023b805,2009-10-28T12:37:16+00:00,33685504,128
2000,{app}\NPA5\SPECOD\prikaz_357n\pril2.htm,app/NPA5/SPECOD/prikaz_357n/pril2.htm,1410858,468530244,04c6512803410c73e7ba291d7adec10d4554a130,f78dca5cf35fae14c22871dea450bb49056cc5474a0376ea3568ccc780bab016,2009-11-03T11:10:12+00:00,33685504,128
2001,{app}\NPA5\SPECOD\prikaz_357n\pril3.htm,app/NPA5/SPECOD/prikaz_357n/pril3.htm,747109,469941102,14e2c32db240ae321051e1a41ee771bcd7a971b1,33936c42502801ca7524d67db61ee42a9c0c27f53fd3798b11ed1f496fada4dd,2009-10-28T17:59:40+00:00,33685504,128
2002,{app}\NPA5\SPECOD\prikaz_357n\pril4.htm,app/NPA5/SPECOD/prikaz_357n/pril4.htm,670860,470688211,5a984d55c89979d7350a378e713fb53adbc25f2a,66f8b7eba082343493b6cac43f5c18d343a1cd563222c85fa2b7be6738caceb3,2009-10-29T15:48:24+00:00,33685504,128
2003,{app}\NPA5\SPECOD\prikaz_357n\pril5.htm,app/NPA5/SPECOD/prikaz_357n/pril5.htm,399740,471359071,e9d230b05acfbde84f9d8b8c9ac2c677ca94d5b5,8dd5bbe04b33a370fbafc4ccb9e2cd84267d28656239ec680aa9673b30a604e0,2009-10-28T13:49:00+00:00,33685504,128
2004,{app}\NPA5\SPECOD\prikaz_416n\prikaz_416n.htm,app/NPA5/SPECOD/prikaz_416n/prikaz_416n.htm,542813,471758811,d9e0a467204f65d76384d588b8a9f02649d98309,27804c26e835904479d162086017d7ed555422aef07a92d6a34502d845d5d0dd,2008-12-03T11:03:40+00:00,33685504,128
2005,{app}\NPA5\SPECOD\prikaz_454n\prikaz_454n.htm,app/NPA5/SPECOD/prikaz_454n/prikaz_454n.htm,763561,472301624,c9da8b794f7e4e7e5f4d0b95fc7f4bda3d2fde35,cd55e13b3cc251538b877cc7c46318e82d0a51cf0c37a0d84ffbc70b725ec982,2010-09-29T16:28:18+00:00,33685504,128
2006,{app}\NPA5\SPECOD\prikaz_477\prikaz477.htm,app/NPA5/SPECOD/prikaz_477/prikaz477.htm,1046270,473065185,07e891991a536caa49fd7b2ea3773893b00d7bb4,c7022a69a358fac6f9b15c15647b1783a84f94d43c9d4bc1fee4d2e46b99c6ac,2008-01-28T15:58:10+00:00,33685504,128
2007,{app}\NPA5\SPECOD\prikaz_507n\prikaz_507n.htm,app/NPA5/SPECOD/prikaz_507n/prikaz_507n.htm,951081,474111455,951ae9bba664df483b56091d9136e79682631d21,2e2b038b25a017a436d57e4faeeae9a6e074b066b68910b40b19d22c1b708c35,2018-10-26T17:10:00+00:00,33685504,128
2008,{app}\NPA5\SPECOD\prikaz_541n\prikaz_541n.htm,app/NPA5/SPECOD/prikaz_541n/prikaz_541n.htm,496629,475062536,622e203efbd1f4f61c9fbcc58193f5aba1cf0a8f,75c6d0d30a86dd532da983156471b43ee544681c81a60cf3600a6b13a5202e5c,2008-12-03T11:47:06+00:00,33685504,128
2009,{app}\NPA5\SPECOD\prikaz_543n\prikaz_543n.htm,app/NPA5/SPECOD/prikaz_543n/prikaz_543n.htm,1082076,475559165,041f68ce42806a5622827de5a20ee75bf3b1a992,c3da27e816ba084f5d8e39c93e2bbe871c029bb13297820ba5e576e089adc871,2008-12-04T09:21:18+00:00,33685504,128
2010,{app}\NPA5\SPECOD\prikaz_582n\p_582n.htm,app/NPA5/SPECOD/prikaz_582n/p_582n.htm,2861245,476641241,faa5dfd16e6449a82e109cbabb53b6715a7a9b21,35d54953a22260e686b012236e4ba487ff7e54a0589e925a7fd833b34e203f83,2009-03-04T15:37:20+00:00,33685504,128
2011,{app}\NPA5\SPECOD\prikaz_587n\prikaz_587n.htm,app/NPA5/SPECOD/prikaz_587n/prikaz_587n.htm,51694,479502486,b5df522ee8a9973dd5563f9b0bfe32fa9300415b,69b0d7f3db16fe30c072788660d928b26f23dbdfaf38019b8cbdcbc75c80b429,2015-09-03T08:40:34+00:00,33685504,128
2012,{app}\NPA5\SPECOD\prikaz_652n\652n-I.htm,app/NPA5/SPECOD/prikaz_652n/652n-I.htm,1330453,479554180,08ed8f34fcc0468c76254827ff2d812eec5ffe34,71608af569b1ad8c24546ce6e4578f123aa8f915de22de4516cbb4ed014b1efa,2014-04-11T14:35:12+00:00,33685504,128
2013,{app}\NPA5\SPECOD\prikaz_652n\652n-II.htm,app/NPA5/SPECOD/prikaz_652n/652n-II.htm,822065,480884633,4e35e30243a9248b08db0a12e1a8550cf1f3547b,2f4ecf6b3d48d903837f2b3e210a34624a83cca3c4956feda8a1428fd11dda65,2014-04-11T14:37:58+00:00,33685504,128
2014,{app}\NPA5\SPECOD\prikaz_652n\652n-III.htm,app/NPA5/SPECOD/prikaz_652n/652n-III.htm,7265425,481706698,4fe304f6ac57bdc1ca21f3dd36dc143500c01f5e,5886a296c4daf54e8452ea57946c3672c6768aa5467b09fb893bf08cdb8a6111,2014-04-11T14:37:18+00:00,33685504,128
2015,{app}\NPA5\SPECOD\prikaz_652n\652n-IV.htm,app/NPA5/SPECOD/prikaz_652n/652n-IV.htm,5500058,488972123,5c57212cc3b12b3a7ed3e82533e18cb0308ca710,e7cd15317d30e008eae6876985c6be504a19d484ad8834ce04b366fc872bc64e,2014-04-11T14:38:52+00:00,33685504,128
2016,{app}\NPA5\SPECOD\prikaz_652n\652n-V.htm,app/NPA5/SPECOD/prikaz_652n/652n-V.htm,45043,494472181,b3f2e96fb7a1cf705da634b1fd7d66c3e3d6fbbd,1e1861b6faab5501d6c098de62e82a4f57491673d24fc71c53521b653689e794,2014-04-11T14:39:32+00:00,33685504,128
2017,{app}\NPA5\SPECOD\prikaz_652n\652n-VI.htm,app/NPA5/SPECOD/prikaz_652n/652n-VI.htm,194975,494517224,a0c77cfbf4af73efcec649bcccd6175fe2c5de10,87bca546acbe3cf477e3207e37e23bf5472a0441f5a4dbe3f599f6cb7c53e76d,2014-04-11T14:40:04+00:00,33685504,128
2018,{app}\NPA5\SPECOD\prikaz_652n\652n-VII.htm,app/NPA5/SPECOD/prikaz_652n/652n-VII.htm,346959,494712199,0eda19a85387089b9551dbaea0987f51e1a1c78d,f08eb1a9b20f4f43a55969f2834430f31034343e3ad0e2ae1a11b064992592ab,2014-04-11T14:40:38+00:00,33685504,128
2019,{app}\NPA5\SPECOD\prikaz_652n\652n-VIII.htm,app/NPA5/SPECOD/prikaz_652n/652n-VIII.htm,940672,495059158,66f7264ce033190a7c0573041b1c0a77ccfaa3e3,7c0d2828df9b6b2f18ecb69dc9b73d26ce9da400f576a5a719133386b28cd6b6,2014-04-11T14:41:16+00:00,33685504,128
2020,{app}\NPA5\SPECOD\prikaz_652n\652n.htm,app/NPA5/SPECOD/prikaz_652n/652n.htm,64992,495999830,badea2d48785eca0f00eb17a0b56429abf2c91d0,442208826114b9bf6cfef9b8573a39a63825d158faf1385dc25fb24e25c553a7,2014-04-11T15:08:08+00:00,33685504,128
2021,{app}\NPA5\SPECOD\prikaz_65_ussr\prikaz_65_ussr.htm,app/NPA5/SPECOD/prikaz_65_ussr/prikaz_65_ussr.htm,238041,496064822,cd121728ced2a6e9cd03865dcafb97fdbfe5509d,165d7f93f30616cd2337b0dd50d8a2481cb6114722e9670651aba7cb2efdd5e7,2011-04-27T09:45:00+00:00,33685504,128
2022,{app}\NPA5\SPECOD\prikaz_665n\prikaz_665n.htm,app/NPA5/SPECOD/prikaz_665n/prikaz_665n.htm,764868,496302863,352f33c27a8655133ea23215182ce257d19d5459,65f7dbf2e58139cb6242c53a83948ccdcd20c7b07cc7415a608280100394d327,2017-04-11T17:18:44+00:00,33685504,128
2023,{app}\NPA5\SPECOD\prikaz_722\722.htm,app/NPA5/SPECOD/prikaz_722/722.htm,3240510,497067731,589ec78dd8ff767bd5f941b139f53d2fa18604b8,9ae1d1b0e1b547cd0cc854c61adb860babb8c04a1425e0379077806f2127779c,2008-02-05T12:01:46+00:00,33685504,128
2024,{app}\NPA5\SPECOD\prikaz_722\Image812.gif,app/NPA5/SPECOD/prikaz_722/Image812.gif,40971,500308241,6aeeed6b7c8a2f37b46c57631f48f84e4eed1273,8f47116242340bcad985b7f04b2fb35e19b2610926fba40b68749097579b634f,2008-02-01T16:03:38+00:00,33685504,128
2025,{app}\NPA5\SPECOD\prikaz_722\Image813.gif,app/NPA5/SPECOD/prikaz_722/Image813.gif,170627,500349212,381b4660e0702293f008bced0dbe8f0d0c4fc0c1,9dff6820c7fa8e81829ef3edda8ad2de1b63d528c4f393bef6160dc5b4c5da77,2008-02-01T16:03:46+00:00,33685504,128
2026,{app}\NPA5\SPECOD\prikaz_722\prikaz_722.htm,app/NPA5/SPECOD/prikaz_722/prikaz_722.htm,2372786,500519839,99cfbbaacfcbe3e7c265347cddc738dfc7895580,8360fac201acbe85bafe3557d48efc9f3cff4c486678e2dd0d667675a3d45508,2008-02-01T16:10:00+00:00,33685504,128
2027,{app}\NPA5\SPECOD\prikaz_777n\prikaz_777n_pr1.htm,app/NPA5/SPECOD/prikaz_777n/prikaz_777n_pr1.htm,404935,502892625,0106e51ce086bf5ac9771492ad62a2a45a52128a,81169467997261be7baaa0f0d0bf2bb35e0bd773eb65813dbe9c979f681bce59,2011-03-31T11:43:50+00:00,33685504,128
2028,{app}\NPA5\SPECOD\prikaz_777n\prikaz_777n_pr2.htm,app/NPA5/SPECOD/prikaz_777n/prikaz_777n_pr2.htm,37083,503297560,b193206fa327e83a656858c786f01494f6d866ab,e53fbb2e21be77d7a52fb1a15415919e70b918c2d46e467b09307d40743c4a74,2011-03-31T11:44:40+00:00,33685504,128
2029,{app}\NPA5\SPECOD\prikaz_844n\prikaz_844n.htm,app/NPA5/SPECOD/prikaz_844n/prikaz_844n.htm,353321,503334643,19dbcc2236564b3c538c7cd85f59c9618dd148d3,f9c1021ad7864eb22f762b98f54bb903c787c038bd76fac8162735dc4957dfce,2016-05-27T12:20:00+00:00,33685504,128
2030,{app}\NPA5\SPECOD\prikaz_863n\prikaz_863n.htm,app/NPA5/SPECOD/prikaz_863n/prikaz_863n.htm,212579,503687964,fcf6bfd68c12d9f1596246ce7814f1efe009fd7b,c56f9d3e59a4f494696cc3861c53f4b44a0e98fb5545011eaaca0987f1306395,2018-10-30T13:06:58+00:00,33685504,128
2031,{app}\NPA5\SPECOD\prikaz_873\873.htm,app/NPA5/SPECOD/prikaz_873/873.htm,11526103,503900543,ceb21451b0c0e08f5920abdfe9af49c017d87c20,6cee91341b006ba8fdfabd66c5cdc2db2bd3ecaf01b0227285155e86eee7e435,2008-02-05T11:53:34+00:00,33685504,128
2032,{app}\NPA5\SPECOD\prikaz_882n\prikaz_882n.htm,app/NPA5/SPECOD/prikaz_882n/prikaz_882n.htm,3687337,515426646,736fb26a4716819da0f92d9ad7358aa40a4a728c,c4cfc163804c1d6dd90e6c3c2dd6b22843fd4b4a2d3fd3cbccda134db8fb7c27,2018-10-29T13:29:18+00:00,33685504,128
2033,{app}\NPA5\SPECOD\prikaz_883n\prikaz_883n.htm,app/NPA5/SPECOD/prikaz_883n/prikaz_883n.htm,845580,519113983,16cbbc46fba130955874d7b749a3dd6f054ef0b2,2e460eb445abad447c969f06adb1de068897cbde18f0729eaa380a59500f07e1,2018-10-29T13:47:06+00:00,33685504,128
2034,{app}\NPA5\SPECOD\prikaz_906n\001.htm,app/NPA5/SPECOD/prikaz_906n/001.htm,53003,519959563,0c17d74160d24ef6b6cd8a5d1691b5e462d2374c,b196b6c71432a5d36e7f37d7ac5c3b36e56104e7875745d78fc9665152c7f1cb,2011-11-24T14:30:14+00:00,33685504,128
2035,{app}\NPA5\SPECOD\prikaz_906n\002.htm,app/NPA5/SPECOD/prikaz_906n/002.htm,26797,520012566,95694036cb32a769ad3fec3d33c5682b65c4224a,ccd2b9965ca0e41b438617f96bc3dedaef0657ee0f4a59cd8fd468e6dcf0d7df,2011-11-24T14:30:14+00:00,33685504,128
2036,{app}\NPA5\SPECOD\prikaz_906n\003.htm,app/NPA5/SPECOD/prikaz_906n/003.htm,255220,520039363,8e7cf46a57438303816e74b9b3771b6709a119c2,4c8c366c7eba647836d843b9a962811e8801fbb3bca490bf54d3a587d6504703,2011-11-24T14:30:18+00:00,33685504,128
2037,{app}\NPA5\SPECOD\prikaz_906n\004.htm,app/NPA5/SPECOD/prikaz_906n/004.htm,31021,520294583,e520bc36f192dd5dbf2611d42f91171b48e5b346,f606db15d68295d704cd13694b2fedd52493b9ac8c26c99ed85ab2c291a71cdc,2011-11-24T14:30:20+00:00,33685504,128
2038,{app}\NPA5\SPECOD\prikaz_906n\005.htm,app/NPA5/SPECOD/prikaz_906n/005.htm,13133,520325604,f2e7d9bee2ae7412327a0b8f40ffe6e98966b5c8,9d807b90d7010b6c5a11a8f2009b649ac9b7dbb3c53b8724d6f1e26cd27b73cb,2011-11-24T14:30:20+00:00,33685504,128
2039,{app}\NPA5\SPECOD\prikaz_906n\006.htm,app/NPA5/SPECOD/prikaz_906n/006.htm,9924,520338737,432f9a210776240b733152bad40505435a3de224,8c7375561bf8fe52feafd1fbab14bd01d1574d261177959bef7260aa6c23b3b1,2011-11-24T14:30:22+00:00,33685504,128
2040,{app}\NPA5\SPECOD\prikaz_906n\007.htm,app/NPA5/SPECOD/prikaz_906n/007.htm,11753,520348661,72ed2d83157e275d646945ee28bd70e5057d0af2,285f7cd7726d1eeb93fd2511b514421ad912aaacef546f49a1833db8ed4cd911,2011-11-24T14:30:22+00:00,33685504,128
2041,{app}\NPA5\SPECOD\prikaz_906n\008.htm,app/NPA5/SPECOD/prikaz_906n/008.htm,14135,520360414,284434209f74ad0b9767f4be0ef017b92e84952a,b41513bc41734afe6d45d2bd473d168e5f07637d288d60e25cc8b34d7e029261,2011-11-24T14:30:22+00:00,33685504,128
2042,{app}\NPA5\SPECOD\prikaz_906n\009.htm,app/NPA5/SPECOD/prikaz_906n/009.htm,20306,520374549,5f15d72cde8b4641071232d24c98b8c0cd436c2b,51967d8069048167643471c590762d093c1e67e1e15cdfb387e37cc032176037,2011-11-24T14:30:24+00:00,33685504,128
2043,{app}\NPA5\SPECOD\prikaz_906n\010.htm,app/NPA5/SPECOD/prikaz_906n/010.htm,40520,520394855,c1dd9c6a18d01515650b0266638f92d03eea8bb2,568c31c18771b7fdd52ad1fbafb9675bacdc4e6d34f6f7951da093c8635bcb59,2011-11-24T14:30:24+00:00,33685504,128
2044,{app}\NPA5\SPECOD\prikaz_906n\011.htm,app/NPA5/SPECOD/prikaz_906n/011.htm,11834,520435375,a4c48b267e154149b0f107c6f9f709f4acc01df4,d7b97d2856bbf36a110729353a5355234e46960c10d5f00ca852b899ae9f425a,2011-11-24T14:30:26+00:00,33685504,128
2045,{app}\NPA5\SPECOD\prikaz_906n\012.htm,app/NPA5/SPECOD/prikaz_906n/012.htm,13973,520447209,414ff1af291e2f779cc4c6946c0a1b2c67f1ad28,dc62156ff2074389bc61489a7f2f6ee43427a091ae411e151e964de340b90317,2011-11-24T14:30:26+00:00,33685504,128
2046,{app}\NPA5\SPECOD\prikaz_906n\013.htm,app/NPA5/SPECOD/prikaz_906n/013.htm,18266,520461182,309c304d8ec7682922a0567f00ff6490b18246ba,ae400e84778a3a7ef0b42851491ca0f4c6c999a6ae40e521c3314a7f4c3eb452,2011-11-24T14:30:26+00:00,33685504,128
2047,{app}\NPA5\SPECOD\prikaz_906n\014.htm,app/NPA5/SPECOD/prikaz_906n/014.htm,23050,520479448,6dccd9543a4c2eb09ebf8fa2a70a482f2aa73d39,08f4a84b9ebb25c929ceae808ecc76bc8f8b2ea7a8fa3d3aa4b0b4a93c02dfb4,2011-11-24T14:30:28+00:00,33685504,128
2048,{app}\NPA5\SPECOD\prikaz_906n\015.htm,app/NPA5/SPECOD/prikaz_906n/015.htm,18212,520502498,4976664c41cffa6a7341f6de14e07444f77b9e4c,cc2c109e7e7bf757dfd120f7fc2de7ed3bd9c449644f91239374cef2f6afa146,2011-11-24T14:30:28+00:00,33685504,128
2049,{app}\NPA5\SPECOD\prikaz_906n\016.htm,app/NPA5/SPECOD/prikaz_906n/016.htm,20347,520520710,22b0d623fa4dafe7ed006395f839f3af4a46bc04,bb52ca998a9f3abb35ba48b58fdce4ace60e4dee4f21ac30cbd85cf7f26c579c,2011-11-24T14:30:30+00:00,33685504,128
2050,{app}\NPA5\SPECOD\prikaz_906n\017.htm,app/NPA5/SPECOD/prikaz_906n/017.htm,27231,520541057,4f226031d0fa91239020833513c1273fe4311c81,3a72af2a33b3e8b56901e4023fbe7630cb620e30438515636878cdae6a808ec6,2011-11-24T14:30:30+00:00,33685504,128
2051,{app}\NPA5\SPECOD\prikaz_906n\018.htm,app/NPA5/SPECOD/prikaz_906n/018.htm,33387,520568288,defd135257276a8958b41db4013d40e46c1d0784,2f50d85d3b1d9496dfb15a8547bd8714c49cbaaa8fd03456ee1ec0fbe203f959,2011-11-24T14:30:30+00:00,33685504,128
2052,{app}\NPA5\SPECOD\prikaz_906n\019.htm,app/NPA5/SPECOD/prikaz_906n/019.htm,7661,520601675,764e7ba062eb9b4ebff6ffed52f0501b28107a39,12f44507f0e44979761d1dcb0f97e7c981fc19bc6e03cca6f74c3732fd194b0f,2011-11-24T14:30:32+00:00,33685504,128
2053,{app}\NPA5\SPECOD\prikaz_906n\020.htm,app/NPA5/SPECOD/prikaz_906n/020.htm,27221,520609336,0450dbbdb569b0b343549a27b1f786b01b10d056,cb1546995457ff64a919ed9891a06f43f2213d1f0df1a11130759e86aed2d38b,2011-11-24T14:30:32+00:00,33685504,128
2054,{app}\NPA5\SPECOD\prikaz_906n\021.htm,app/NPA5/SPECOD/prikaz_906n/021.htm,13167,520636557,b9f0cfff23ad3deb400d067635f5a9c8725b1464,8fd6b51590675ffdf01294bb11ac45707aa24385260d8ace38de8141749cb29a,2011-11-24T14:30:32+00:00,33685504,128
2055,{app}\NPA5\SPECOD\prikaz_906n\022.htm,app/NPA5/SPECOD/prikaz_906n/022.htm,7745,520649724,a8cc23596f073d3c77907441d5978d7028eeb7d4,b283fd4feaf6995385e78cdc498913e0ba9d3cef2237e1a66d5f58b63ae46242,2011-11-24T14:30:34+00:00,33685504,128
2056,{app}\NPA5\SPECOD\prikaz_906n\023.htm,app/NPA5/SPECOD/prikaz_906n/023.htm,216419,520657469,42c6190868a984f9c14e433ac4a0b69382af0d13,77c677b8892ce09af47a0150c314b06563707f79b5a9467e6d64930a5a23778f,2011-11-24T14:30:36+00:00,33685504,128
2057,{app}\NPA5\SPECOD\prikaz_906n\024.htm,app/NPA5/SPECOD/prikaz_906n/024.htm,10503,520873888,433a549119306f4195e9aff2d1606818df1e31c6,218cc818d733f9cdd1a98b1834addba9e868a59a19ce6b8b6a535225b5884cb2,2011-11-24T14:30:36+00:00,33685504,128
2058,{app}\NPA5\SPECOD\prikaz_906n\025.htm,app/NPA5/SPECOD/prikaz_906n/025.htm,45289,520884391,6d50b32bead91d5b0a01d7472871a72a04ec4838,bd966045bceab7bcfe8d879d9c6caa0ad93745b3f15378687488572c6a896ce9,2011-11-24T14:30:36+00:00,33685504,128
2059,{app}\NPA5\SPECOD\prikaz_906n\026.htm,app/NPA5/SPECOD/prikaz_906n/026.htm,13015,520929680,78834346b722ba1ba6afc2aa5747125a43ec1459,d6038d17c1e5cea10557a46d316ca8faf4279c397a94e01655f969a0a408c093,2011-11-24T14:30:38+00:00,33685504,128
2060,{app}\NPA5\SPECOD\prikaz_906n\027.htm,app/NPA5/SPECOD/prikaz_906n/027.htm,27371,520942695,a7f19934422f9e75a44787e9b61f78b0d1d1603e,96cca8f967c5dca3f4f297f8e3baad85bd7e25cb3be02ac750128bc05ae3e4c7,2011-11-24T14:30:38+00:00,33685504,128
2061,{app}\NPA5\SPECOD\prikaz_906n\028.htm,app/NPA5/SPECOD/prikaz_906n/028.htm,8036,520970066,7536bfe7f6fe00d3232f5fd42544e6d5cb7575df,bcf657bd6fd09176a095225a99b2118bf2f8d1a63fc01dccd30f572d97598df3,2011-11-24T14:30:38+00:00,33685504,128
2062,{app}\NPA5\SPECOD\prikaz_906n\029.htm,app/NPA5/SPECOD/prikaz_906n/029.htm,7185,520978102,161d1c2cc48ee62cb62f2ea5593815e22c32e3dc,61c788029fda7c93ca0bfd0fac27006b8c146a720d057c2913462a3dca62adab,2011-11-24T14:30:40+00:00,33685504,128
2063,{app}\NPA5\SPECOD\prikaz_906n\030.htm,app/NPA5/SPECOD/prikaz_906n/030.htm,56712,520985287,4557ad6accf1ddad31f8ac49fa3bf78b3e7a7b28,85b899e67804c42da9adf8b5e4815a01d2a42b5b949e5c8104ace0170df2d544,2011-11-24T14:30:40+00:00,33685504,128
2064,{app}\NPA5\SPECOD\prikaz_906n\031.htm,app/NPA5/SPECOD/prikaz_906n/031.htm,19643,521041999,b31d5a0c867723e06c8f18f7aa4d23e1a1406910,70571d554b6e1ed30bd2507ca855742f70ec83208c73676165f8c23ae6b87ca4,2011-11-24T14:30:42+00:00,33685504,128
2065,{app}\NPA5\SPECOD\prikaz_906n\032.htm,app/NPA5/SPECOD/prikaz_906n/032.htm,27588,521061642,fb87917cd1945eb65bc87f9084c3f444e2adfa40,2ea8d308b71486d7831286ba7cefd9c90d80ef0377f45f76a6c17279faf5db66,2011-11-24T14:30:42+00:00,33685504,128
2066,{app}\NPA5\SPECOD\prikaz_906n\033.htm,app/NPA5/SPECOD/prikaz_906n/033.htm,9017,521089230,6bf5f2c0320561a2d735d7aa14618c5ef5a154bf,95854dffbde3561f9adf547a6aecc6a3f0d95a91ec8c45b7631595eff6055b1a,2011-11-24T14:30:42+00:00,33685504,128
2067,{app}\NPA5\SPECOD\prikaz_906n\034.htm,app/NPA5/SPECOD/prikaz_906n/034.htm,24931,521098247,a95b7cc4da27b3bce03440ee7e305a0d130714a9,1595be1afcf37b426d9ba1d9f9dd05f61ef27e66f4c8e981e7b33038145c4ccd,2011-11-24T14:30:44+00:00,33685504,128
2068,{app}\NPA5\SPECOD\prikaz_906n\035.htm,app/NPA5/SPECOD/prikaz_906n/035.htm,15874,521123178,ed890906bc42ba744126613169a4e82bf9b7c996,c9777b698d9a22c184a671cfb34a917ca49417b31f4c5badde00a7537d16f64b,2011-11-24T14:30:44+00:00,33685504,128
2069,{app}\NPA5\SPECOD\prikaz_906n\036.htm,app/NPA5/SPECOD/prikaz_906n/036.htm,9158,521139052,3411c0020118e331b6f5382bb937df51dbae06f3,95b665ed61c997be8d26bb5c043f9825c3bf6e5e27435a4597cdcb817d52f4c2,2011-11-24T14:30:46+00:00,33685504,128
2070,{app}\NPA5\SPECOD\prikaz_906n\037.htm,app/NPA5/SPECOD/prikaz_906n/037.htm,9157,521148210,3b2fc0dddf2b8ad3e4b77d00f17f8c2a9e0a777d,0366b902d6e104409410b2b6551460afdceaffbe29bbc906c87c3f5e88c6a000,2011-11-24T14:30:46+00:00,33685504,128
2071,{app}\NPA5\SPECOD\prikaz_906n\038.htm,app/NPA5/SPECOD/prikaz_906n/038.htm,54875,521157367,175e4a89c23523b11b12cdd6e04e0507279d64ea,927eeb20e69a625f6d5fae4c932fb4abb3950aa4288a5b9012f27558a0cd1af0,2011-11-24T14:30:46+00:00,33685504,128
2072,{app}\NPA5\SPECOD\prikaz_906n\039.htm,app/NPA5/SPECOD/prikaz_906n/039.htm,36357,521212242,426abaa0ef97a5d4db2e5fbd759cb19e8e8ea079,d08bbbac0586d2eabcd122a5803c96c29e9fb6b0e09e6f67610d41c23d65ad54,2011-11-24T14:30:48+00:00,33685504,128
2073,{app}\NPA5\SPECOD\prikaz_906n\040.htm,app/NPA5/SPECOD/prikaz_906n/040.htm,51709,521248599,7263b1cc4d1cc2fe497701780b142f53dbfda46c,4cc838bccbc22aa744cf55db782ce2dad125a6181286d5e62ebd125ad45a3e99,2011-11-24T14:30:48+00:00,33685504,128
2074,{app}\NPA5\SPECOD\prikaz_906n\041.htm,app/NPA5/SPECOD/prikaz_906n/041.htm,7448,521300308,a976492cf56b6191d0cf4d8c1d57d90375f171e1,c147ac2d0ac5b3cce38a21ef44fbd4c95438e53f6d96b8e29c8b9da475e8fabb,2011-11-24T14:30:50+00:00,33685504,128
2075,{app}\NPA5\SPECOD\prikaz_906n\042.htm,app/NPA5/SPECOD/prikaz_906n/042.htm,49637,521307756,6804d137b77f68e4dbcbf5dfb5bffd010c4da9d2,072ce86608f48f691b0723b2ac7a1ce6636eebb3a684646d44d7d7c1704f1577,2011-11-24T14:30:50+00:00,33685504,128
2076,{app}\NPA5\SPECOD\prikaz_906n\043.htm,app/NPA5/SPECOD/prikaz_906n/043.htm,41965,521357393,aff1c7177304e39cc85245bdce97cf470ade536c,4ec712fd06ae19040e1e75015fd7a556008ce939624c9fb1546b811a4e04f316,2011-11-24T14:30:50+00:00,33685504,128
2077,{app}\NPA5\SPECOD\prikaz_906n\044.htm,app/NPA5/SPECOD/prikaz_906n/044.htm,23817,521399358,963f90880c1a3a72a059cbac80342456269dbf79,e264f31dc00f5b27ea54a49803bf4beeaf33d3af5d9dcc216c8c2fd739ea92bd,2011-11-24T14:30:52+00:00,33685504,128
2078,{app}\NPA5\SPECOD\prikaz_906n\045.htm,app/NPA5/SPECOD/prikaz_906n/045.htm,50676,521423175,fbf907b1f32eb1c35921cf6e49f6d6ea7adf772e,59f7396a9d39a5b76f52bd5aa052b63848379bc0ec77facb90a80319b538791a,2011-11-24T14:30:52+00:00,33685504,128
2079,{app}\NPA5\SPECOD\prikaz_906n\046.htm,app/NPA5/SPECOD/prikaz_906n/046.htm,48905,521473851,1dc186a74fc6a9a0ce642337337dfc9884e97953,94ba4caf618bc72480d754761ff34d26871263bf35a38b64536ea02f64bc5f3b,2011-11-24T14:30:54+00:00,33685504,128
2080,{app}\NPA5\SPECOD\prikaz_906n\047.htm,app/NPA5/SPECOD/prikaz_906n/047.htm,22418,521522756,11b21cceb2c81f7af1ebc3f74b010c74f768909a,c76ec35baed2edf0755a5fb29c2eedad3bbfb625e7f29eefba490c975cde9c82,2011-11-24T14:30:54+00:00,33685504,128
2081,{app}\NPA5\SPECOD\prikaz_906n\048.htm,app/NPA5/SPECOD/prikaz_906n/048.htm,8531,521545174,6e592d30880199068865e56ac630e3288e97e345,2386eb37a4adf4d7fe91e4e1e5e0718573c5e06c9afea5b691f6ccb181f5a780,2011-11-24T14:30:54+00:00,33685504,128
2082,{app}\NPA5\SPECOD\prikaz_906n\049.htm,app/NPA5/SPECOD/prikaz_906n/049.htm,8669,521553705,2a3d6e31b98f5bd58de75b6c59d260edc1f5016d,5ece54d65da651298b26bc9f941481b743425a0adad00ff66c6218ce97c8d644,2011-11-24T14:30:56+00:00,33685504,128
2083,{app}\NPA5\SPECOD\prikaz_906n\050.htm,app/NPA5/SPECOD/prikaz_906n/050.htm,34494,521562374,e7bb9217fa9ab5abc735cecac9695ba041b8fa51,6821fa8191bcc01e18906c5a3c35a4d39da324a86b4a0cc1057889de2460277c,2011-11-24T14:30:56+00:00,33685504,128
2084,{app}\NPA5\SPECOD\prikaz_906n\051.htm,app/NPA5/SPECOD/prikaz_906n/051.htm,39422,521596868,e93ee28c59195efaca5ca2c6b7c116c67ca940dc,d0f7a9564caa5e8b396ac5691b5c1fb79d3700b319c7300e8e284ef67aa384ce,2011-11-24T14:30:58+00:00,33685504,128
2085,{app}\NPA5\SPECOD\prikaz_906n\052.htm,app/NPA5/SPECOD/prikaz_906n/052.htm,6467,521636290,44f5d4e244c2e3bd50247a6859f6cd6b44e3ef59,5e9a1dc67bc6bc0e234e0c995900a774f0a72df6ddf3a76d15ea334bfe0173e1,2011-11-24T14:30:58+00:00,33685504,128
2086,{app}\NPA5\SPECOD\prikaz_906n\053.htm,app/NPA5/SPECOD/prikaz_906n/053.htm,16254,521642757,4659a3695615742143ec099788db964f00a91e57,19413b9e7efc8abc84e135f84fc0016acb20a853a293d30d6f00644b523f5196,2011-11-24T14:30:58+00:00,33685504,128
2087,{app}\NPA5\SPECOD\prikaz_906n\054.htm,app/NPA5/SPECOD/prikaz_906n/054.htm,175201,521659011,f769b5df8875c5d97b10cb8c95904516c00f5f34,0e4b5e57a039fb58b3a34af1fe0fcb85fd563a2a5316eaf308538aa58595b480,2011-11-24T14:31:00+00:00,33685504,128
2088,{app}\NPA5\SPECOD\prikaz_906n\055.htm,app/NPA5/SPECOD/prikaz_906n/055.htm,6294,521834212,66bf5dc44c4494101f8e3cd73a9e25d320547b71,8f8df4ad80ff0a44be905f38d88578a4008b04c4d484d953b8184585369e3a23,2011-11-24T14:31:02+00:00,33685504,128
2089,{app}\NPA5\SPECOD\prikaz_906n\056.htm,app/NPA5/SPECOD/prikaz_906n/056.htm,54978,521840506,3043b9219be81564b5c80f4b9f867adc0c56be71,60c76930595de2e6916b95621ac636629c0ae1800d15ba346567ccad00562722,2011-11-24T14:31:02+00:00,33685504,128
2090,{app}\NPA5\SPECOD\prikaz_906n\057.htm,app/NPA5/SPECOD/prikaz_906n/057.htm,14275,521895484,4764e37e97952d490ae6b4530e064ee7b60d7061,770be882862d02d45f363e313ac3ac21a1a043d6412e3315dc3694d70e47b005,2011-11-24T14:31:02+00:00,33685504,128
2091,{app}\NPA5\SPECOD\prikaz_906n\058.htm,app/NPA5/SPECOD/prikaz_906n/058.htm,40268,521909759,ae0737c98fea0bb72cd7861f3845269c5f34f99b,d98821ddcd2aef0d798411be980718b3e584b2ade8825f2db70e768b94409214,2011-11-24T14:31:04+00:00,33685504,128
2092,{app}\NPA5\SPECOD\prikaz_906n\059.htm,app/NPA5/SPECOD/prikaz_906n/059.htm,38806,521950027,e856f72ce3f323c0dd7ef15b0ab9e76101e5fb57,36ed5d3e4fdd27e7534e1400bdc94bc7b0fa40ef180ddc9bb7db9bcfc6d1342d,2011-11-24T14:31:04+00:00,33685504,128
2093,{app}\NPA5\SPECOD\prikaz_906n\060.htm,app/NPA5/SPECOD/prikaz_906n/060.htm,255436,521988833,7ac1b714e2eb3ef35dfcf65319b2a93752bb0097,086b6fc656f9a584bcbbbde3bb7afa41c6c69292a5028e2f4c66029ffcb14f8f,2011-11-24T14:31:08+00:00,33685504,128
2094,{app}\NPA5\SPECOD\prikaz_906n\061.htm,app/NPA5/SPECOD/prikaz_906n/061.htm,32520,522244269,1ac350c8e470c8a6de2a49d5d935c171235a005d,05cb5a97513c029443565678f9489a8d99dd225812596d1c56fd41a184cf9c1f,2011-11-24T14:31:08+00:00,33685504,128
2095,{app}\NPA5\SPECOD\prikaz_906n\062.htm,app/NPA5/SPECOD/prikaz_906n/062.htm,28172,522276789,281d8fc59a86824eb01e0fbffe8fcd48ab5186ac,d1d213388f9b54954ee98e4685149e523f3f8bf5e548fff120ebef64e11b89fa,2011-11-24T14:31:08+00:00,33685504,128
2096,{app}\NPA5\SPECOD\prikaz_906n\063.htm,app/NPA5/SPECOD/prikaz_906n/063.htm,339943,522304961,56e9e573ad7c085f7f8c2e1a974608872e28387b,2c42d81b93c006b0cc48a5344eda15fdadf0d1118d75bb148335e95ebd6fbf9b,2011-11-24T14:31:12+00:00,33685504,128
2097,{app}\NPA5\SPECOD\prikaz_906n\064.htm,app/NPA5/SPECOD/prikaz_906n/064.htm,7410,522644904,579b1703c2f93ea9dc499ca29edb30c574614426,1bf74dfdee68c2e3b8d3c2d6c935fa7b55321cc9d5289d0f8683f9b9c63ca4eb,2011-11-24T14:31:12+00:00,33685504,128
2098,{app}\NPA5\SPECOD\prikaz_906n\065.htm,app/NPA5/SPECOD/prikaz_906n/065.htm,362455,522652314,109a2b775192568f98671997319b784d1650f8ac,90cdcdbc69e4ad347608f7c8dc7248c2ba6681a99df992f05b55cf33e4aa3aa1,2011-11-24T14:31:16+00:00,33685504,128
2099,{app}\NPA5\SPECOD\prikaz_906n\066.htm,app/NPA5/SPECOD/prikaz_906n/066.htm,200791,523014769,e1b67490c8e07877a7be9fce88800799f6362efc,ba925a60a0712ab14a1060b1e31592ef0e40d571c372555d0f1e0d5288852528,2011-11-24T14:31:18+00:00,33685504,128
2100,{app}\NPA5\SPECOD\prikaz_906n\067.htm,app/NPA5/SPECOD/prikaz_906n/067.htm,337456,523215560,96804243f2c438bfeb765f24192b5ecafe672b9a,c2968bc2e30da9d1445271dd9b7f2ef569bdb948c5f8d1058f935e96b187c3e6,2011-11-24T14:31:22+00:00,33685504,128
2101,{app}\NPA5\SPECOD\prikaz_906n\068.htm,app/NPA5/SPECOD/prikaz_906n/068.htm,319370,523553016,f359fe718ce375dc3a5de076bf85f07c804ca117,fac0d45b913fae54f16db90cf513eb98d0df734bb06bc6354fb14f18ac408d71,2011-11-24T14:31:24+00:00,33685504,128
2102,{app}\NPA5\SPECOD\prikaz_906n\069.htm,app/NPA5/SPECOD/prikaz_906n/069.htm,12800,523872386,fe9051140e12a758511441b8460c9cd3468b9a84,0dc7fac075cb9cdbae64bb52af5c96ee7e1244ebc9af05e4729b5622943fbfa2,2011-11-24T14:31:26+00:00,33685504,128
2103,{app}\NPA5\SPECOD\prikaz_906n\070.htm,app/NPA5/SPECOD/prikaz_906n/070.htm,22134,523885186,0b8d25ab7a2a5acebf576a76f4dcbcd6ca92793e,0716a5ac9ae5ff383ca74b9473c6e7c7d389abbfe5d1dc424e27246e6db99110,2011-11-24T14:31:26+00:00,33685504,128
2104,{app}\NPA5\SPECOD\prikaz_906n\071.htm,app/NPA5/SPECOD/prikaz_906n/071.htm,20218,523907320,976af5992851e666309a88332b56d1484457a38b,5285f3c438a4db76a4dc8f1dbe24f42dc253c6ffe17bc586a0baaddff44af1d5,2011-11-24T14:31:26+00:00,33685504,128
2105,{app}\NPA5\SPECOD\prikaz_906n\072.htm,app/NPA5/SPECOD/prikaz_906n/072.htm,17037,523927538,2bc37a7349ae9f7b80e27ded100483d1ba517f4b,d9d535beda0f8b5ba108ac834c48c6cf730945ae59485926a5c746bcd9cc0b5b,2011-11-24T14:31:28+00:00,33685504,128
2106,{app}\NPA5\SPECOD\prikaz_906n\073.htm,app/NPA5/SPECOD/prikaz_906n/073.htm,23453,523944575,a01d99f86fa7e8ddb722dd44ab5700764f5838af,d8011b793ef7aea4c95b9e00261c82dacc0e43ddcdd1bfdef6fd0ef88f8cb2e5,2011-11-24T14:31:28+00:00,33685504,128
2107,{app}\NPA5\SPECOD\prikaz_906n\074.htm,app/NPA5/SPECOD/prikaz_906n/074.htm,31249,523968028,f2aaccfa94aa0d29a2b9b310174b13e1c8f37f13,b8fecce1ccce3b0b62478bafb372f2d2681eb538459807638f448244906161f6,2011-11-24T14:31:30+00:00,33685504,128
2108,{app}\NPA5\SPECOD\prikaz_906n\075.htm,app/NPA5/SPECOD/prikaz_906n/075.htm,351011,523999277,7d3ee9ddf93a22bea9f2227a2bb2a39f9fa5f2f9,669f0d923226bd53884d4d088a5170624a201bc4c825c196f08c48e219f4c266,2011-11-24T14:31:32+00:00,33685504,128
2109,{app}\NPA5\SPECOD\prikaz_906n\076.htm,app/NPA5/SPECOD/prikaz_906n/076.htm,22697,524350288,ff987f262f549147be88f1723abde9482036a61e,779933408700d5b4995d360236922ee2d469d64608dc93f92df125c71b513fa5,2011-11-24T14:31:32+00:00,33685504,128
2110,{app}\NPA5\SPECOD\prikaz_906n\077.htm,app/NPA5/SPECOD/prikaz_906n/077.htm,27881,524372985,7aafe68e4403f764f6f01bb1cf2e8cee0f95e2fa,356f8fec41d8e609a54eab807cb4423f6a4d19560c33fc38877ca6c0ee877caa,2011-11-24T14:31:34+00:00,33685504,128
2111,{app}\NPA5\SPECOD\prikaz_906n\078.htm,app/NPA5/SPECOD/prikaz_906n/078.htm,17971,524400866,77fa1a7e35da866e8d2e3030a1a33930c21214e1,07f054fc28d5df29d974ae60e7cb62852ecb19d58f8a22ba03f7a8c7f27a0d2d,2011-11-24T14:31:34+00:00,33685504,128
2112,{app}\NPA5\SPECOD\prikaz_906n\079.htm,app/NPA5/SPECOD/prikaz_906n/079.htm,41195,524418837,9f606faeb2c5182fae93218b43d7de6ea8677c01,845d2c516928c4484ee68ad2592b0ff88ec59443c5a6881326bec14837f88800,2011-11-24T14:31:36+00:00,33685504,128
2113,{app}\NPA5\SPECOD\prikaz_906n\080.htm,app/NPA5/SPECOD/prikaz_906n/080.htm,26971,524460032,7fde05fadc1e7567f5d62aeb189fdb597f0d5529,4f2a779e3833900e21f3cc7d0a9e0b7d15e764d043c9b8cb0861767162a4d418,2011-11-24T14:31:36+00:00,33685504,128
2114,{app}\NPA5\SPECOD\prikaz_906n\081.htm,app/NPA5/SPECOD/prikaz_906n/081.htm,8369,524487003,a2927d137c7305f015885864965a38722df46abb,22cb8ad2caec72e3a7b614461ca64200c682d068bc75af733161ecbc55a6018c,2011-11-24T14:31:36+00:00,33685504,128
2115,{app}\NPA5\SPECOD\prikaz_906n\082.htm,app/NPA5/SPECOD/prikaz_906n/082.htm,29080,524495372,fa4aeff55211dec5a23004afa1a5324ae97cd843,f8cf0ba88d596a1ddec54efb0bac8871bf74a0c6a282e6c20f3b4fc32b18943b,2011-11-24T14:31:38+00:00,33685504,128
2116,{app}\NPA5\SPECOD\prikaz_906n\083.htm,app/NPA5/SPECOD/prikaz_906n/083.htm,125602,524524452,4d6bfdf96d8c6857b833a1dd9a6c5879774e0cba,966e48f1949fd8c29ec1ec2e48c12a0edc6fc6c09f13a4303602ee6273161bbc,2011-11-24T14:31:40+00:00,33685504,128
2117,{app}\NPA5\SPECOD\prikaz_906n\084.htm,app/NPA5/SPECOD/prikaz_906n/084.htm,29879,524650054,6cf055854f899cd926c7c840eab491aa8d6a97f0,18b4fe6dcb296e18969102603681b5b62af36d9eb163550aa9ce599f6c3a2240,2011-11-24T14:31:40+00:00,33685504,128
2118,{app}\NPA5\SPECOD\prikaz_906n\085.htm,app/NPA5/SPECOD/prikaz_906n/085.htm,186982,524679933,729df1c5df6050f0c5202aec8c78466f8e17c6d2,6178ddedf151f42914044a804356106e06a4cc921f2f7f35983dd75edb83bd7f,2011-11-24T14:31:42+00:00,33685504,128
2119,{app}\NPA5\SPECOD\prikaz_906n\086.htm,app/NPA5/SPECOD/prikaz_906n/086.htm,44202,524866915,3655ab65840b084d1ab05c60100ae6d6132fc236,8db82f7453a24e80ec3b1cbc25c2b6393cbd9008f6aaa7e9bd13f8745b8e263a,2011-11-24T14:31:42+00:00,33685504,128
2120,{app}\NPA5\SPECOD\prikaz_906n\087.htm,app/NPA5/SPECOD/prikaz_906n/087.htm,51452,524911117,b523ab9bcb8966e1b954bfb9f03507fc551e6337,ec91d0f1ac6ac9ba5af71e1371647770340be2801a856d539ae4169470f5b08e,2011-11-24T14:31:44+00:00,33685504,128
2121,{app}\NPA5\SPECOD\prikaz_906n\088.htm,app/NPA5/SPECOD/prikaz_906n/088.htm,57010,524962569,5fa7d1065dedb82cd0f53a994c64dcc0c786cab5,b2298cf7f0e3ca787820987dca77538bcfa721d13a27660c710d1b7806e216e4,2011-11-24T14:31:46+00:00,33685504,128
2122,{app}\NPA5\SPECOD\prikaz_906n\089.htm,app/NPA5/SPECOD/prikaz_906n/089.htm,256680,525019579,d4aee7a03f527d424bbcfca6669307e4ede8391f,9429e28f34d1446eda32e28c86b42ac891b030a25fd9153b0de895bb104b97a6,2011-11-24T14:31:48+00:00,33685504,128
2123,{app}\NPA5\SPECOD\prikaz_906n\090.htm,app/NPA5/SPECOD/prikaz_906n/090.htm,104466,525276259,6da826c0f033030ae9eeebec8e93c78085bd9a52,4d0456906307c9ac676530f3ff5b32ed855f88eb2f570641ad56542e0253d98c,2011-11-24T14:31:50+00:00,33685504,128
2124,{app}\NPA5\SPECOD\prikaz_906n\091.htm,app/NPA5/SPECOD/prikaz_906n/091.htm,63518,525380725,68e5ee037560e9ba0804426d2832b16d3ea077f8,9803b715f8e468e244dc75b551bdc603ce20c33bbad5507d2535c240acd3ca91,2011-11-24T14:31:50+00:00,33685504,128
2125,{app}\NPA5\SPECOD\prikaz_906n\092.htm,app/NPA5/SPECOD/prikaz_906n/092.htm,19380,525444243,f618e0e5f421bb6446ea4d95048e4644b3a382cb,c6cd7858c02353ae0369b0fa8232f842a0685382fd7fe467db2d49598724c6a0,2011-11-24T14:31:52+00:00,33685504,128
2126,{app}\NPA5\SPECOD\prikaz_906n\093.htm,app/NPA5/SPECOD/prikaz_906n/093.htm,26105,525463623,254782d507e96b0db0e5134cee68db430ad43494,cbe65c1e2ac78e2e6c8a97ff5204eafe82a256e6cf2ea6896e571b097ebeb11e,2011-11-24T14:31:52+00:00,33685504,128
2127,{app}\NPA5\SPECOD\prikaz_906n\094.htm,app/NPA5/SPECOD/prikaz_906n/094.htm,63539,525489728,cd991f761ce248da8a273d7cf7d146dab469a6ed,ff95533f03cccbf180b8c8943da32b388dc132f26086cc9faa7433391ca7df76,2011-11-24T14:31:52+00:00,33685504,128
2128,{app}\NPA5\SPECOD\prikaz_906n\095.htm,app/NPA5/SPECOD/prikaz_906n/095.htm,14626,525553267,bee1042e7e774c8cc52bb1d7f6385c84af305819,41ccec0a5f467dc1432681f38c68768b1d6ca48b87a3b77f90dc0d6bfbdba46d,2011-11-24T14:31:54+00:00,33685504,128
2129,{app}\NPA5\SPECOD\prikaz_906n\096.htm,app/NPA5/SPECOD/prikaz_906n/096.htm,42229,525567893,1dc908334bf3f3fb538f22deab14d36fa563cf69,efa5617644f5444df14736071fede19b48393618453cd9f924c11ddb8ba23515,2011-11-24T14:31:54+00:00,33685504,128
2130,{app}\NPA5\SPECOD\prikaz_906n\097.htm,app/NPA5/SPECOD/prikaz_906n/097.htm,30099,525610122,0aa6dd06fb80bdd46270dd1a76ff9b0b63619090,5e5fd75d9ff4c36d4c3e1ace25f7b953652b853aa8c989437fd9ffe152b2f2b0,2011-11-24T14:31:56+00:00,33685504,128
2131,{app}\NPA5\SPECOD\prikaz_906n\098.htm,app/NPA5/SPECOD/prikaz_906n/098.htm,17802,525640221,f7540330cdeefb6bbcd84ade6d4d1589ea6b819c,06c0882d22a059c19c512303caf014b76057622d3e6c0a96814f14383abaf3a1,2011-11-24T14:31:56+00:00,33685504,128
2132,{app}\NPA5\SPECOD\prikaz_906n\099.htm,app/NPA5/SPECOD/prikaz_906n/099.htm,60785,525658023,f2a3cefe4bf936ae683a134737a26ccdebf66e6d,80c6e93004b730f8829c60a833d7dc7ec61dd9f68bc4da35d1f9dabdd1a0cb44,2011-11-24T14:31:58+00:00,33685504,128
2133,{app}\NPA5\SPECOD\prikaz_906n\100.htm,app/NPA5/SPECOD/prikaz_906n/100.htm,51857,525718808,a64cee3c165c6c6a6af3ef8a2b64dcfa6404a4c8,9c2ddcee85eb16d8a61ecd13de7c7270101002ff0acc384c233586a2529630e3,2011-11-24T14:31:58+00:00,33685504,128
2134,{app}\NPA5\SPECOD\prikaz_906n\101.htm,app/NPA5/SPECOD/prikaz_906n/101.htm,8383,525770665,faa4ac911fbaf6505968e14cee392bda4be1e73d,4eff75e29699ba65ccae0508dd3e44719b3666b42e104e44118f6efbae6b1583,2011-11-24T14:32:00+00:00,33685504,128
2135,{app}\NPA5\SPECOD\prikaz_906n\102.htm,app/NPA5/SPECOD/prikaz_906n/102.htm,25899,525779048,cc69fa49958f447a70fdd82643428d9cfc1f9efc,e2580283beebc266d9d95e5039654880d58561d94a9ab4e16b42ef7b7d3f005f,2011-11-24T14:32:00+00:00,33685504,128
2136,{app}\NPA5\SPECOD\prikaz_906n\103.htm,app/NPA5/SPECOD/prikaz_906n/103.htm,14373,525804947,7cf6124fff25fc28b51389e6a0b1da5438c80053,4ca16ba11f79f8b76e7f6e00822f4175662dba5ff835312339baa2e9e0e6b018,2011-11-24T14:32:00+00:00,33685504,128
2137,{app}\NPA5\SPECOD\prikaz_906n\104.htm,app/NPA5/SPECOD/prikaz_906n/104.htm,57421,525819320,1e3d3a904d19fa1b9985d7e8e91115a1b5ba8fc6,f2d9bc62fc3af0e52c07994c4b08ff9f9d84dad2c5ced4722e437ce81c03a461,2011-11-24T14:32:02+00:00,33685504,128
2138,{app}\NPA5\SPECOD\prikaz_906n\105.htm,app/NPA5/SPECOD/prikaz_906n/105.htm,26220,525876741,844da21dfc49a118eed778f9189616fa96ecda00,0f33dc32d1696e9622d859d82b6d35d49d1b26acc0a900981ee0bf96c811f26a,2011-11-24T14:32:02+00:00,33685504,128
2139,{app}\NPA5\SPECOD\prikaz_906n\106.htm,app/NPA5/SPECOD/prikaz_906n/106.htm,84099,525902961,82ff3d578b31af5ddc27c7bbfd07f5c5e4624971,fd32e05c6d931ae47b0b3209051ded297fa465c5d86bcfc3560ff5c94070040b,2011-11-24T14:32:04+00:00,33685504,128
2140,{app}\NPA5\SPECOD\prikaz_906n\107.htm,app/NPA5/SPECOD/prikaz_906n/107.htm,43520,525987060,1ea1d14b21c5da925532c2cc7f690b6901a53382,35c6d38a49aa3d426ca9e2a88ab4870d32534abbfa5eba8e8400a2d67f671b9b,2011-11-24T14:32:04+00:00,33685504,128
2141,{app}\NPA5\SPECOD\prikaz_906n\108.htm,app/NPA5/SPECOD/prikaz_906n/108.htm,27099,526030580,9b57fa6ed4f9274c4d2d4f669baf64e5eb44ad21,968ead04cd28b7fff71ad28b34114f4d759eaad300e9f353704ce5e069bb0cc6,2011-11-24T14:32:06+00:00,33685504,128
2142,{app}\NPA5\SPECOD\prikaz_906n\109.htm,app/NPA5/SPECOD/prikaz_906n/109.htm,10870,526057679,107df79c69559e595a395541c41d4f0dc8044259,7877534af01321de63ea6f60e801f772cf67e621688daedc45f308097e8d1ed6,2011-11-24T14:32:06+00:00,33685504,128
2143,{app}\NPA5\SPECOD\prikaz_906n\110.htm,app/NPA5/SPECOD/prikaz_906n/110.htm,21418,526068549,05537a46bce8a4269b494a84b1c2e7a969544bc7,20406f7118d742b119f63fdcf77c4c00b504b5b95a1bb351ae15c01e56da7251,2011-11-24T14:32:06+00:00,33685504,128
2144,{app}\NPA5\SPECOD\prikaz_906n\111.htm,app/NPA5/SPECOD/prikaz_906n/111.htm,37906,526089967,37c6b52757dce44a862d9778803349d8289f7d88,7b528f5f43aadbe16ad8478c71f30ef8302647fb7a7d482c04e3f4fecf49c920,2011-11-24T14:32:08+00:00,33685504,128
2145,{app}\NPA5\SPECOD\prikaz_906n\112.htm,app/NPA5/SPECOD/prikaz_906n/112.htm,11505,526127873,f050dbf50cde1ea4b8d3e2c77835c4fa9c1ad11e,b072d9ee28c20fe21fc8a8c1a46d54df049e24979f03eda7d3ba8393db6866d9,2011-11-24T14:32:08+00:00,33685504,128
2146,{app}\NPA5\SPECOD\prikaz_906n\113.htm,app/NPA5/SPECOD/prikaz_906n/113.htm,7097,526139378,312ee649516dd3c136fd0f8f5aa224b8d27f9044,07619ea2406ef46b144b5b65bc5ad60a4dde5c1c2b252bb108c60ce5ad24ea07,2011-11-24T14:32:08+00:00,33685504,128
2147,{app}\NPA5\SPECOD\prikaz_906n\114.htm,app/NPA5/SPECOD/prikaz_906n/114.htm,8038,526146475,85ac39b65edbd2b8f7a548bbcef6d39562ccc00f,82a5f7b93db4343c55c78f6739289001b8be175e7f6a7cd869cabe4700163b75,2011-11-24T14:32:10+00:00,33685504,128
2148,{app}\NPA5\SPECOD\prikaz_906n\115.htm,app/NPA5/SPECOD/prikaz_906n/115.htm,16989,526154513,e452febd793265bddfe9cc2c0b4c97de5b3fe7cd,cc3f69516191110a79998d2ebd6b4228893d2cf282946bc8807a9789f5f82593,2011-11-24T14:32:10+00:00,33685504,128
2149,{app}\NPA5\SPECOD\prikaz_906n\116.htm,app/NPA5/SPECOD/prikaz_906n/116.htm,6911,526171502,c74ec9f9b3b6f677d3279f903df255bec81921f9,778b8ad561dabe51fb4ce41fadbe3934f86fdf1a4c3600369173af44f117965a,2011-11-24T14:32:10+00:00,33685504,128
2150,{app}\NPA5\SPECOD\prikaz_906n\117.htm,app/NPA5/SPECOD/prikaz_906n/117.htm,19729,526178413,ee390c81b581067546cb1d8f403a08ed155502e0,3464a56a2c7e7d0054392d5d77f674aa63e5b1e7ddae7b990c431bf41c126521,2011-11-24T14:32:10+00:00,33685504,128
2151,{app}\NPA5\SPECOD\prikaz_906n\118.htm,app/NPA5/SPECOD/prikaz_906n/118.htm,177156,526198142,e870ca12808789c421c779900b2ca7106a44ce96,78b766281221a3785b28f0d9b0b1842eb2fcf2b39180336247f84fd34ffa29d7,2011-11-24T14:32:12+00:00,33685504,128
2152,{app}\NPA5\SPECOD\prikaz_906n\119.htm,app/NPA5/SPECOD/prikaz_906n/119.htm,18521,526375298,caae2e95a5f2fbd7580137058424c692eed5a2da,7cd61f11f3839b15120628f3e96ab69922d57c9183a18dc13320a4271e9d4e9f,2011-11-24T14:32:14+00:00,33685504,128
2153,{app}\NPA5\SPECOD\prikaz_906n\120.htm,app/NPA5/SPECOD/prikaz_906n/120.htm,17273,526393819,1498a5987026fc20e0fde812f83aa3dfef82cb63,1c0c5675e746aea79aa3954c3d3b0dff90ff1334d07e6830dff3c74f3a457e86,2011-11-24T14:32:14+00:00,33685504,128
2154,{app}\NPA5\SPECOD\prikaz_906n\121.htm,app/NPA5/SPECOD/prikaz_906n/121.htm,21607,526411092,b7f907f892020ebcf844afd366685a1eae022649,a7999d8e0893b52ccce1b493399f2d26a535a5dfd47c9e218a8c9b5971ce7980,2011-11-24T14:32:14+00:00,33685504,128
2155,{app}\NPA5\SPECOD\prikaz_906n\122.htm,app/NPA5/SPECOD/prikaz_906n/122.htm,27875,526432699,28abd53d490dd8725940dcd4d72c3a22e1f84147,77ab4042a10ce6eca956ba55db43676533cf1492a8244ec147c527a5558c3996,2011-11-24T14:32:16+00:00,33685504,128
2156,{app}\NPA5\SPECOD\prikaz_906n\123.htm,app/NPA5/SPECOD/prikaz_906n/123.htm,32621,526460574,285ea5bdc9a0fe724a564518f166bfec8a22f1c3,f8b779224d10879c0128649bee92c57661ec4d34baa8a801337bf0d0c69f0277,2011-11-24T14:32:16+00:00,33685504,128
2157,{app}\NPA5\SPECOD\prikaz_906n\124.htm,app/NPA5/SPECOD/prikaz_906n/124.htm,84709,526493195,1fdb9ada64e5be9e79671d32cc081b14085e4e21,d98c679bbd0aee99a9a9f9dfd23fd82f3d3e26a2ec7f667aa111ebb56b62242b,2011-11-24T14:32:18+00:00,33685504,128
2158,{app}\NPA5\SPECOD\prikaz_906n\125.htm,app/NPA5/SPECOD/prikaz_906n/125.htm,23526,526577904,1ab0c92cd11cf57149cb829efc2582087e86ad7c,24b32e66bfd1b5458117394fe03fc76b7183885a92848dd81c4133e0c31ada6a,2011-11-24T14:32:18+00:00,33685504,128
2159,{app}\NPA5\SPECOD\prikaz_906n\126.htm,app/NPA5/SPECOD/prikaz_906n/126.htm,14219,526601430,89ccc3f963a048f7eec8478d7224aca28e41404c,16580ee5e66e8b9c6a054b0e9e1269b49f58ada64415a68787882fd8a131e0b1,2011-11-24T14:32:20+00:00,33685504,128
2160,{app}\NPA5\SPECOD\prikaz_906n\127.htm,app/NPA5/SPECOD/prikaz_906n/127.htm,22921,526615649,7d68df3fee761d2102a56be9eb4e00f931ea143d,45e15afe5581a96d24093d998de887ea794d79b856f5a51a642fc3da7252de1f,2011-11-24T14:32:20+00:00,33685504,128
2161,{app}\NPA5\SPECOD\prikaz_906n\128.htm,app/NPA5/SPECOD/prikaz_906n/128.htm,6104,526638570,f242858c6111b3b90fbe543abf686f850653e7ea,e236a9a819ba00cf1ca7f8f0bfc4d38656ce4e7a323e5cf47ca313265e790ba8,2011-11-24T14:32:20+00:00,33685504,128
2162,{app}\NPA5\SPECOD\prikaz_906n\129.htm,app/NPA5/SPECOD/prikaz_906n/129.htm,21425,526644674,186c1043f2b764ef31df4644c2bea58a9a717593,26a3b1e3b644ee4e478944c70690451b6996239475f3b21654d6f31195b1ab2c,2011-11-24T14:32:22+00:00,33685504,128
2163,{app}\NPA5\SPECOD\prikaz_906n\130.htm,app/NPA5/SPECOD/prikaz_906n/130.htm,19420,526666099,0336a5f4ea19ff8d1e2b0441e179e96042e74c7b,39efcfedd0b6f7e09d2fd63d55ec97c7ae1fe477ab478f1e647f0e46611b8298,2011-11-24T14:32:22+00:00,33685504,128
2164,{app}\NPA5\SPECOD\prikaz_906n\131.htm,app/NPA5/SPECOD/prikaz_906n/131.htm,10009,526685519,173fc0ee498997ffc994984fdd78f991f2f37ac6,d5c8b5ccbe17f2dab2404afc491904a95829382e6ba1f50a2a8e919a5fba5c96,2011-11-24T14:32:22+00:00,33685504,128
2165,{app}\NPA5\SPECOD\prikaz_906n\132.htm,app/NPA5/SPECOD/prikaz_906n/132.htm,18217,526695528,94d626bd7a54a1cb69485a78b1e7b4fb6c94499f,c76fdd18ccd62fde0aded6c4b21c3e8298d6b4180ada6b766a692071005f00f1,2011-11-24T14:32:24+00:00,33685504,128
2166,{app}\NPA5\SPECOD\prikaz_906n\133.htm,app/NPA5/SPECOD/prikaz_906n/133.htm,35792,526713745,fdde701eac7c3190244b9e5bb4525db23ea61678,cc8aa1de51c36b59255222597d2f48933a4800902f95622cb61aa1e1a5777486,2011-11-24T14:32:24+00:00,33685504,128
2167,{app}\NPA5\SPECOD\prikaz_906n\134.htm,app/NPA5/SPECOD/prikaz_906n/134.htm,13469,526749537,2b87f9da7afef2f44a179aef52f3ceed958eb88e,03979fa4c8fe8e55f88633d0d2869db390ab0fe058055ac4f4fc6663dcab3e95,2011-11-24T14:32:24+00:00,33685504,128
2168,{app}\NPA5\SPECOD\prikaz_906n\135.htm,app/NPA5/SPECOD/prikaz_906n/135.htm,49969,526763006,879e21476f3e1f662ca829359d289017e478fdde,7ca1f1b12a410d9ec6d0bba9315b03063b28211fd92a5b7f2a99aecd3288975d,2011-11-24T14:32:26+00:00,33685504,128
2169,{app}\NPA5\SPECOD\prikaz_906n\136.htm,app/NPA5/SPECOD/prikaz_906n/136.htm,6974,526812975,8c7afaf8ff5e4e8726def8ded64adddda5171c44,d829cdb24fcc8d82e2e8907c62d5c17ef3cd197f08d4ea974e5583001a5741e9,2011-11-24T14:32:26+00:00,33685504,128
2170,{app}\NPA5\SPECOD\prikaz_906n\137.htm,app/NPA5/SPECOD/prikaz_906n/137.htm,14536,526819949,17fb20f316d366cdf6a354ac4003bff0ac3c1309,0aacb94fec431cf43be2451bdc954290026d1088c286f192d3b3a882a8ab4d9b,2011-11-24T14:32:28+00:00,33685504,128
2171,{app}\NPA5\SPECOD\prikaz_906n\138.htm,app/NPA5/SPECOD/prikaz_906n/138.htm,7617,526834485,77e26046b3dd24bf67eabc20ecafb55083a762e6,fc084363c4fe07598dd12ec9029f1770345ff9d5ffc652d9512f3b92602025a8,2011-11-24T14:32:28+00:00,33685504,128
2172,{app}\NPA5\SPECOD\prikaz_906n\139.htm,app/NPA5/SPECOD/prikaz_906n/139.htm,8231,526842102,371ee857d344d4b4bbfee24c07f69ed00be7a353,220b0a88cfce770377df17c511b611ea5bc027f06b92b7e87b591fcfeaf195bf,2011-11-24T14:32:28+00:00,33685504,128
2173,{app}\NPA5\SPECOD\prikaz_906n\140.htm,app/NPA5/SPECOD/prikaz_906n/140.htm,28505,526850333,6a1071d92aa105ed1380541b95cb6ccf255eb878,eb57965d20907993e3773d7a1c9996632d6ceb5596c61b4a51f2644be32ee48a,2011-11-24T14:32:30+00:00,33685504,128
2174,{app}\NPA5\SPECOD\prikaz_906n\141.htm,app/NPA5/SPECOD/prikaz_906n/141.htm,6775,526878838,c04fe0c556ddf1bbfac0d441d3695a89940ee80a,a428019be05e5d91b2b6c643ebeeebe6d3b684785dd9ce2c5c4d513affae9109,2011-11-24T14:32:30+00:00,33685504,128
2175,{app}\NPA5\SPECOD\prikaz_906n\142.htm,app/NPA5/SPECOD/prikaz_906n/142.htm,31463,526885613,0cbbc9993bcb2c8d2d153f2ef2d1fe88cf26899f,1047d290964bb668d0acd19ffcb1924fe2cd7855ba843e436d02c46096c9412d,2011-11-24T14:32:30+00:00,33685504,128
2176,{app}\NPA5\SPECOD\prikaz_906n\143.htm,app/NPA5/SPECOD/prikaz_906n/143.htm,6616,526917076,6a1b70766142aa627590258af64dceb31bac2306,1422a214d7c13d66ad3dd38e59eda9ad01eda293c25a7b76920a9749ea204b6d,2011-11-24T14:32:32+00:00,33685504,128
2177,{app}\NPA5\SPECOD\prikaz_906n\144.htm,app/NPA5/SPECOD/prikaz_906n/144.htm,7094,526923692,6b9d382b4943c65936209869c0ef4813c2fef11d,a6f07c1542255d0645af2deb7c5ac472775e3de59661de6b9fea3efaf1d3d543,2011-11-24T14:32:32+00:00,33685504,128
2178,{app}\NPA5\SPECOD\prikaz_906n\145.htm,app/NPA5/SPECOD/prikaz_906n/145.htm,35583,526930786,c57623d278f5bff1b4e51bc4f2700b008980b650,d1631c9657a8fc04bf74e00c165f2b48d9dfefc668f76ae56045173b5332b8ad,2011-11-24T14:32:32+00:00,33685504,128
2179,{app}\NPA5\SPECOD\prikaz_906n\146.htm,app/NPA5/SPECOD/prikaz_906n/146.htm,25422,526966369,8bc51bcf59ff3040681e16d76b8914181c675494,85e93d8ea4c011ca61711d231dfb58ddcead92094f78125e435c21f545abda36,2011-11-24T14:32:34+00:00,33685504,128
2180,{app}\NPA5\SPECOD\prikaz_906n\147.htm,app/NPA5/SPECOD/prikaz_906n/147.htm,4713,526991791,7ebdc38b00211da37541d89a18b30f9699c729e8,4e6ae1001683a95bd21343c7009fb938b8e44a28828b58d581b9896d55dce079,2011-11-24T14:32:34+00:00,33685504,128
2181,{app}\NPA5\SPECOD\prikaz_906n\148.htm,app/NPA5/SPECOD/prikaz_906n/148.htm,47429,526996504,e78028157d3632c88a8734fbd69d492746138d74,23008d2af6b02303d57a487dca870ad3cbb7857a1b0e9af12e4d7c16885e7c58,2011-11-24T14:32:36+00:00,33685504,128
2182,{app}\NPA5\SPECOD\prikaz_906n\149.htm,app/NPA5/SPECOD/prikaz_906n/149.htm,12247,527043933,25255d40c660b9994e1140909191a174f22d231e,059573e4de705279ea487f8edf3473b60c27e26307c916641f36b8cff85ab099,2011-11-24T14:32:36+00:00,33685504,128
2183,{app}\NPA5\SPECOD\prikaz_906n\150.htm,app/NPA5/SPECOD/prikaz_906n/150.htm,18326,527056180,677134e69072bd399bc6cf9093f4313f3bfcfd5f,d74fc53833efa853daac6d778fe22e6555a1a37132226fd2a6bc660b3b03ee73,2011-11-24T14:32:38+00:00,33685504,128
2184,{app}\NPA5\SPECOD\prikaz_906n\151.htm,app/NPA5/SPECOD/prikaz_906n/151.htm,15071,527074506,37241454f7bc8f29ce3e202234a7d97b54ac1f4d,63b44f2fe4573081b741b9056e6dda6f6220839a4ff958af97041bd8eb249d3b,2011-11-24T14:32:38+00:00,33685504,128
2185,{app}\NPA5\SPECOD\prikaz_906n\152.htm,app/NPA5/SPECOD/prikaz_906n/152.htm,8545,527089577,f345018880c674659f8f0d47f3de43faa667c737,811a3701dd0f7572f0cc60cded1f2d421ba14933ded5ef30971dd0692f17b34e,2011-11-24T14:32:38+00:00,33685504,128
2186,{app}\NPA5\SPECOD\prikaz_906n\153.htm,app/NPA5/SPECOD/prikaz_906n/153.htm,292533,527098122,e8314d9954c013b9500a5028cafcb8732393eaf7,56c90a31deff679fae78ff168f0ecfe0c677e6fd08c35e658996be36f9eab231,2011-11-24T14:32:42+00:00,33685504,128
2187,{app}\NPA5\SPECOD\prikaz_906n\154.htm,app/NPA5/SPECOD/prikaz_906n/154.htm,42102,527390655,cbec74bf87a7cc395380397359158bdc77f470f6,7f31969b66176ef30a7b69fe502f35a465f00aa6e390eaf43104c81c7facc59d,2011-11-24T14:32:42+00:00,33685504,128
2188,{app}\NPA5\SPECOD\prikaz_906n\155.htm,app/NPA5/SPECOD/prikaz_906n/155.htm,12303,527432757,662033f6d002f02496cbc6b59c105a5b9863bfed,7bf7d9ebc7072172222afefb95ffde6213b1f06ae9906469b4381dfd600617b7,2011-11-24T14:32:42+00:00,33685504,128
2189,{app}\NPA5\SPECOD\prikaz_906n\156.htm,app/NPA5/SPECOD/prikaz_906n/156.htm,32149,527445060,e0be76419f1f49a75c398eddb194e81996d928d4,1fc7370cad575382e3bee1d32e39bdfd52835482c736f05ce9619b6b96d6cdae,2011-11-24T14:32:44+00:00,33685504,128
2190,{app}\NPA5\SPECOD\prikaz_906n\157.htm,app/NPA5/SPECOD/prikaz_906n/157.htm,32150,527477209,cda4c4d2e991d3c52c748025040d2a8a14e75aa6,4f190fe04846bff01f2435700e0da0cfe5439d1dc683c207d5342089d9daf202,2011-11-24T14:32:44+00:00,33685504,128
2191,{app}\NPA5\SPECOD\prikaz_906n\158.htm,app/NPA5/SPECOD/prikaz_906n/158.htm,26967,527509359,e02eeb21476eca72ade383777458b6239fe7885b,e98065745d95a4672368061ba9649396dc029e0109f19a383d3fc4e53529864f,2011-11-24T14:32:46+00:00,33685504,128
2192,{app}\NPA5\SPECOD\prikaz_906n\159.htm,app/NPA5/SPECOD/prikaz_906n/159.htm,364277,527536326,177d76edac6e90c3685af2f33a83eb5913717976,04972a4a98761dee2f115ff35a7d68e807592f04307b6075c42a8156897ba41c,2011-11-24T14:32:48+00:00,33685504,128
2193,{app}\NPA5\SPECOD\prikaz_906n\160.htm,app/NPA5/SPECOD/prikaz_906n/160.htm,19044,527900603,e34a651d218600c3f252d3b36a72ddd2442bb378,ef54a8b52940b3e6c96ba7564876685c385454f1f27746c2b7cf513da55b2129,2011-11-24T14:32:50+00:00,33685504,128
2194,{app}\NPA5\SPECOD\prikaz_906n\161.htm,app/NPA5/SPECOD/prikaz_906n/161.htm,11046,527919647,bad730580c9778720aa23a4a4372ae860f2cc30b,182f4170a9241a9403092b9013a223e12ce0d0b2cfc2ae8cc44d40120cc99a58,2011-11-24T14:32:50+00:00,33685504,128
2195,{app}\NPA5\SPECOD\prikaz_906n\162.htm,app/NPA5/SPECOD/prikaz_906n/162.htm,12882,527930693,2497f4239dad7ec6a9353baae824640f83a606aa,b5abf01f2c547eb8b3807f803158843acf80049961095e61ab70db31d17fd398,2011-11-24T14:32:52+00:00,33685504,128
2196,{app}\NPA5\SPECOD\prikaz_906n\163.htm,app/NPA5/SPECOD/prikaz_906n/163.htm,21918,527943575,a5a29a7d2a8013e6fc0c326c8b1c9e071f5aa546,6358b22d960f9421881b4931b2a880d0295aae5f17e07f8ab010ae5e62e89a8c,2011-11-24T14:32:52+00:00,33685504,128
2197,{app}\NPA5\SPECOD\prikaz_906n\164.htm,app/NPA5/SPECOD/prikaz_906n/164.htm,18519,527965493,9fd12dbdcba26da50d488b91bd85712d3476d283,131280f8bbcf13c1eb6596e99793424a359c86040ff82e0e50b33db90793a12c,2011-11-24T14:32:52+00:00,33685504,128
2198,{app}\NPA5\SPECOD\prikaz_906n\165.htm,app/NPA5/SPECOD/prikaz_906n/165.htm,28647,527984012,d567365ac58a9784a85e4f38dc5902aec5eea22c,e1729360b8ea383cfe67bfb7ec8dbc262586a686d453416eb982669e8f2c7168,2011-11-24T14:32:54+00:00,33685504,128
2199,{app}\NPA5\SPECOD\prikaz_906n\166.htm,app/NPA5/SPECOD/prikaz_906n/166.htm,7605,528012659,60c96b8cfb17c0a3a1685f034ca6bb6f7aa2cb3c,0785925dae1769af3bd4adcecb7e9182499a230789ccd26a7dbb0f909008f839,2011-11-24T14:32:54+00:00,33685504,128
2200,{app}\NPA5\SPECOD\prikaz_906n\167.htm,app/NPA5/SPECOD/prikaz_906n/167.htm,34435,528020264,991567f8682bcae5a1699fb97231af396e9cd084,b7924e37dc199b5c22e12952ca7883a46318f2077a90ad4ffb0c8bee81678e9d,2011-11-24T14:32:56+00:00,33685504,128
2201,{app}\NPA5\SPECOD\prikaz_906n\168.htm,app/NPA5/SPECOD/prikaz_906n/168.htm,40984,528054699,de6ebea3585a7897acf8aa366008a254f4d1d290,fb48c5c1fcae6fc5418f37a882461f964b3c76762fc3edb1fd8b7e40921d904b,2011-11-24T14:32:56+00:00,33685504,128
2202,{app}\NPA5\SPECOD\prikaz_906n\169.htm,app/NPA5/SPECOD/prikaz_906n/169.htm,16660,528095683,2bbb991f294314e9cb3c5f04fd39d9e122ef876f,ad66641827aeb016dd98bdd2343b086e65b9689801adeecab5e01ed6df86c3d4,2011-11-24T14:32:56+00:00,33685504,128
2203,{app}\NPA5\SPECOD\prikaz_906n\170.htm,app/NPA5/SPECOD/prikaz_906n/170.htm,29782,528112343,c7436c0aeda46a93864ff86e7058a1225527ed8a,ad702cdb2ac0c6238e6f0752be7aedcc0331dedbc0faa05c20c6e9f689b512fb,2011-11-24T14:32:58+00:00,33685504,128
2204,{app}\NPA5\SPECOD\prikaz_906n\171.htm,app/NPA5/SPECOD/prikaz_906n/171.htm,16747,528142125,1c3a03e8ec43b824890d8c04aca6dc4540380dcd,1f2bf5be99ca4970a17eda6e8205259407b83405cc511ea2ecbee09884d8df92,2011-11-24T14:32:58+00:00,33685504,128
2205,{app}\NPA5\SPECOD\prikaz_906n\172.htm,app/NPA5/SPECOD/prikaz_906n/172.htm,23522,528158872,0813e31c838be6a813df0043b735b20e71078219,1d1a0ca974e5dfc97251eb2f99aac35545dbd97f46b4a5db1a301971d2256b95,2011-11-24T14:32:58+00:00,33685504,128
2206,{app}\NPA5\SPECOD\prikaz_906n\173.htm,app/NPA5/SPECOD/prikaz_906n/173.htm,27968,528182394,e1e6075c75deba4432f44cbc51784d28cdcd15ac,bacf45300f0ab742c0e9a424ad8842b0a0511fe1978b7c83f97da24657a6a528,2011-11-24T14:33:00+00:00,33685504,128
2207,{app}\NPA5\SPECOD\prikaz_906n\174.htm,app/NPA5/SPECOD/prikaz_906n/174.htm,95194,528210362,846534f80192898e861075e5a29e15b3a10f6941,4182cc099709e284d09b18def6dcdbe09f0fb11c7e1dc5393d194f82ed2c9650,2011-11-24T14:33:00+00:00,33685504,128
2208,{app}\NPA5\SPECOD\prikaz_906n\175.htm,app/NPA5/SPECOD/prikaz_906n/175.htm,6460,528305556,12f9220a435254da782bc340786a8e86ce9a86b5,c336a8145c009d1692eb9a244217ac8c0c164d4c5c0f38cba679fca5d0fb993e,2011-11-24T14:33:02+00:00,33685504,128
2209,{app}\NPA5\SPECOD\prikaz_906n\176.htm,app/NPA5/SPECOD/prikaz_906n/176.htm,6644,528312016,0c0c0e0750380f12d746f692c0f4ea8af2213679,c305b7cd3a3d7f37c3b815da76c5221c5256f5f5bd70747ca6235432198a0b32,2011-11-24T14:33:02+00:00,33685504,128
2210,{app}\NPA5\SPECOD\prikaz_906n\177.htm,app/NPA5/SPECOD/prikaz_906n/177.htm,23342,528318660,9fb5e89ab68689d8ce1d2fd0dd3072a288801078,18fff1cbf2959f26b659045be49ca572d93308c0fc3acdb50d79788f19a8877d,2011-11-24T14:33:02+00:00,33685504,128
2211,{app}\NPA5\SPECOD\prikaz_906n\178.htm,app/NPA5/SPECOD/prikaz_906n/178.htm,14799,528342002,579889d32910d2defb68cf1fa57b1e77f39e1117,6cd2fe7d144c733f1ff7e8fe742af3a355d5d99caecd840ee77d6048482cda37,2011-11-24T14:33:04+00:00,33685504,128
2212,{app}\NPA5\SPECOD\prikaz_906n\179.htm,app/NPA5/SPECOD/prikaz_906n/179.htm,69463,528356801,b02896b37b69dbd6ee532e0b0881be6f64a52bdd,457d96d395bc6c8201e773ec68b3ea5489733a9af449a478e7c462483bcee54a,2011-11-24T14:33:04+00:00,33685504,128
2213,{app}\NPA5\SPECOD\prikaz_906n\180.htm,app/NPA5/SPECOD/prikaz_906n/180.htm,28388,528426264,6e29fd7eb3e372a39a951a5155238da11fc6a2ca,5ab0b1928771425a389623d7418dabb4879070c3209c38a1fefab55578a012a5,2011-11-24T14:33:06+00:00,33685504,128
2214,{app}\NPA5\SPECOD\prikaz_906n\181.htm,app/NPA5/SPECOD/prikaz_906n/181.htm,211345,528454652,ae92554a06ef44bdc4c91eea8aa18b33e1f53889,60ea35aa270542beb1aa9d929593d387ee1888e7500f4a37ff95c9853f3d9d55,2011-11-24T14:33:08+00:00,33685504,128
2215,{app}\NPA5\SPECOD\prikaz_906n\182.htm,app/NPA5/SPECOD/prikaz_906n/182.htm,50545,528665997,e418380746abf83b568df3ac194a109fcf90d839,c5051c2956a39db203c6ec00fd7269d4bc6696656b1ba45965ad1389b1acf610,2011-11-24T14:33:08+00:00,33685504,128
2216,{app}\NPA5\SPECOD\prikaz_906n\183.htm,app/NPA5/SPECOD/prikaz_906n/183.htm,7728,528716542,04dd603e1ac60327bc11be58b0e6c85d8b40c521,3ceb9e1a4d212408b9a0b382ed1f805de0c291d4329376a67a41d838397ca318,2011-11-24T14:33:08+00:00,33685504,128
2217,{app}\NPA5\SPECOD\prikaz_906n\184.htm,app/NPA5/SPECOD/prikaz_906n/184.htm,16411,528724270,f2495956a4cf679fd12157a076d924cfc7bf29cd,153a13ac0270627a198764d880241ef68690fd4976fc33a64bd8be1801242d19,2011-11-24T14:33:10+00:00,33685504,128
2218,{app}\NPA5\SPECOD\prikaz_906n\185.htm,app/NPA5/SPECOD/prikaz_906n/185.htm,14294,528740681,c6b3f6aa37c5d6eb62c89ae50a43e43e394cb931,1953c0c5f7399498e5da4d3453e6798d4a7d1b15e875ad23ce38e1b49f660830,2011-11-24T14:33:10+00:00,33685504,128
2219,{app}\NPA5\SPECOD\prikaz_906n\186.htm,app/NPA5/SPECOD/prikaz_906n/186.htm,16637,528754975,ada2e9a75b61ba4a31ec7ebf9c1532d459e59721,01856139633d39169be82d09501efe4488b3c4948322b5d3e93c33003e0a7850,2011-11-24T14:33:10+00:00,33685504,128
2220,{app}\NPA5\SPECOD\prikaz_906n\187.htm,app/NPA5/SPECOD/prikaz_906n/187.htm,59697,528771612,bbaeef78ef77c2fe012538d903006ced2c6843a7,c211571ee7a7afb3af8b4c8dcbb0ff5a79df226cdb3f68abc89268c96495f831,2011-11-24T14:33:12+00:00,33685504,128
2221,{app}\NPA5\SPECOD\prikaz_906n\188.htm,app/NPA5/SPECOD/prikaz_906n/188.htm,13994,528831309,f52b7c3b1063d9197059ed98180bf970b62aea9b,dbb06e55076f188221b2aca476091497ae32ed918415d43cd22c5f3bc0e07fe9,2011-11-24T14:33:12+00:00,33685504,128
2222,{app}\NPA5\SPECOD\prikaz_906n\189.htm,app/NPA5/SPECOD/prikaz_906n/189.htm,5297,528845303,47e1943cf4f26c0dcbb6e447877e8737f011af4e,06d9b5e39e61028da398509f0e663624b81a3651392bd1871cd7f83074e92b7e,2011-11-24T14:33:14+00:00,33685504,128
2223,{app}\NPA5\SPECOD\prikaz_906n\190.htm,app/NPA5/SPECOD/prikaz_906n/190.htm,12397,528850600,94fec12a2d53c1a6740b9c87407f5b920bee6439,7a5b7766a4c60655680f2c5943d8e9263afa2c6981a86a0c7f40f2bd082a9814,2011-11-24T14:33:14+00:00,33685504,128
2224,{app}\NPA5\SPECOD\prikaz_906n\191.htm,app/NPA5/SPECOD/prikaz_906n/191.htm,47261,528862997,c7f835cb09781d049d5e5f2424dca5f450631cb7,2932d9b1d88109b25c743ef08f2ca48f27b1efc6754daa95c7902fe02d2336a1,2011-11-24T14:33:16+00:00,33685504,128
2225,{app}\NPA5\SPECOD\prikaz_906n\192.htm,app/NPA5/SPECOD/prikaz_906n/192.htm,12605,528910258,ddd03289e4348f15422a9bb9ec579447e1b07180,822cb5a729771b3610ce48d9dc2792aae11995bf86cdbba0a75d4878ad6c98e4,2011-11-24T14:33:16+00:00,33685504,128
2226,{app}\NPA5\SPECOD\prikaz_906n\193.htm,app/NPA5/SPECOD/prikaz_906n/193.htm,5192,528922863,ab369184ac31e7e40217d06960bc3485f4a3462a,f11096c4cac71815f3c2e12637dcaad3ad60fdcd7593d3ce9cc6645131923fd6,2011-11-24T14:33:16+00:00,33685504,128
2227,{app}\NPA5\SPECOD\prikaz_906n\194.htm,app/NPA5/SPECOD/prikaz_906n/194.htm,11117,528928055,a43f6f193f4dfd925d7eb1c25f2014e25bc2e219,8769ab06f0369d45876d13ed5a6d5f60b53e8dfd405b29e18cff08307d21f8c6,2011-11-24T14:33:16+00:00,33685504,128
2228,{app}\NPA5\SPECOD\prikaz_906n\195.htm,app/NPA5/SPECOD/prikaz_906n/195.htm,7833,528939172,b21e69514f502109bfb738e360509e4e463d1019,3aa1d29308bf85568137d47cd468e2bdb0743a38e60d1248eb4418e17198b97b,2011-11-24T14:33:18+00:00,33685504,128
2229,{app}\NPA5\SPECOD\prikaz_906n\196.htm,app/NPA5/SPECOD/prikaz_906n/196.htm,12696,528947005,9c9ba1f0bb18f8997ef175d1aae509de1a2a7cb1,fc4da030748948c1337705db60bbcb3c0274e15a397b376c271db08e2ce8f4b7,2011-11-24T14:33:18+00:00,33685504,128
2230,{app}\NPA5\SPECOD\prikaz_906n\197.htm,app/NPA5/SPECOD/prikaz_906n/197.htm,18952,528959701,13c4f449b68cb14fdb2e59291d396a16e0ed1c97,9b2ea0db72253cf75bd5685f062789e2db60335bfcb75bceed6a236eb557c281,2011-11-24T14:33:18+00:00,33685504,128
2231,{app}\NPA5\SPECOD\prikaz_906n\198.htm,app/NPA5/SPECOD/prikaz_906n/198.htm,4382,528978653,97226c208a26ddaf40142122c86f9ca6c6a50bcb,73e066569e7780a0bc4f8ce3d4cb46b8113239410c4eba9205f038d3d7a771b9,2011-11-24T14:33:20+00:00,33685504,128
2232,{app}\NPA5\SPECOD\prikaz_906n\199.htm,app/NPA5/SPECOD/prikaz_906n/199.htm,24917,528983035,d19346891bda5dc2cc1bd46f9cd375a5f0d31155,6c9108ec92a2884596bc99236c6c88b67d2ed5e5e51aaab79c9c0052677dc95a,2011-11-24T14:33:20+00:00,33685504,128
2233,{app}\NPA5\SPECOD\prikaz_906n\200.htm,app/NPA5/SPECOD/prikaz_906n/200.htm,8261,529007952,c8eec1fa1626f2c500149a026110c371d5059cc2,eb4410f37ad3facf6aa1799480285e17f9e3452584e875e38352e6df66ac85ce,2011-11-24T14:33:20+00:00,33685504,128
2234,{app}\NPA5\SPECOD\prikaz_906n\201.htm,app/NPA5/SPECOD/prikaz_906n/201.htm,24072,529016213,49f86b29fc5fabc397e71ed913c691bc977801ef,32468f148cd40ec6be0458c838b46ac2a3666f242676acab58840ed39087c863,2011-11-24T14:33:22+00:00,33685504,128
2235,{app}\NPA5\SPECOD\prikaz_906n\202.htm,app/NPA5/SPECOD/prikaz_906n/202.htm,11821,529040285,ee8224247105472f5d56bf7f259e345299e15975,c27e02ff9c80a113cc14ae490892f06b58f916a05f976d3ead6efc71b064ae60,2011-11-24T14:33:22+00:00,33685504,128
2236,{app}\NPA5\SPECOD\prikaz_906n\203.htm,app/NPA5/SPECOD/prikaz_906n/203.htm,16031,529052106,08c1c49351b5462642580b1efc044ecae161c321,522a4720e86bbfdc38bc3657ec2a37ab93a67100fa6fd4337be901ddc0a1188e,2011-11-24T14:33:22+00:00,33685504,128
2237,{app}\NPA5\SPECOD\prikaz_906n\204.htm,app/NPA5/SPECOD/prikaz_906n/204.htm,5685,529068137,b4c304f4b5b5628fe1920c48f571ea9876b0ab2b,4484eef30e88caaed621d4a3d5d08dc287448d626944dc98f6389c50b8b46d15,2011-11-24T14:33:24+00:00,33685504,128
2238,{app}\NPA5\SPECOD\prikaz_906n\205.htm,app/NPA5/SPECOD/prikaz_906n/205.htm,72303,529073822,245b164043658155effb020c11545d34503d5637,4e49e358d13e8f47518da1823488a87ea102dbc2d05b64c8fc50b8cead8cf52a,2011-11-24T14:33:24+00:00,33685504,128
2239,{app}\NPA5\SPECOD\prikaz_906n\206.htm,app/NPA5/SPECOD/prikaz_906n/206.htm,34938,529146125,932d0d5ce40b9dc6f91efa663a7279bab56071d8,22a1217c0008697d799e503e0b3905e6e16dea042fa6932340156b2c88ee6a10,2011-11-24T14:33:24+00:00,33685504,128
2240,{app}\NPA5\SPECOD\prikaz_906n\207.htm,app/NPA5/SPECOD/prikaz_906n/207.htm,27967,529181063,21942afb7c0ebf9961fc3819813a97970f86a12f,0affeb06f7e45facdc6540f8d6a5e8afd04ad3ac4d026c92c691d8b32f280c94,2011-11-24T14:33:26+00:00,33685504,128
2241,{app}\NPA5\SPECOD\prikaz_906n\208.htm,app/NPA5/SPECOD/prikaz_906n/208.htm,16837,529209030,be5822a9c222ed160a3fc3fea301eb4932a14cd0,ff583c9934f53836c15b0625a9a71f9258420e690439ad1a4e8a642d27f754ed,2011-11-24T14:33:26+00:00,33685504,128
2242,{app}\NPA5\SPECOD\prikaz_906n\209.htm,app/NPA5/SPECOD/prikaz_906n/209.htm,82529,529225867,eb365f1ab1c9c6106d3d49ab86a5842340f0db0d,4aad32331ee7513893038b600870d872e1ff0a1f2300852946c094d0a1513ba9,2011-11-24T14:33:28+00:00,33685504,128
2243,{app}\NPA5\SPECOD\prikaz_906n\210.htm,app/NPA5/SPECOD/prikaz_906n/210.htm,6742,529308396,fd280f36dd66a07ba175339e5c4d891ff6765376,7f1a2d08db93dc80566e9d1b6446539eaf63c2cf1d92a3ef25f047c4a8a0344d,2011-11-24T14:33:28+00:00,33685504,128
2244,{app}\NPA5\SPECOD\prikaz_906n\211.htm,app/NPA5/SPECOD/prikaz_906n/211.htm,7919,529315138,d08289d6ca0bfe0379941c2838b03e467817c732,94110ca8c81040c13562b678848ca51180d631d6e917785620cf423e8299f0a9,2011-11-24T14:33:28+00:00,33685504,128
2245,{app}\NPA5\SPECOD\prikaz_906n\212.htm,app/NPA5/SPECOD/prikaz_906n/212.htm,85802,529323057,2268d9b3fc5fdacefc9b001a95bb12b0586fb375,ec6156fa81026b097d93fa756b8b969935fece99e17c698e4ae59725ed813563,2011-11-24T14:33:30+00:00,33685504,128
2246,{app}\NPA5\SPECOD\prikaz_906n\213.htm,app/NPA5/SPECOD/prikaz_906n/213.htm,12758,529408859,b25a94428fd41cd6246850659a75cdf14ab7f254,f5b62ad6579a9fb1163b1b36611a0c1e164ac8a64317e31f1ba146bf82348be3,2011-11-24T14:33:30+00:00,33685504,128
2247,{app}\NPA5\SPECOD\prikaz_906n\214.htm,app/NPA5/SPECOD/prikaz_906n/214.htm,4977,529421617,3863c035d90733411e88abcc5400de401843a3e0,81c774322aee446bebb075aa11765fe1abb105f6c3820e9e67335e8befa6363f,2011-11-24T14:33:30+00:00,33685504,128
2248,{app}\NPA5\SPECOD\prikaz_906n\215.htm,app/NPA5/SPECOD/prikaz_906n/215.htm,7823,529426594,bad93cf5a88a6f0dccc62b7626d3a87013644a78,70051626f91d9222898c8a12b2420306237cb73363ba9080e6f96b619b3b800f,2011-11-24T14:33:32+00:00,33685504,128
2249,{app}\NPA5\SPECOD\prikaz_906n\216.htm,app/NPA5/SPECOD/prikaz_906n/216.htm,46785,529434417,91e33bf0d4ca9ca29af67d3ff81ba10ef318f836,fad40cbb4f46338f56051f45837e833b3ff534ba30f5bced91322bd2972f8bf0,2011-11-24T14:33:32+00:00,33685504,128
2250,{app}\NPA5\SPECOD\prikaz_906n\217.htm,app/NPA5/SPECOD/prikaz_906n/217.htm,29694,529481202,d3b35052254d9f3c363ee422d2838ec68e64f1ee,5b592a6334759e562a23d72301268b90c2e334f81e6160ee8b5a65d546e872e7,2011-11-24T14:33:34+00:00,33685504,128
2251,{app}\NPA5\SPECOD\prikaz_906n\218.htm,app/NPA5/SPECOD/prikaz_906n/218.htm,11352,529510896,277d80f261699746eca72b18273fe703f7cfcaa2,de24fc1f2063c53da405af2e5ddc488db271d02fdd02a7c9fe9376af6684a74d,2011-11-24T14:33:34+00:00,33685504,128
2252,{app}\NPA5\SPECOD\prikaz_906n\219.htm,app/NPA5/SPECOD/prikaz_906n/219.htm,6326,529522248,2c73ff9a8512fc91e607cdce8006d8fd0ba2007d,8286226787bf5b375ececdc91aa5627beefb66dbfd94f8f10f26942c3ccccf9d,2011-11-24T14:33:34+00:00,33685504,128
2253,{app}\NPA5\SPECOD\prikaz_906n\220.htm,app/NPA5/SPECOD/prikaz_906n/220.htm,306741,529528574,d814cc839c0143d403d6b0855fb32bb5e50a4974,e7b1783d67e00d7ec3bfdb263afa03b98d038f6d67a3e9f0e5f54d030ba807fa,2011-11-24T14:33:38+00:00,33685504,128
2254,{app}\NPA5\SPECOD\prikaz_906n\221.htm,app/NPA5/SPECOD/prikaz_906n/221.htm,7163,529835315,1737d8315e8445df0cbced58438069e93dc536e7,712bf12a540e4b3592160d2905467271777dd7b2eb4ffd378099c72bc6190f01,2011-11-24T14:33:38+00:00,33685504,128
2255,{app}\NPA5\SPECOD\prikaz_906n\222.htm,app/NPA5/SPECOD/prikaz_906n/222.htm,9122,529842478,8d7791414aaab54f96510fcd8027ee6e8a652f1b,53f49891c6fd8822cb72e39f489eb8449b87119a4fef65b51d262ccaa72401ed,2011-11-24T14:33:38+00:00,33685504,128
2256,{app}\NPA5\SPECOD\prikaz_906n\223.htm,app/NPA5/SPECOD/prikaz_906n/223.htm,7126,529851600,450d7213539bc5b56ae0f68e60a49988f578808f,e3797e118025b0fea3bc2c4b902c4f867da992ceafb2f091dae83179e698b966,2011-11-24T14:33:38+00:00,33685504,128
2257,{app}\NPA5\SPECOD\prikaz_906n\224.htm,app/NPA5/SPECOD/prikaz_906n/224.htm,8799,529858726,007782d754adb1c526ea31b713d5af5aefcb8bcb,6e7e36e10a98321268d5495d688fbfbcf97ad90622c660912f2923ae8bcaae4c,2011-11-24T14:33:40+00:00,33685504,128
2258,{app}\NPA5\SPECOD\prikaz_906n\225.htm,app/NPA5/SPECOD/prikaz_906n/225.htm,32962,529867525,621cddd46d71dde38b689baef495bdcee0a868cb,3f307af99c8fdbcf3814300eeef56b51e45e025d536444d10c4c55c1db289dfe,2011-11-24T14:33:40+00:00,33685504,128
2259,{app}\NPA5\SPECOD\prikaz_906n\226.htm,app/NPA5/SPECOD/prikaz_906n/226.htm,6764,529900487,3160b73f763da0180a6eda76be81a7a41a9944e2,09b3fea507706c2c3104326128731a133cee1f43849e29529fb7bce5939e26f1,2011-11-24T14:33:42+00:00,33685504,128
2260,{app}\NPA5\SPECOD\prikaz_906n\227.htm,app/NPA5/SPECOD/prikaz_906n/227.htm,14446,529907251,4b67fcb1ec30a48314567aee5c3d8286c81961a0,32334908b941409fec1efeb4e3fe8dabb1e501c35ad529afb3df718c803656c6,2011-11-24T14:33:42+00:00,33685504,128
2261,{app}\NPA5\SPECOD\prikaz_906n\228.htm,app/NPA5/SPECOD/prikaz_906n/228.htm,14876,529921697,be6b8fe46677a4eae1abe0dc6737b2fb6e23aeb1,47afa7c6c8829bf33cf9ba39a439190f25f4ebeb3804ec3296bbe6d4daf52dd9,2011-11-24T14:33:42+00:00,33685504,128
2262,{app}\NPA5\SPECOD\prikaz_906n\229.htm,app/NPA5/SPECOD/prikaz_906n/229.htm,6894,529936573,f07c444dc706c2884e76ecd65cccbf39083ae834,13604d1de604e0ceda10f1beccb469ecbf46d808b46ef929a0fa98b1ebe5f1d1,2011-11-24T14:33:42+00:00,33685504,128
2263,{app}\NPA5\SPECOD\prikaz_906n\230.htm,app/NPA5/SPECOD/prikaz_906n/230.htm,56882,529943467,321dcffcabb3fe13affe7df302bef7583db10ebb,7b6ff1686719e8e74d697eb3d6cea8e5ca16d54e8f2dee698b6929c4f8bf081d,2011-11-24T14:33:44+00:00,33685504,128
2264,{app}\NPA5\SPECOD\prikaz_906n\231.htm,app/NPA5/SPECOD/prikaz_906n/231.htm,203717,530000349,901b7fb5778537aecadfd39844fd948c521cad52,d1a7255771ddd6d6e4550e1f29be75b05754d3ea9e29954576ac620592bea2cf,2011-11-24T14:33:46+00:00,33685504,128
2265,{app}\NPA5\SPECOD\prikaz_906n\232.htm,app/NPA5/SPECOD/prikaz_906n/232.htm,26689,530204066,804f98d910eed54006b6956b085f4e313d3974b0,5a355446926710ad9b0d9f57ea23c426f32f186857eb923043119d60aac6bb00,2011-11-24T14:33:46+00:00,33685504,128
2266,{app}\NPA5\SPECOD\prikaz_906n\233.htm,app/NPA5/SPECOD/prikaz_906n/233.htm,11161,530230755,bef53d9439589fd4abd6586d75de7ffb270eac61,fb2884dfa834380f566fd24824195cf61af536c65800cebe74b9e3d121bb393e,2011-11-24T14:33:48+00:00,33685504,128
2267,{app}\NPA5\SPECOD\prikaz_906n\234.htm,app/NPA5/SPECOD/prikaz_906n/234.htm,74247,530241916,edd875c88a5a18b7909ae3f556c6ba94d9cd4fa3,6e2f241aec79fb2f577662a71e3e408a5146789d6a58c85040162e1d74e2cf21,2011-11-24T14:33:48+00:00,33685504,128
2268,{app}\NPA5\SPECOD\prikaz_906n\235.htm,app/NPA5/SPECOD/prikaz_906n/235.htm,11131,530316163,ad12c8415e50459e68b6a26d36d5165568b6dcdc,3b33352dd7290a5d2c0855631550c6d8ba3a6c19910ac3ed9e6f1493393afde4,2011-11-24T14:33:50+00:00,33685504,128
2269,{app}\NPA5\SPECOD\prikaz_906n\236.htm,app/NPA5/SPECOD/prikaz_906n/236.htm,16869,530327294,05e6177c2575fb0922f770491df2a0f667865f9c,18e0ce452eeb278a3cc111eaee44bb2277a24d1a4b2cd772decfbc1edc2ab69b,2011-11-24T14:33:50+00:00,33685504,128
2270,{app}\NPA5\SPECOD\prikaz_906n\237.htm,app/NPA5/SPECOD/prikaz_906n/237.htm,27084,530344163,bd3785d5bf5f839df508d379815ec533aed0ef1e,94fd56a4aecabc40c3906dd13daf03d8793d4365063f09e48a301751131efba0,2011-11-24T14:33:50+00:00,33685504,128
2271,{app}\NPA5\SPECOD\prikaz_906n\238.htm,app/NPA5/SPECOD/prikaz_906n/238.htm,34125,530371247,535d4ca247b39b3ff6da87ceaced817b5384d8a1,329187f262ad913c3b2316d204ad25e4288928b78062c230e8a791d99bd11560,2011-11-24T14:33:52+00:00,33685504,128
2272,{app}\NPA5\SPECOD\prikaz_906n\239.htm,app/NPA5/SPECOD/prikaz_906n/239.htm,7932,530405372,f71e98dbbf55a80f5b28b61d555c6d775cf60d70,61f5ac1723feaabdbb7d408ed4510918bbdd5e60d82e83715cdd829a0b504ca2,2011-11-24T14:33:52+00:00,33685504,128
2273,{app}\NPA5\SPECOD\prikaz_906n\240.htm,app/NPA5/SPECOD/prikaz_906n/240.htm,39393,530413304,ebb3decde664204dca322d0ef2e403b54729c2a3,6a9499bbd90e40028d14024a671550aa9a52ddd119f58141dc6b07d69e2fc631,2011-11-24T14:33:54+00:00,33685504,128
2274,{app}\NPA5\SPECOD\prikaz_906n\241.htm,app/NPA5/SPECOD/prikaz_906n/241.htm,53966,530452697,5230694625a5cfd8178079ce112743c4b98db519,379738cfc9b6748bcf25a142059c8d32707aafa0556a6dd97507fca249d6200d,2011-11-24T14:33:54+00:00,33685504,128
2275,{app}\NPA5\SPECOD\prikaz_906n\242.htm,app/NPA5/SPECOD/prikaz_906n/242.htm,338322,530506663,da6b9acf67fe6ca4491a5d96e6507a30a1fbd04c,22b677119036a11686c6f1c21c7d6965f9b4c9e09df13ea6e148be85ab5417c7,2011-11-24T14:33:58+00:00,33685504,128
2276,{app}\NPA5\SPECOD\prikaz_906n\243.htm,app/NPA5/SPECOD/prikaz_906n/243.htm,351780,530844985,f86e2184475baecb09bbb09d614b9601c7241a00,0f9e73131e3cd6feada6002f68667d3e0ec4d126b8abe82c250f4ace222b47f9,2011-11-24T14:34:02+00:00,33685504,128
2277,{app}\NPA5\SPECOD\prikaz_906n\244.htm,app/NPA5/SPECOD/prikaz_906n/244.htm,129726,531196765,7ca83c9856bbc489a230ad814883954ee0d01783,1b6c4520b74c9985f5e0549e9d8d0289c5ecd3d61cf393529b3ee42d5ed4f9af,2011-11-24T14:34:02+00:00,33685504,128
2278,{app}\NPA5\SPECOD\prikaz_906n\245.htm,app/NPA5/SPECOD/prikaz_906n/245.htm,51964,531326491,61e60b75a57bf2d88e53b64dc254ff9a40c6a8d7,0ee408acb50f11e13c39e671e5406f8dde6c7a524488c730daa516a901d1677c,2011-11-24T14:34:04+00:00,33685504,128
2279,{app}\NPA5\SPECOD\prikaz_906n\246.htm,app/NPA5/SPECOD/prikaz_906n/246.htm,20510,531378455,729f176387e085064382dfb0bc33aaf10261bf70,2bac7477004517d491ef3791a3f45f700cf9375fcfc549b0a9aa0022b8e1700f,2011-11-24T14:34:04+00:00,33685504,128
2280,{app}\NPA5\SPECOD\prikaz_906n\247.htm,app/NPA5/SPECOD/prikaz_906n/247.htm,94218,531398965,9d007d736acfe42eb63d6488eabd3bd4fd95facf,218d2d391d1c8929ccb46860156c223b9dd873639e7dbc34d651ce153190520e,2011-11-24T14:34:06+00:00,33685504,128
2281,{app}\NPA5\SPECOD\prikaz_906n\248.htm,app/NPA5/SPECOD/prikaz_906n/248.htm,75914,531493183,6ea408ccfd8017dc500c2f43160d79b4627450f5,0a7b4f4362a366bdb36e6508eb8cb49629119aee861caa6a795f71ae0184c2ea,2011-11-24T14:34:08+00:00,33685504,128
2282,{app}\NPA5\SPECOD\prikaz_906n\249.htm,app/NPA5/SPECOD/prikaz_906n/249.htm,44300,531569097,76bdeaa59bddc2f11c7e467c49f2740722120538,7ca56c955aa927a438cf4bc89c49f71ebdf36f2dfb943326b012b6bc31de5654,2011-11-24T14:34:08+00:00,33685504,128
2283,{app}\NPA5\SPECOD\prikaz_906n\250.htm,app/NPA5/SPECOD/prikaz_906n/250.htm,9997,531613397,8da1310f6121552e4b36f42da8c18741e4434459,7c56c6bdaf7f0ba368de04bda955363c717927c3efc2a8863ea812e98a156221,2011-11-24T14:34:10+00:00,33685504,128
2284,{app}\NPA5\SPECOD\prikaz_906n\251.htm,app/NPA5/SPECOD/prikaz_906n/251.htm,9820,531623394,440ea687a453274132aaef7b43e2dafcfc9ea510,71a494fd81623727edc248a28b33c546303fa76d74e4ad7db0b7f105125fd5a9,2011-11-24T14:34:10+00:00,33685504,128
2285,{app}\NPA5\SPECOD\prikaz_906n\252.htm,app/NPA5/SPECOD/prikaz_906n/252.htm,62879,531633214,0ca1ab065e7f15a9c240bce27e85d9f1545d1084,2f5162c12aa6123ff3a2402f7799ab0c7cd160657e7d378e27cad27f7b88ddd7,2011-11-24T14:34:12+00:00,33685504,128
2286,{app}\NPA5\SPECOD\prikaz_906n\253.htm,app/NPA5/SPECOD/prikaz_906n/253.htm,43391,531696093,ea84c8be5a0c62a45d64d3352633291b6b05896d,8c800d3c9524e4c33971322bca8e478585abff00da5f713851b1977d4462a783,2011-11-24T14:34:12+00:00,33685504,128
2287,{app}\NPA5\SPECOD\prikaz_906n\254.htm,app/NPA5/SPECOD/prikaz_906n/254.htm,122531,531739484,10335cba61e89f5fb308128f4802bf552b9ff60c,8f194488510cfffc56bccc73923463303c19764e00fdc7cdb68ba8cf381f59db,2011-11-24T14:34:14+00:00,33685504,128
2288,{app}\NPA5\SPECOD\prikaz_906n\255.htm,app/NPA5/SPECOD/prikaz_906n/255.htm,22518,531862015,1f3f7f7301f2ce0b2fcf38b1f70c65772cd0046f,191ae9b90c8f31593c9502598222bf40938f63941cc0707ebc3ea49f2ac40916,2011-11-24T14:34:14+00:00,33685504,128
2289,{app}\NPA5\SPECOD\prikaz_906n\256.htm,app/NPA5/SPECOD/prikaz_906n/256.htm,73898,531884533,c3b062be714fcffde8e34fba9c0677d466f99824,21ea3dd59d95b12f77fc7702837dedd60321c3fbe8c62bddfd48620ce8762eb5,2011-11-24T14:34:16+00:00,33685504,128
2290,{app}\NPA5\SPECOD\prikaz_906n\257.htm,app/NPA5/SPECOD/prikaz_906n/257.htm,33730,531958431,ed72f0a932996d3f513dfa0443e5db1ad3174627,23e1a7610617c3664092a93563107fee898ffe341f57e63aed8b88e9ce268a10,2011-11-24T14:34:16+00:00,33685504,128
2291,{app}\NPA5\SPECOD\prikaz_906n\258.htm,app/NPA5/SPECOD/prikaz_906n/258.htm,52712,531992161,057eaa06501aa0371ac3839f3b74f47b696a633b,17b3370b9c458777eb1189b9e51a0d82918b6f85a1c48163591dcbabcf2d7322,2011-11-24T14:34:18+00:00,33685504,128
2292,{app}\NPA5\SPECOD\prikaz_906n\259.htm,app/NPA5/SPECOD/prikaz_906n/259.htm,48455,532044873,c2569ca800cdc3b3aec8731252e349ca3c77f48a,27a5627f734b9316f2ea58c45406e515dc60fc5b3d94311849caaf88fb177e98,2011-11-24T14:34:18+00:00,33685504,128
2293,{app}\NPA5\SPECOD\prikaz_906n\260.htm,app/NPA5/SPECOD/prikaz_906n/260.htm,16542,532093328,aa67100b1fa564cc1b7ebdc6e8831ceeb1efe9be,e8c941525e682b117fc3d41f81783d99889d6c7fc609405f586a142198faee9b,2011-11-24T14:34:18+00:00,33685504,128
2294,{app}\NPA5\SPECOD\prikaz_906n\261.htm,app/NPA5/SPECOD/prikaz_906n/261.htm,48564,532109870,1f034dca74f98b2676400bb0e6d86f35d9af8fa5,29a5a86508ef5d085b1ab725e07f814df416ffeda81ec2fac4dfbd29a2c82b4f,2011-11-24T14:34:20+00:00,33685504,128
2295,{app}\NPA5\SPECOD\prikaz_906n\262.htm,app/NPA5/SPECOD/prikaz_906n/262.htm,24825,532158434,3710c61cf2839dfd318ea2640a515d1ef4f0c21f,61554159eb1cadd44f8cc544b147d4b5c82cd265144cb26a016af7cbdbfaa6d9,2011-11-24T14:34:20+00:00,33685504,128
2296,{app}\NPA5\SPECOD\prikaz_906n\263.htm,app/NPA5/SPECOD/prikaz_906n/263.htm,16502,532183259,9d73aff1e8502d172b2bb08bdc36b9ae2b7fddbe,baea4d8457e8043e9b075c9d727f6f3b569b97071e270729fa26c674dc988fdb,2011-11-24T14:34:20+00:00,33685504,128
2297,{app}\NPA5\SPECOD\prikaz_906n\264.htm,app/NPA5/SPECOD/prikaz_906n/264.htm,44358,532199761,45a3061fcb41ff1a6c9445352fedfd009820ea3b,7f3c7be8d7cf7bb92dc4769150985b522a8c337f05980d731f5196c03dd5429c,2011-11-24T14:34:22+00:00,33685504,128
2298,{app}\NPA5\SPECOD\prikaz_906n\265.htm,app/NPA5/SPECOD/prikaz_906n/265.htm,97430,532244119,42b45dc4051594cfbdd628030d88fe8853aa0771,392fb7227a53a25e565e40a741d773de75d56aa17dfee3720b3b7593b5238755,2011-11-24T14:34:24+00:00,33685504,128
2299,{app}\NPA5\SPECOD\prikaz_906n\266.htm,app/NPA5/SPECOD/prikaz_906n/266.htm,69464,532341549,9a17a03333e735ba812dc571ce047d328eb18e18,2cd5d6983e7690c8239b7fcbb3aff2ab119d4a5a7df61b309d183446f467c912,2011-11-24T14:34:24+00:00,33685504,128
2300,{app}\NPA5\SPECOD\prikaz_906n\267.htm,app/NPA5/SPECOD/prikaz_906n/267.htm,52514,532411013,4934beb806dbef2dadffe8e257c16cfce7d23a2f,f0b81acaed6e08d10d8cdf195377d3d8dc0af7268e363fcf71c28eb4bc138d16,2011-11-24T14:34:26+00:00,33685504,128
2301,{app}\NPA5\SPECOD\prikaz_906n\268.htm,app/NPA5/SPECOD/prikaz_906n/268.htm,57616,532463527,9347671b5f22657163d1234730d8704c081c9164,71a1d6fc06866816e153b886837106d62bcc83192be7f4fe8e4b7e5b12859dda,2011-11-24T14:34:26+00:00,33685504,128
2302,{app}\NPA5\SPECOD\prikaz_906n\269.htm,app/NPA5/SPECOD/prikaz_906n/269.htm,286894,532521143,e148b431b3a632c83bf76a5c767e9f404370829e,4abc0a5e246a5dcb4f799841ab6307af7c5cbded32a8df4e99bf98ece64c37f4,2011-11-24T14:34:30+00:00,33685504,128
2303,{app}\NPA5\SPECOD\prikaz_906n\270.htm,app/NPA5/SPECOD/prikaz_906n/270.htm,53715,532808037,70ae3e39a89e99f96b635970001810fca664acec,c0e2474004f2d3a65e7a28447ba06565a646d612cfb00b60ff4341328eaa8d70,2011-11-24T14:34:30+00:00,33685504,128
2304,{app}\NPA5\SPECOD\prikaz_906n\271.htm,app/NPA5/SPECOD/prikaz_906n/271.htm,9282,532861752,e34a13d3cd429c80f7676267b3cf0ecd36b65b2f,66d228696a15851c96adb3bcddda574edbce31f52b48b8f7e8d42ee7d09c9f34,2011-11-24T14:34:32+00:00,33685504,128
2305,{app}\NPA5\SPECOD\prikaz_906n\272.htm,app/NPA5/SPECOD/prikaz_906n/272.htm,10320,532871034,fe85a4907242c195bf0661f652ba38733622d85f,7d3d957c6431e6809d4ea44e28506c7818b764e1f329e926a139819b272f0c67,2011-11-24T14:34:32+00:00,33685504,128
2306,{app}\NPA5\SPECOD\prikaz_906n\273.htm,app/NPA5/SPECOD/prikaz_906n/273.htm,150359,532881354,155b6f8d0c214e53fe0001b98293a29bd80b4f60,b247d45ff77f082bedb6724cdc1debc0c37116d9159d4670a32d4ab9f3bb474c,2011-11-24T14:34:34+00:00,33685504,128
2307,{app}\NPA5\SPECOD\prikaz_906n\274.htm,app/NPA5/SPECOD/prikaz_906n/274.htm,57382,533031713,dfce6313118e02e49b1c23c5fa8fa6b5e1861d93,e7546ea5276906235fc870e147ca89ec68f7fd0f8bf9a48e0763f581fb38148c,2011-11-24T14:34:34+00:00,33685504,128
2308,{app}\NPA5\SPECOD\prikaz_906n\275.htm,app/NPA5/SPECOD/prikaz_906n/275.htm,58927,533089095,954aeb418a025478f0fade73bf38364d60327682,52158447f33abb8b25e0efc4ba19ade7fe8ba007102ccd41e7a9007e66f82cdf,2011-11-24T14:34:36+00:00,33685504,128
2309,{app}\NPA5\SPECOD\prikaz_906n\276.htm,app/NPA5/SPECOD/prikaz_906n/276.htm,24099,533148022,657b144ab1029d39547c8f3bcd800c521d99707d,c369714f2f666a23a62fc1186005ca86ef1ea0c9cd328becbe28784fbb47dd1d,2011-11-24T14:34:36+00:00,33685504,128
2310,{app}\NPA5\SPECOD\prikaz_906n\277.htm,app/NPA5/SPECOD/prikaz_906n/277.htm,9189,533172121,2f9d92c887ae79324a02d764e13e84fea5289e49,dd34a0208b2009f01cadef8bb05c11b66aeb94dc29274a399a9dcc80361b927b,2011-11-24T14:34:38+00:00,33685504,128
2311,{app}\NPA5\SPECOD\prikaz_906n\278.htm,app/NPA5/SPECOD/prikaz_906n/278.htm,10135,533181310,9962155a9355e8f03f39b34cb85e636350a9ff89,dd92daeb5c1fce19d345ba8981bf1aa7c4fa97aa16b83c07f39b4ca8e610f9bf,2011-11-24T14:34:38+00:00,33685504,128
2312,{app}\NPA5\SPECOD\prikaz_906n\279.htm,app/NPA5/SPECOD/prikaz_906n/279.htm,10937,533191445,30440de396763c7ee10170dc73cba878ce84733c,2e71717a33bb67e9dec90fe8eb03567b271ff9f744da56cc4cb2a4d2ef4c8253,2011-11-24T14:34:38+00:00,33685504,128
2313,{app}\NPA5\SPECOD\prikaz_906n\280.htm,app/NPA5/SPECOD/prikaz_906n/280.htm,86045,533202382,aa44f4fa0f086b73b29513c7f1a0778bf5ac7372,b8edae1917a0ad57eb5865280d25b07321eb555f006417eb4181008b6d8d9892,2011-11-24T14:34:40+00:00,33685504,128
2314,{app}\NPA5\SPECOD\prikaz_906n\281.htm,app/NPA5/SPECOD/prikaz_906n/281.htm,35716,533288427,e5514e409ffd5b362a0560e48faae08d21f2cae7,9a1de013f4f561e83f0b85f3e86c6ecda5133d252d3a6520f8a3616be09f60d5,2011-11-24T14:34:40+00:00,33685504,128
2315,{app}\NPA5\SPECOD\prikaz_906n\282.htm,app/NPA5/SPECOD/prikaz_906n/282.htm,67433,533324143,de585254c6699e73dec2f9b8ef04f6cffed0b5d5,3d122c530120801b51efe2f3738b380a0fa96f6dfaf81c30b94c1c3f146ea299,2011-11-24T14:34:42+00:00,33685504,128
2316,{app}\NPA5\SPECOD\prikaz_906n\283.htm,app/NPA5/SPECOD/prikaz_906n/283.htm,79115,533391576,d7e2fef3966082a22941900fb91e8dd1c6c7cc02,cc71b116d249970b0dead0f99dec55b8d2edd8fe888b73e6951aaa0a1d8ae437,2011-11-24T14:34:44+00:00,33685504,128
2317,{app}\NPA5\SPECOD\prikaz_906n\284.htm,app/NPA5/SPECOD/prikaz_906n/284.htm,17696,533470691,d44214cde64e164db13f69097132430eb4b842a0,3d9b81c60cbec7aa2ab0c84329b8cc8ab1bc3a8001e73762c3c60d30f6dd178c,2011-11-24T14:34:44+00:00,33685504,128
2318,{app}\NPA5\SPECOD\prikaz_906n\285.htm,app/NPA5/SPECOD/prikaz_906n/285.htm,23987,533488387,ac61e85f5bb6b5566777028a7b09d4c1e43a4a58,a9fed4225b61acc9b52ac22dc3851637977b5894d7c928fffdf784399583d019,2011-11-24T14:34:46+00:00,33685504,128
2319,{app}\NPA5\SPECOD\prikaz_906n\286.htm,app/NPA5/SPECOD/prikaz_906n/286.htm,38421,533512374,ec6b76f89b245c2c61aa4d21863890382b1f3e11,6686da181ec628964e039189adb3389677637041a48921fe2ce29143840f06df,2011-11-24T14:34:46+00:00,33685504,128
2320,{app}\NPA5\SPECOD\prikaz_906n\287.htm,app/NPA5/SPECOD/prikaz_906n/287.htm,32272,533550795,b28dd5c644d65f011a0bd69b52fe83ceb75b36d2,5fb7e0eedb763e468662c545337e9d19da8f41202070621c2a7ad30dbf99e002,2011-11-24T14:34:46+00:00,33685504,128
2321,{app}\NPA5\SPECOD\prikaz_906n\288.htm,app/NPA5/SPECOD/prikaz_906n/288.htm,9503,533583067,c5a63b8d907c2a9c4fb965c38681c232fe690447,ba651a1430d3ad3e6d0a3b401676ef7bc56794c8e2334b3baa90643492d029ed,2011-11-24T14:34:48+00:00,33685504,128
2322,{app}\NPA5\SPECOD\prikaz_906n\289.htm,app/NPA5/SPECOD/prikaz_906n/289.htm,4796,533592570,6292bab59036fe4fcfc1198c4787b4bd43d63fac,5d750ca86f03c9bc65e9e2966973e2b8f6ab0d7b0e3d0bf89ab642d4ff765f79,2011-11-24T14:34:48+00:00,33685504,128
2323,{app}\NPA5\SPECOD\prikaz_906n\290.htm,app/NPA5/SPECOD/prikaz_906n/290.htm,27071,533597366,39f72ef3b62cbb6ed5a8aad0286bd45bf872c6f7,1bdcd62d7e577b36b9e7d5e3b3e148cec94328536589dceb9be3c2d3546db473,2011-11-24T14:34:50+00:00,33685504,128
2324,{app}\NPA5\SPECOD\prikaz_906n\291.htm,app/NPA5/SPECOD/prikaz_906n/291.htm,7631,533624437,ef56d54c53e22e83ab0b00d15b0bdd5e308dbe03,3d60b3f33cb41bbc8b7fc22bb180f0b799e1bbe3b020533120c27dfa4cf637eb,2011-11-24T14:34:50+00:00,33685504,128
2325,{app}\NPA5\SPECOD\prikaz_906n\292.htm,app/NPA5/SPECOD/prikaz_906n/292.htm,16282,533632068,ff5bbd4bac57bf8af49a046fc75a628a1fd63ad8,4e8a4254d8f13457d92c21f561fe843ccbe2895d4be9b365ba5f4c73b6870909,2011-11-24T14:34:50+00:00,33685504,128
2326,{app}\NPA5\SPECOD\prikaz_906n\293.htm,app/NPA5/SPECOD/prikaz_906n/293.htm,8110,533648350,58fc7d8dbdc29f1c693821e1ef64a2e6e464ea3d,800934b362ef026cb56b0b2d16b38be7908a0514e50660d6ef4d998e88cafe45,2011-11-24T14:34:52+00:00,33685504,128
2327,{app}\NPA5\SPECOD\prikaz_906n\294.htm,app/NPA5/SPECOD/prikaz_906n/294.htm,16728,533656460,c8b12b744da2b728f7e09d7a9d7f3b8bc782315f,86a74d4db8ec1eec9cb7ae1d927f2e6acd79300082c2d94820ececc6ff1bc8fe,2011-11-24T14:34:52+00:00,33685504,128
2328,{app}\NPA5\SPECOD\prikaz_906n\295.htm,app/NPA5/SPECOD/prikaz_906n/295.htm,25266,533673188,68417eb233bcbabb89b0658d06f0ffd49299e412,3cf0075ca1af7e3c9c9f7106b1d678650c05d55572f9a55cda19d1ed4036c368,2011-11-24T14:34:52+00:00,33685504,128
2329,{app}\NPA5\SPECOD\prikaz_906n\296.htm,app/NPA5/SPECOD/prikaz_906n/296.htm,30336,533698454,dec2fa34c3bda91293834db90f95ffd249ded316,5f7ccb0b4bb4d12e7302b4f11a5dec43766241fa6c1d6633ebf6793dc111eb98,2011-11-24T14:34:54+00:00,33685504,128
2330,{app}\NPA5\SPECOD\prikaz_906n\297.htm,app/NPA5/SPECOD/prikaz_906n/297.htm,39071,533728790,bd93fe7b1a052ed151735db8c2dcb66a3dfca2ee,a2fc5a1b09ca784cd6470dc2d3d5a67d723c79f3cb4b5afc76c76de776e42fe4,2011-11-24T14:34:54+00:00,33685504,128
2331,{app}\NPA5\SPECOD\prikaz_906n\298.htm,app/NPA5/SPECOD/prikaz_906n/298.htm,11691,533767861,695a9dafb01a158cf77368faa1c4c43630758c41,393a2bce2848a084057212dd94f18368e9f5ddfdf194fb910118ce4e48c6ed10,2011-11-24T14:34:56+00:00,33685504,128
2332,{app}\NPA5\SPECOD\prikaz_906n\299.htm,app/NPA5/SPECOD/prikaz_906n/299.htm,7387,533779552,74bafb649afe8941ccbac812cf1a6fd95ead9e90,561b922a2f806e7079bf8e0f513560756df2212d79c838a0bb031b7e68f9b230,2011-11-24T14:34:56+00:00,33685504,128
2333,{app}\NPA5\SPECOD\prikaz_906n\300.htm,app/NPA5/SPECOD/prikaz_906n/300.htm,23728,533786939,faa78c8766490c847421572e265f56cc97455588,f43e1595fa0e08020cc2c5371802564b021b5a7a78fb0ee2a90b30f5ea880e3a,2011-11-24T14:34:56+00:00,33685504,128
2334,{app}\NPA5\SPECOD\prikaz_906n\301.htm,app/NPA5/SPECOD/prikaz_906n/301.htm,17595,533810667,65c1377082f3a19ed5438b260d5fbb55ea2abf4a,98491905f17fb81fadd1d4d5297fffa04e4b135ef7b2ad0212defe32d17cf5c4,2011-11-24T14:34:58+00:00,33685504,128
2335,{app}\NPA5\SPECOD\prikaz_906n\302.htm,app/NPA5/SPECOD/prikaz_906n/302.htm,7636,533828262,7d988306db6aa5e546f15bd6463e4cbb8d23a8ce,4a1a3c3456ea8b31326f87784967124ff86579dbb023195daa14d3f2a87da3dc,2011-11-24T14:34:58+00:00,33685504,128
2336,{app}\NPA5\SPECOD\prikaz_906n\303.htm,app/NPA5/SPECOD/prikaz_906n/303.htm,7299,533835898,9612bd0ef87fd90529c6a1f07095b9ea33b2cd5d,7258cc0f67180167e2dec87745380eb18f577090fa184a17af37ef9645f19bdf,2011-11-24T14:34:58+00:00,33685504,128
2337,{app}\NPA5\SPECOD\prikaz_906n\304.htm,app/NPA5/SPECOD/prikaz_906n/304.htm,26209,533843197,87b0465a0f703346b7acdbae7e638cf8f5eca7fb,7a64d43e154cb0e34df635dbe879bb0001a7691563da4b861705031fd4d975ab,2011-11-24T14:35:00+00:00,33685504,128
2338,{app}\NPA5\SPECOD\prikaz_906n\305.htm,app/NPA5/SPECOD/prikaz_906n/305.htm,24895,533869406,8297d3f7275128488dc723481e8b598643bd450f,ef352af65a87a061923e81e46d992c395a02ca4e0ac32fd0db638dabe81904ce,2011-11-24T14:35:00+00:00,33685504,128
2339,{app}\NPA5\SPECOD\prikaz_906n\306.htm,app/NPA5/SPECOD/prikaz_906n/306.htm,8289,533894301,c162a6bbc150bd2a8366791e751625f7b83a1c6e,8d2608efe78d41c694a40e6e61739428ad7e29d8dd89cf50707cf66eb70a3a03,2011-11-24T14:35:00+00:00,33685504,128
2340,{app}\NPA5\SPECOD\prikaz_906n\307.htm,app/NPA5/SPECOD/prikaz_906n/307.htm,35159,533902590,47563a95272799935b395ec59093edc854363047,7bbdefb1879b4f6874ccdb36943c970cf892168d1ccb7c96775671402f3112d7,2011-11-24T14:35:02+00:00,33685504,128
2341,{app}\NPA5\SPECOD\prikaz_906n\308.htm,app/NPA5/SPECOD/prikaz_906n/308.htm,21379,533937749,048c49f4c5c1795fd4197fdd14d3092baf971814,b7f787856abbf2c76f832b5560f93e0069ffe9439599c037e80695bcaf9ca964,2011-11-24T14:35:02+00:00,33685504,128
2342,{app}\NPA5\SPECOD\prikaz_906n\309.htm,app/NPA5/SPECOD/prikaz_906n/309.htm,41089,533959128,db1266791df663072f8958e08e29c13d22605e1b,b826ca695f12613b375e4266a9e9ccfc01209ca3a6e9c6a65d488bd960a5fc8b,2011-11-24T14:35:04+00:00,33685504,128
2343,{app}\NPA5\SPECOD\prikaz_906n\310.htm,app/NPA5/SPECOD/prikaz_906n/310.htm,8751,534000217,0e560d861d88391874862618a18c100bf891e498,d4e69e293f6bde610c5498ae458885a41facf1be639c99d9b87c431f3ca5c671,2011-11-24T14:35:04+00:00,33685504,128
2344,{app}\NPA5\SPECOD\prikaz_906n\311.htm,app/NPA5/SPECOD/prikaz_906n/311.htm,4079,534008968,ba49cc0e10b7602d7cfe7c1fc6a26636856f310f,2f261df4bce7cdd61c34fb0d85f1556f50332143ea248a731a0bfff42409e9aa,2011-11-24T14:35:04+00:00,33685504,128
2345,{app}\NPA5\SPECOD\prikaz_906n\312.htm,app/NPA5/SPECOD/prikaz_906n/312.htm,23873,534013047,9fa51d257aea1fd694ae2b0218a3a263b6ece856,7937403673424f15aa3e1cc3d4ad1a62bef09271521525aeed1b928d2f624dbe,2011-11-24T14:35:06+00:00,33685504,128
2346,{app}\NPA5\SPECOD\prikaz_906n\313.htm,app/NPA5/SPECOD/prikaz_906n/313.htm,4084,534036920,1cbae54fc152c384792fdfc94bd1f19ff1c34a3f,44e795e0a367362bcb5064b134bf9d7781336ffd1e92859ff1fc13563c0665c2,2011-11-24T14:35:06+00:00,33685504,128
2347,{app}\NPA5\SPECOD\prikaz_906n\314.htm,app/NPA5/SPECOD/prikaz_906n/314.htm,31755,534041004,385b272967a3c61a7a21afcb28091cc489890b56,e5d093e0492441b4f5caf90f1b45179cedd1e2f9e2c7872cf06c69ebf70222d9,2011-11-24T14:35:06+00:00,33685504,128
2348,{app}\NPA5\SPECOD\prikaz_906n\315.htm,app/NPA5/SPECOD/prikaz_906n/315.htm,7571,534072759,89cc4045d356a90780442641c533f23a6e8653b4,7ceb7ea6abdbf9eb31079e2a1fbbfd50bf47420cba767edc0cea636d9c425f27,2011-11-24T14:35:08+00:00,33685504,128
2349,{app}\NPA5\SPECOD\prikaz_906n\316.htm,app/NPA5/SPECOD/prikaz_906n/316.htm,8200,534080330,fa712badcdf0781b41462a21ae2910c9d482b45d,7150e9c7fb2ba74533b35449c19efcbf89a3227a835717064b4a6952fd4a364d,2011-11-24T14:35:08+00:00,33685504,128
2350,{app}\NPA5\SPECOD\prikaz_906n\317.htm,app/NPA5/SPECOD/prikaz_906n/317.htm,35550,534088530,0ccc74e79577833de093c1bb6326d8612a0a8460,aee3b9952b30e73fecc665f18e81bf0ee6b703c7b4fb9e5a5a58473776467ad2,2011-11-24T14:35:10+00:00,33685504,128
2351,{app}\NPA5\SPECOD\prikaz_906n\318.htm,app/NPA5/SPECOD/prikaz_906n/318.htm,16242,534124080,2cf60fcbf9f2efae08826c595738f9f8a1e73ef9,6546b51e7690d7033ae6e24a4ece5b88d82f707562433737c7491e28439800fb,2011-11-24T14:35:10+00:00,33685504,128
2352,{app}\NPA5\SPECOD\prikaz_906n\319.htm,app/NPA5/SPECOD/prikaz_906n/319.htm,15859,534140322,329e30928f38a1a1dc1cc246bc91c2cf3412e9a1,a790d3cc78f687cd1d00bf05a80f870333e96a03545478df4ed14255e6d22860,2011-11-24T14:35:12+00:00,33685504,128
2353,{app}\NPA5\SPECOD\prikaz_906n\320.htm,app/NPA5/SPECOD/prikaz_906n/320.htm,31765,534156181,6bcb227c74c594d3509de73f1e38539f24b9a42c,bac9b496a095e4fe483c7bf794107895e035a7193762d01ccc7c4fc203159207,2011-11-24T14:35:12+00:00,33685504,128
2354,{app}\NPA5\SPECOD\prikaz_906n\321.htm,app/NPA5/SPECOD/prikaz_906n/321.htm,5660,534187946,3bb6117bb03e6069c5e24d262fbac9834a749b17,7ae08218cef5c53fbd428aed6467077665271c559fa7c46d5d3e7bd9e849b642,2011-11-24T14:35:12+00:00,33685504,128
2355,{app}\NPA5\SPECOD\prikaz_906n\322.htm,app/NPA5/SPECOD/prikaz_906n/322.htm,11697,534193606,c76ca1daa81bfa67dba3d1ec321dddd4066965a9,5db2da2396ef4fe24fe36f7a0232a7c6c0b14ea9342870a920a030d8bb79b803,2011-11-24T14:35:14+00:00,33685504,128
2356,{app}\NPA5\SPECOD\prikaz_906n\323.htm,app/NPA5/SPECOD/prikaz_906n/323.htm,44241,534205303,261199a197ac78852d9cd5c68d1dd22ec8d81f9d,e4d92625e87b19b48f743c2c02c3901b02f35607c053c9115aadfcdcf1b8859d,2011-11-24T14:35:14+00:00,33685504,128
2357,{app}\NPA5\SPECOD\prikaz_906n\324.htm,app/NPA5/SPECOD/prikaz_906n/324.htm,9838,534249544,9d68ddb6530cf6751411789263e1d7a620ff50f3,2c36af6c052dc6228dbe6a7b7b1724ae1377e8d7c44b10d3451708fc19a170b2,2011-11-24T14:35:16+00:00,33685504,128
2358,{app}\NPA5\SPECOD\prikaz_906n\325.htm,app/NPA5/SPECOD/prikaz_906n/325.htm,6781,534259382,f0bc38909fbc6a26eca4fd28f653358c243b9b5a,edb95e92d2d8bae222ef1512bfa1d96c320566adfe9155f2aa3981f29926029e,2011-11-24T14:35:16+00:00,33685504,128
2359,{app}\NPA5\SPECOD\prikaz_906n\326.htm,app/NPA5/SPECOD/prikaz_906n/326.htm,6606,534266163,6e976b94ef6beda2f67b111514781f6838722823,e7dee02b609815a2a08077de723459b093edfac5061be63164891469f285ded5,2011-11-24T14:35:16+00:00,33685504,128
2360,{app}\NPA5\SPECOD\prikaz_906n\327.htm,app/NPA5/SPECOD/prikaz_906n/327.htm,10872,534272769,c7825ffdfec0fbbc3a79cb5a8a3aa298b449c87f,5ae4daca4ece331d122d70749b27a3c7af5575b074a98fb6878afaf80ff2a1c2,2011-11-24T14:35:16+00:00,33685504,128
2361,{app}\NPA5\SPECOD\prikaz_906n\328.htm,app/NPA5/SPECOD/prikaz_906n/328.htm,26621,534283641,4d61bea47aff601ba251cce605a1ff5122d240ef,13ac822a263bf836837f37fae9af3e3d7a6249417327f65253b40cfdfe4f8018,2011-11-24T14:35:18+00:00,33685504,128
2362,{app}\NPA5\SPECOD\prikaz_906n\329.htm,app/NPA5/SPECOD/prikaz_906n/329.htm,7132,534310262,613e51ba3ec371c2a23afb5a0f44f95c13310e94,84c2411e1c3027a45e7067b2e65ef4403ffe3e5c53d48c4b363778c1ac6f71b6,2011-11-24T14:35:18+00:00,33685504,128
2363,{app}\NPA5\SPECOD\prikaz_906n\330.htm,app/NPA5/SPECOD/prikaz_906n/330.htm,11058,534317394,9f17c98ca0034089d94c8e22fa6bc687e28322ae,446a3dcd31db80f22950525b82b3bb19b44082b564e5a6198a14cfa09130e6bc,2011-11-24T14:35:20+00:00,33685504,128
2364,{app}\NPA5\SPECOD\prikaz_906n\331.htm,app/NPA5/SPECOD/prikaz_906n/331.htm,7884,534328452,1ba701d6913fa36a3a5c08f661cccecbc8ceb87e,0ca5937c62a563f5b4a40fbde539d9adbd56b5643a88e1fb564fc50188aed1c9,2011-11-24T14:35:20+00:00,33685504,128
2365,{app}\NPA5\SPECOD\prikaz_906n\332.htm,app/NPA5/SPECOD/prikaz_906n/332.htm,24153,534336336,e65bff7964441fc36990835c8870c2cdd4469dd4,f1468295b3f76d74922de149ebeecf2d74d767208a55c2c31102e814f463f863,2011-11-24T14:35:20+00:00,33685504,128
2366,{app}\NPA5\SPECOD\prikaz_906n\333.htm,app/NPA5/SPECOD/prikaz_906n/333.htm,19313,534360489,c35c4004b2c1e53133eb8870668f12a64faf24e6,a2785193ede9771c178470ba9cbfcc200d7fc9a31d220d228e00193fe28ca139,2011-11-24T14:35:22+00:00,33685504,128
2367,{app}\NPA5\SPECOD\prikaz_906n\334.htm,app/NPA5/SPECOD/prikaz_906n/334.htm,24575,534379802,93ed09fdc0a5f0931deb37022d7242840e4796e0,77070718c88be047d9aa064b37ce05b450a2c4ab1483969f2054b0daf52c0922,2011-11-24T14:35:22+00:00,33685504,128
2368,{app}\NPA5\SPECOD\prikaz_906n\335.htm,app/NPA5/SPECOD/prikaz_906n/335.htm,16621,534404377,2d4b56b25d1d2cbde86e342a2009b325b252363c,29422bb3ed24663560630270d1cf12fa82ed64bd50f8952939e34c4908e981c3,2011-11-24T14:35:24+00:00,33685504,128
2369,{app}\NPA5\SPECOD\prikaz_906n\336.htm,app/NPA5/SPECOD/prikaz_906n/336.htm,103714,534420998,26001f6118af94bbbc3975d3b0954678ef884f42,0a899937825ad89262f13684558b337c6097db3394c33390eb6cce7804d0cdec,2011-11-24T14:35:24+00:00,33685504,128
2370,{app}\NPA5\SPECOD\prikaz_906n\337.htm,app/NPA5/SPECOD/prikaz_906n/337.htm,24326,534524712,e44fe017450ccecfe9380bcd0a80f934b0be4de9,8f01a6c1105f74f9ac593afac5b20df8b81a892eb36b3772cd42f71ec2b4624b,2011-11-24T14:35:26+00:00,33685504,128
2371,{app}\NPA5\SPECOD\prikaz_906n\338.htm,app/NPA5/SPECOD/prikaz_906n/338.htm,4420,534549038,b33f288f12173a1e5da63239b71da2abe93e73f2,5a8137278547ab798e6c79e352620f4816370841f1ff11622e675edcbb1d0943,2011-11-24T14:35:26+00:00,33685504,128
2372,{app}\NPA5\SPECOD\prikaz_906n\339.htm,app/NPA5/SPECOD/prikaz_906n/339.htm,11649,534553458,3bd5cbf07cf1157c67178210b013073b74ec23a9,b9091441ed2d401e78dec34227f712773a4262f6f7f27d4bd6c61dbf0ba28234,2011-11-24T14:35:26+00:00,33685504,128
2373,{app}\NPA5\SPECOD\prikaz_906n\340.htm,app/NPA5/SPECOD/prikaz_906n/340.htm,7301,534565107,53cb0fa490f14935e1a512665d4d7b309d721bf9,3c67dc2d86bec7a5765e16ce2466fc9a963e09e7ae42538633293a69f6b75634,2011-11-24T14:35:28+00:00,33685504,128
2374,{app}\NPA5\SPECOD\prikaz_906n\341.htm,app/NPA5/SPECOD/prikaz_906n/341.htm,23059,534572408,3a057ffe7ac0bb28797d9c0d53e6bf84b8e28f9d,0ddf4e11b1d68f059a7f6c72b1eb3610f2fe3e5ea50d1bbe5d9fe97937d8cf69,2011-11-24T14:35:28+00:00,33685504,128
2375,{app}\NPA5\SPECOD\prikaz_906n\342.htm,app/NPA5/SPECOD/prikaz_906n/342.htm,25166,534595467,fb0545c733db16745e9d3e4e73e1d714409f4257,4060291b9cdcd88f4973e824298865095682aa9dd7da10c917f2974cb25e0dab,2011-11-24T14:35:30+00:00,33685504,128
2376,{app}\NPA5\SPECOD\prikaz_906n\343.htm,app/NPA5/SPECOD/prikaz_906n/343.htm,13229,534620633,7bb3af36ef5a707c155cd0625729f61d211395a8,5a0040ca7b3be9188a14fe4aef413865056861e73376e17e90d6c3a2e58b6dac,2011-11-24T14:35:30+00:00,33685504,128
2377,{app}\NPA5\SPECOD\prikaz_906n\344.htm,app/NPA5/SPECOD/prikaz_906n/344.htm,9267,534633862,012926bd46cfc570af121c3834a0ea0d55cb017f,1a63d62c97eff0be538b28dc926ea3661983556e2981d119c75b9942d278bbbb,2011-11-24T14:35:32+00:00,33685504,128
2378,{app}\NPA5\SPECOD\prikaz_906n\345.htm,app/NPA5/SPECOD/prikaz_906n/345.htm,28175,534643129,8addb2474a5dd787b0660c5b2972e81e235cfdfe,2d73e7ef5b1b33bd7d21f54d4b9a15373c3fae65e1cc5e9aefc447598fd995e9,2011-11-24T14:35:32+00:00,33685504,128
2379,{app}\NPA5\SPECOD\prikaz_906n\346.htm,app/NPA5/SPECOD/prikaz_906n/346.htm,21897,534671304,43e0460bd8bbdd5c88aab6685236c962abcc6a6d,3c6b910588adc3543455e8f487d1766862673a9b776d418b9ab26d3f0ca36bcc,2011-11-24T14:35:32+00:00,33685504,128
2380,{app}\NPA5\SPECOD\prikaz_906n\347.htm,app/NPA5/SPECOD/prikaz_906n/347.htm,139758,534693201,4bd6d276156f362ee457f46126a81d887b4f1401,5b0a87c5fb3fbab0641eacb341a79a6e7b95b5a7a1f1fd72d3b8d1b7c77a1a61,2011-11-24T14:35:34+00:00,33685504,128
2381,{app}\NPA5\SPECOD\prikaz_906n\348.htm,app/NPA5/SPECOD/prikaz_906n/348.htm,4824,534832959,3b70a6f339dacd46e053af9ecf7421e172b558d0,c297fa0a22188562618ea5c95c45753eaa2966d4b6db39c29c5f0c7e6f16522a,2011-11-24T14:35:36+00:00,33685504,128
2382,{app}\NPA5\SPECOD\prikaz_906n\349.htm,app/NPA5/SPECOD/prikaz_906n/349.htm,22035,534837783,771e5b14f6815d9d02d42f5bebf6766b3148043b,12fc4ec38ad5d7a2a7881ac7045eea1e83971ea7fe39aa2a0c323f5d11871ae4,2011-11-24T14:35:36+00:00,33685504,128
2383,{app}\NPA5\SPECOD\prikaz_906n\350.htm,app/NPA5/SPECOD/prikaz_906n/350.htm,8715,534859818,e8a7ceb4cf6bfb6c6d771b8ede4f0f85f44ac9f4,c9eee63ff41a40cdb088d930ad050e7e4a357ded4b9607b528c382476db5dbcc,2011-11-24T14:35:38+00:00,33685504,128
2384,{app}\NPA5\SPECOD\prikaz_906n\351.htm,app/NPA5/SPECOD/prikaz_906n/351.htm,28233,534868533,50cd3ee2f119da6267e3ca181771a38e261d5120,aa816b3587b86c97d5ac78c2cc5dab91d7ca471f0891b07eca1976a6327f0266,2011-11-24T14:35:38+00:00,33685504,128
2385,{app}\NPA5\SPECOD\prikaz_906n\352.htm,app/NPA5/SPECOD/prikaz_906n/352.htm,48590,534896766,c22a6befc16350f7df68ab004b913d1d18f1e161,f29983b6ac940ebffd59c36f058b35e2a5ee698e9ab5d4cead64d4b114499e2d,2011-11-24T14:35:40+00:00,33685504,128
2386,{app}\NPA5\SPECOD\prikaz_906n\353.htm,app/NPA5/SPECOD/prikaz_906n/353.htm,19748,534945356,c8adcfaa5b864d0fe1718d39ba6fa212813afc71,9a4840ee6a51176a015f1fc3f71f6434d1c30302afe0c35f159fd455dc7b9703,2011-11-24T14:35:40+00:00,33685504,128
2387,{app}\NPA5\SPECOD\prikaz_906n\354.htm,app/NPA5/SPECOD/prikaz_906n/354.htm,7059,534965104,359b67d82bac9e610baf038ec9641799503559c5,54485196ce809d9d75f8b094fa7e0fe9a2fb2b047c23fe19cc7375e2d2033392,2011-11-24T14:35:40+00:00,33685504,128
2388,{app}\NPA5\SPECOD\prikaz_906n\355.htm,app/NPA5/SPECOD/prikaz_906n/355.htm,18150,534972163,5d0ce56771f52c4de1fe22c8e56bcc30ee024dd7,4e03c92e04b0c338fa65c9ac9c1710aa172e3ea040c0c797fc8c6eae519d2a0a,2011-11-24T14:35:42+00:00,33685504,128
2389,{app}\NPA5\SPECOD\prikaz_906n\356.htm,app/NPA5/SPECOD/prikaz_906n/356.htm,19172,534990313,b8669a103ed27be9e85daa300c9685dce2e781c8,1dd92b16c0aab9a3078fb8f65a4f5285e20254a77bbae45c52e540b18dda6e80,2011-11-24T14:35:42+00:00,33685504,128
2390,{app}\NPA5\SPECOD\prikaz_906n\357.htm,app/NPA5/SPECOD/prikaz_906n/357.htm,35171,535009485,edab19c414aa438352805675d2a83d0505915ad9,02d9b06c46d8e03fc0484f381b21391da567da5f5716c9a399a36c0812826fe9,2011-11-24T14:35:42+00:00,33685504,128
2391,{app}\NPA5\SPECOD\prikaz_906n\358.htm,app/NPA5/SPECOD/prikaz_906n/358.htm,9482,535044656,08625d9937ca92df42dc85e191ade30169e2178c,1d98564b13f7ecd1914cd777393635464c65a2caa4178167b6f1fd599994c8c5,2011-11-24T14:35:44+00:00,33685504,128
2392,{app}\NPA5\SPECOD\prikaz_906n\359.htm,app/NPA5/SPECOD/prikaz_906n/359.htm,9353,535054138,29d8b91da3eab144f5f5b0a4110ea985d9b5a42d,3ed296b8b7663317b7fcf8bef56eb82bb256d1ecf5e97b7f3ef8492e29abb61e,2011-11-24T14:35:44+00:00,33685504,128
2393,{app}\NPA5\SPECOD\prikaz_906n\360.htm,app/NPA5/SPECOD/prikaz_906n/360.htm,53645,535063491,d52370979b84365fe89eece4c34bd1f0ec157a75,afee2b726565a24a636a2be4dee09fbd920030419183c21e38f6997029d1b953,2011-11-24T14:35:46+00:00,33685504,128
2394,{app}\NPA5\SPECOD\prikaz_906n\361.htm,app/NPA5/SPECOD/prikaz_906n/361.htm,16548,535117136,0ade86a63998f01d381a8adf4496a2afd237ceb4,a389e6a225858209ac7f2e914784b212585d99ae98ce130720d48de33726ffcb,2011-11-24T14:35:46+00:00,33685504,128
2395,{app}\NPA5\SPECOD\prikaz_906n\362.htm,app/NPA5/SPECOD/prikaz_906n/362.htm,12024,535133684,9e4658784b517dcd62b9ce66e5e691b69eefe902,b37b8412e39b5d132217641e6d63353784f87cf6fcda166c36041cae6f8f3a63,2011-11-24T14:35:46+00:00,33685504,128
2396,{app}\NPA5\SPECOD\prikaz_906n\363.htm,app/NPA5/SPECOD/prikaz_906n/363.htm,15000,535145708,4754bbc7238cece9cadb4afa3b0d7515da3a76b8,951b2a941aee4b42207ea1711c49be6c71507a4cc4ddaf70b664a63713e29596,2011-11-24T14:35:48+00:00,33685504,128
2397,{app}\NPA5\SPECOD\prikaz_906n\364.htm,app/NPA5/SPECOD/prikaz_906n/364.htm,31191,535160708,8e649b90e8941bba9605bdec907da418ad0cf481,2fd0b976231d35cb7af3288fc157de32a57317c1960e55fa77ee705662e8a5bf,2011-11-24T14:35:48+00:00,33685504,128
2398,{app}\NPA5\SPECOD\prikaz_906n\365.htm,app/NPA5/SPECOD/prikaz_906n/365.htm,7679,535191899,8d4a9924352cbdc6a16be6b164bb2a41096884f5,60937d24c0d749d510690f8e81d23793f198597f18f29cb5004ad0305b2a23ba,2011-11-24T14:35:50+00:00,33685504,128
2399,{app}\NPA5\SPECOD\prikaz_906n\366.htm,app/NPA5/SPECOD/prikaz_906n/366.htm,9111,535199578,a3b3f59c4c714a3bb5f0de85f8b1f24c4d3b546f,6be00f3b60628435429aceeca0ed227a6c170eeb84800f9ee19b492845ecae74,2011-11-24T14:35:50+00:00,33685504,128
2400,{app}\NPA5\SPECOD\prikaz_906n\367.htm,app/NPA5/SPECOD/prikaz_906n/367.htm,45401,535208689,3874f03c417327eee13396067c8a0e3e35b41539,c47f1d984d540cda1cd1a5ffb1f0539d86e23356ae211caedb8a55714267c491,2011-11-24T14:35:50+00:00,33685504,128
2401,{app}\NPA5\SPECOD\prikaz_906n\368.htm,app/NPA5/SPECOD/prikaz_906n/368.htm,24761,535254090,3cbbe7b089eb18b48d2cd6e15367ac174479b3a0,fb6f0eb57761203ec4545772a66f4e7cb13a4eea1b0d46b2609986f15c50186d,2011-11-24T14:35:52+00:00,33685504,128
2402,{app}\NPA5\SPECOD\prikaz_906n\369.htm,app/NPA5/SPECOD/prikaz_906n/369.htm,21261,535278851,eede668f3fcba5d6e679e1d840098b788300e13c,7d64772a32410dc3cc3b69c3271272842507714acbed5c87a6a6e7837b33fff8,2011-11-24T14:35:52+00:00,33685504,128
2403,{app}\NPA5\SPECOD\prikaz_906n\370.htm,app/NPA5/SPECOD/prikaz_906n/370.htm,14837,535300112,8c225260b8f0025c0a69d9b828baffd10c4765b6,06eb218356d920de1963c0198c7ed43be972b3de58febe94a5ace5bd95526df0,2011-11-24T14:35:54+00:00,33685504,128
2404,{app}\NPA5\SPECOD\prikaz_906n\371.htm,app/NPA5/SPECOD/prikaz_906n/371.htm,54545,535314949,551b9af58250337ece6b1bbb50996e3bda5c6329,92251df7e194c98fed4aacfb3585eb7dd83a7a11403fc89981f66d26dd40f0a8,2011-11-24T14:35:54+00:00,33685504,128
2405,{app}\NPA5\SPECOD\prikaz_906n\372.htm,app/NPA5/SPECOD/prikaz_906n/372.htm,17977,535369494,ee1d9aad8602b562c226ccdd20faf0dec1b97fff,5aa628235d8017ef8d79dc0e893bf30a3ad6c5dc545960631685a2e281201221,2011-11-24T14:35:54+00:00,33685504,128
2406,{app}\NPA5\SPECOD\prikaz_906n\373.htm,app/NPA5/SPECOD/prikaz_906n/373.htm,51921,535387471,fa03dafffa5f121b1357c9ff8093559f704721a3,0fb7dafda723c7903c3a959748a0bc95b7c9a4c19272a3f2bab532bcd02a4891,2011-11-24T14:35:56+00:00,33685504,128
2407,{app}\NPA5\SPECOD\prikaz_906n\374.htm,app/NPA5/SPECOD/prikaz_906n/374.htm,72742,535439392,f27e3b7c3f696b7d7e7b864fd506401984e15288,21822a78746298a13909b29119c7b0cbc591cb087104191947fa58f6cb5b8d54,2011-11-24T14:35:58+00:00,33685504,128
2408,{app}\NPA5\SPECOD\prikaz_906n\375.htm,app/NPA5/SPECOD/prikaz_906n/375.htm,55789,535512134,55e1e760716b7ed96d942bbbf500c915e535bfc0,7e1ab831a7d5c66abca21826feed32d01a9ae723c678bf4b0f9bb3f51e5ddc51,2011-11-24T14:35:58+00:00,33685504,128
2409,{app}\NPA5\SPECOD\prikaz_906n\376.htm,app/NPA5/SPECOD/prikaz_906n/376.htm,9853,535567923,991da2362bcf5cefd8b454085edd24fa737b0a2d,dd5f812db130123c009c5355ca3e93b8fca326fb5e9aa71a58d3ca6814be2d77,2011-11-24T14:36:00+00:00,33685504,128
2410,{app}\NPA5\SPECOD\prikaz_906n\377.htm,app/NPA5/SPECOD/prikaz_906n/377.htm,26719,535577776,c92b8ba9c49b400cab568ddf28caf5f482a03e1d,ce7bf428b29c9f74ccd070de6e589ef13e44235814b34f24616695e4946fb7e5,2011-11-24T14:36:00+00:00,33685504,128
2411,{app}\NPA5\SPECOD\prikaz_906n\378.htm,app/NPA5/SPECOD/prikaz_906n/378.htm,50231,535604495,c254f8b03a6a69d319e081f229a5831a73130d4f,9e471c2b3bebdcc445650e899b8ae2b702307407d8b76c2aa724eb59b73477d3,2011-11-24T14:36:02+00:00,33685504,128
2412,{app}\NPA5\SPECOD\prikaz_906n\379.htm,app/NPA5/SPECOD/prikaz_906n/379.htm,9993,535654726,e665dfbea5b9123de457d662bb6ccfee3751b7f1,4f5ee9835458533c1efce7cc3d7081688faa5148877d2dd3204c1d44b5266040,2011-11-24T14:36:02+00:00,33685504,128
2413,{app}\NPA5\SPECOD\prikaz_906n\380.htm,app/NPA5/SPECOD/prikaz_906n/380.htm,40084,535664719,63e90e4b00aa58c6126dd98131c527710fb9b339,029580df562dea70fdee95caf3773fc9b8dad3f6180b19b3b4fc450d5df70731,2011-11-24T14:36:02+00:00,33685504,128
2414,{app}\NPA5\SPECOD\prikaz_906n\381.htm,app/NPA5/SPECOD/prikaz_906n/381.htm,10786,535704803,fde19b036abf7f57a2f30f3aa5acc9adfd06074b,237ad91dd6ff3f94605b59a86b5fa284dd1d6542f3eb828cb395587e33182083,2011-11-24T14:36:04+00:00,33685504,128
2415,{app}\NPA5\SPECOD\prikaz_906n\382.htm,app/NPA5/SPECOD/prikaz_906n/382.htm,9841,535715589,ed9cc1047b01600661c964166c3aa92f9b80ae1e,ce59360d9d5e8cbb7d113c7b7896163f5742ec01993172cbac162055f529811b,2011-11-24T14:36:04+00:00,33685504,128
2416,{app}\NPA5\SPECOD\prikaz_906n\383.htm,app/NPA5/SPECOD/prikaz_906n/383.htm,55796,535725430,fb4f1c96ab80257654839b1ddd0c88f806ffad44,bea54c2662ca8a48975e4659d1c0020d99fe96d6ea56526db39e7961072df450,2011-11-24T14:36:06+00:00,33685504,128
2417,{app}\NPA5\SPECOD\prikaz_906n\384.htm,app/NPA5/SPECOD/prikaz_906n/384.htm,32613,535781226,055925228b772d7ef2ff5339086e9233488349d1,b25ef3d7280e785b7140efb80cea03dc6b8911f6f7503d556519dba2faefd4a6,2011-11-24T14:36:06+00:00,33685504,128
2418,{app}\NPA5\SPECOD\prikaz_906n\385.htm,app/NPA5/SPECOD/prikaz_906n/385.htm,77422,535813839,c484cef771510bf8be6326ab6445385ec056257d,9e21881620540effac56c2fe5b7c5c7634bf0a056b668cad022d8bff8bcf69d7,2011-11-24T14:36:08+00:00,33685504,128
2419,{app}\NPA5\SPECOD\prikaz_906n\386.htm,app/NPA5/SPECOD/prikaz_906n/386.htm,69737,535891261,eea2d33cbced84cf79216bd17b571f906bbe0067,0fe978ef4f32627a250264bf247c40b6099c407d5c6a07975587df1f79b2588b,2011-11-24T14:36:08+00:00,33685504,128
2420,{app}\NPA5\SPECOD\prikaz_906n\387.htm,app/NPA5/SPECOD/prikaz_906n/387.htm,46760,535960998,6fd128f2c362587f940a094fbb98b1424df1fe34,c0d9b14ce763916a5eacc6b4269d11b684c3a3b737c93c4c3f57113a08d893cd,2011-11-24T14:36:08+00:00,33685504,128
2421,{app}\NPA5\SPECOD\prikaz_906n\388.htm,app/NPA5/SPECOD/prikaz_906n/388.htm,39260,536007758,7e7b239daa5c257a46bc29b5a3e011880c4ce0d3,1c5efd3822b8573ffd6525667cdc5032bfa0f52d6d0175505b018b7ee0f7831f,2011-11-24T14:36:10+00:00,33685504,128
2422,{app}\NPA5\SPECOD\prikaz_906n\389.htm,app/NPA5/SPECOD/prikaz_906n/389.htm,10317,536047018,5301dd930151c1692ab089d539729aed6b1cd947,ccb458569db65a15a11234b7391223ecd942a394426e2173b78e02974896fa5f,2011-11-24T14:36:10+00:00,33685504,128
2423,{app}\NPA5\SPECOD\prikaz_906n\390.htm,app/NPA5/SPECOD/prikaz_906n/390.htm,60112,536057335,066e9df69cb3714356b53288356d9ff66e1ae299,84587a4bf19da3e1c1f8fcbdf6616b4fd51d7532eff90801406807fdea0277dd,2011-11-24T14:36:12+00:00,33685504,128
2424,{app}\NPA5\SPECOD\prikaz_906n\391.htm,app/NPA5/SPECOD/prikaz_906n/391.htm,32381,536117447,014b379ab928a9b53c1323acfd26a3c36085d690,1bb9034a930c90b85012befa3f14f5d2e995bd0e71ba03d347c0c6fbef35c464,2011-11-24T14:36:12+00:00,33685504,128
2425,{app}\NPA5\SPECOD\prikaz_906n\392.htm,app/NPA5/SPECOD/prikaz_906n/392.htm,109678,536149828,a3e6e7eacdfd8ffd6e6d320e1116a63668228db0,d8a9b22063ba97e4975be0ec9649e6de63e7b4f74fbf1f9bdae227cc14a10755,2011-11-24T14:36:14+00:00,33685504,128
2426,{app}\NPA5\SPECOD\prikaz_906n\393.htm,app/NPA5/SPECOD/prikaz_906n/393.htm,9671,536259506,7cb9a2d0038ede50d68723764905569de112b061,6b3091809d0e1d862f7027a7eb3bea910c646a48fb1adafb80caaf328d0abeb1,2011-11-24T14:36:14+00:00,33685504,128
2427,{app}\NPA5\SPECOD\prikaz_906n\394.htm,app/NPA5/SPECOD/prikaz_906n/394.htm,91252,536269177,9f271a7a9bb3578b70f0e5cfc3c084a8d57732e9,5ae64d186dd7d95b788afc02f7b9e3f173c19c8d731724a80f9769a18e5ca99f,2011-11-24T14:36:16+00:00,33685504,128
2428,{app}\NPA5\SPECOD\prikaz_906n\395.htm,app/NPA5/SPECOD/prikaz_906n/395.htm,9695,536360429,0cef1a20228d82ff5a05b186c003f18539a90506,8037350f90a9bfcdfb99053ae1d795859e7dde8d758215c5a1e5fa347d224208,2011-11-24T14:36:16+00:00,33685504,128
2429,{app}\NPA5\SPECOD\prikaz_906n\396.htm,app/NPA5/SPECOD/prikaz_906n/396.htm,54964,536370124,cf1a657d000d8a2070959b10a9e89ec401b7a810,7dd668b5c6ed710b8c45076bb218aa26cf46faa7fe40c101a44a6a2646d641b7,2011-11-24T14:36:18+00:00,33685504,128
2430,{app}\NPA5\SPECOD\prikaz_906n\397.htm,app/NPA5/SPECOD/prikaz_906n/397.htm,62179,536425088,75705076cb279f8786b6094e8f3efb87508da0a6,3bde07cc7f9ab42868df7e37bd9d551183bd22570be69e758f9545525c77ac99,2011-11-24T14:36:18+00:00,33685504,128
2431,{app}\NPA5\SPECOD\prikaz_906n\398.htm,app/NPA5/SPECOD/prikaz_906n/398.htm,10171,536487267,0c72c5b255f7d991c55aaebea49b15372d53da98,cb7e449321a067c910eb181e912050a708f80eeef63cc8aae4a99a0e02585b61,2011-11-24T14:36:18+00:00,33685504,128
2432,{app}\NPA5\SPECOD\prikaz_906n\399.htm,app/NPA5/SPECOD/prikaz_906n/399.htm,25307,536497438,66e13656cfcab2a8496f5ca31328e9dc8d78146b,b4dbbdf8352199cad1ea4afa644523149c3ecb0d9e241e40e2ed3f5e90341766,2011-11-24T14:36:20+00:00,33685504,128
2433,{app}\NPA5\SPECOD\prikaz_906n\400.htm,app/NPA5/SPECOD/prikaz_906n/400.htm,16826,536522745,06c5d3994b1407c245cc3aa3cbb64faa58d94232,72f8c143c7dc734e4897e57402c26e5b77da3664d274427f9db253e1f2221f66,2011-11-24T14:36:20+00:00,33685504,128
2434,{app}\NPA5\SPECOD\prikaz_906n\401.htm,app/NPA5/SPECOD/prikaz_906n/401.htm,129610,536539571,479e98168ac28deb3a50d9ae89341dc06b2d0858,596ebd26a12b594607a77e34dc0b04d361000d9033d7d86b6695804e69125494,2011-11-24T14:36:22+00:00,33685504,128
2435,{app}\NPA5\SPECOD\prikaz_906n\402.htm,app/NPA5/SPECOD/prikaz_906n/402.htm,9979,536669181,5b1d5de191a8ab94d2fb64cc5df2bdbac354b1bd,52c08cd7f7b6b8307385b40644e29262150ebd7e1170efa7d21608b44b6e931d,2011-11-24T14:36:22+00:00,33685504,128
2436,{app}\NPA5\SPECOD\prikaz_906n\403.htm,app/NPA5/SPECOD/prikaz_906n/403.htm,55996,536679160,6f3c352a01ee67775efce8c39f7827e40ae87c51,59e8eac8276b1efd9a021aa2d377487f544b9b2b3e432fc8be7b80e167e2a8da,2011-11-24T14:36:24+00:00,33685504,128
2437,{app}\NPA5\SPECOD\prikaz_906n\404.htm,app/NPA5/SPECOD/prikaz_906n/404.htm,9831,536735156,5fa77c95f83a8d39d53b0a285072ef95c7ed4d7e,c28c88a2b4a625253683982ef959d20989affccec6f2bcd6628380ec681bff19,2011-11-24T14:36:24+00:00,33685504,128
2438,{app}\NPA5\SPECOD\prikaz_906n\405.htm,app/NPA5/SPECOD/prikaz_906n/405.htm,48168,536744987,737eeb959b892d8627ae6f370f9dadd40e16e17a,8e1bf0a1bba76eb206400951b9acf7538d5e5d48c91713dbea0586a583d6d59d,2011-11-24T14:36:26+00:00,33685504,128
2439,{app}\NPA5\SPECOD\prikaz_906n\406.htm,app/NPA5/SPECOD/prikaz_906n/406.htm,113018,536793155,d91ecdff4b74bfeb9e8a41f6f6eb157c30f0e29e,a2666467964c13cc30b88973081f6a29ea35c7ec5f31b411fe4679b6abe65659,2011-11-24T14:36:26+00:00,33685504,128
2440,{app}\NPA5\SPECOD\prikaz_906n\407.htm,app/NPA5/SPECOD/prikaz_906n/407.htm,33839,536906173,5ed4a45bef7242a0d3a40fd357a72e693a2e9a77,3c3bbb8663ae0cce6cab2d316ad837da7b70957797c499fbd6bd6c2aaadebda5,2011-11-24T14:36:28+00:00,33685504,128
2441,{app}\NPA5\SPECOD\prikaz_906n\408.htm,app/NPA5/SPECOD/prikaz_906n/408.htm,473273,536940012,a338f20c5ea10800dfc5f2401bc7a3b02ca73856,494058a19c77e3b5cbea6614094bdc6567d44d6f58c40234a8d3caf227bba43b,2011-11-24T14:36:32+00:00,33685504,128
2442,{app}\NPA5\SPECOD\prikaz_906n\409.htm,app/NPA5/SPECOD/prikaz_906n/409.htm,43176,537413285,2e5b2eee4dcdfed55c97ec41d8978eaac4032fad,b1dd89a1cdccfea62fb8ee825878e546a4a2df0e4726ebd7ba6b26415bbef5c6,2011-11-24T14:36:32+00:00,33685504,128
2443,{app}\NPA5\SPECOD\prikaz_906n\410.htm,app/NPA5/SPECOD/prikaz_906n/410.htm,38608,537456461,4728386dc9b093c327b8a02bc670b6d8350432cf,e99ed89e6cabfb1ed69451171a345073918d35eb176451f60518301dc6859042,2011-11-24T14:36:34+00:00,33685504,128
2444,{app}\NPA5\SPECOD\prikaz_906n\411.htm,app/NPA5/SPECOD/prikaz_906n/411.htm,362432,537495069,26b54b4617d78c4dfab21db8a57f0bbcac4b3d7f,157e2539b4ee73e583cd5d2f2fa8dcbd7df321521795dec591d0f22779ee25c8,2011-11-24T14:36:38+00:00,33685504,128
2445,{app}\NPA5\SPECOD\prikaz_906n\412.htm,app/NPA5/SPECOD/prikaz_906n/412.htm,883605,537857501,3a170e1d0d011fa1fea860d800d7c9eb6eec2b67,6f99a5083a3392507c6353831c6c8a566096ca6a43c4f036e345ff421953bae6,2011-11-24T16:00:24+00:00,33685504,128
2446,{app}\NPA5\SPECOD\prikaz_906n\413.htm,app/NPA5/SPECOD/prikaz_906n/413.htm,11397,538741106,53efa0e085e143b2a1699a55c9d69e9f1ad64a4d,b94da712a78160d464aa5e851df8256e7aed88d1ce4296116dfccd13ff0a4610,2011-11-24T16:00:24+00:00,33685504,128
2447,{app}\NPA5\SPECOD\prikaz_906n\414.htm,app/NPA5/SPECOD/prikaz_906n/414.htm,15643,538752503,8d17d2fec569d63a41cc312c3c694699d5b6cc67,d140e9a14714296d083d75e7c05d0a6589fc9c2a2759dcd93434c3e6a705e64f,2011-11-24T16:00:26+00:00,33685504,128
2448,{app}\NPA5\SPECOD\prikaz_906n\415.htm,app/NPA5/SPECOD/prikaz_906n/415.htm,4198,538768146,7f56744b55b4a7409aebe1a079e95d0d26d87bfa,0e0976aa6e68df0e83cdeed882045240ff180df463f8f7e3b50e170e9d53412f,2011-11-24T16:00:26+00:00,33685504,128
2449,{app}\NPA5\SPECOD\prikaz_906n\416.htm,app/NPA5/SPECOD/prikaz_906n/416.htm,21070,538772344,4fedb538e5912dac30fc6459e7bacd8040a13f93,3172884ea053a6649a3b11b0dfb9d72cb46d85b26210f9c97cdf2d65236198ed,2011-11-24T16:00:28+00:00,33685504,128
2450,{app}\NPA5\SPECOD\prikaz_906n\417.htm,app/NPA5/SPECOD/prikaz_906n/417.htm,350674,538793414,2f9ffd2f41465e189f7f683c5837ead9812bb559,763d0392f58784a2cd2912849b83477ab8e76fd0d068abb698b0f5224a13c6b7,2011-11-24T16:00:30+00:00,33685504,128
2451,{app}\NPA5\SPECOD\prikaz_906n\418.htm,app/NPA5/SPECOD/prikaz_906n/418.htm,18093,539144088,d780b7139f5f068157912974fc18ec42361a6a7a,4c3f6abe6bbb13e040fde87857ec8363d107293ef483918a1facb4e1c4e24b76,2011-11-24T16:00:30+00:00,33685504,128
2452,{app}\NPA5\SPECOD\prikaz_906n\419.htm,app/NPA5/SPECOD/prikaz_906n/419.htm,37468,539162181,d74eea78bab5b595345db15d1c0de38c99e68880,dcc4883ba8394d6b543739839ed9c7efd9464d644535f9a7a8cb19fe45214d54,2011-11-24T16:00:32+00:00,33685504,128
2453,{app}\NPA5\SPECOD\prikaz_906n\420.htm,app/NPA5/SPECOD/prikaz_906n/420.htm,6933,539199649,4df04a773ca4b1b81795d2f088c7da92797981d1,57a8ed69dcb2660d6395507eda15d1ed1d5f54dc8ec16889ab25655174735214,2011-11-24T16:00:32+00:00,33685504,128
2454,{app}\NPA5\SPECOD\prikaz_906n\421.htm,app/NPA5/SPECOD/prikaz_906n/421.htm,35618,539206582,219a7ae0a5d595ba9ae07deda3c5ed7c6d2cb3ca,56dcd89e781d9273a40bd1b584d2b507da279f84589ef96ce9d200b3771cebc1,2011-11-24T16:00:34+00:00,33685504,128
2455,{app}\NPA5\SPECOD\prikaz_906n\422.htm,app/NPA5/SPECOD/prikaz_906n/422.htm,57168,539242200,f4a7d69384a958880a03654244a56d5be01e80ec,541a1221950bfe38bb3fcc3b783947231bfd3bf3140af8544fe8260b8b97105f,2011-11-24T16:00:36+00:00,33685504,128
2456,{app}\NPA5\SPECOD\prikaz_906n\423.htm,app/NPA5/SPECOD/prikaz_906n/423.htm,18918,539299368,2acc0ac3edf0bcec0d0ef489277db979679f3d4c,0a3e36775e0f6ba0c4e61b2f23385a43d9918a74ed9b7784d166c5303d7f5e39,2011-11-24T16:00:36+00:00,33685504,128
2457,{app}\NPA5\SPECOD\prikaz_906n\424.htm,app/NPA5/SPECOD/prikaz_906n/424.htm,27536,539318286,8b23226892c3006e467e52d59c9df1e31b6f1751,fee92e66349545d16249ddd386ae2d732e02125c68f3873c977ad5f3ab9794b8,2011-11-24T16:00:38+00:00,33685504,128
2458,{app}\NPA5\SPECOD\prikaz_906n\425.htm,app/NPA5/SPECOD/prikaz_906n/425.htm,10781,539345822,56aa54a6501c94b78fdc51722ed99c0b73f30825,96b1a0f9149bf1bcb89cfe4a43b94ba67db055602e20920a51cc6570f98ee01b,2011-11-24T16:00:38+00:00,33685504,128
2459,{app}\NPA5\SPECOD\prikaz_906n\426.htm,app/NPA5/SPECOD/prikaz_906n/426.htm,55268,539356603,b8d5d12ba5e5c9439d8ff9c37718566a98e5da31,fd1311360bb15c9860c674cc289f7b199857ad1985a677df331cd98deeedcc62,2011-11-24T16:00:40+00:00,33685504,128
2460,{app}\NPA5\SPECOD\prikaz_906n\427.htm,app/NPA5/SPECOD/prikaz_906n/427.htm,10889,539411871,5769aff4bbd92e84dbc618fc6b1b306b6293af8f,0617b469978a2c05e95d1ee8d35a15ec27d07e2d7f4ca9596186041a42cd0f76,2011-11-24T16:00:40+00:00,33685504,128
2461,{app}\NPA5\SPECOD\prikaz_906n\428.htm,app/NPA5/SPECOD/prikaz_906n/428.htm,76962,539422760,bd6fcf3603b81439438975989c1e3c085a2cfa4f,9ff1ed0b1b604c250e83540ae065cd88cde203424e9bb5ccab44a624ea43f242,2011-11-24T16:00:42+00:00,33685504,128
2462,{app}\NPA5\SPECOD\prikaz_906n\429.htm,app/NPA5/SPECOD/prikaz_906n/429.htm,74797,539499722,80843aef3ee7e04ba95dfbc2dcaa3065944050d2,9a0a7a3843adfd08d8a05046cf96c7e62eb5919be5fa95867145e85857813e8b,2011-11-24T16:00:42+00:00,33685504,128
2463,{app}\NPA5\SPECOD\prikaz_906n\430.htm,app/NPA5/SPECOD/prikaz_906n/430.htm,29516,539574519,6a559e47841394af9bd1b42ad036c366c9b26424,e25b423ec248f0e3b747bd1f3874621401f56fd8156c27ea8c56d9dd3435f3c8,2011-11-24T16:00:44+00:00,33685504,128
2464,{app}\NPA5\SPECOD\prikaz_906n\431.htm,app/NPA5/SPECOD/prikaz_906n/431.htm,77299,539604035,cfe505875a163789d3b423c074ae665500c6c8a1,cbf227af4a353949062f51c23d619196e000e2850078978d9b1bbf5be67a7182,2011-11-24T16:00:46+00:00,33685504,128
2465,{app}\NPA5\SPECOD\prikaz_906n\432.htm,app/NPA5/SPECOD/prikaz_906n/432.htm,15865,539681334,739431c062403812704ed083432a1ccbc45031f6,605e8d9343cf8e9bbd722075b696320636f45b52bbceecaf3122757a9fe8d2de,2011-11-24T16:00:46+00:00,33685504,128
2466,{app}\NPA5\SPECOD\prikaz_906n\433.htm,app/NPA5/SPECOD/prikaz_906n/433.htm,16892,539697199,1ee5df0acbd214b7953ae25ca66dcee44af3b917,861ca2d85749a892739a13dc5ae702d4c53ad22a9d295f0b36d3dd8b8b761587,2011-11-24T16:00:48+00:00,33685504,128
2467,{app}\NPA5\SPECOD\prikaz_906n\434.htm,app/NPA5/SPECOD/prikaz_906n/434.htm,4227,539714091,a71422fbd8a43eca11660490049b5e06274f42d1,8db4b7a463659559e426e8223c41aba90adfeb53acf8e6bec41e8ae6b8e9d6bc,2011-11-24T16:00:48+00:00,33685504,128
2468,{app}\NPA5\SPECOD\prikaz_906n\435.htm,app/NPA5/SPECOD/prikaz_906n/435.htm,44068,539718318,bb0d192da9e9a4e121d3d5de47db1cef9efe973b,c3c656694e919c6b9c6eccd26dd0ddb42d94eea95bf96d435093d7bc22e9f92f,2011-11-24T16:00:48+00:00,33685504,128
2469,{app}\NPA5\SPECOD\prikaz_906n\436.htm,app/NPA5/SPECOD/prikaz_906n/436.htm,39501,539762386,6ef9cce62cdee0c0fe8eb6d37e4ef3b7a5c8f8c9,fd455354f3097b6f9dee0b77da1a55db0c936c2d7eee8a36f92e96e4432a379e,2011-11-24T16:00:50+00:00,33685504,128
2470,{app}\NPA5\SPECOD\prikaz_906n\437.htm,app/NPA5/SPECOD/prikaz_906n/437.htm,60440,539801887,41d017a8dcfe75dc078664fa68d7d19675aaea47,4bc7b3f089c7933db6f71d457eff1db2f1dc1feb1c92068cf79a8c4105b8c59c,2011-11-24T16:00:52+00:00,33685504,128
2471,{app}\NPA5\SPECOD\prikaz_906n\438.htm,app/NPA5/SPECOD/prikaz_906n/438.htm,21978,539862327,1dba123060022df72e99704ba43f4b0124a757c6,778b352484ed631a42c1f89937abbe50c63e2c244991b0c3160c205b9a803683,2011-11-24T16:00:52+00:00,33685504,128
2472,{app}\NPA5\SPECOD\prikaz_906n\439.htm,app/NPA5/SPECOD/prikaz_906n/439.htm,65675,539884305,d527d05fb0978bc65b5cb1581ed95bdeee046d9a,050bae263b3e81d9fd1bc2a606714d086bfcf537139a5c220b69514887cfffc1,2011-11-24T16:00:54+00:00,33685504,128
2473,{app}\NPA5\SPECOD\prikaz_906n\440.htm,app/NPA5/SPECOD/prikaz_906n/440.htm,21939,539949980,95e2552db1621a1a9d7545386543162f8b27da2d,1350f29fb2b018cc64c847196c89980a24731becedf526585432e2f6669ad981,2011-11-24T16:00:54+00:00,33685504,128
2474,{app}\NPA5\SPECOD\prikaz_906n\441.htm,app/NPA5/SPECOD/prikaz_906n/441.htm,49763,539971919,e5a5cb1ee5462dd96fc88f7ff3a7cb00632b6c22,9709d040841214b25c286e64517b82da4fe56d2bf8506fb069d0d19083756c58,2011-11-24T16:00:56+00:00,33685504,128
2475,{app}\NPA5\SPECOD\prikaz_906n\442.htm,app/NPA5/SPECOD/prikaz_906n/442.htm,8990,540021682,ee6630c789a3b00ad18da6386a0792570539d1af,d8b40eaf4951e71555205276630f54a405522ffec8fd28c226f338a952eb0dc0,2011-11-24T16:00:56+00:00,33685504,128
2476,{app}\NPA5\SPECOD\prikaz_906n\443.htm,app/NPA5/SPECOD/prikaz_906n/443.htm,191880,540030672,29b429e7424fef12745502c2d4eafd6e1e2e7405,e1766927fd1bd86e4ea495ca2fdc173fc5886ccec719bc40a54d77a44cb4fbcd,2011-11-24T16:00:58+00:00,33685504,128
2477,{app}\NPA5\SPECOD\prikaz_906n\444.htm,app/NPA5/SPECOD/prikaz_906n/444.htm,29193,540222552,0e03ee67116e647f33690e1dac3f83864ddd5afc,fd2a75f0cde334c53b9c1330405352b81e525e0eea5dc10bd589d112135d4fa4,2011-11-24T16:01:00+00:00,33685504,128
2478,{app}\NPA5\SPECOD\prikaz_906n\445.htm,app/NPA5/SPECOD/prikaz_906n/445.htm,4529,540251745,3fb8b737bc94f8091c06c42643016f6754329733,c70710326fc14244a1e49c65d22532eed02cb5f6700fbc4c1410aad19f11750f,2011-11-24T16:01:02+00:00,33685504,128
2479,{app}\NPA5\SPECOD\prikaz_906n\446.htm,app/NPA5/SPECOD/prikaz_906n/446.htm,24549,540256274,cba4a6c44685e265f49ba4eca946ee6e8cac93bc,35055b7051d46da195b370461eb05aa08169ee5698528a6cdd1ed41a377cf92e,2011-11-24T16:01:02+00:00,33685504,128
2480,{app}\NPA5\SPECOD\prikaz_906n\447.htm,app/NPA5/SPECOD/prikaz_906n/447.htm,11517,540280823,659ca4ea14163751492ad8e9288051c86e9dafd8,bbd95b4a1d1e296beea984e89f0fb44fe55dace87b9510649cd6301151a631d8,2011-11-24T16:01:02+00:00,33685504,128
2481,{app}\NPA5\SPECOD\prikaz_906n\448.htm,app/NPA5/SPECOD/prikaz_906n/448.htm,220359,540292340,1d1d014236370cbad1d3a93c382ee7e503d91e81,01777996fd27f87c0c221e664cde8107c9e6d65260f8f093bffa4a9840d74666,2011-11-24T16:01:04+00:00,33685504,128
2482,{app}\NPA5\SPECOD\prikaz_906n\449.htm,app/NPA5/SPECOD/prikaz_906n/449.htm,99503,540512699,8805d3fd17af6181dc5944181094c5fadfff9561,5c8f0f66bb6a18ce838503fc63ea115792e63e0700fe0affafa4a7280f110bba,2011-11-24T16:01:06+00:00,33685504,128
2483,{app}\NPA5\SPECOD\prikaz_906n\450.htm,app/NPA5/SPECOD/prikaz_906n/450.htm,7125,540612202,f83e65996f4a200ff86b803324483874cfa2311f,1a9f52649da78081f3badfbf60561472b666523f58446c66f76250b8e3bd5bc7,2011-11-24T16:01:08+00:00,33685504,128
2484,{app}\NPA5\SPECOD\prikaz_906n\451.htm,app/NPA5/SPECOD/prikaz_906n/451.htm,20119,540619327,24963f6722fd3d661ccb74a66929e227ca68fc63,100e84682c0246c016e6a32ccca9dff4223b219425733d0c785b3960d6ba426f,2011-11-24T16:01:08+00:00,33685504,128
2485,{app}\NPA5\SPECOD\prikaz_906n\452.htm,app/NPA5/SPECOD/prikaz_906n/452.htm,7136,540639446,3c717a2cb6bbcca7fd14db7339f0530860fb78b5,ce6f3f5b2b1024b3108c9ec92e983a06df2632a468247d30cc7e2a7bade5d823,2011-11-24T16:01:08+00:00,33685504,128
2486,{app}\NPA5\SPECOD\prikaz_906n\453.htm,app/NPA5/SPECOD/prikaz_906n/453.htm,48195,540646582,b82bf2c47f00948d4a34817c538bc0aaf94b13a4,c3bf0804c5c7704ed05b21e983d0e98c8e12fa99db01659c947e1e71eb4a3e68,2011-11-24T16:01:10+00:00,33685504,128
2487,{app}\NPA5\SPECOD\prikaz_906n\454.htm,app/NPA5/SPECOD/prikaz_906n/454.htm,159716,540694777,07ba7bf1870d6e96fa292adcb5c8cc84c40b7401,c923863eba295d3563c9a74479306cec9fc1586ed2e5128541e09efe404b4267,2011-11-24T16:01:12+00:00,33685504,128
2488,{app}\NPA5\SPECOD\prikaz_906n\455.htm,app/NPA5/SPECOD/prikaz_906n/455.htm,6757,540854493,68631c802a7e44275815f2b20451960599ec1e05,6617be4dd72355d005d8030c2e87c4655248fe3323d59815230621429c8517bb,2011-11-24T16:01:12+00:00,33685504,128
2489,{app}\NPA5\SPECOD\prikaz_906n\456.htm,app/NPA5/SPECOD/prikaz_906n/456.htm,15843,540861250,5b940965d382c824fdb0fc363b3cef1913f06343,9886ac41211e92eec253b3bf998f0402d123dc5ba47dd18dfc75b7d853fc2c72,2011-11-24T16:01:14+00:00,33685504,128
2490,{app}\NPA5\SPECOD\prikaz_906n\457.htm,app/NPA5/SPECOD/prikaz_906n/457.htm,7094,540877093,67ec6a3d109158c27332f6912a6d21689b6c5e08,5aadc81d0518302653d1dc4e38e6e20c714f631c6e33d6e4fd2f529041a7a3f1,2011-11-24T16:01:14+00:00,33685504,128
2491,{app}\NPA5\SPECOD\prikaz_906n\458.htm,app/NPA5/SPECOD/prikaz_906n/458.htm,7399,540884187,e8ba905067a33e84c6be0fc6734001ed3c77811c,f077792e788929a295a9c94890e6a86a774dcb34f6175d659b918baa49d8ca53,2011-11-24T16:01:16+00:00,33685504,128
2492,{app}\NPA5\SPECOD\prikaz_906n\459.htm,app/NPA5/SPECOD/prikaz_906n/459.htm,6465,540891586,f35612f82ccfc97beffde9c515d3e94111c0dc12,a23304a42878b73e74b29e3ed9c6f74e03b6ea7da47858400a67f1a2eea0e735,2011-11-24T16:01:16+00:00,33685504,128
2493,{app}\NPA5\SPECOD\prikaz_906n\460.htm,app/NPA5/SPECOD/prikaz_906n/460.htm,19525,540898051,ab25663ef5e75385f6f5199fc976cdd378401d45,26d49adb94bf417648a60a2b3c7f195617d0872b204f9f6d61bc0290c54d8b61,2011-11-24T16:01:18+00:00,33685504,128
2494,{app}\NPA5\SPECOD\prikaz_906n\461.htm,app/NPA5/SPECOD/prikaz_906n/461.htm,29578,540917576,984c250037b4f83f2615138a418eae73fb8eb057,6afc78615691cf2be2d2d6358bed28e673dabd6f6db468c7fc9c582f21de56bc,2011-11-24T16:01:18+00:00,33685504,128
2495,{app}\NPA5\SPECOD\prikaz_906n\462.htm,app/NPA5/SPECOD/prikaz_906n/462.htm,15733,540947154,c9e22d3c27963a083e72d8d6bfcf448c79cf5b34,be324030527180432c107174e93e3b5dfaaf60e2ddfb596b1e513c3cdebf3823,2011-11-24T16:01:20+00:00,33685504,128
2496,{app}\NPA5\SPECOD\prikaz_906n\463.htm,app/NPA5/SPECOD/prikaz_906n/463.htm,51267,540962887,79ccfdb16cecd2ec8258ee9fcdac2fda4ea06d92,4c69e343776e2076debdffb3b36cc4d14a1428a3f3440e1fee4917970f7feda4,2011-11-24T16:01:20+00:00,33685504,128
2497,{app}\NPA5\SPECOD\prikaz_906n\464.htm,app/NPA5/SPECOD/prikaz_906n/464.htm,27525,541014154,e6007799de554059e2850e96a3bc72745f8e548d,f35d7aaa47f918354d11f3341f0fe999edef474d42dd893d3ccb5344a44eaa5c,2011-11-24T16:01:22+00:00,33685504,128
2498,{app}\NPA5\SPECOD\prikaz_906n\465.htm,app/NPA5/SPECOD/prikaz_906n/465.htm,32036,541041679,79058b5a38995dbc23c16fb45f158732d87dedeb,18195d7c0c03bcce71eb8a918e548e0395282ceb2b39dd7b2dd7c5331232a143,2011-11-24T16:01:22+00:00,33685504,128
2499,{app}\NPA5\SPECOD\prikaz_906n\466.htm,app/NPA5/SPECOD/prikaz_906n/466.htm,8651,541073715,f9ff1cb0ebbbeefc320f39779b7ff42f604cfcf9,e382590d83f11aab539b415f9033e58d6bb7a41fbaca31983558aced14328298,2011-11-24T16:01:24+00:00,33685504,128
2500,{app}\NPA5\SPECOD\prikaz_906n\467.htm,app/NPA5/SPECOD/prikaz_906n/467.htm,28336,541082366,4dfb0ab7a457213020bab49f63bfd1a8942f9c0b,846589cc55fb2e7793a90271d4a65f751ff81977504feca41ebe5e767971b9b5,2011-11-24T16:01:24+00:00,33685504,128
2501,{app}\NPA5\SPECOD\prikaz_906n\468.htm,app/NPA5/SPECOD/prikaz_906n/468.htm,12144,541110702,6e4cfafd43b55184181c5fc76789939205a3f164,543ad18006060b99f8ed1a13f29d109d260a96c926994d143409361ba80c1aea,2011-11-24T16:01:26+00:00,33685504,128
2502,{app}\NPA5\SPECOD\prikaz_906n\469.htm,app/NPA5/SPECOD/prikaz_906n/469.htm,12402,541122846,8a34f28d336002e97ac852b981994eb000f0bd22,798de7e218f5b860c4d00aeb3407ed50ebab98b3e72e2028e33f4f029eddf18d,2011-11-24T16:01:26+00:00,33685504,128
2503,{app}\NPA5\SPECOD\prikaz_906n\470.htm,app/NPA5/SPECOD/prikaz_906n/470.htm,30591,541135248,a09cf31068fb17c74c56c5f1131f3cd570c9b318,430cd5a0167cb44c825622a34cdfcec3a21e4350423606812619ec647eaa39ff,2011-11-24T16:01:28+00:00,33685504,128
2504,{app}\NPA5\SPECOD\prikaz_906n\471.htm,app/NPA5/SPECOD/prikaz_906n/471.htm,155374,541165839,34774d13800c761b2f322bf119ee6195d96d15b8,c8619a76ca8a0ad39944021aa5e81724e1a1b6430c79d56677206d69bc01e422,2011-11-24T16:01:28+00:00,33685504,128
2505,{app}\NPA5\SPECOD\prikaz_906n\472.htm,app/NPA5/SPECOD/prikaz_906n/472.htm,6938,541321213,4eb14b470a87c262596d5986ec202758f47284ac,9c09482e358f0ea6ec2010c96f5b68c5ac66a5dd5edf249442d238fa5e944ec5,2011-11-24T16:03:46+00:00,33685504,128
2506,{app}\NPA5\SPECOD\prikaz_906n\473.htm,app/NPA5/SPECOD/prikaz_906n/473.htm,47328,541328151,9a08f31b6ef7991785536d8f59b4df91e8c19e6f,381630d26d863d0711192176031a86faa2c7e16f8af61d45be8b10a6854950e3,2011-11-24T16:03:46+00:00,33685504,128
2507,{app}\NPA5\SPECOD\prikaz_906n\474.htm,app/NPA5/SPECOD/prikaz_906n/474.htm,11799,541375479,3de4559eb8e33d56431c0141eaa39728cc06dae1,d1ef3f6713158e80ba3b0dc60a38343f41f15bd1996139328334dff32a1edbaf,2011-11-24T16:03:48+00:00,33685504,128
2508,{app}\NPA5\SPECOD\prikaz_906n\475.htm,app/NPA5/SPECOD/prikaz_906n/475.htm,7085,541387278,e768fadeb8d455d472e2a84e6e4440c65fc80fa9,eb09a111d13a8de58d010bb03e7abfb69c4f450e8ecde49a660c68bb4eaabbee,2011-11-24T16:03:48+00:00,33685504,128
2509,{app}\NPA5\SPECOD\prikaz_906n\476.htm,app/NPA5/SPECOD/prikaz_906n/476.htm,101091,541394363,3b5b46544e71a823bf64808a53a01b2130bbae42,ab5514b0019b6ff041d708d9c43629b9bb03337b3ba8bbe556f46e49d34eecc9,2011-11-24T16:03:50+00:00,33685504,128
2510,{app}\NPA5\SPECOD\prikaz_906n\477.htm,app/NPA5/SPECOD/prikaz_906n/477.htm,11536,541495454,84e48976e06268fed58b14c0c6e46bf43adc678e,7eb434092e4e04fcde706e259582fb9ceb1cb035aac6300d6ddca34526fbd9b5,2011-11-24T16:03:50+00:00,33685504,128
2511,{app}\NPA5\SPECOD\prikaz_906n\478.htm,app/NPA5/SPECOD/prikaz_906n/478.htm,22124,541506990,f04a97ca56e979d109134ebe27348a079007e961,ebd2d8badbdd37c86627a46068ed57b2dcd77b8d0fa0a82b5a452c7ae2ec51a3,2011-11-24T16:03:52+00:00,33685504,128
2512,{app}\NPA5\SPECOD\prikaz_906n\479.htm,app/NPA5/SPECOD/prikaz_906n/479.htm,13517,541529114,68a6b27f94d0c61b710fe995cee5a873c832feef,91cd25af7aa9387a02d0d8d43245a7427885eaef554be4e954dbde4595dde4eb,2011-11-24T16:03:52+00:00,33685504,128
2513,{app}\NPA5\SPECOD\prikaz_906n\480.htm,app/NPA5/SPECOD/prikaz_906n/480.htm,23191,541542631,16820deb61f86261ae5a6cc9f9d1683d1daebf2d,08c73bcce6d57813361f30abecd3f6d511be23bd709e0ee247e8cfb04c0ae2e9,2011-11-24T16:03:54+00:00,33685504,128
2514,{app}\NPA5\SPECOD\prikaz_906n\481.htm,app/NPA5/SPECOD/prikaz_906n/481.htm,8602,541565822,5f7af4d71dedbfb604ebb9146261361efd978843,317c0b5a5a905fea290c5469e3fb61917e90a56ccbf5f0421912266441ff2992,2011-11-24T16:03:54+00:00,33685504,128
2515,{app}\NPA5\SPECOD\prikaz_906n\482.htm,app/NPA5/SPECOD/prikaz_906n/482.htm,47912,541574424,c399543eb375a1432c6e92fa5f84aa5afb758450,d7b5b4c110fa97d37236e86ab817abcbb211621354f598d166c8664e05a56086,2011-11-24T16:03:56+00:00,33685504,128
2516,{app}\NPA5\SPECOD\prikaz_906n\483.htm,app/NPA5/SPECOD/prikaz_906n/483.htm,22749,541622336,ca2b50ebc006bd0f46237e566fc2e005c859c195,11379735e3a9cf12f9dafa837064eab2da91689cbda51bf9109bfe0cbf75c35f,2011-11-24T16:03:56+00:00,33685504,128
2517,{app}\NPA5\SPECOD\prikaz_906n\484.htm,app/NPA5/SPECOD/prikaz_906n/484.htm,30904,541645085,8aa173d8ef7065178b6a0db9581a2392df6d8833,3ba709d87271156209ca4df473077f39f606b7c52327b097350d9eb1d041540a,2011-11-24T16:03:58+00:00,33685504,128
2518,{app}\NPA5\SPECOD\prikaz_906n\485.htm,app/NPA5/SPECOD/prikaz_906n/485.htm,11070,541675989,bc49fe9dce6cf8ebb76467eb2f529c3bff4f277b,f66d6a75a120c62e6bc709e6ed7347eb09c4d2c07823d1f56f3dbbbab404623c,2011-11-24T16:03:58+00:00,33685504,128
2519,{app}\NPA5\SPECOD\prikaz_906n\486.htm,app/NPA5/SPECOD/prikaz_906n/486.htm,84006,541687059,65f7b2572dde6d86b7fd67a0c51ef2ddf487f707,153c9dfcf7772684730b0dbba6d7ea3506163371a7ff8d76fe0344d56c746151,2011-11-24T16:04:00+00:00,33685504,128
2520,{app}\NPA5\SPECOD\prikaz_906n\487.htm,app/NPA5/SPECOD/prikaz_906n/487.htm,21944,541771065,17f9bfe18bc8fea7f37db8e8257d759be28379ad,55eba584527a74b973a0f9a426b3d6579a33b42f28354b084247ad7d8ca0aed1,2011-11-24T16:04:00+00:00,33685504,128
2521,{app}\NPA5\SPECOD\prikaz_906n\488.htm,app/NPA5/SPECOD/prikaz_906n/488.htm,29839,541793009,ab42d187f56c493e615c507a1036d4b9f3ccaf23,625dbca726fc55802e61d302c2e8488b70ed29c93cba0975b5a6fb6f1bf33157,2011-11-24T16:04:02+00:00,33685504,128
2522,{app}\NPA5\SPECOD\prikaz_906n\489.htm,app/NPA5/SPECOD/prikaz_906n/489.htm,7410,541822848,477a0d9cf756215a2432e4f5dcde9ca4f4381696,e7dd544ab8bc38f3da9c9a50487dc6392dc0ed39c882affc476550d75f195b12,2011-11-24T16:04:02+00:00,33685504,128
2523,{app}\NPA5\SPECOD\prikaz_906n\490.htm,app/NPA5/SPECOD/prikaz_906n/490.htm,10867,541830258,57811a4ac4a271de9a45b1077ae46d8ea84446d8,5fcf8ed564bdf011c9a6a50e27a355e2dcf17f6a47785c89bedb348b9848eeee,2011-11-24T16:04:04+00:00,33685504,128
2524,{app}\NPA5\SPECOD\prikaz_906n\491.htm,app/NPA5/SPECOD/prikaz_906n/491.htm,49220,541841125,b7f06c281c762adbacbd5e5ebafb305f09a0e1b8,47d1cae1f3e8554fb472e95605e5af6ff8c7e08b8416b1d375dd34bbabdf42d6,2011-11-24T16:04:04+00:00,33685504,128
2525,{app}\NPA5\SPECOD\prikaz_906n\492.htm,app/NPA5/SPECOD/prikaz_906n/492.htm,38065,541890345,2d08f8aab43d282b2a580aecf1bb1cb0374537f3,adba31b3cbc9e72c28dd51a1c30ad590e52ad08bf7ee2e8abc35a6b088bb6972,2011-11-24T16:04:06+00:00,33685504,128
2526,{app}\NPA5\SPECOD\prikaz_906n\493.htm,app/NPA5/SPECOD/prikaz_906n/493.htm,6965,541928410,ac4bde2435b84b0a3387e0194f51f210781027ec,699a5c43a0d89360f23df1b93be5445ced892320088e5e0da1913e168c0c10bc,2011-11-24T16:04:08+00:00,33685504,128
2527,{app}\NPA5\SPECOD\prikaz_906n\494.htm,app/NPA5/SPECOD/prikaz_906n/494.htm,34202,541935375,9a761a14d940bfb857a5c8b50a4da9bc7d8d96a1,e4aabbfc9a9f5bb7793b4f980dbb5ac5c1d484d727515a2526e0ff85eccf9e6c,2011-11-24T16:04:08+00:00,33685504,128
2528,{app}\NPA5\SPECOD\prikaz_906n\495.htm,app/NPA5/SPECOD/prikaz_906n/495.htm,5970,541969577,1e9c7840199a8ac49f5b3838254325f67f1766fc,2618ca4dac03213ed7a0cc712952a7f2b7163e93ac98a711165798aa1bb846ca,2011-11-24T16:04:10+00:00,33685504,128
2529,{app}\NPA5\SPECOD\prikaz_906n\496.htm,app/NPA5/SPECOD/prikaz_906n/496.htm,46890,541975547,e23cd02f553b47721d3f4385f1b4586501330cb4,bdb27e5c41a0181615a3c4fe834047a2177bf462dc7862cb5a2971b7fc6d0ca3,2011-11-24T16:04:10+00:00,33685504,128
2530,{app}\NPA5\SPECOD\prikaz_906n\497.htm,app/NPA5/SPECOD/prikaz_906n/497.htm,8333,542022437,64dab4971ef8599d73a0cfae480713ebb0b37aa6,2d6ee698213635f568cb5316665fca7a7fc3824df12bd8caa091066c89ede2af,2011-11-24T16:04:12+00:00,33685504,128
2531,{app}\NPA5\SPECOD\prikaz_906n\498.htm,app/NPA5/SPECOD/prikaz_906n/498.htm,50547,542030770,f6bdaf21d0b1a076de28cc1c89b9e39eae3dd1e1,8c3f569ec4754457b4c90d937cdb30a47d973fce8377c5f677171ff28bf0fb71,2011-11-24T16:04:12+00:00,33685504,128
2532,{app}\NPA5\SPECOD\prikaz_906n\499.htm,app/NPA5/SPECOD/prikaz_906n/499.htm,8735,542081317,960cdefc24151a898ab338c74fcb5581aa29d6a3,bdb5dbee13c0584f444c2f2f82713fc3f2c291855ae1e34578fa6363eba678e3,2011-11-24T16:04:14+00:00,33685504,128
2533,{app}\NPA5\SPECOD\prikaz_906n\500.htm,app/NPA5/SPECOD/prikaz_906n/500.htm,28653,542090052,9a13439341ef56a011d245b168cb97ae19aa91cb,17665e4794c0aee3d54f284d75503bc7212e78a56ffd11e0de0df1c747737995,2011-11-24T16:04:14+00:00,33685504,128
2534,{app}\NPA5\SPECOD\prikaz_906n\501.htm,app/NPA5/SPECOD/prikaz_906n/501.htm,56686,542118705,cce6b63f932d5c4822ad97d7c7e865b3f0577b82,e975b8c1d3b8db6a08db3103b68f8e70b9659faef9ab913ff0b8d28b0b3fb4c1,2011-11-24T16:04:16+00:00,33685504,128
2535,{app}\NPA5\SPECOD\prikaz_906n\502.htm,app/NPA5/SPECOD/prikaz_906n/502.htm,79834,542175391,21a089cf48ac2afc72a6f4763bbcdf27d7084fed,49634b67ffeeda459cd901e9beb47f890f5349bf5183790fa27abd514534f0da,2011-11-24T16:04:16+00:00,33685504,128
2536,{app}\NPA5\SPECOD\prikaz_906n\503.htm,app/NPA5/SPECOD/prikaz_906n/503.htm,552994,542255225,e388c6d9c3b818467e4ee84900643239c394e747,e9641ab05ac670a1f420e8f40bf33e07b6e9e23eba22af54dc6c1cb352c0e18a,2011-11-24T16:04:20+00:00,33685504,128
2537,{app}\NPA5\SPECOD\prikaz_906n\504.htm,app/NPA5/SPECOD/prikaz_906n/504.htm,450119,542808219,d2b85b518cc14bcdead1ba7c0805c16e3af1cfad,290cbc69d6d7953567ef72e2a1c9aea50391c30e479147a81e21d69700fe3057,2011-11-24T16:04:24+00:00,33685504,128
2538,{app}\NPA5\SPECOD\prikaz_906n\505.htm,app/NPA5/SPECOD/prikaz_906n/505.htm,85686,543258338,d79f9f19386b2a06b0cc235721a43987c898ad02,358cf159a1cde4bcbbc160e9d05592576a34d202a911bf7ed41514edf016b14c,2011-11-24T16:04:26+00:00,33685504,128
2539,{app}\NPA5\SPECOD\prikaz_906n\506.htm,app/NPA5/SPECOD/prikaz_906n/506.htm,158946,543344024,88f4146df24dec92e009a7dac1027cfdf237f1ae,25cf1ef5790033ca899d5a39dcb7e9bc8eb15c8a5c9e76d30d2c72ae13f08aac,2011-11-24T16:04:28+00:00,33685504,128
2540,{app}\NPA5\SPECOD\prikaz_906n\507.htm,app/NPA5/SPECOD/prikaz_906n/507.htm,56663,543502970,fefcf00476e4238745fbc6e149f83f753af03972,d1e14d0fa76d9c12659916ba2a296b8031d8a3174ef9045eb2eeea5f1fc6709c,2011-11-24T16:04:28+00:00,33685504,128
2541,{app}\NPA5\SPECOD\prikaz_906n\508.htm,app/NPA5/SPECOD/prikaz_906n/508.htm,48871,543559633,036a88174047cb37ee167b40b8944f94732dc284,6097e0db02fc212f2613d4de9d731f10f35446774417f06ce54945aa024cf8b8,2011-11-24T16:04:30+00:00,33685504,128
2542,{app}\NPA5\SPECOD\prikaz_906n\509.htm,app/NPA5/SPECOD/prikaz_906n/509.htm,36191,543608504,294d7a24ac1078ab3372358411985206b3183b00,7189ba5bfdd68b959a6842ce7421572c12671c59ab6aa68669e842a77de71891,2011-11-24T16:04:30+00:00,33685504,128
2543,{app}\NPA5\SPECOD\prikaz_906n\510.htm,app/NPA5/SPECOD/prikaz_906n/510.htm,21485,543644695,8eca3c36b3c559f376acfade5c139de4e790d1a3,7e94df8741a9738d98a46f4091443ee5ec26e3d1db21e18de4816388347ea035,2011-11-24T16:04:32+00:00,33685504,128
2544,{app}\NPA5\SPECOD\prikaz_906n\511.htm,app/NPA5/SPECOD/prikaz_906n/511.htm,30737,543666180,4c9daf668c575d7b6711a469c5bab887f879bda0,c1d05c32971a99572024cb585c18ec484f8412920204058f5ac07d5215d6bcc2,2011-11-24T16:04:32+00:00,33685504,128
2545,{app}\NPA5\SPECOD\prikaz_906n\512.htm,app/NPA5/SPECOD/prikaz_906n/512.htm,36055,543696917,e30b70ed2e005314a4bec19907853a4b12c0cc07,08b9ac7568073396001e73b4c10558375b960d3184b1a675c5c4056806db81bb,2011-11-24T16:04:34+00:00,33685504,128
2546,{app}\NPA5\SPECOD\prikaz_906n\513.htm,app/NPA5/SPECOD/prikaz_906n/513.htm,45854,543732972,b6973545905bc992f8b77cbdd2e3467e83992ac8,c43dd09f015d517e29c0ad8792a58d91ce0d62cff6a9e52bec880d7509724477,2011-11-24T16:04:36+00:00,33685504,128
2547,{app}\NPA5\SPECOD\prikaz_906n\514.htm,app/NPA5/SPECOD/prikaz_906n/514.htm,60173,543778826,5e311e8d6959400daec75dada41d122076075292,3f8c0fc889db1f56a193693dd2a86ad6582d2cd610eb93a7b68c958ae78fb546,2011-11-24T16:04:36+00:00,33685504,128
2548,{app}\NPA5\SPECOD\prikaz_906n\515.htm,app/NPA5/SPECOD/prikaz_906n/515.htm,28637,543838999,b768339c1480e6a8403318316f249981b456421b,11c30f900b3283b415ed56f8371fe1783549dbee13a9db38e50b7bc004f1c8b8,2011-11-24T16:04:38+00:00,33685504,128
2549,{app}\NPA5\SPECOD\prikaz_906n\516.htm,app/NPA5/SPECOD/prikaz_906n/516.htm,8097,543867636,12ffdb414d3b3491c49901a8e0b5eee22514390a,0f5a795f47307003c2e71accf78efe602fd36311772964474a9ceefa89976dcf,2011-11-24T16:04:38+00:00,33685504,128
2550,{app}\NPA5\SPECOD\prikaz_906n\517.htm,app/NPA5/SPECOD/prikaz_906n/517.htm,7475,543875733,48f190970cbe25743cd4bcb4f0ba5f140b6bb1e1,d1e4c2e911db3eb936856de1c0d07616d673702321e6433a9313e19285f53bfb,2011-11-24T16:04:40+00:00,33685504,128
2551,{app}\NPA5\SPECOD\prikaz_906n\518.htm,app/NPA5/SPECOD/prikaz_906n/518.htm,7081,543883208,970babac758344fb0e41aa233533c1ab35b6e5c2,863759e234434e8fc56d412368587b769493f83ba5130ebe70667bf5a55fb780,2011-11-24T16:04:40+00:00,33685504,128
2552,{app}\NPA5\SPECOD\prikaz_906n\519.htm,app/NPA5/SPECOD/prikaz_906n/519.htm,23219,543890289,d3c70196bbd9814cca472a26d85242bfba1e3bf5,6924ac56bddac72c5c2b2562d33c15fe5672ef579dac22d91900c736fc1fc37b,2011-11-24T16:04:40+00:00,33685504,128
2553,{app}\NPA5\SPECOD\prikaz_906n\520.htm,app/NPA5/SPECOD/prikaz_906n/520.htm,24793,543913508,a5b0694f8c5bbfbc96be31dad1bd9dc7550dd614,998fdbb84aa268c3f2ff54db960d7ad771cb051d0c00a47a64871339c7ed8340,2011-11-24T16:04:42+00:00,33685504,128
2554,{app}\NPA5\SPECOD\prikaz_906n\521.htm,app/NPA5/SPECOD/prikaz_906n/521.htm,153156,543938301,7b392b1a38af382c54b5b00149513eb0bd73087b,1bfa7f528f84d9a464eae800a5b1f2864311669681a94df753d12967d7793c6a,2011-11-24T16:04:44+00:00,33685504,128
2555,{app}\NPA5\SPECOD\prikaz_906n\522.htm,app/NPA5/SPECOD/prikaz_906n/522.htm,65169,544091457,c9c85b56f3d24f3674297a9ee2ee1f88192d4ba9,9e066a749ba198f558474f546727c1e64076b3ee6e5929e9c8df0a6e4db9a5c4,2011-11-24T16:04:46+00:00,33685504,128
2556,{app}\NPA5\SPECOD\prikaz_906n\523.htm,app/NPA5/SPECOD/prikaz_906n/523.htm,47913,544156626,3664e639a25ee47f68a5d535d7ff96839f7bfea2,ed2589d13bb26e9c7ed4df461170b9c721bafac1b66f4e43ca930e27a8114e9e,2011-11-24T16:04:46+00:00,33685504,128
2557,{app}\NPA5\SPECOD\prikaz_906n\524.htm,app/NPA5/SPECOD/prikaz_906n/524.htm,19349,544204539,4208d412ccf7dd69a379110b15b14109e156cdab,bfa90664cbf5922de3559496b96c56503ca46d3f2e9eab63b608a0ddc398541f,2011-11-24T16:04:48+00:00,33685504,128
2558,{app}\NPA5\SPECOD\prikaz_906n\525.htm,app/NPA5/SPECOD/prikaz_906n/525.htm,808491,544223888,2a70d361f95321428133836ef84fdf96ea3518bb,09bb5654d2cb83e9ed338b984c9f178bd0c4deeb164e3201b484fc0a6757bbe6,2011-11-24T16:04:52+00:00,33685504,128
2559,{app}\NPA5\SPECOD\prikaz_906n\526.htm,app/NPA5/SPECOD/prikaz_906n/526.htm,33714,545032379,e7c523a5f709c03ad4888203083aee488df08ccb,8f02ef94e20d8ec0b10f2e8ce674f93c566b4254dd2359223eb6fdeb15217128,2011-11-24T16:04:54+00:00,33685504,128
2560,{app}\NPA5\SPECOD\prikaz_906n\527.htm,app/NPA5/SPECOD/prikaz_906n/527.htm,17740,545066093,b55c081dc9a1d8e39babbb4d7a53fc8aaa51a0b2,a7ec1a87690727b429d1f7ff751f88c03893c0919e80bb49669e52e07757c0c2,2011-11-24T16:04:54+00:00,33685504,128
2561,{app}\NPA5\SPECOD\prikaz_906n\528.htm,app/NPA5/SPECOD/prikaz_906n/528.htm,23118,545083833,ee816faa3684fcfd592327da5432a2299bfcc494,732bf14ff63ddc300670ca6f1ceab60fd77e48467f87a370dbe88cc4bee30b7e,2011-11-24T16:04:56+00:00,33685504,128
2562,{app}\NPA5\SPECOD\prikaz_906n\529.htm,app/NPA5/SPECOD/prikaz_906n/529.htm,69949,545106951,59e304ebc68934620385ecf750d5fdb7327e484c,6c85cf917ba4a1c2f94c9c07d3508f94b64afb910535632b1c382689d5a4dc11,2011-11-24T16:04:58+00:00,33685504,128
2563,{app}\NPA5\SPECOD\prikaz_906n\530.htm,app/NPA5/SPECOD/prikaz_906n/530.htm,9535,545176900,e00f997a352f04d632ec51d6e82a5be9d86e6765,5a71c8cae0735e6fce001d6081169577ea220054caebd92a221a1eb9d7f5d0dd,2011-11-24T16:04:58+00:00,33685504,128
2564,{app}\NPA5\SPECOD\prikaz_906n\531.htm,app/NPA5/SPECOD/prikaz_906n/531.htm,15019,545186435,2cb4d1755fd8d33871190fb540a6e87c3e27c717,4f8e46956a9d88b767851fc24f58a0251926232952abc94cb034a67db19be42f,2011-11-24T16:05:00+00:00,33685504,128
2565,{app}\NPA5\SPECOD\prikaz_906n\532.htm,app/NPA5/SPECOD/prikaz_906n/532.htm,68438,545201454,e93f378bf5100c7979d6e823c32fa871ed3e6edd,2d7aed59c7c2e25f5bc661a8c2d2002ee59b6c61a4676961ec94b6671448ae91,2011-11-24T16:05:00+00:00,33685504,128
2566,{app}\NPA5\SPECOD\prikaz_906n\533.htm,app/NPA5/SPECOD/prikaz_906n/533.htm,52190,545269892,733cbb95110f5cb26f8b771eab10db94adcbfa95,3613ceb7f36cbf474ce14e7f76868c02620ab117dbce5c198d8eb2f990009066,2011-11-24T16:05:02+00:00,33685504,128
2567,{app}\NPA5\SPECOD\prikaz_906n\534.htm,app/NPA5/SPECOD/prikaz_906n/534.htm,15989,545322082,7a3bf6995e5be4967c41956c6e63f65392c478ac,a05d856581e3d54622fc55f852ce6f3f6b3e5c418ea7628601115a682752c6f5,2011-11-24T16:05:02+00:00,33685504,128
2568,{app}\NPA5\SPECOD\prikaz_906n\535.htm,app/NPA5/SPECOD/prikaz_906n/535.htm,15670,545338071,12df9cfe6492021d8977e3ec0f71ab48651a1d29,20f9b0c6b7203f841f7358ac3674edf69a977e07283dd5ebb74de7ffab3cd92a,2011-11-24T16:05:04+00:00,33685504,128
2569,{app}\NPA5\SPECOD\prikaz_906n\536.htm,app/NPA5/SPECOD/prikaz_906n/536.htm,92405,545353741,31516847435c4eb1e843dc45532e3795306663b2,f07bc74b4f21868f0c76b78be4851f4a604cb9b3d7c31c7ea0e131b7e6674996,2011-11-24T16:05:04+00:00,33685504,128
2570,{app}\NPA5\SPECOD\prikaz_906n\537.htm,app/NPA5/SPECOD/prikaz_906n/537.htm,31737,545446146,6341fa0e91dba385fe39fee9d259d1c8335a6ee6,6a192d9b28379ee0a689d653262080b3e80cf4029e55d6ba550c0e4257a768f1,2011-11-24T16:05:06+00:00,33685504,128
2571,{app}\NPA5\SPECOD\prikaz_906n\538.htm,app/NPA5/SPECOD/prikaz_906n/538.htm,11641,545477883,65a0ca2921cbecdea5c2e0fe09213fb72280bcf1,947608312f53c5c9d1e85c5c92378d189e59cbf9c82e6b302c78e7c371018107,2011-11-24T16:05:06+00:00,33685504,128
2572,{app}\NPA5\SPECOD\prikaz_906n\539.htm,app/NPA5/SPECOD/prikaz_906n/539.htm,7314,545489524,08f15b8120776358ec7e1e8fd9c0c0c54e0ea1cb,ecbfd0843d80501a4f780905d39f3961b5feb47b8f11f96ee5e2d7c53e1c089f,2011-11-24T16:05:08+00:00,33685504,128
2573,{app}\NPA5\SPECOD\prikaz_906n\540.htm,app/NPA5/SPECOD/prikaz_906n/540.htm,5959,545496838,334d00c1757e1ada92406a38de373a56668009e8,4a00cdb392029cd21d974a0343f6902c83dd221dfa14a524d179f5cc18dcb405,2011-11-24T16:05:08+00:00,33685504,128
2574,{app}\NPA5\SPECOD\prikaz_906n\541.htm,app/NPA5/SPECOD/prikaz_906n/541.htm,4567,545502797,fec1e847e3ccdddfdf475ef4f49abc6ded5a34a0,c00f96055e7ac9ac100bcc8705ac3254dac84a437be25e608935f48303a62f9b,2011-11-24T16:05:10+00:00,33685504,128
2575,{app}\NPA5\SPECOD\prikaz_906n\542.htm,app/NPA5/SPECOD/prikaz_906n/542.htm,24653,545507364,bb99abde009cba5ea9d31fbc7a8448dfe8e7e2be,3f900f8dfc38c938d6c912011e1272c8623f8c3f0e2a02d32f10d7de3a17e7ab,2011-11-24T16:05:10+00:00,33685504,128
2576,{app}\NPA5\SPECOD\prikaz_906n\543.htm,app/NPA5/SPECOD/prikaz_906n/543.htm,12510,545532017,436378f25dbdf19f49fe4c771c85cca59084c770,653e8f0f48a8e99a4024f2aca552e15b20bd5c0b0f71200d64038116c5da206b,2011-11-24T16:05:10+00:00,33685504,128
2577,{app}\NPA5\SPECOD\prikaz_906n\544.htm,app/NPA5/SPECOD/prikaz_906n/544.htm,35328,545544527,60408fc0af0ea9f335f6a7e298b0dea0ebc83bdb,8230fc58f1080c1cc33a3d1035b021fa932e561e0b1ff3445104cc812dd83a6a,2011-11-24T16:05:12+00:00,33685504,128
2578,{app}\NPA5\SPECOD\prikaz_906n\545.htm,app/NPA5/SPECOD/prikaz_906n/545.htm,16470,545579855,728f0258cdd37fe86baac4bb2928edd1edd69f88,2908b76111c8189dfd58dbd99f67cda7e4028924e6ae79dd48113d2beb731f8a,2011-11-24T16:05:12+00:00,33685504,128
2579,{app}\NPA5\SPECOD\prikaz_906n\546.htm,app/NPA5/SPECOD/prikaz_906n/546.htm,37672,545596325,8fa17096ae4e4627d2a0e5c44ff1a2821e1d290d,5e92f7064522701e054d88ab75f9184492ccf2be630f8368e4aa6060e47e69cd,2011-11-24T16:05:14+00:00,33685504,128
2580,{app}\NPA5\SPECOD\prikaz_906n\547.htm,app/NPA5/SPECOD/prikaz_906n/547.htm,12722,545633997,7365617c4496d5ccd2c689ac57758dbd2405a7bf,054d3d143dd913b8d229e253c67b1e0a4077f0bf7c7a10b3c440d224f00bb4d4,2011-11-24T16:05:14+00:00,33685504,128
2581,{app}\NPA5\SPECOD\prikaz_906n\548.htm,app/NPA5/SPECOD/prikaz_906n/548.htm,36025,545646719,3b3611c575953f3786be1e19f7cbf6e998350822,dabcb754ce226e74921b9c30677ccc5f60ea75adec491e25b65cd7f775836b58,2011-11-24T16:05:16+00:00,33685504,128
2582,{app}\NPA5\SPECOD\prikaz_906n\549.htm,app/NPA5/SPECOD/prikaz_906n/549.htm,29153,545682744,3acd55d350f8869fe5500e9e0ac00c9d1139b3f9,8569b91779bad9ab19a001b20aebaaa5bc5b736f99d9920509b0b7a2a71296af,2011-11-24T16:05:18+00:00,33685504,128
2583,{app}\NPA5\SPECOD\prikaz_906n\550.htm,app/NPA5/SPECOD/prikaz_906n/550.htm,19794,545711897,c1afea7252b9b64bb68370fbefb57c3779070a0e,230cf35b812690e1afc268cfe345d0d6c5db6be1c3512c3db9ce983abf0d8a96,2011-11-24T16:05:18+00:00,33685504,128
2584,{app}\NPA5\SPECOD\prikaz_906n\551.htm,app/NPA5/SPECOD/prikaz_906n/551.htm,4729,545731691,2dd38613d27873210e15ffefdfe021dd96715899,2f9150cdceac0fc8fdab085f011481171ca60aa0307303f3e145dec07a21eeae,2011-11-24T16:05:20+00:00,33685504,128
2585,{app}\NPA5\SPECOD\prikaz_906n\552.htm,app/NPA5/SPECOD/prikaz_906n/552.htm,9158,545736420,ccdfd70c35d916e062dd6d3c50d9dccfb375d39f,4ed43596b6815ef64e48c1327d7817329ca2cdad98cd73237ece2a4b5deab5de,2011-11-24T16:05:20+00:00,33685504,128
2586,{app}\NPA5\SPECOD\prikaz_906n\553.htm,app/NPA5/SPECOD/prikaz_906n/553.htm,19957,545745578,505e234a4bdc420d5d6155d22d0d06d414c00c6c,927dac2a9791e6b3844fec463af7dd60e8afc37564999a46f61cf4b19efbda42,2011-11-24T16:05:20+00:00,33685504,128
2587,{app}\NPA5\SPECOD\prikaz_906n\554.htm,app/NPA5/SPECOD/prikaz_906n/554.htm,17375,545765535,a21971ae6f82184e5455e422ad38e854eb0b2c34,ed53c567bd6b5c48317fc402c31321ec9a6aba2c358d4b47dac2fcec51ef4154,2011-11-24T16:05:22+00:00,33685504,128
2588,{app}\NPA5\SPECOD\prikaz_906n\555.htm,app/NPA5/SPECOD/prikaz_906n/555.htm,129902,545782910,bd7e925c12852a54249e78cad6694f8d245db204,766b7171a182676dd797ef3c172222a92b99e20b19f508089e05599b62b4c0a7,2011-11-24T16:05:22+00:00,33685504,128
2589,{app}\NPA5\SPECOD\prikaz_906n\556.htm,app/NPA5/SPECOD/prikaz_906n/556.htm,8317,545912812,387bf34b4b0c09161413da270a69e328f9328075,5824a41a5d092b8878758976adb19fe0e8c893946a3e1e730059a6a629517970,2011-11-24T16:05:24+00:00,33685504,128
2590,{app}\NPA5\SPECOD\prikaz_906n\557.htm,app/NPA5/SPECOD/prikaz_906n/557.htm,6499,545921129,5298cd180fa7b6dfe9941a7f194de67f4774ce51,231a28a9b8c5637bc25ac6e333fb6b4c47db52521b529f4401d8fb7e731bb75e,2011-11-24T16:05:24+00:00,33685504,128
2591,{app}\NPA5\SPECOD\prikaz_906n\558.htm,app/NPA5/SPECOD/prikaz_906n/558.htm,26889,545927628,cb2014a2f5999aa31a6b746a16c7279abb00a0a0,37a3868262f24cab0e268bc1faf402d7bcd351eec9402a67a4f5088b64ef00e8,2011-11-24T16:05:26+00:00,33685504,128
2592,{app}\NPA5\SPECOD\prikaz_906n\559.htm,app/NPA5/SPECOD/prikaz_906n/559.htm,25039,545954517,0d74a642ee9615074e035a5594fd6708a8881fba,e2b6a90340a6b5850acdedbdb84c677232ca81d8d05aed06e75df52b526ca59d,2011-11-24T16:05:26+00:00,33685504,128
2593,{app}\NPA5\SPECOD\prikaz_906n\560.htm,app/NPA5/SPECOD/prikaz_906n/560.htm,26271,545979556,2ec86317d0ec0fcbba72e638855465d3e2a3dbb8,7e10d88b60f7b114df8c9b61b70af9777303a82d11a99ec6bd307788d7bd1a2e,2011-11-24T16:05:28+00:00,33685504,128
2594,{app}\NPA5\SPECOD\prikaz_906n\561.htm,app/NPA5/SPECOD/prikaz_906n/561.htm,24371,546005827,5f74f685b44822a018517347bdea9253b6019dad,39a6b61fe7c692ee5af2f7b7baee4c50f936e4781a13b5e78380c2a7d1e4e3f5,2011-11-24T16:05:28+00:00,33685504,128
2595,{app}\NPA5\SPECOD\prikaz_906n\562.htm,app/NPA5/SPECOD/prikaz_906n/562.htm,15888,546030198,b81a144d46cffb2d80cf5d83cf94162521de8065,a18530c1af8375554697eb672895f2a833a20170e36cf272cc6f5339e00e7da5,2011-11-24T16:05:30+00:00,33685504,128
2596,{app}\NPA5\SPECOD\prikaz_906n\563.htm,app/NPA5/SPECOD/prikaz_906n/563.htm,6665,546046086,3e859ec1408b81649075df0edad32eb5ab807cb7,4c96f80c59c503739674034d59af433ca3ff3e73f5ed3aa8a49e9ec65ccb0a80,2011-11-24T16:05:30+00:00,33685504,128
2597,{app}\NPA5\SPECOD\prikaz_906n\564.htm,app/NPA5/SPECOD/prikaz_906n/564.htm,29748,546052751,c5c1275a3198e1afaaf6164011a162783b968fa0,ad6af69a9c543bc0b8208099c99af0b1f97e6541b0a96d6e269db8c43961a1b8,2011-11-24T16:05:32+00:00,33685504,128
2598,{app}\NPA5\SPECOD\prikaz_906n\565.htm,app/NPA5/SPECOD/prikaz_906n/565.htm,23781,546082499,1a589d95b520811b702ba9c389891fd95494c603,dbef72fad29975257bfd2461212c3832d0a6611de3dde5c8a610005252799f69,2011-11-24T16:05:32+00:00,33685504,128
2599,{app}\NPA5\SPECOD\prikaz_906n\566.htm,app/NPA5/SPECOD/prikaz_906n/566.htm,45732,546106280,b6dde4753611f3127278ef495d1f0efef3330313,d940e315eef1ed7cbcb4b6816f2931c376d041a24978c2a7d749703a2b5c5e3f,2011-11-24T16:05:34+00:00,33685504,128
2600,{app}\NPA5\SPECOD\prikaz_906n\567.htm,app/NPA5/SPECOD/prikaz_906n/567.htm,9351,546152012,08ba73f78f1ccbf50a4456140f0bc39390e0d9dd,ade6433515f2da01aed7a7d247cb550f5006571cbb78e95978f990b47c7e677a,2011-11-24T16:05:34+00:00,33685504,128
2601,{app}\NPA5\SPECOD\prikaz_906n\568.htm,app/NPA5/SPECOD/prikaz_906n/568.htm,27027,546161363,c321a3ce547ff76d775e8c7c3666b91bb575a638,4ecdf3a549da096fec5d5c07fe07e7ce277a2be0e2c4a6e725da2815e96c38b0,2011-11-24T16:05:36+00:00,33685504,128
2602,{app}\NPA5\SPECOD\prikaz_906n\569.htm,app/NPA5/SPECOD/prikaz_906n/569.htm,24522,546188390,d0149c11b8051deea29464b6a06bfbcf3e8ea10d,c5f3e7cd8e9aeb4900d776d575a05b602e2e053f04e53a6461ae8b376431c818,2011-11-24T16:05:36+00:00,33685504,128
2603,{app}\NPA5\SPECOD\prikaz_906n\570.htm,app/NPA5/SPECOD/prikaz_906n/570.htm,14344,546212912,23f43f907b3de554150a1e45268a9c17bd64238a,d8c0833999c4deb2de88a878812f4be8908ea10d60674dc9b55d74fee4235ff2,2011-11-24T16:05:38+00:00,33685504,128
2604,{app}\NPA5\SPECOD\prikaz_906n\571.htm,app/NPA5/SPECOD/prikaz_906n/571.htm,29470,546227256,c275f2533ca619936346d4b9ae1c2cdbf283c0b2,a3fa2b55777be1dea780ec33c2f49b4f96ecb6645b3d328dceede2b83fc94787,2011-11-24T16:05:38+00:00,33685504,128
2605,{app}\NPA5\SPECOD\prikaz_906n\572.htm,app/NPA5/SPECOD/prikaz_906n/572.htm,7558,546256726,2375dc332dd091bde1c049eb235cd47f751958aa,c551337cf7163bedf93bb6446be5bef8edcc30952ebe100e92021535d9ecf455,2011-11-24T16:05:38+00:00,33685504,128
2606,{app}\NPA5\SPECOD\prikaz_906n\573.htm,app/NPA5/SPECOD/prikaz_906n/573.htm,6960,546264284,bfbb8cdd97b9680ec219fe756ba652fefb99e7d4,4e1ae1add110a537c155b87e1075e27dbb07f52145795e2901fc387a02b7d23f,2011-11-24T16:05:40+00:00,33685504,128
2607,{app}\NPA5\SPECOD\prikaz_906n\574.htm,app/NPA5/SPECOD/prikaz_906n/574.htm,38199,546271244,fc2b238bf0d1e7a4ef51e7b65cabcb6ac7f39139,c797daff5c021afda3c2c9bf83664090cffb87a5fcc7825851ac208fa561b3f8,2011-11-24T16:05:40+00:00,33685504,128
2608,{app}\NPA5\SPECOD\prikaz_906n\575.htm,app/NPA5/SPECOD/prikaz_906n/575.htm,64234,546309443,6106189629d643d642272aa4b261048d0a9244b3,bb047315888012e55288a5f4c84a5d0ce44e6e3c14477cc40b23337cbd5a21a2,2011-11-24T16:05:42+00:00,33685504,128
2609,{app}\NPA5\SPECOD\prikaz_906n\576.htm,app/NPA5/SPECOD/prikaz_906n/576.htm,7909,546373677,6d1eb4f1c37b5ef99405df3d9260b78747918ef5,0f39547bc7d2824650fe41fa983a4112d9db8763c5348a33458017cdd287434e,2011-11-24T16:05:44+00:00,33685504,128
2610,{app}\NPA5\SPECOD\prikaz_906n\577.htm,app/NPA5/SPECOD/prikaz_906n/577.htm,17348,546381586,18b4ca7cbae4484c61021df010ca921668991445,2ec8d23b800ccfa3cde84cde0e1da534cbe10149a7ced9279f0b801d207777fa,2011-11-24T16:05:44+00:00,33685504,128
2611,{app}\NPA5\SPECOD\prikaz_906n\578.htm,app/NPA5/SPECOD/prikaz_906n/578.htm,30754,546398934,ec1b9fa6013343823ca33cf9392eaae405c36912,ddd394833699442c445386290eda81ce0f419b0fdf9b4f2a6366818e568fb8b5,2011-11-24T16:05:44+00:00,33685504,128
2612,{app}\NPA5\SPECOD\prikaz_906n\579.htm,app/NPA5/SPECOD/prikaz_906n/579.htm,19913,546429688,e86dda6ace3f20b7de8df189ba09a46737732202,94ea4e07243e93467cbef1e290cf0529a3479863227fa1b3d6343ad9cc739f9f,2011-11-24T16:05:46+00:00,33685504,128
2613,{app}\NPA5\SPECOD\prikaz_906n\580.htm,app/NPA5/SPECOD/prikaz_906n/580.htm,23618,546449601,ac6b2c26c1d6d1b26938d3859784461660bd8e3b,7de105074c5e2332968b46633f12ae0463019130de00e0b89973dd21be3d14bc,2011-11-24T16:05:46+00:00,33685504,128
2614,{app}\NPA5\SPECOD\prikaz_906n\581.htm,app/NPA5/SPECOD/prikaz_906n/581.htm,10181,546473219,daa03326212968433b012dd2fe0f65d4d3eecf9b,7f0517cc5b562479f029e71dfceb29c373d572687d736bef9887efd68be5e0a3,2011-11-24T16:05:48+00:00,33685504,128
2615,{app}\NPA5\SPECOD\prikaz_906n\582.htm,app/NPA5/SPECOD/prikaz_906n/582.htm,31851,546483400,940ab487149b29164c7055382e665f9058c142bd,9557c4ef6f3f2f48d4517b5a2696c3e002f0464df613b5ad1f4209daf4257b8b,2011-11-24T16:05:48+00:00,33685504,128
2616,{app}\NPA5\SPECOD\prikaz_906n\583.htm,app/NPA5/SPECOD/prikaz_906n/583.htm,39961,546515251,a19a75858e2e1a0ce0839aa1b51188279322b5b3,e629888dde6b5dddd58fcd9240c0350964b0d2822bc127acbe092e1149691f66,2011-11-24T16:05:50+00:00,33685504,128
2617,{app}\NPA5\SPECOD\prikaz_906n\584.htm,app/NPA5/SPECOD/prikaz_906n/584.htm,35852,546555212,106132fd94ff7dbdcf1dcf770be22af69489d098,87917bf93f0db37f6ebba35d423a0ceab4b28b1145cbc12bbd50dce4aafa06bc,2011-11-24T16:05:50+00:00,33685504,128
2618,{app}\NPA5\SPECOD\prikaz_906n\585.htm,app/NPA5/SPECOD/prikaz_906n/585.htm,20366,546591064,7c590c591c96af074b0d96227f67fbf256b38d45,b0160c555c21d2f583182545688af2c281666cfb6bc7574bc0002599e5f2505b,2011-11-24T16:05:52+00:00,33685504,128
2619,{app}\NPA5\SPECOD\prikaz_906n\586.htm,app/NPA5/SPECOD/prikaz_906n/586.htm,31286,546611430,1ccc84a70b752bfa833e0470b1989fcf2cb0713d,60f613eb0dbe22c01f4d5798f3774ded2b48fce2886a563d53047ed46a99ca08,2011-11-24T16:05:52+00:00,33685504,128
2620,{app}\NPA5\SPECOD\prikaz_906n\587.htm,app/NPA5/SPECOD/prikaz_906n/587.htm,19978,546642716,5351f79b30d1bec2aaa2a5a43b9d99d337bcdd2a,c6ad94b323222cb062423e4ac1317239ebc85d265ff2d5f4bfc10cfbb0a7bc88,2011-11-24T16:05:54+00:00,33685504,128
2621,{app}\NPA5\SPECOD\prikaz_906n\588.htm,app/NPA5/SPECOD/prikaz_906n/588.htm,16689,546662694,d3ed7cea25e5bf518e71a697b6b0b495a9288fe6,ec51442ed319d265ea00a053939288a37782bbc3c52817dca04024b610e57125,2011-11-24T16:05:54+00:00,33685504,128
2622,{app}\NPA5\SPECOD\prikaz_906n\589.htm,app/NPA5/SPECOD/prikaz_906n/589.htm,15538,546679383,74f4f9ee1e62f003b021b8789c9f27a48042815f,dafe09b096818b404dfde817007ab0d8341038fe5cb431448561cb184f956e68,2011-11-24T16:05:56+00:00,33685504,128
2623,{app}\NPA5\SPECOD\prikaz_906n\590.htm,app/NPA5/SPECOD/prikaz_906n/590.htm,13504,546694921,3f7b87ad255b2291e11c1d623894e6b02cc9baa4,cd5bd7782f0c33e9f77764322e9d7f59de972fd6e47662f729ef6c3cc79ef0da,2011-11-24T16:05:56+00:00,33685504,128
2624,{app}\NPA5\SPECOD\prikaz_906n\591.htm,app/NPA5/SPECOD/prikaz_906n/591.htm,24706,546708425,02b6a409d3c9abe56b2ecba46149d434dd5f5c76,64b7edebe75460862036dabadcda7a09214c49409de128d85f669f7606172565,2011-11-24T16:05:58+00:00,33685504,128
2625,{app}\NPA5\SPECOD\prikaz_906n\592.htm,app/NPA5/SPECOD/prikaz_906n/592.htm,16521,546733131,79550d833c912ac8a92fd1180fe02b61b1111078,269d10caa7bb07de4f5f84b6a293f584634a69c6624e5423cd577fd3a7736a13,2011-11-24T16:05:58+00:00,33685504,128
2626,{app}\NPA5\SPECOD\prikaz_906n\593.htm,app/NPA5/SPECOD/prikaz_906n/593.htm,12141,546749652,20f0c7bcaa4f4bf5ff11d2ad50db2de4d5245778,8072834b0deff60942174c337805eaacc3fade8d37835ffd785df8804ef3dacd,2011-11-24T16:06:00+00:00,33685504,128
2627,{app}\NPA5\SPECOD\prikaz_906n\594.htm,app/NPA5/SPECOD/prikaz_906n/594.htm,8946,546761793,68b2cd4bcb8139624b48298ee64a0042c57af366,a16f2452bf910a1d0c0c07305e25229236cd2076642708e78b479199e0ac3888,2011-11-24T16:06:00+00:00,33685504,128
2628,{app}\NPA5\SPECOD\prikaz_906n\595.htm,app/NPA5/SPECOD/prikaz_906n/595.htm,28465,546770739,055fa3689d33ca11e1d2fc8f3dac768d3bfef318,a535421fa6380f4e00f3955ff4d0ee53f711addeeeb09f8b4d551cc8730a4366,2011-11-24T16:06:02+00:00,33685504,128
2629,{app}\NPA5\SPECOD\prikaz_906n\596.htm,app/NPA5/SPECOD/prikaz_906n/596.htm,6740,546799204,37c8e67597fc534cfa66124757e657f689e903b4,3b3d2094c3e375a2326724a7113754e2e04929c97dd978b65cf285f8bb0f3d61,2011-11-24T16:06:02+00:00,33685504,128
2630,{app}\NPA5\SPECOD\prikaz_906n\597.htm,app/NPA5/SPECOD/prikaz_906n/597.htm,20048,546805944,34fbd2dc89e241053f492a9c180694ebb41db83c,1595d33169857fcd4720d56562cfa40acd39877e13983571d6a2b8955396c447,2011-11-24T16:06:04+00:00,33685504,128
2631,{app}\NPA5\SPECOD\prikaz_906n\598.htm,app/NPA5/SPECOD/prikaz_906n/598.htm,6620,546825992,563998fc80fbb767f26429f83a2d30f3663ba3cb,0c6a61d084a0f518bf7d3153e214eee2eb1bfef18a4b7429a58d1e29943677f0,2011-11-24T16:06:04+00:00,33685504,128
2632,{app}\NPA5\SPECOD\prikaz_906n\599.htm,app/NPA5/SPECOD/prikaz_906n/599.htm,12068,546832612,5652ee5340009450dab36e979accfe7ddb1c6546,8d3e5afbc45b3b31d96394e49cb275eeaf217d4cbcc3a3c83d0410e11499b7ed,2011-11-24T16:06:04+00:00,33685504,128
2633,{app}\NPA5\SPECOD\prikaz_906n\600.htm,app/NPA5/SPECOD/prikaz_906n/600.htm,26849,546844680,b84e73f290fa58add3b91c55b03517455275da53,09ecf8138c6a5f9b0c8baa81825636a9ce4ff756631dc043eaa983e36ba2a73b,2011-11-24T16:06:06+00:00,33685504,128
2634,{app}\NPA5\SPECOD\prikaz_906n\601.htm,app/NPA5/SPECOD/prikaz_906n/601.htm,11039,546871529,7dabda5e9b854b484dfec7e1fd8e650bb37561c2,c805bc5a575a11cb5d857ee14e65b8cc538f692f2097db00032358d250a87835,2011-11-24T16:06:06+00:00,33685504,128
2635,{app}\NPA5\SPECOD\prikaz_906n\602.htm,app/NPA5/SPECOD/prikaz_906n/602.htm,11872,546882568,0be9808dd4ef95a7b4d9d653206fd0da6107fe26,cdcb6c5ac4820ea4fe18e578f1ac41340cc0db3652afe8a951dd60f29ab7afb5,2011-11-24T16:06:08+00:00,33685504,128
2636,{app}\NPA5\SPECOD\prikaz_906n\603.htm,app/NPA5/SPECOD/prikaz_906n/603.htm,23468,546894440,bd513b8d4e021cf65f212d9c0368cd06e72a7343,1c4f1f0bb4ecac0d2fe044c869e91ff0727133632cb469b16667417bfe5e3a18,2011-11-24T16:06:08+00:00,33685504,128
2637,{app}\NPA5\SPECOD\prikaz_906n\604.htm,app/NPA5/SPECOD/prikaz_906n/604.htm,4392,546917908,a09e08acb9bac7718600d1217866d9eb09b74eab,a5b1f09413cfcffdea1128ecc3efd5ed1dc86bdf091961974658eef986b9a2d5,2011-11-24T16:06:08+00:00,33685504,128
2638,{app}\NPA5\SPECOD\prikaz_906n\605.htm,app/NPA5/SPECOD/prikaz_906n/605.htm,7021,546922300,7066a2518db9ff0262751ef65f52c36b34411653,255c99f8d30414065556391a2136e7e2c0c86e8aa5d5c10e6ddcc2cb95fdff03,2011-11-24T16:06:10+00:00,33685504,128
2639,{app}\NPA5\SPECOD\prikaz_906n\606.htm,app/NPA5/SPECOD/prikaz_906n/606.htm,15763,546929321,b8e6a1a27c44b4f79dc4d6c86a6d52f427e6204e,2d861f118667cb112360a3e3b1390b5e62877312c84f5315f46c2993440ed9ac,2011-11-24T16:06:10+00:00,33685504,128
2640,{app}\NPA5\SPECOD\prikaz_906n\607.htm,app/NPA5/SPECOD/prikaz_906n/607.htm,14830,546945084,09e9311a3953dd516b8782d28fc4311ddb4045cc,4c9698b8a2c21c50c8c8a416cef81350fc1fbcb3c8a5a88dea2afd02ddda6349,2011-11-24T16:06:12+00:00,33685504,128
2641,{app}\NPA5\SPECOD\prikaz_906n\608.htm,app/NPA5/SPECOD/prikaz_906n/608.htm,23062,546959914,07435ea3cc7d5837d346a8a1da9b8a7d02fa8c62,3e5e21b156e8127935b392a57a18fd88a39e45d4392ce875622185757b7a9c36,2011-11-24T16:06:12+00:00,33685504,128
2642,{app}\NPA5\SPECOD\prikaz_906n\609.htm,app/NPA5/SPECOD/prikaz_906n/609.htm,15263,546982976,9c439a8d0181fb6181fda1ef0e9eb4e9634bbd4d,44ba7cc963467614b80c3be19f59607e29cce68980df1cece6c45c0df9da17ae,2011-11-24T16:06:14+00:00,33685504,128
2643,{app}\NPA5\SPECOD\prikaz_906n\610.htm,app/NPA5/SPECOD/prikaz_906n/610.htm,8955,546998239,321521df402a862e8dbf32d0eaf0f7c94dda0645,99ccc7168f635ae60f39a0c419b949529e18569062248f44183afbd6d32a1078,2011-11-24T16:06:14+00:00,33685504,128
2644,{app}\NPA5\SPECOD\prikaz_906n\611.htm,app/NPA5/SPECOD/prikaz_906n/611.htm,8307,547007194,8383629f3092b8a6b88eb4e08d7672d3ef4fd239,c82be0b0218e63808b4fb10bb4901319eb53aa0018df5b3f69f444b615bed7af,2011-11-24T16:06:14+00:00,33685504,128
2645,{app}\NPA5\SPECOD\prikaz_906n\612.htm,app/NPA5/SPECOD/prikaz_906n/612.htm,12418,547015501,74417a692dce3f663b485ab49d3557d459c65d29,b057f91b178b541baf876b203c5b90982955503d8414cf0034ffcca6d35b58c0,2011-11-24T16:06:16+00:00,33685504,128
2646,{app}\NPA5\SPECOD\prikaz_906n\613.htm,app/NPA5/SPECOD/prikaz_906n/613.htm,8645,547027919,c02316c871a2cb292c521bd397c013b3d69e681b,b6200fe3805531e028cbe638b0430ae73c144f6a09f98d3d2c808512154cbeb1,2011-11-24T16:06:16+00:00,33685504,128
2647,{app}\NPA5\SPECOD\prikaz_906n\614.htm,app/NPA5/SPECOD/prikaz_906n/614.htm,1020604,547036564,f99c955b0d6fc509e3fbd8bfdd5c1f75721af0c9,c20c967fc285b0c27f2854d788421551cbd85e23694ad5efed7b001343cf52cb,2011-11-24T16:06:22+00:00,33685504,128
2648,{app}\NPA5\SPECOD\prikaz_906n\615.htm,app/NPA5/SPECOD/prikaz_906n/615.htm,71677,548057168,678db5af587802e87df6b9764ceddad0c9a0d187,da7acfd4dadc36013473e03b78cb5ab4f73644e2e9377eb8677e768710ab830b,2011-11-24T16:06:24+00:00,33685504,128
2649,{app}\NPA5\SPECOD\prikaz_906n\616.htm,app/NPA5/SPECOD/prikaz_906n/616.htm,22602,548128845,dbd880c7d5ca1ead610c78788446d523b46f1589,2b30451898d175b96e84ac19feaccbc3f21dfaef1decce7dbac1920fefe29af4,2011-11-24T16:06:24+00:00,33685504,128
2650,{app}\NPA5\SPECOD\prikaz_906n\617.htm,app/NPA5/SPECOD/prikaz_906n/617.htm,343229,548151447,19f52d3132b74cf7f6b940cc885d00ad470fd825,c7d197dbc6b42e80859d39f63626b04426bb44ec75a0168e568573c12dd3fd84,2011-11-24T16:06:28+00:00,33685504,128
2651,{app}\NPA5\SPECOD\prikaz_906n\618.htm,app/NPA5/SPECOD/prikaz_906n/618.htm,8704,548494676,f3eccdee899d6f3ebdf147853628b1bce1d5b88b,fd5631213b69d6e6a8e4883a42946d83e8688b4c7a286ef81d29bd6841b9900b,2011-11-24T16:06:28+00:00,33685504,128
2652,{app}\NPA5\SPECOD\prikaz_906n\619.htm,app/NPA5/SPECOD/prikaz_906n/619.htm,46403,548503380,262df15c410a847cdf9c9b66d48cbba57ac98502,947b837a324206094498ee296faff9d9397010b9db79c52f57c3b69c74179552,2011-11-24T16:06:30+00:00,33685504,128
2653,{app}\NPA5\SPECOD\prikaz_906n\620.htm,app/NPA5/SPECOD/prikaz_906n/620.htm,57970,548549783,e47e3466d6a0edf908bde383758cc9ab8f3f5264,0259cb0254227f6188e938dae7717a6cfa40d3fe81f349070ec09835906a2c90,2011-11-24T16:06:32+00:00,33685504,128
2654,{app}\NPA5\SPECOD\prikaz_906n\621.htm,app/NPA5/SPECOD/prikaz_906n/621.htm,16234,548607753,430ddfa753d55993bba7d17ce766e786e9b27682,246ad662ed113b27a33f010864e1245eb20bbc36c18c88ac9250175ffafb41b3,2011-11-24T16:06:32+00:00,33685504,128
2655,{app}\NPA5\SPECOD\prikaz_906n\622.htm,app/NPA5/SPECOD/prikaz_906n/622.htm,27414,548623987,e89e507405559e98ff4b9cf94ada1d2e943bdaa3,8c0dbbf4b757b117dc822bdb0d1f839249ec5f6c32d04c9e509937fce25e1291,2011-11-24T16:06:34+00:00,33685504,128
2656,{app}\NPA5\SPECOD\prikaz_906n\623.htm,app/NPA5/SPECOD/prikaz_906n/623.htm,51637,548651401,d1537d225f8713631802d2e1eb37ae8e9643136b,6f80efad36c345b4d04556bdcfa949bafc7d5801d70f94bfb89ef8be6ad0ca5a,2011-11-24T16:08:16+00:00,33685504,128
2657,{app}\NPA5\SPECOD\prikaz_906n\624.htm,app/NPA5/SPECOD/prikaz_906n/624.htm,26853,548703038,85fbaa9a6c67a5f9833f38d8ff420c3ea3454951,21ef8abdf5d006973bb03b611c7eb13305b86aa23a19cff8779370130fce025d,2011-11-24T16:10:12+00:00,33685504,128
2658,{app}\NPA5\SPECOD\prikaz_906n\625.htm,app/NPA5/SPECOD/prikaz_906n/625.htm,27248,548729891,18f18e458a490d1ca0a455ed8326f6b13938af12,ebfcd9c7deec493eed9f8e0862ea7615f205e75fb870ebb0064a25ec18772fc3,2011-11-24T16:10:12+00:00,33685504,128
2659,{app}\NPA5\SPECOD\prikaz_906n\626.htm,app/NPA5/SPECOD/prikaz_906n/626.htm,2737999,548757139,8088377e720c90c419a74d4481f200ef59afcc7b,4376d25a474d3265e2ac95aa13b5497156595ccedfba0fa326451aff35052226,2011-11-24T16:10:28+00:00,33685504,128
2660,{app}\NPA5\SPECOD\prikaz_906n\627.htm,app/NPA5/SPECOD/prikaz_906n/627.htm,36227,551495138,6275e4b50a4fc6a258dc6cba6a69d8e59c2a0f4d,9b7b84f33684dc4cffdafbfd17715c0cd198a38d2dd1fb23200511a40741e14d,2011-11-24T16:10:30+00:00,33685504,128
2661,{app}\NPA5\SPECOD\prikaz_906n\628.htm,app/NPA5/SPECOD/prikaz_906n/628.htm,191129,551531365,8688c657056286faa0245e7f8ebc4ac8e60efec4,749cdf5a7051c3317363aa2a72c17bdce134bcd4f8b158511276d4a0f02cf3cc,2011-11-24T16:10:32+00:00,33685504,128
2662,{app}\NPA5\SPECOD\prikaz_906n\629.htm,app/NPA5/SPECOD/prikaz_906n/629.htm,43522,551722494,3fb797327bcfb7d0e14e3f4217a2d520242dc549,2059599a48b377ba0ed922b1174ebee835edf3036f834c0e4e6000fe8ef292c0,2011-11-24T16:10:32+00:00,33685504,128
2663,{app}\NPA5\SPECOD\prikaz_906n\630.htm,app/NPA5/SPECOD/prikaz_906n/630.htm,32990,551766016,4dbb830f42e0c9fe4b3546efa3091adc711bbf71,0d42c01695dcd8324bc4c8b8b6a86db73ab425105a64f984a27bbf59e7941b9d,2011-11-24T16:10:34+00:00,33685504,128
2664,{app}\NPA5\SPECOD\prikaz_906n\631.htm,app/NPA5/SPECOD/prikaz_906n/631.htm,382236,551799006,5a35fffd7f53948978ddcd488372ba11694cb0e2,1b60cbbbfc6ecec545411950eec0cb1f431dd6978dc8f04c9563b0eeb5701d54,2011-11-24T16:10:36+00:00,33685504,128
2665,{app}\NPA5\SPECOD\prikaz_906n\632.htm,app/NPA5/SPECOD/prikaz_906n/632.htm,5285005,552181242,c72c437f8d260738891a1ee25ecbbead05fbdc92,52cffc070685793a1099420a3b943131f5b72f585cac8afc124153f1a1692aa0,2011-11-24T16:11:18+00:00,33685504,128
2666,{app}\NPA5\SPECOD\prikaz_906n\prikaz_906n.htm,app/NPA5/SPECOD/prikaz_906n/prikaz_906n.htm,152250,557466247,93d854192ba7eeba6954443f781cdcf531b717a3,b0fdeebfe51afb9b8a4613adab1e9934aa217f5bab8a5b2b28a9185c16eab142,2011-11-24T16:32:30+00:00,33685504,128
2667,{app}\NPA5\SPECOD\prikaz_970n\prikaz_970n.htm,app/NPA5/SPECOD/prikaz_970n/prikaz_970n.htm,14025670,557618497,82a2e336200b2e340a31348bf533f8039a25b777,91b2cb720c5fd88d277359bd4aa81b7d795153d41a84cbf449235aa7162f4155,2010-03-31T11:19:00+00:00,33685504,128
2668,{app}\NPA5\SPECOD\prikaz_970n\prikaz_970n_1.htm,app/NPA5/SPECOD/prikaz_970n/prikaz_970n_1.htm,4488262,571644167,1fbe96ec527555a91f71084a4aac75d799910fe1,f64b0328660cb7aa9e6fa5a4598fcdbd83092385f479f2f26d7b286d74788362,2010-03-31T11:49:58+00:00,33685504,128
2669,{app}\NPA5\SPECOD\prikaz_970n\prikaz_970n_10.htm,app/NPA5/SPECOD/prikaz_970n/prikaz_970n_10.htm,2383816,576132429,6272bbbac4b96dfa9f527589df66b3625fa1fefd,8ac014e6bdcdf732bf68031950415055725ac6945c6a57c9f02f8fdc86572042,2010-03-31T12:05:08+00:00,33685504,128
2670,{app}\NPA5\SPECOD\prikaz_970n\prikaz_970n_11.htm,app/NPA5/SPECOD/prikaz_970n/prikaz_970n_11.htm,271609,578516245,1144b0e68f446011435cc0fd9473d48d53b59d49,772299e496bcdf715c3315d1865ee4790792e4adc0a24d5cb34a52f786969234,2010-03-31T12:08:26+00:00,33685504,128
2671,{app}\NPA5\SPECOD\prikaz_970n\prikaz_970n_12.htm,app/NPA5/SPECOD/prikaz_970n/prikaz_970n_12.htm,237344,578787854,cde7b0f923bf7b1414cd44e13af0301fc2eada48,bcaa752aa97b3730b9b14848c9d3bbe5b8954b643ce2bd42f9612ef8b7ac54af,2010-03-31T12:09:38+00:00,33685504,128
2672,{app}\NPA5\SPECOD\prikaz_970n\prikaz_970n_13.htm,app/NPA5/SPECOD/prikaz_970n/prikaz_970n_13.htm,64414,579025198,dbe7418080fbb0d469eafe58dcaf2d90881a9120,78004e2c8f64a30c5d87c404c010ceee3b2b5703f636b72c55127242a6450ccd,2010-03-31T12:10:22+00:00,33685504,128
2673,{app}\NPA5\SPECOD\prikaz_970n\prikaz_970n_14.htm,app/NPA5/SPECOD/prikaz_970n/prikaz_970n_14.htm,152155,579089612,481ad5c94bad67bde21e1af513ae1505fd05b1af,eb0fbf26a446496bb4cd59ea77698caa763759f76a5bcda27177409d8ae4b68d,2010-03-31T12:11:08+00:00,33685504,128
2674,{app}\NPA5\SPECOD\prikaz_970n\prikaz_970n_15.htm,app/NPA5/SPECOD/prikaz_970n/prikaz_970n_15.htm,50247,579241767,a5542f4ca5ece7e90217d0f5e1b92e09a972d291,a10a4a0c74ba16e23756705538377e086a5e0141a26247ff842c7c14b03ce805,2010-03-31T12:11:38+00:00,33685504,128
2675,{app}\NPA5\SPECOD\prikaz_970n\prikaz_970n_16.htm,app/NPA5/SPECOD/prikaz_970n/prikaz_970n_16.htm,433747,579292014,1d1aee8c9bbc40bfff4f6ff93643c9133129d7a1,5f867f5b68e4447f78e7467d55378c25eaea6a07fe27143c52700da8b8600f97,2010-03-31T12:12:24+00:00,33685504,128
2676,{app}\NPA5\SPECOD\prikaz_970n\prikaz_970n_17.htm,app/NPA5/SPECOD/prikaz_970n/prikaz_970n_17.htm,307564,579725761,723de2bb61bf68020da99150a4a241763ddac136,a2e5435941c6baa6ee2e0d98912145d02ab0aef27faca698649cfc97ca96bdf7,2010-03-31T12:13:12+00:00,33685504,128
2677,{app}\NPA5\SPECOD\prikaz_970n\prikaz_970n_18.htm,app/NPA5/SPECOD/prikaz_970n/prikaz_970n_18.htm,97054,580033325,bdb453c3eaef50fb197d1da889c9557e098dd66b,39743bedde6eed540a264a1acc44fffaee3bd3a7163005be85428bb9aad50d93,2010-03-31T12:13:54+00:00,33685504,128
2678,{app}\NPA5\SPECOD\prikaz_970n\prikaz_970n_19.htm,app/NPA5/SPECOD/prikaz_970n/prikaz_970n_19.htm,82212,580130379,748205849ade08c46b4ca2e67be5179824777ece,820a83b0bfdef5dd0c77f892fdf8d2422759e56f8e237deae12c0a48e9e88530,2010-03-31T12:14:34+00:00,33685504,128
2679,{app}\NPA5\SPECOD\prikaz_970n\prikaz_970n_2.htm,app/NPA5/SPECOD/prikaz_970n/prikaz_970n_2.htm,321048,580212591,5817797d7940d6953e038ed34d70bd5cc924911e,405450a0e49a5bbbfcd6b82736b6c726cbca48a813e6ed2a91db50d16bb2b795,2010-03-31T11:51:00+00:00,33685504,128
2680,{app}\NPA5\SPECOD\prikaz_970n\prikaz_970n_20.htm,app/NPA5/SPECOD/prikaz_970n/prikaz_970n_20.htm,2035073,580533639,3214df302c5ef2f43e6064f3f4052681290e1d40,338847a97d6d68b1be8501c7ea300e890ec04503889b98ad1d1d11543ebe4c1b,2010-03-31T12:15:24+00:00,33685504,128
2681,{app}\NPA5\SPECOD\prikaz_970n\prikaz_970n_3.htm,app/NPA5/SPECOD/prikaz_970n/prikaz_970n_3.htm,2630207,582568712,250cdf1b8b0912cc8f11d90bc029a2a3cd4f1db6,eae1066072e7e42dd07e8dc62f41f79fd6b87f4e55dec5afc34bdbcea0116e68,2010-03-31T11:52:12+00:00,33685504,128
2682,{app}\NPA5\SPECOD\prikaz_970n\prikaz_970n_4.htm,app/NPA5/SPECOD/prikaz_970n/prikaz_970n_4.htm,58956,585198919,4df61bca0ae80dfeb2d4e539386b6ed40857f66c,cbbf4c8548f10cb6f825125e34e6bad2152fe9968ff33a76d50b9fe640ab5523,2010-03-31T11:53:36+00:00,33685504,128
2683,{app}\NPA5\SPECOD\prikaz_970n\prikaz_970n_5.htm,app/NPA5/SPECOD/prikaz_970n/prikaz_970n_5.htm,73335,585257875,ebac0ad6982d5c9d9c3fd2a72ef0a5edaf7a8f3e,a30b5b50e3433a6fc5cf42c62792c4b13a524279fcf2672bc8a942d0856e2988,2010-03-31T11:55:04+00:00,33685504,128
2684,{app}\NPA5\SPECOD\prikaz_970n\prikaz_970n_6.htm,app/NPA5/SPECOD/prikaz_970n/prikaz_970n_6.htm,56764,585331210,d25281e5ceb2a50f9ae30806603326ac94231ae4,2f834b3e3617141ced41fe1682a7580fc2b9a0cb3f5a5268a361d2491117e3ca,2010-03-31T11:56:26+00:00,33685504,128
2685,{app}\NPA5\SPECOD\prikaz_970n\prikaz_970n_7.htm,app/NPA5/SPECOD/prikaz_970n/prikaz_970n_7.htm,45731,585387974,239ecff9015fd125a4416c76f41e2a63874f7972,c6686ec60d80a09a7408f4d13a6bb8938b675b37f3621883bea63f63a057d8ac,2010-03-31T11:57:20+00:00,33685504,128
2686,{app}\NPA5\SPECOD\prikaz_970n\prikaz_970n_8.htm,app/NPA5/SPECOD/prikaz_970n/prikaz_970n_8.htm,19337,585433705,0f5d49ccc97acf963af43aaae461cf3277222adb,d12efbdc5e99f0f2e2ee83b47a1902d195bf5859aee777be816478a973e55b75,2010-03-31T12:03:06+00:00,33685504,128
2687,{app}\NPA5\SPECOD\prikaz_970n\prikaz_970n_8_.htm,app/NPA5/SPECOD/prikaz_970n/prikaz_970n_8_.htm,2630148,585453042,a0ab517ba8cb808d967de919fc335632c9e30a1e,c9f8f4553a27ca82979701368fa778b33633c18f111b48864cdf884c5d941c09,2010-03-31T11:58:32+00:00,33685504,128
2688,{app}\NPA5\SPECOD\prikaz_970n\prikaz_970n_9.htm,app/NPA5/SPECOD/prikaz_970n/prikaz_970n_9.htm,232084,588083190,7451379832bafd575683021dfd07a815d365c05e,e3ceffc438fbb32fe1373d0089c344470aa8dcc4c48715c32e3fab639d8db4af,2010-03-31T12:04:08+00:00,33685504,128
2689,{app}\NPA5\SPECOD\prikaz_970n\prikaz_970n_main.htm,app/NPA5/SPECOD/prikaz_970n/prikaz_970n_main.htm,36246,588315274,cdd3a384cf6ba685744eb0755b49dfc268661496,ebc51986a8437078dbafcf39199b7037cfff8c3fc5c9d9693126e9d057698d8c,2010-03-31T12:19:06+00:00,33685504,128
2690,{app}\NPA5\SPECOD\prikaz_970n\prikaz_970n_root.htm,app/NPA5/SPECOD/prikaz_970n/prikaz_970n_root.htm,14025666,588351520,60f192a089b546001c1f52583dadb937f9deb4c4,2dc89e7a2046c1b63bfaf36ed197b2f9396fa8f3e6a759cd69f21b6c41ebe5bf,2010-03-31T11:46:14+00:00,33685504,128
2691,{app}\NPA5\SPECOD\prikaz_997n\997n.htm,app/NPA5/SPECOD/prikaz_997n/997n.htm,610407,602377186,928b1c3635b66363513706ea7d34ef2fdf51095e,ba877cb3ef0dbea9fe35105ed01560ed489a41b855daa7c2b99c6e578f39cd2d,2015-04-28T10:58:44+00:00,33685504,128
2692,{app}\NPA5\SPECOD\prikaz_mchs_354\prikaz_mchs_354.doc,app/NPA5/SPECOD/prikaz_mchs_354/prikaz_mchs_354.doc,181248,602987593,f411eca969f7b7e8e5128d26a6a7e5c42ed44f5f,ca6c74d4aa45d2cd0879669b7d229ce8079d346173b41facb5387fb02f1209a8,2011-12-27T10:19:12+00:00,33685504,128
2693,{app}\NPA5\SPECOD\prikaz_mchs_354\prikaz_mchs_354.htm,app/NPA5/SPECOD/prikaz_mchs_354/prikaz_mchs_354.htm,154270,603168841,e984419b1b2b6b522f2251636d354e692044fa26,7d6c8c81b97d9573bfe1e57620112c4351a46dd364696eca56d739363a979c4f,2011-12-27T10:19:20+00:00,33685504,128
2694,{app}\NPA5\SPECOD\prikaz_MO_1755\prikaz_MO_1755.htm,app/NPA5/SPECOD/prikaz_MO_1755/prikaz_MO_1755.htm,68319,603323111,fc011d5a9e487118114f77e93be1f8cd31ce8bbb,87f6cef97a8b1d0c881a5b96683f33b3af3a0fb7855f00f724d74386c80408a9,2013-12-02T14:08:08+00:00,33685504,128
2695,{app}\NPA5\SPECOD\prikaz_MO_355\prikaz_MO_355.htm,app/NPA5/SPECOD/prikaz_MO_355/prikaz_MO_355.htm,43469,603391430,588616da12dd6a8ceddef4248cf6acbc3db54434,4aaf81502588f06e954369a7e5d68e65b07891d0f5dd5ec683ee176bd408f171,2013-12-03T15:21:44+00:00,33685504,128
2696,{app}\NPA5\SPECOD\prikaz_MO_435\prikaz_MO_435.htm,app/NPA5/SPECOD/prikaz_MO_435/prikaz_MO_435.htm,165269,603434899,a6116271057d39b5a90c56239b2f4793ad074ee0,c0890e6df48f816b9c9f37fba6056c0bb34f551381492ea67aacc9b038b842aa,2013-11-14T12:38:42+00:00,33685504,128
2697,{app}\NPA5\SPECOD\urkaliy\prikaz_799.htm,app/NPA5/SPECOD/urkaliy/prikaz_799.htm,688340,603600168,ed0155e09d90262b0abfebced4fe31224eabcc35,ed87893c073974930a714de8ab337c2b605cf5bc24716a60c07d35e60cffc476,2009-03-04T11:56:46+00:00,33685504,128
2698,{app}\NPA5\SPECOD\банк\СИЗ_банк.htm,app/NPA5/SPECOD/банк/СИЗ_банк.htm,88205,604288508,8adb8742dc272127c2d2da00cc11bad0db60ac16,d544d5be889d1648d79d0de83fd93c167db74206efe321ddb1f93502df3181f8,2006-06-27T12:49:06+00:00,33685504,128
2699,{app}\NPA5\SPECOD\Нормы Минэкологии\Нормы Минэкологии.htm,app/NPA5/SPECOD/Нормы Минэкологии/Нормы Минэкологии.htm,15229,604376713,ab17ea28eac69ce7212d27495c6ce8050bcaad83,6487ca4ee9152afedf6a2a4bab367a9f20b1f001daae299e2005252e6573b8af,2012-09-12T15:14:26+00:00,33685504,128
2700,{app}\NPA5\SPECOD\ОСТ 10 286-2001\ОСТ 10-286-2001.htm,app/NPA5/SPECOD/ОСТ 10 286-2001/ОСТ 10-286-2001.htm,1388194,604391942,436befbd30114ef61b0909a6e28f513786962e9f,977f63967019773a41ea6bccd9c267290731d95099daec48c1eb0faaf218817e,2010-01-29T13:42:34+00:00,33685504,128
2701,{app}\NPA5\SPECOD\повышенной видимости\hi_vision.htm,app/NPA5/SPECOD/повышенной видимости/hi_vision.htm,783837,605780136,738683432154ca3e747e8af4ab759ba9eea4905c,5f3fa2e0a85690fb576316fa9e22d4cf54f81e7e21d7e99d5a85ad273d2113bd,2006-08-17T14:24:52+00:00,33685504,128
2702,{app}\NPA5\SPECOD\пр-во препаратов\пост 68 p9.htm,app/NPA5/SPECOD/пр-во препаратов/пост 68 p9.htm,3026326,606563973,ac4094d5393f3cd07fb26f3c4c3418747085d0d9,db9afafcac1cfc32eba07482c50e1b3841165cada42820251b0c090795d0aafb,2006-10-18T11:43:48+00:00,33685504,128
2703,{app}\NPA5\SPECOD\сталелитейная пр-сть\Приказ МЗ 442 от 06.07.05.htm,app/NPA5/SPECOD/сталелитейная пр-сть/Приказ МЗ 442 от 06.07.05.htm,1553742,609590299,9aaba2f5bd67d943ae7efcac60f7c8b978a39ede,cc3abd6577f928c9ed264095a0e370a515c03fc1a07f1b6faf362bba9b799384,2006-10-30T16:25:24+00:00,33685504,128
2704,{app}\NPA5\tin\ii.htm,app/NPA5/tin/ii.htm,66834,611144041,211a8289b2ed6789b6068a1a1ba93d7a55524654,8395d1dae2276cc471c7155ef7cd3d60717209f43b08dc273962789b5a934c62,2014-04-07T07:43:14+00:00,33685504,128
2705,{app}\NPA5\tin\napr.htm,app/NPA5/tin/napr.htm,70168,611210875,ceb9156e0f66f2094b88474497970e054582b4fd,72c9d8bbd402aab9edbe8776a1357530715c6c70398cacdd3cbbeabea6beef29,2015-03-03T15:51:40+00:00,33685504,128
2706,{app}\NPA5\tin\tyag.htm,app/NPA5/tin/tyag.htm,143113,611281043,b3e097d9d6b379bf2c94533c752abf3a8917a9ae,4757ce3001adac673c41a2d5e3920842e39143cf35dbdd5b95ff4ee0ffcf20a9,2015-03-03T15:50:30+00:00,33685504,128
2707,{app}\NPA5\Трудовой кодекс\tkrf.htm,app/NPA5/Трудовой кодекс/tkrf.htm,1422214,611424156,2eb3f9624ccdcaa439301d8a48f94fd3ac377d17,d31b832fd1286ac236a741efa3c01f4f65f0390102e9228215efc0b5f7984c8b,2024-05-16T08:06:00+00:00,33685504,128
2708,{app}\paint\elements.doc,app/paint/elements.doc,19968,612846370,7b77f6b9334eff84a15a6d17990d03973393ad8d,2b2d2c42f49fdb5f477f57b569389adba6f9fb636d700e783ef02f8b7086f323,2013-02-15T15:38:30+00:00,33685504,128
2709,{app}\paint\paint.mdb,app/paint/paint.mdb,73728,612866338,16fd468eb8e0a911d71b21159c0ced6b269d1c8b,8549ac3ca6ce60065927c676b5bdbb4f7b30bb501aa374ddb901b1af30226e57,2013-01-24T12:01:18+00:00,33685504,128
2710,{app}\paint\paint_files\001.doc,app/paint/paint_files/001.doc,20992,612940066,bf24ebe96d23c29e999fbd6fd73986fd2e76a246,5fa870b33460d6e64a32c23b2039a57522509602629f5c2a1f20c518247d55f9,2010-10-15T15:07:30+00:00,33685504,128
2711,{app}\paint\paint_files\002.doc,app/paint/paint_files/002.doc,25600,612961058,d3bfc260fdc4357c0a075dc1374e385d5a5cc650,7aafc0aad95d3a2acff9712dbd771ee794cba47ab64a642cef6665b546965a4d,2013-01-24T12:01:14+00:00,33685504,128
2712,{app}\pic\01_brm.bmp,app/pic/01_brm.bmp,3174,612986658,633d08017e0a9b0532d91af65af96f516d3a5b15,6ef50d3d4046c06b57226a168368310dabdba870282722c9538751637d9f325c,2026-04-27T16:18:58+00:00,33685504,128
2713,{app}\pic\02_folder.bmp,app/pic/02_folder.bmp,2970,612989832,3b62c549954d06099847b000a7e1ee8fd775294f,fe02eb3854256f6077932dd3681a9c633ad0e08b80c26e6f9c92d307d17d9bd1,2026-04-27T15:32:18+00:00,33685504,128
2714,{app}\pic\03_folder_open.bmp,app/pic/03_folder_open.bmp,2550,612992802,5cdd0d26e85bd30875b7dc63525d5492d99c66d5,e3461e7e36ec1fc0db14b5293acefb7bbb09bf934307d5c1f62cfd543cb64fa6,2026-04-27T15:36:10+00:00,33685504,128
2715,{app}\pic\04_folder1.bmp,app/pic/04_folder1.bmp,2970,612995352,9544fe3c2cfba48df550aa4988ab2ed9052ddc72,b5ce5d00e8d9444b3e149bb1bba6bfe54115f8762b453fd9198161ec0e151caa,2026-04-27T15:39:08+00:00,33685504,128
2716,{app}\pic\05_folder2.bmp,app/pic/05_folder2.bmp,2970,612998322,301def936230c34e4c4824c01516509587e98222,c7d1c74639c1a5d793abc24c3e64e1090ade76abadc0a180e6adb9464e76139c,2026-04-27T15:39:52+00:00,33685504,128
2717,{app}\pic\06_folder3.bmp,app/pic/06_folder3.bmp,2970,613001292,794b6a04e8126a469fa2b2f2c03e9373888cc859,434b33d6ed7d32a801f173995e6c80d449d2f0371622f0a0418609bdaeb28197,2026-04-27T15:40:20+00:00,33685504,128
2718,{app}\pic\07_folder4.bmp,app/pic/07_folder4.bmp,2970,613004262,2ecb05dc8941ce9bbeaaa701de176657a0f92bb9,58cc328ff51828843d1c4d4c39adae4aabba9ffbfc2da1195e6c0fcf18787942,2026-04-27T15:40:56+00:00,33685504,128
2719,{app}\pic\08_folder5.bmp,app/pic/08_folder5.bmp,3078,613007232,b7e88e37d9c64f1bed5377f68114f294214bfee4,54e2ae5259ad3176b07a9836d18cd352ec4a1c84f2d8fadb66c7d12c72d49a6a,2026-04-27T15:41:20+00:00,33685504,128
2720,{app}\pic\09_folder6.bmp,app/pic/09_folder6.bmp,3078,613010310,26321bad85ffd1661f262f84b7c8d448de3c7e81,940d46901ba183c817f1840ec05979f7d4ec95d0726808e86a23259ae5e6e9f5,2026-04-27T15:41:58+00:00,33685504,128
2721,{app}\pic\10_worker.bmp,app/pic/10_worker.bmp,2862,613013388,13c1e2b618562da13a8827532b51e46528e5b761,03918da351c1876ba65c31d96c7af49d6cac36d30118dade045e9e9f054b4924,2026-04-27T16:25:46+00:00,33685504,128
2722,{app}\pic\11_folder3_plus.bmp,app/pic/11_folder3_plus.bmp,2862,613016250,4c0bafa445bef77024aa5e48f7a078f2658d0b0f,f0d0ed4904f7d513a180061585c5dee530a426c21eeea3c08355facaf0230b8b,2026-04-27T15:44:22+00:00,33685504,128
2723,{app}\pic\14_workers2.bmp,app/pic/14_workers2.bmp,2862,613019112,3f9cdcf4af877ccce0c59bf550b7bc81da49d828,7951db19ffdfcce13815ca7c9848259ea328dd4e448e9e764490a2c98b85b418,2026-04-27T16:28:04+00:00,33685504,128
2724,{app}\pic\btns_2k\add.gif,app/pic/btns_2k/add.gif,914,613021974,878dc6c239046b01cbf92a55fafed7eb5ea66b68,100e78b0a91a3f37f1fca832aaf259a10d8767dab360faefa093b6914c397765,2026-04-29T11:40:10+00:00,33685504,128
2725,{app}\pic\btns_2k\copy.gif,app/pic/btns_2k/copy.gif,1736,613022888,b0c45ba0494c2de8aca3ed0505728174d0ef3342,6eaf3a035984d1193684ee947db8f8a58f8929a69fe10cec0def245a8df797ef,2026-05-04T15:24:04+00:00,33685504,128
2726,{app}\pic\btns_2k\del.gif,app/pic/btns_2k/del.gif,934,613024624,6df71d6687b742702ef4e59aafea43ad720ca383,24e08d011279878b12151f0e0fefb6487fff8c86f0947512dcbbe9b207089c0f,2026-04-29T11:40:32+00:00,33685504,128
2727,{app}\pic\btns_2k\doc.gif,app/pic/btns_2k/doc.gif,1547,613025558,45f38cfd033854aa70b181db6a200c7fe3c33f38,c45ea25962ee13b2ebbbc15b172fe3d0e07223d8eee063509b11119579feb631,2026-05-04T16:33:58+00:00,33685504,128
2728,{app}\pic\btns_2k\edit.gif,app/pic/btns_2k/edit.gif,898,613027105,639558dad8faf97b3f22cce3c1018bf3d2d6a461,4b21caaf5495a1c6c04b03371c4c61f1653485ae9f82d9ff7202fe9db1a0df57,2026-04-29T11:40:58+00:00,33685504,128
2729,{app}\pic\btns_2k\excel.gif,app/pic/btns_2k/excel.gif,1740,613028003,cfd58cfdc8481ecd21f9d0457d46e50d0743ea95,1518bf95d14a6713264a18d7a10fcfc4d000a6a85bb90b9aab3bef97a241d458,2026-05-04T15:17:08+00:00,33685504,128
2730,{app}\pic\btns_2k\find.gif,app/pic/btns_2k/find.gif,1510,613029743,427f72f561d1ced87b4966a5905108c98ea69d36,4fa95c0f1c5547659b92b5c91f54b16596aac23cc9c8b7556670e1d6051b0d7b,2026-04-29T11:23:38+00:00,33685504,128
2731,{app}\pic\btns_2k\folder.gif,app/pic/btns_2k/folder.gif,1480,613031253,452357ea23d5b5465086bbb290c350cc9928e3d2,04f2d9316abbc160c2fd0cb78ca8440fe03f6cb6ae3601d8b56223b3c7825f88,2026-05-04T16:35:40+00:00,33685504,128
2732,{app}\pic\btns_2k\open.gif,app/pic/btns_2k/open.gif,1528,613032733,578fb12453e61cf81fb3da10e34fdbb03d8f89c4,4927125b3a704e3b5a6ddb9ee8ba26cd9a415bbeb600ff2241f9f16320ec9b31,2026-04-29T11:19:24+00:00,33685504,128
2733,{app}\pic\btns_2k\paste.gif,app/pic/btns_2k/paste.gif,1668,613034261,8bc6df3f49272b88389725d03d98cfc03fadb91b,a2b72e6786d3cc20655a0a8d35b37b8ec4d91e127b45290b75d236bc5076f1e0,2026-05-04T15:22:24+00:00,33685504,128
2734,{app}\pic\btns_2k\print.bmp,app/pic/btns_2k/print.bmp,3126,613035929,b2f5c9048b88007a46c35f250884f1cca101f79b,4c366a811a7219af4270dd4c0b7ca09356676ccd52e7cd7e79ff6424bd43196d,2026-04-29T09:05:28+00:00,33685504,128
2735,{app}\pic\btns_2k\report.gif,app/pic/btns_2k/report.gif,1733,613039055,15d309af81101dc9f9ec1d56e67b8b423e457bce,e9a04d1a74835d996c7a84e3d9f8ddec76e262e8f149d7c5d09b7443eae12376,2026-04-29T11:27:06+00:00,33685504,128
2736,{app}\pic\btns_2k\save.bmp,app/pic/btns_2k/save.bmp,3126,613040788,22d5add933af8ec910974d930816b3b57e7929f9,1172a3ba548ad90cfafa1c048d9610fa7cd8625d9f4fe8a0402dca812c8a33b2,2026-04-29T08:58:38+00:00,33685504,128
2737,{app}\restore\res_orgs.mdb,app/restore/res_orgs.mdb,524288,613043914,73761caaafd0e24c0619c0aa09dd993585f10712,06aa7c05dc1e4b39b54a982b0eb5751a74f95cda73f87776245cb4f9d54361e2,2026-08-03T14:47:46+00:00,33685504,128
2738,{app}\user_templates\aeroion_usr_sout.dot,app/user_templates/aeroion_usr_sout.dot,54784,613568202,37261b55a329f70ba8b9d588e9f411a17e4c505d,ab58ae1d82856e83f790f78b7f0dc52f8dd85a499935036be8ac5f6492606506,2025-12-03T08:41:58+00:00,33685504,128
2739,{app}\user_templates\apfd_usr1_1_sout.dot,app/user_templates/apfd_usr1_1_sout.dot,50688,613622986,ccc5409d4bab121639737df2ba2200a3a1aa7aca,40d13061eafde672f171f7087ecb7cb8f319c773fb5866ed9f2f312011d51178,2023-07-07T16:15:26+00:00,33685504,128
2740,{app}\user_templates\apfd_usr2019_sout.dot,app/user_templates/apfd_usr2019_sout.dot,74240,613673674,ce7f62aff288c7675751cdb1bbaab4dd64d2413c,e21c7ba1db9beddea9303827890f224c2dd3f779ebb3fbd65ca47800beb09edd,2023-11-09T11:45:52+00:00,33685504,128
2741,{app}\user_templates\apfd_usr2019_sout2.dot,app/user_templates/apfd_usr2019_sout2.dot,75776,613747914,02ffc637baef86ce10aa0a5777ea42eb1af72ccb,18f43fa8fa8fc5bb1275ea7cef568d229abef38c9c2efcfad3312a99085350c3,2023-11-09T11:46:08+00:00,33685504,128
2742,{app}\user_templates\apfd_usr2019_sout51.dot,app/user_templates/apfd_usr2019_sout51.dot,75264,613823690,a7de4bdf0a001595b6e281fe7332a2f93b0a10c7,66ff772b80ac62302e4ff2a3db381eed1a7964abc2ff1075aa0c7faf157aaf69,2022-12-16T13:33:16+00:00,33685504,128
2743,{app}\user_templates\apfd_usr2019_sout52.dot,app/user_templates/apfd_usr2019_sout52.dot,70656,613898954,591dabb41d1375cb861d3933bee78e3e7fd20907,67d98fcfb0861ebd4230c28d795a03ea63805eacfdbe83ccd0f37fcbdd6d6013,2024-06-11T14:14:28+00:00,33685504,128
2744,{app}\user_templates\apfd_usr2019_sout53.dot,app/user_templates/apfd_usr2019_sout53.dot,72704,613969610,3da4b95982ff8c517fcf0009f373a9896b1a706f,eef0f33cd26dbb03fb7fbb8451d2fa290b05711bd47e7249c4888423b2dc2abe,2024-12-09T08:20:20+00:00,33685504,128
2745,{app}\user_templates\apfd_usr2019_sout54.dot,app/user_templates/apfd_usr2019_sout54.dot,75776,614042314,c1da4bd175e691a659eafc570019a0ab4fc86912,696257da85486dbf82701612345779b824d4bfa57e11fa69c8459d1f1443f2c2,2025-07-25T09:48:54+00:00,33685504,128
2746,{app}\user_templates\apfd_usr2_sout.dot,app/user_templates/apfd_usr2_sout.dot,49664,614118090,ad71d3dd57f9614097f3644373421266b4c4d2e8,793a3a7d24fb5eaf598ec2d56807f9d92e37b59f989ad4180a69d9f54c340548,2023-07-07T16:15:20+00:00,33685504,128
2747,{app}\user_templates\apfd_usr3_1_sout.dot,app/user_templates/apfd_usr3_1_sout.dot,51200,614167754,c77d48d05d3ea70edb4fd969b8eb5bd3382c85f3,762530881717937129caebb243f61cd20f5450ee6f72bbfff7a404dfa0afd92f,2023-07-07T16:15:14+00:00,33685504,128
2748,{app}\user_templates\apfd_usr3_sout.dot,app/user_templates/apfd_usr3_sout.dot,51200,614218954,511d802ddb68d53c09d8916e9c7fca9e92ae20c3,8ba462ce9225f1a34d7174ea34ed86528ed519cad0077d4261e564e26e5ffca5,2023-07-07T16:15:08+00:00,33685504,128
2749,{app}\user_templates\apfd_usr4_1_sout.dot,app/user_templates/apfd_usr4_1_sout.dot,51200,614270154,8d327d0783f2857e423dd3ff53714067e71d412c,3663d294592be32857bd70b8cf8905df2377202f7fefecf3f3b7733c2d3d0ecf,2023-07-07T16:15:00+00:00,33685504,128
2750,{app}\user_templates\apfd_usr4_2_sout.dot,app/user_templates/apfd_usr4_2_sout.dot,52736,614321354,e2f3fe20a4eaed12b2d2438ff677cef722c65c6c,a488febfad861f0fe889203113c2d5875ca88436ce72c60b3a4b4640f5e0bd8c,2024-08-15T11:42:02+00:00,33685504,128
2751,{app}\user_templates\apfd_usr4_sout.dot,app/user_templates/apfd_usr4_sout.dot,51200,614374090,3303a82bfce1295b411a09b3a92df4092a751897,b8c9e6546eda06382ac6801709b2941dcc704da5fdc569737756034322029e95,2023-07-07T16:15:44+00:00,33685504,128
2752,{app}\user_templates\apfd_usr_sout.dot,app/user_templates/apfd_usr_sout.dot,49664,614425290,4ae1cc04baca33910de3034d82f118e57dc13377,23133d64aafed5672c659f5db0d220c5457272d635cd01b1943c186894a9f622,2023-07-07T16:15:38+00:00,33685504,128
2753,{app}\user_templates\apfd_usr_sout_pk.dot,app/user_templates/apfd_usr_sout_pk.dot,48128,614474954,8cce0221e395f8112ca17a020ffea2397e563a98,52f46f36150eb354396daee821f938c3273d833b58a4cec702d3eb3a3443ae13,2023-07-07T16:15:32+00:00,33685504,128
2754,{app}\user_templates\bio_usr2_sout.dot,app/user_templates/bio_usr2_sout.dot,45568,614523082,a79afcdcdd280caea973ea66b7152619e45c61b8,8e9cafe3e6ff93a7f309a8f8fa62bf20735838b516b91f0ff44b298c4b8f716c,2016-03-29T09:19:48+00:00,33685504,128
2755,{app}\user_templates\bio_usr31_sout.dot,app/user_templates/bio_usr31_sout.dot,45568,614568650,4e96a106e7ac567af8fe0dc9ce23e9023040ca8c,bbef7dca056c32e4ef05e8f6b47c9eebb72dc853c1395b04c4d4097ec1b79f86,2024-04-08T09:28:26+00:00,33685504,128
2756,{app}\user_templates\bio_usr3_sout.dot,app/user_templates/bio_usr3_sout.dot,45056,614614218,95dbf3600b46a95bd0b1a527add9ddb8df45ca54,f0fc6d94fa3be4d96260695b180d8ae5ea2a3fddcb58395281d48808c8e06bb4,2023-09-07T14:18:58+00:00,33685504,128
2757,{app}\user_templates\bio_usr4_1_sout.dot,app/user_templates/bio_usr4_1_sout.dot,45568,614659274,4cedeafc40055fbe45d516c40080c2fc6e1a406e,9b785061003a995460379211448c7e25a8f720de719b68b6e70b18e39c1dc0f7,2024-11-11T15:14:02+00:00,33685504,128
2758,{app}\user_templates\bio_usr4_sout.dot,app/user_templates/bio_usr4_sout.dot,45568,614704842,6df00c06f2fe9bf3025a2b2cace0007fbe1316ee,44f1f293ff15110d2eeeb7a2d7c2f89cdeca2fc42757f3de13774728f0e16148,2024-09-13T10:47:22+00:00,33685504,128
2759,{app}\user_templates\bio_usr_sout.dot,app/user_templates/bio_usr_sout.dot,49664,614750410,b33a09a92dd4d615b735d0e7e3af46ebf154d702,51947b7c8675923ed4c323c6a52dff36c89e19ff4b0b8630c0943142ee1404c4,2019-08-05T12:45:58+00:00,33685504,128
2760,{app}\user_templates\brm_info.XLT,app/user_templates/brm_info.XLT,18432,614800074,98a00516f20cfba51d6f02e0c7add6f955f9676a,8af219fcdf1528c373a111974df5fa59fb823bcc874215bfd7ac25924782f131,2015-07-03T15:20:36+00:00,33685504,128
2761,{app}\user_templates\card_hron_usr01.dot,app/user_templates/card_hron_usr01.dot,61440,614818506,8f1e131b2e2c05aa4f48c3e8544482a437913814,2cb3b22000517dff4b5b0aba12cb05582c3726306cad859707b09cff34b00d9c,2017-08-15T16:12:50+00:00,33685504,128
2762,{app}\user_templates\card_hron_usr02.dot,app/user_templates/card_hron_usr02.dot,61440,614879946,fff23f9eddbf75d3be76b9884bcd6afcb8e6160f,fec3480f12ed308141c2c62b6d57c0faad273900bf191e8eea12f8dc03dec6d1,2017-08-15T16:12:40+00:00,33685504,128
2763,{app}\user_templates\card_hron_usr03.dot,app/user_templates/card_hron_usr03.dot,59392,614941386,ea943234f11b3b175b9b37311ce75ccc5379d830,9b12a4c14086dc0ac99615a6fa583110628cc71d5900f33c3616880bcefff020,2024-08-28T13:58:12+00:00,33685504,128
2764,{app}\user_templates\card_hron_usr04.dot,app/user_templates/card_hron_usr04.dot,87040,615000778,fa49332d4b28ce9374c7097ed9757f79cc975a36,9fba232d8e18982aa8100ff1e3a4b6231ca584e40441fd20469f0649dba71d91,2024-09-27T11:33:44+00:00,33685504,128
2765,{app}\user_templates\card_siz_usr_sout.dot,app/user_templates/card_siz_usr_sout.dot,48128,615087818,56e95c564d2b0dc39fb7284220764534ab409c0d,8d4b2687d4d79fc4e37f425dc876937a90f39889a5431e9099ebafd1c0541edb,2023-08-23T11:22:38+00:00,33685504,128
2766,{app}\user_templates\docs_content.dot,app/user_templates/docs_content.dot,34816,615135946,7842daa10a996c3bdf054ce68edf3ac603fb3b3c,d8dc90a8be84982f244c1def05ed9462ee78ede2a37ab796371ec87506085b82,2015-02-17T10:48:58+00:00,33685504,128
2767,{app}\user_templates\docs_content2.dot,app/user_templates/docs_content2.dot,34816,615170762,d2241b5f94dc05784f7b300260dd60d60d4b9b53,f0001ac39501c80be6cafd190a9cc23897452b71553988af34e0b6a18660974d,2015-02-19T11:56:50+00:00,33685504,128
2768,{app}\user_templates\dopl_usr.dot,app/user_templates/dopl_usr.dot,47616,615205578,d53915c46eb3dbfb0b08dee18322be5f3272ac7a,6cfc697ee4a637bccb5add893322f2cd84502c88fe4b0170b7c597bf1ed1aca2,2014-06-02T13:39:56+00:00,33685504,128
2769,{app}\user_templates\dop_rep.dot,app/user_templates/dop_rep.dot,22528,615253194,f12bca96be3c6f1a7ccdb6f99d40c94083350ef7,7b81c9d861ca3f193f672f1a10b7d284d566e729e281a43155ee71a63d1dcf90,2016-10-20T10:32:12+00:00,33685504,128
2770,{app}\user_templates\dop_rep2.dot,app/user_templates/dop_rep2.dot,22528,615275722,c7f2da6d2a319dfdabe6a2b2ccc10df5e097fdb7,8e810486f90edc2d93b9d762187b5dec8d08a91c16266fc8636cdbf6f9f5ea4d,2016-10-20T16:41:00+00:00,33685504,128
2771,{app}\user_templates\dop_rep47.dot,app/user_templates/dop_rep47.dot,29184,615298250,ca89d22cc66ae0d2b4a1325b07e44e67e385f201,45308272ed44ea9255dcea6ad6917ab6a9843e1764e3c00c426789db9fa8ad8e,2020-09-18T13:23:32+00:00,33685504,128
2772,{app}\user_templates\dop_rep48.dot,app/user_templates/dop_rep48.dot,29184,615327434,54a3af27206ca20ff73a4584bec2ab42127c4ef2,97a4f2b3e0e4cd30f1e8e75f32cf909a0f83f443d596c19a4293916a15aef897,2020-09-18T13:23:14+00:00,33685504,128
2773,{app}\user_templates\dop_rep_count.dot,app/user_templates/dop_rep_count.dot,22528,615356618,52820a56517c533ced546a1b894b7ea5b4e13760,91e00b629a3363008a3b47b48700b3bf21b22be1441ead08b32bcf4c4159eae3,2021-12-29T15:25:18+00:00,33685504,128
2774,{app}\user_templates\dop_rep_fgis_ra.dot,app/user_templates/dop_rep_fgis_ra.dot,22528,615379146,a6b555afd2c84e5154d626ad0fb38fa6265eff50,f90cfe3a4019bd052ebb1ec7717b0e9421e880702360e5a05d694a266529c27c,2025-08-06T10:06:36+00:00,33685504,128
2775,{app}\user_templates\dop_rep_per_mer.dot,app/user_templates/dop_rep_per_mer.dot,22528,615401674,f12bca96be3c6f1a7ccdb6f99d40c94083350ef7,7b81c9d861ca3f193f672f1a10b7d284d566e729e281a43155ee71a63d1dcf90,2016-10-20T10:32:12+00:00,33685504,128
2776,{app}\user_templates\dop_rep_risk.dot,app/user_templates/dop_rep_risk.dot,22528,615424202,398611e4a7aee35c922533e5e6e24fdf23307246,fee824886d18c6a840e56d2ee69f6efeda6dacff2d00ff636575f4aafec9f53e,2021-10-06T09:56:58+00:00,33685504,128
2777,{app}\user_templates\dop_rep_risk2.dot,app/user_templates/dop_rep_risk2.dot,22528,615446730,2f2aa00cb87270a57b8b8bf5f73e473fc33e6d2b,9624e27bac13f1c4e871ee52dc14a88a9a1078f2e0ade441b32aaea4c5292cf4,2024-09-05T13:19:36+00:00,33685504,128
2778,{app}\user_templates\dop_rep_si.dot,app/user_templates/dop_rep_si.dot,22528,615469258,c7f2da6d2a319dfdabe6a2b2ccc10df5e097fdb7,8e810486f90edc2d93b9d762187b5dec8d08a91c16266fc8636cdbf6f9f5ea4d,2016-10-20T16:41:00+00:00,33685504,128
2779,{app}\user_templates\dop_rep_si2.dot,app/user_templates/dop_rep_si2.dot,22528,615491786,c7f2da6d2a319dfdabe6a2b2ccc10df5e097fdb7,8e810486f90edc2d93b9d762187b5dec8d08a91c16266fc8636cdbf6f9f5ea4d,2016-10-20T16:41:00+00:00,33685504,128
2780,{app}\user_templates\dop_rep_si3.dot,app/user_templates/dop_rep_si3.dot,22528,615514314,a32e86dccde09676529e2c250982a88c47d64e6b,37f475b87b851722645cb93c794a61eada6fe6d531a4f2f47b52220b74db102c,2024-12-10T10:17:10+00:00,33685504,128
2781,{app}\user_templates\dop_rep_siz.dot,app/user_templates/dop_rep_siz.dot,22528,615536842,68176e556a1c33def7ae98624484763ddf77c9b3,f8a49b42ac4a9c5890286d567833a3ea397fa71f8a0588462c73a24429f26c1d,2023-06-01T14:20:42+00:00,33685504,128
2782,{app}\user_templates\dop_rep_wb.dot,app/user_templates/dop_rep_wb.dot,30208,615559370,283e941c06c437995b5855090e85de823c7db888,f2455254371bac3da149a36524d0ce3bd91d1b4254acd6d2df44418590f15332,2021-10-28T10:44:58+00:00,33685504,128
2783,{app}\user_templates\emp50_usr2019_31_sout.dot,app/user_templates/emp50_usr2019_31_sout.dot,76288,615589578,d3fe55d4f7ebabcbad0daec1459ef5e9934f1c2b,c9506ed19df34d60b3288c0343ca65c67eb5959b347973a74cf317339f0808c6,2026-08-18T15:36:02+00:00,33685504,128
2784,{app}\user_templates\emp50_usr2019_sout.dot,app/user_templates/emp50_usr2019_sout.dot,74240,615665866,6f2ac8deb6f1abd6c14c45cc62f7fabf4052c603,dfaa77ff441c7bdc5dc95f43107fd027ddeb25fb0d52a0567a90125561dfb98a,2024-04-22T15:08:10+00:00,33685504,128
2785,{app}\user_templates\emp50_usr21_sout.dot,app/user_templates/emp50_usr21_sout.dot,52224,615740106,9f09f0e7787dc8b1afffd9ea7bf4376841848b92,8b547d31f4d53f0e7d948a1bcfb2cd5e640123adf6f996af08b02b21bfdee42d,2025-02-27T11:29:08+00:00,33685504,128
2786,{app}\user_templates\emp50_usr2_sout.dot,app/user_templates/emp50_usr2_sout.dot,51200,615792330,322b566a8ca7856baf64d788505ea103b72c6bc4,e783b0b1acbca057c51fe9b622d2374c14bc95a6c9c8598dd6020ffc8616d0b6,2024-04-22T15:08:18+00:00,33685504,128
2787,{app}\user_templates\emp50_usr_sout.dot,app/user_templates/emp50_usr_sout.dot,49664,615843530,05d8744e3aa1dfd3ee726bd758273c3907fe2169,d0c51c88ac379623bb183a20ec5915acab36aad8010c48e07d4b65b0a767726c,2024-04-22T15:08:02+00:00,33685504,128
2788,{app}\user_templates\emp50_usr_sout_pk.dot,app/user_templates/emp50_usr_sout_pk.dot,48128,615893194,6c99b1dd821d623c72e0f75846ac6dfc0fd7d686,61c1cc1d6c32de4f4318547ef019e2ea562f04cbc582ef09dcc545f589169409,2024-04-22T15:08:28+00:00,33685504,128
2789,{app}\user_templates\emp_pc_usr_sout.dot,app/user_templates/emp_pc_usr_sout.dot,50688,615941322,498bdcf35cd524551704a58e5bdec3e114e0eb55,8343211fc2a5f18d3a7ebb2de8fe85e011aa9f34f3278a2cd49e9d0cb3f8ae28,2020-06-02T14:10:56+00:00,33685504,128
2790,{app}\user_templates\emp_rd_usr2019_sout.dot,app/user_templates/emp_rd_usr2019_sout.dot,81920,615992010,f1ba788130e15721face1d72bf4491ff25393722,01779fc410a861a51e4d797fa38edc53a02ab6d4e0324639fb5f5330382f4742,2020-09-08T15:05:32+00:00,33685504,128
2791,{app}\user_templates\emp_rd_usr2_sout.dot,app/user_templates/emp_rd_usr2_sout.dot,50688,616073930,e8a8980911be8ff8901ee5e6018dc49ad107daff,386fc42e8445eb860fd285a9a7a050d64e0caafb78a6ae610a027515aa49b050,2019-08-05T12:48:38+00:00,33685504,128
2792,{app}\user_templates\emp_rd_usr_sout.dot,app/user_templates/emp_rd_usr_sout.dot,51200,616124618,c2bd814514a0235b91c7ec24d378d8007c6bc8af,4422cbab9bb0d656036fdf267b62021b60ca5b124c3dee197dd297728be21d9a,2019-08-05T12:48:48+00:00,33685504,128
2793,{app}\user_templates\emp_rd_usr_sout_pk.dot,app/user_templates/emp_rd_usr_sout_pk.dot,48128,616175818,60844bf63fe094abc34bd6f85c52ef806aef3c33,b335e348c997a493f472b5f36ceba3659fd24510ebbae0326f770ec123afc2c8,2019-08-05T12:48:44+00:00,33685504,128
2794,{app}\user_templates\esp_usr2019_sout.dot,app/user_templates/esp_usr2019_sout.dot,74240,616223946,2cf53890ede0f55f2a96e892316d9c40cfa45a5c,04757996e53d58dacb0267b543af825bf9ea664d90eed238c7f42336530b4b02,2020-07-24T13:45:50+00:00,33685504,128
2795,{app}\user_templates\esp_usr2_sout.dot,app/user_templates/esp_usr2_sout.dot,51200,616298186,2df3a426707b5d68f236813fe4c652af3eb9df42,649f57bcf7b9ec03714ba73da61d203a469c1fa8f283905a1908b8ed25442294,2019-08-05T12:48:04+00:00,33685504,128
2796,{app}\user_templates\esp_usr_sout.dot,app/user_templates/esp_usr_sout.dot,49664,616349386,866156d9d4636234afcfe570d3d2c9d95da77a08,42fe842162f02a59a441f8c699d1f938666f5026a329472750ef3acc82bf96e3,2019-08-05T12:48:16+00:00,33685504,128
2797,{app}\user_templates\esp_usr_sout_pk.dot,app/user_templates/esp_usr_sout_pk.dot,48128,616399050,4a1495aaf9c5b03e50301c7a0598844de77dd5a6,dc225bfd9858f68d8ec0e86d19ff47d862b973f9135338ee759ab14b81866f27,2019-08-05T12:48:10+00:00,33685504,128
2798,{app}\user_templates\exp_zakl_usr01.dot,app/user_templates/exp_zakl_usr01.dot,55808,616447178,3433b5b294b610db74dc48cf33ac82a515be80e0,247348df9c7820b8d7d80c6e42eb6121a27af9640db7d1d5655258da57765dcc,2019-08-05T12:48:00+00:00,33685504,128
2799,{app}\user_templates\exp_zakl_usr02.dot,app/user_templates/exp_zakl_usr02.dot,56832,616502986,3c89ce650ac24262d4539b82c57037877f8c851a,9733b6fcf6d02efe09967535d5fdf73f8bfece45d425a8bcf126159743f4a6ba,2019-08-05T12:47:54+00:00,33685504,128
2800,{app}\user_templates\exp_zakl_usr03.dot,app/user_templates/exp_zakl_usr03.dot,58368,616559818,f93b29c144961ef49eadf961e007de54f1c4f0fe,5951fa9d6aa7d261bf60878f49b7db663f4ceae9b7af3173af45094510a7fe73,2019-08-05T12:47:50+00:00,33685504,128
2801,{app}\user_templates\exp_zakl_usr04.dot,app/user_templates/exp_zakl_usr04.dot,60416,616618186,1facff6b7dc1faff86358405b0ccfd8a540f4661,8d3a4bfe88130899ab465431360c5ef8f09c18773c37301fc2fccddc55181151,2019-08-05T12:49:06+00:00,33685504,128
2802,{app}\user_templates\factors.xlt,app/user_templates/factors.xlt,19968,616678602,8ae5e3960f4fe55c4182b4cf59e92a7b297fb761,99a59e1335d66d3fd0797ff2dffe78271539758829630e2e37c65f88ecbdae06,2014-10-03T10:01:44+00:00,33685504,128
2803,{app}\user_templates\factors_info.xlt,app/user_templates/factors_info.xlt,16384,616698570,a92833debf5b30f46d50df74d1f218f2636f7628,ee1d38de96cfcbb5e2bec682d7c38eaeeb0936f6951795f96e2954c54bdeca92,2020-02-04T14:21:46+00:00,33685504,128
2804,{app}\user_templates\fgis_ra.xlt,app/user_templates/fgis_ra.xlt,23040,616714954,836f26fa494dcfda0976fbd604c8660220ee6c1f,b9d563934bcc53e303650da76729734067ff258d1ea9453e8c0ad348c605b624,2025-10-20T15:34:36+00:00,33685504,128
2805,{app}\user_templates\fgis_sout_dop.dot,app/user_templates/fgis_sout_dop.dot,22528,616737994,26d26ebfc9f3fecd7e8268830ed3dacb64e78f73,3a4a4dcc9f79877ba791bb5a1cbad4f4c9d93da88ee3ef9acc7be94b9a0bb006,2025-11-25T10:23:52+00:00,33685504,128
2806,{app}\user_templates\forma_80n.dot,app/user_templates/forma_80n.dot,55296,616760522,72a9c96d317189a4d8d0715e79dac72b02172a57,96583c13ea544a2fe32918541edacaed5b67272b0f515e31bf8a0709caf133eb,2016-02-11T11:35:06+00:00,33685504,128
2807,{app}\user_templates\forma_80n_2.dot,app/user_templates/forma_80n_2.dot,53760,616815818,47d93cdb115a8817ed59bfc35e373193ee74647c,e202eaa8517e6c9f03fdc94c59fd7b5d6571f14112a22f3e889ee4c2d95b96c5,2016-07-25T12:40:38+00:00,33685504,128
2808,{app}\user_templates\forma_80n_21.dot,app/user_templates/forma_80n_21.dot,53760,616869578,78c97e10899da9c797cec21272a4125f91d1d759,0b3ef2bc6a2ed5d2559886e21f5ec78c064c4cd5ba88da87b375b980985d50a4,2017-02-13T10:36:08+00:00,33685504,128
2809,{app}\user_templates\forma_80n_22.dot,app/user_templates/forma_80n_22.dot,55296,616923338,0fb612417f475daa63c45af44379008a8ee32287,9fe86361787348d3e768be39e46cd44f0bf0e4e23e47e201a73cf5d1116cc4cc,2017-02-15T14:57:26+00:00,33685504,128
2810,{app}\user_templates\forma_80n_22a.dot,app/user_templates/forma_80n_22a.dot,54784,616978634,1f0060c3269cfb9924f96e43e3f033d212f2f717,6c1c19c571f5b35bf04a01c34897e5636eabba5976e61c62fcf9bee6b72e6e3f,2022-03-15T11:29:26+00:00,33685504,128
2811,{app}\user_templates\forma_decl_699n.dot,app/user_templates/forma_decl_699n.dot,53760,617033418,e0a59365a33f381ea77627ea1daca9ef1398ce45,c72e2ddddc94cdb35796d7bdd29ef2cb920e6b1ddd9eb068e7fe85d221fe51d5,2023-05-10T15:08:40+00:00,33685504,128
2812,{app}\user_templates\fpage.dot,app/user_templates/fpage.dot,72192,617087178,ccdce11827ff8dbf6340ca1998b3e5e24097f9c3,3433c5ac517879337a20d6e06f20dad67caf1e61939660a98265c40ed7922cf7,2026-05-13T11:54:18+00:00,33685504,128
2813,{app}\user_templates\him_usr1_1_sout.dot,app/user_templates/him_usr1_1_sout.dot,50688,617159370,adfcbce33475d603873a8000ce994ad95390f12a,ba49ea2e4473369434049ffae67b5485b163981af8c554faabf0bcc945a4ad39,2023-07-07T16:38:12+00:00,33685504,128
2814,{app}\user_templates\him_usr2019_sout.dot,app/user_templates/him_usr2019_sout.dot,74240,617210058,b319c45943127f3110bb6aa4ac8e926d9061685a,d91d606ee3b36eebdd4e3ceb4ca6b1fad24c7df5a614da261364e30f0fb761f1,2023-11-09T11:45:04+00:00,33685504,128
2815,{app}\user_templates\him_usr2019_sout2.dot,app/user_templates/him_usr2019_sout2.dot,75776,617284298,eb224b06b4e5cc123735c8f22e79d6550f948be3,aefdf68483d2c99415d4a2ee0b7a2967e148246d6514e9fe27360f93d7e18428,2023-11-09T11:45:26+00:00,33685504,128
2816,{app}\user_templates\him_usr2019_sout51.dot,app/user_templates/him_usr2019_sout51.dot,76800,617360074,f0852af731954b95dc8d78a64e8136fb28783886,145fbb4ea10ebd7affe362fea64b6009ba781858dcc6cb615e6cf3688f8892c4,2025-07-25T09:51:16+00:00,33685504,128
2817,{app}\user_templates\him_usr2019_sout52.dot,app/user_templates/him_usr2019_sout52.dot,75264,617436874,d80ec4ddefbf5a91ebcd8a41d01ee7da7f9825b0,f36d410d4b3c98d65354c988750762b4e9abd45c0473d21334d266f8b5ea9cbe,2026-02-25T09:19:14+00:00,33685504,128
2818,{app}\user_templates\him_usr2019_sout7.dot,app/user_templates/him_usr2019_sout7.dot,75776,617512138,eaca95ed1276ff9394b8963c49468df570efcbce,97b4136a938fe291d842c31dea4bf0cc4f28f1a49aad1eb42a1f6a51df69f4b9,2026-06-24T15:37:42+00:00,33685504,128
2819,{app}\user_templates\him_usr2_1_sout.dot,app/user_templates/him_usr2_1_sout.dot,51200,617587914,74e4210a5be8ba1c9e0c47f1eb067d9f2983a4d9,d7721c4aaa39276f99a50065a67a12daa37b345a938d41f89fad646c684c6d4c,2023-07-07T16:38:06+00:00,33685504,128
2820,{app}\user_templates\him_usr2_sout.dot,app/user_templates/him_usr2_sout.dot,51200,617639114,d087904b4f0ff46eaf2f3bf8ef2eae1f3861e1f6,03c0814aa1b97c89119a85aeb2a3d27be88e9412f16d8f3956f18676a2c4bdd1,2023-07-07T16:37:58+00:00,33685504,128
2821,{app}\user_templates\him_usr3_1_sout.dot,app/user_templates/him_usr3_1_sout.dot,50688,617690314,62aeb19e455e49fbed16e89f8d64592fa21e6d3a,dcca23bfac5cc1ac7d4e97924d9e6a4504faf274e2dc3acba13b6c96714e1fee,2023-07-07T16:37:54+00:00,33685504,128
2822,{app}\user_templates\him_usr3_sout.dot,app/user_templates/him_usr3_sout.dot,50176,617741002,c86c71ab505048fb63aaf0dab0a3904ae262cbde,6ed064b9ca6d2628d28dbac43bac2d0402cbdc22914084618cba9aab68219ab7,2023-07-07T16:37:48+00:00,33685504,128
2823,{app}\user_templates\him_usr4_1_sout.dot,app/user_templates/him_usr4_1_sout.dot,50688,617791178,683d557d5a55c4c4551cb949f875febc51385718,ac5fd7f59be94d6b1790ff3940b6a5c63beb03609d032f2ad0420da4bcd4a967,2023-07-07T16:37:38+00:00,33685504,128
2824,{app}\user_templates\him_usr4_2_sout.dot,app/user_templates/him_usr4_2_sout.dot,50688,617841866,9f024e4f33c6e6a3681d4985bd5b039b91f8b9ab,0125dd3535d9bd38b3a3fb3c6698d56c7ad480673f5367a7d15cfc1b76110585,2023-07-07T16:37:34+00:00,33685504,128
2825,{app}\user_templates\him_usr4_3_sout.dot,app/user_templates/him_usr4_3_sout.dot,52736,617892554,93584270d760c06c966ba75a0beac6dca6bc28d9,59e37d83bb6a5f03baf13df4148f4a491162010ab29ea0a50b06aeb595211f6b,2024-08-07T08:40:38+00:00,33685504,128
2826,{app}\user_templates\him_usr4_sout.dot,app/user_templates/him_usr4_sout.dot,50176,617945290,5d23ab4a96d95c7c743ded062beb8e9e74d64678,1a93118a4b46effc07c1aaa0d9b2c2872814f660056d7ba0a63f56652665ac23,2023-07-07T16:38:30+00:00,33685504,128
2827,{app}\user_templates\him_usr_sout.dot,app/user_templates/him_usr_sout.dot,49152,617995466,e2aebbf23d6a9c1e5f047da3825eba5bd5d90c96,5fcafcd2e46f0c0c85506f11b78e05f06f595c5cfc129da0be64e16f6f23a06f,2023-07-07T16:38:24+00:00,33685504,128
2828,{app}\user_templates\him_usr_sout_pk.dot,app/user_templates/him_usr_sout_pk.dot,48128,618044618,8871f6739185b6592cd1701232d0f244248ba603,3075ed27560ae1693f571918723f961bbbeab10d8b04350df7059ce3dd26fca9,2023-07-07T16:38:18+00:00,33685504,128
2829,{app}\user_templates\ident_factors.dot,app/user_templates/ident_factors.dot,39936,618092746,deeee956d5fd8bbf52f41f90221dd677f2fdf13c,0d1d9bb3d705d5ca449367b7af269620205409923f1263173d11fe2cd6cab933,2015-02-17T12:40:04+00:00,33685504,128
2830,{app}\user_templates\ident_factors2.dot,app/user_templates/ident_factors2.dot,43520,618132682,e025c28f404838b53febedb9ddc7da5c829c7376,845a851780db227bd8f38320072d15f7ecb755d2ee4e06568d0b81f80edab426,2015-04-23T11:34:32+00:00,33685504,128
2831,{app}\user_templates\infra_usr2_sout.dot,app/user_templates/infra_usr2_sout.dot,52736,618176202,b0c2abfc9b21ca7a4330f9c6154407ff338e77e2,1f2ed42dc34110b0a477072243f611716810e5775c6853979308b526e1d1d406,2019-08-05T12:49:44+00:00,33685504,128
2832,{app}\user_templates\infra_usr3_sout.dot,app/user_templates/infra_usr3_sout.dot,53248,618228938,3597dda2b7a05a125ac82131f0fe48477254ed1b,fad7492f222983e6b9e5f5153aea03e871d4e802c14447c53f017fb00c150a43,2019-08-05T12:49:40+00:00,33685504,128
2833,{app}\user_templates\infra_usr_sout.dot,app/user_templates/infra_usr_sout.dot,51712,618282186,373af4a5d52db6b9ef404d77c88ef9fecf5f5ed3,0631d8554bb706e69c8f21238ce5904f1c1c8ba2ebb5e8d6924dbf1a3e25bf91,2019-08-05T12:49:54+00:00,33685504,128
2834,{app}\user_templates\infra_usr_sout_pk.dot,app/user_templates/infra_usr_sout_pk.dot,48640,618333898,512e520c61ef84906e4dc8e711399af7f06636e6,417cc683fa300e4d214d96de5fec4ab772dcc73199f8842d1c9404788fd496b1,2019-08-05T12:49:50+00:00,33685504,128
2835,{app}\user_templates\infr_usr2019_sout.dot,app/user_templates/infr_usr2019_sout.dot,75264,618382538,20a163c183372ef4ed7932f541c00f013c58c1a1,0083a444179ce0aa75482b6da25a56a617158af2487e992592f325bedeebbb7a,2019-12-19T14:50:28+00:00,33685504,128
2836,{app}\user_templates\infr_usr2019_sout41.dot,app/user_templates/infr_usr2019_sout41.dot,75776,618457802,d2a70901f3a76a71999927fcd3ca4fa7ab8ccf2f,89726194f37460c7a0a0de346ec5c5c7512656325b26510328f315f25bf10590,2023-03-17T09:20:32+00:00,33685504,128
2837,{app}\user_templates\infr_usr2019_sout42.dot,app/user_templates/infr_usr2019_sout42.dot,74752,618533578,0ce1b0e40d3b9edaaedf6a1eee7ed41ab346b976,666bf5303f67334a607b31fb04cada959e601ac971ccaae5ded8e1741957c968,2026-03-26T09:43:04+00:00,33685504,128
2838,{app}\user_templates\infr_usr2020pkf14_sout.dot,app/user_templates/infr_usr2020pkf14_sout.dot,84480,618608330,810cdaa92ea6bbd7ecfbc533f9b35406362f85ac,7a17864bc05d57fb6a274f8ef9282f71b95720ebad0636669f38ac03a23b9e75,2020-12-18T11:27:12+00:00,33685504,128
2839,{app}\user_templates\izm_log_gen.dot,app/user_templates/izm_log_gen.dot,28672,618692810,c6259cea0aa5bdcf965f57ce2b930e1dd2ff40ac,9dfa9511be88692f001a46b54d6f058bc5702d25d10b1bebe04ae0d46d26fc0b,2023-03-01T11:09:30+00:00,33685504,128
2840,{app}\user_templates\karta_prg_sout.dot,app/user_templates/karta_prg_sout.dot,0,618721482,da39a3ee5e6b4b0d3255bfef95601890afd80709,e3b0c44298fc1c149afbf4c8996fb92427ae41e4649b934ca495991b7852b855,2014-05-16T11:25:28+00:00,33685504,128
2841,{app}\user_templates\karta_pril_usr.dot,app/user_templates/karta_pril_usr.dot,28160,618721482,4638e4428420a9bf16e8a71b6cfb5e9a2ff548b6,5790ddc18bc36b09c440377137a59f955d1403a2f641cda4e62d69ac7c454da0,2023-04-28T08:47:54+00:00,33685504,128
2842,{app}\user_templates\karta_usr2_sout.dot,app/user_templates/karta_usr2_sout.dot,105984,618749642,e5cb2a36e6747e3b1cdd2010d2a35615ec96fce3,d30fb477e4576ade5077248b7afec2dff7f1d20f4b5b46c968363df082a69912,2025-09-29T15:02:30+00:00,33685504,128
2843,{app}\user_templates\karta_usr3_sout.dot,app/user_templates/karta_usr3_sout.dot,106496,618855626,465e8dc143d7bd6d534f13d4658c3b045775fc3b,fa22b2e6f95a0f7d669570904736d56a0055cd145dfe0a3edfbc364c073a07fb,2025-09-29T15:02:52+00:00,33685504,128
2844,{app}\user_templates\karta_usr_sout.dot,app/user_templates/karta_usr_sout.dot,105984,618962122,182af9443b968839564f0a671310226a99002969,b6b48ec5c98e6fd57db844e726a795eee20be52128bc1c55fdd7f8f50d529231,2025-09-29T15:02:44+00:00,33685504,128
2845,{app}\user_templates\karta_usr_sout2024.dot,app/user_templates/karta_usr_sout2024.dot,109056,619068106,10019ae84b0fdd8348b4681a8bb0581ad487f94c,3818afaf6929a474eb27a5b1c0ec6df47f1cbad850428bcc0c4510761ec8727a,2025-09-29T15:02:36+00:00,33685504,128
2846,{app}\user_templates\laser_usr_sout.dot,app/user_templates/laser_usr_sout.dot,63488,619177162,b259b048474b46e81f308f11927480d76c44c552,0db1096ebcd0457d45a29a657e24cdd2adc8fb56476e5f0e52acb26d1f6495a9,2019-08-05T12:53:38+00:00,33685504,128
2847,{app}\user_templates\lazer_usr2019_sout.dot,app/user_templates/lazer_usr2019_sout.dot,88576,619240650,6c4f5a883486eaf62a5bcfc84859c6eab7ccb88a,bfae3439d77f94eb39743ec27ffb837e99b82ab69280dcf40516bd5842eeb5c2,2022-02-01T16:34:16+00:00,33685504,128
2848,{app}\user_templates\micro_usr2019_sout.dot,app/user_templates/micro_usr2019_sout.dot,70656,619329226,6a13c7ac9a65eb6d05dfd351ce2b123e991c0042,552219bd42db845a1d8945a6fbce4dbc38fc0ef8d916ac2d1cd4df886a2a44eb,2020-05-22T14:03:50+00:00,33685504,128
2849,{app}\user_templates\micro_usr2019_sout2.dot,app/user_templates/micro_usr2019_sout2.dot,72704,619399882,cb364d2cdd061384162d7b2575944ebe38816598,0d0c31e761a7ebeb184accd2dede39cd7d0b776d0730c73b9dd49dab8a91c6fe,2021-03-17T14:39:50+00:00,33685504,128
2850,{app}\user_templates\micro_usr2019_sout61.dot,app/user_templates/micro_usr2019_sout61.dot,72192,619472586,6152a15b1e66534fd374ecf70d3188ae1b28b77d,c61304f4cae939aba3f40663e203e7db0022b12370724e10083f14a124b5111f,2023-03-17T09:53:16+00:00,33685504,128
2851,{app}\user_templates\micro_usr2_sout.dot,app/user_templates/micro_usr2_sout.dot,50176,619544778,e9c45f92cfe45a1bcc3abe6424c4b7e9a71a3796,6fd2b77e1308f4a5c30430732761963e9e935e60a36085c2d1ae8e31122235cd,2022-08-10T13:01:38+00:00,33685504,128
2852,{app}\user_templates\micro_usr3_sout.dot,app/user_templates/micro_usr3_sout.dot,50176,619594954,a2eb8b4d1c9a986e8dc03a06e7ebf8c577939973,ddef054f0bf70bba5622e9dfb4df4e702b8b8792f632747c013405c31000de71,2022-08-10T13:01:32+00:00,33685504,128
2853,{app}\user_templates\micro_usr41_sout.dot,app/user_templates/micro_usr41_sout.dot,52736,619645130,3e451ed95f895fcf4c6acb4699b137a15211d056,4154494ee16c946e477e0c70d293189c083f575ab717baa5ecba07e241d4d294,2026-03-27T09:22:06+00:00,33685504,128
2854,{app}\user_templates\micro_usr4_sout.dot,app/user_templates/micro_usr4_sout.dot,51200,619697866,83bb69b573c18616da2c94fe36fbb7ae9053f66c,dd218c6f74e5de818495007439420b13b4a5a8bb4b14ab1dcc9430df7882aab5,2019-08-05T12:53:00+00:00,33685504,128
2855,{app}\user_templates\micro_usr_sout.dot,app/user_templates/micro_usr_sout.dot,49664,619749066,e77687dcb04205cac6dd75b8aa6c2438cbdd32cb,b8542e36f622ff78c99b423dd73f59c0d4f5c025517fe53cae2624eb830411d1,2022-08-10T13:01:52+00:00,33685504,128
2856,{app}\user_templates\micro_usr_sout_pk.dot,app/user_templates/micro_usr_sout_pk.dot,48128,619798730,e4d0175ebd5eb0be185175f3ccbe9fffbf172a60,61af53c2f7884da7d747286c69b2886cf5c777470481c0f3a41de00fdeb93386,2022-08-10T13:01:46+00:00,33685504,128
2857,{app}\user_templates\napr_unc_usr2019_sout.dot,app/user_templates/napr_unc_usr2019_sout.dot,374784,619846858,3f7bbc322fcac9faea226fbbdc0cfb4170f725a7,c0cd659d85a39ec694f493618cce2e82cfdeae05ca4e6857f52a6b69556da625,2019-08-22T15:34:02+00:00,33685504,128
2858,{app}\user_templates\napr_unc_usr2026_sout.dot,app/user_templates/napr_unc_usr2026_sout.dot,457216,620221642,73e220f86be66eaa11fa0f871b1b7cfdfd1ed44e,0d0a1313c2f6f72e97fbcbb91073bc2ab4ee67e2658714a797d79995af57a6d6,2026-05-25T10:48:44+00:00,33685504,128
2859,{app}\user_templates\napr_usr2019_sout.dot,app/user_templates/napr_usr2019_sout.dot,95744,620678858,822cfb3572b8d930846ebb66e7f87da16410e804,f043437e9d25f546fa9441b266c4b27ec00ab865b2253378d5fd5659e49cb3ee,2020-05-22T14:03:20+00:00,33685504,128
2860,{app}\user_templates\napr_usr2_sout.dot,app/user_templates/napr_usr2_sout.dot,58368,620774602,e264ebb18fb4ad2ebf018b77e322490098007b12,20a2ea3a72ca7eddebcf28ac0dd44802352be19fdb6c5897eb20527a2a1748a5,2019-08-05T12:52:26+00:00,33685504,128
2861,{app}\user_templates\napr_usr2_sout2_1.dot,app/user_templates/napr_usr2_sout2_1.dot,61952,620832970,67c18c37c7e106279c243c433094ab6cc7c542b4,e20e6be698d14119c57a0cfc64a5d00c049bb42bf62b9dadb766c0439718e41d,2019-08-05T12:52:16+00:00,33685504,128
2862,{app}\user_templates\napr_usr2_sout_250n.dot,app/user_templates/napr_usr2_sout_250n.dot,61952,620894922,1e60053f87d6007826274c4e409f1318f7edd6f5,9ba9127834d26729720542d712516adb05b05828db1a825e61e9b78b3374da74,2025-08-28T16:19:56+00:00,33685504,128
2863,{app}\user_templates\napr_usr2_sout_309n.dot,app/user_templates/napr_usr2_sout_309n.dot,60928,620956874,06e8b0337053e0461439f7ab81d8369d40f6d906,1bcfb141209dcbe41585b2c5b24476dae331ecef1ae499a55d35fe75514ca15b,2024-02-20T14:35:18+00:00,33685504,128
2864,{app}\user_templates\napr_usr2_sout_433n.dot,app/user_templates/napr_usr2_sout_433n.dot,72192,621017802,5463c3083cd34a3a7773fd93e19eabb13f28e0b9,6d6a933f77a4514af8acaffc7c21f1980c7c0c88fba4fc273782934179f15d8e,2019-08-05T12:52:22+00:00,33685504,128
2865,{app}\user_templates\napr_usr_irk2022_sout.dot,app/user_templates/napr_usr_irk2022_sout.dot,95744,621089994,031c58dc4958a06abc89092bc23e66dc2d99ec76,7279286f46becea0a30e728a82c050e98047043793fff05c6fab3625b640596a,2022-10-12T14:43:14+00:00,33685504,128
2866,{app}\user_templates\napr_usr_sout.dot,app/user_templates/napr_usr_sout.dot,58368,621185738,e319804221c92b78a4e0011268eda30bbaaa9592,d811d4bd7c3948551d76bfe7f49266e7b2cb065745cf791c01658e3281a558a6,2019-08-05T12:52:48+00:00,33685504,128
2867,{app}\user_templates\napr_usr_sout1_1.dot,app/user_templates/napr_usr_sout1_1.dot,62464,621244106,cf956cac0253fe22124717c42d8460ee95b1a511,6c62675fd28045ba2dad0d26b02b384d19d2427c073443658cbcefcabc6c2848,2019-08-05T12:52:32+00:00,33685504,128
2868,{app}\user_templates\napr_usr_sout_250n.dot,app/user_templates/napr_usr_sout_250n.dot,61440,621306570,56be4610526d4e2b3454796d2b523d8c71cb893a,c85e682e887c8497a9c9f300da40fdbfe6d7435acc0990d70e7e65d262389ad4,2025-08-28T16:19:48+00:00,33685504,128
2869,{app}\user_templates\napr_usr_sout_309n.dot,app/user_templates/napr_usr_sout_309n.dot,60928,621368010,271914f6df4aac4d230ab837b18772573cb1a4ad,5849b1c4664eb8446d0bda0efddf8260511d8e251ef7a4cf477465214e758e54,2024-02-20T14:35:08+00:00,33685504,128
2870,{app}\user_templates\napr_usr_sout_433n.dot,app/user_templates/napr_usr_sout_433n.dot,72704,621428938,00ddc5cec12e726899e0c74614764daa55e540d9,b2ea6b4c70538b4a8b63c2fe120eb4349aa2aca6bf259711620aa68d7cf723d3,2019-08-05T12:52:38+00:00,33685504,128
2871,{app}\user_templates\notify_doc.dot,app/user_templates/notify_doc.dot,34304,621501642,d340ad92ea769e05eaecf51c3ebb7e73a4e69853,cf34c27e778f643f12b258c7ff6e088b2969233554a036811d2da6dbe79e1f74,2020-01-29T14:27:18+00:00,33685504,128
2872,{app}\user_templates\osv_usr2019_sout.dot,app/user_templates/osv_usr2019_sout.dot,74240,621535946,65cd1f8d6a6924b8f72a0c332f9a7ff9e25a44ae,b3941cf234a57e66b0720236a44d2bed6732d4c327aba213fabf5dce1ae0ea13,2020-05-22T14:04:00+00:00,33685504,128
2873,{app}\user_templates\osv_usr2019_sout2.dot,app/user_templates/osv_usr2019_sout2.dot,75776,621610186,a84254b0cfa6cd69c1e381734855395c4f431b2c,77d6abb7c1466106653508dc4702e10753332963b82601974b82687f34e0969e,2021-03-15T16:54:34+00:00,33685504,128
2874,{app}\user_templates\osv_usr_sout.dot,app/user_templates/osv_usr_sout.dot,51200,621685962,aea81977f68dd180809f7c5dd8c7732894b21b92,0c5e0fc5ff0d1706b7422e798f8e0c5bcfbd5666e2f59ee6d1f5b95e9e055fd5,2019-08-05T12:52:10+00:00,33685504,128
2875,{app}\user_templates\osv_usr_sout2.dot,app/user_templates/osv_usr_sout2.dot,51200,621737162,c0c58da6ff4d68b5ff0b37fb81018dc44e4036eb,fffeb29a0bcc44a151da59a4310f36faea82c9eaa6d2763680055b18eba3e11b,2019-08-05T12:51:58+00:00,33685504,128
2876,{app}\user_templates\osv_usr_sout2_1.dot,app/user_templates/osv_usr_sout2_1.dot,50688,621788362,b5a7a38a5f84f690d10bb9c9d848c289823c9bb9,e4f851892d3abb9a4ac90cc0369a74c535f24932ec894f8626afa29bcd65adfa,2019-08-05T12:51:52+00:00,33685504,128
2877,{app}\user_templates\osv_usr_sout3.dot,app/user_templates/osv_usr_sout3.dot,51200,621839050,39d8386c8eb077231ea580c9cec09aecdac56730,5f1b067e59ae595ec572cc664670f5684723bb6c5de10efc7f6e8daa5a63091f,2019-08-05T12:51:48+00:00,33685504,128
2878,{app}\user_templates\osv_usr_sout4.dot,app/user_templates/osv_usr_sout4.dot,51200,621890250,4c6774680bdb2994c27741c4baa58568e7e68e03,982279f5fd7ef1a509548827df566cf23be93cdd127aab642c1912b15f232256,2019-08-05T12:51:42+00:00,33685504,128
2879,{app}\user_templates\osv_usr_sout5.dot,app/user_templates/osv_usr_sout5.dot,53760,621941450,41d178384006027466298e268d386bb81fdc6795,3cf3ff43ad6549cd34c3df741fe079c29e3b4b890f41d309cc0cdc1aa8c3748e,2019-08-05T12:51:38+00:00,33685504,128
2880,{app}\user_templates\osv_usr_sout6.dot,app/user_templates/osv_usr_sout6.dot,52736,621995210,3bbd14df8e692f5090c18a53c5728b82000df29f,ef0341f4e3297e702625de516b5030a00cd5211acf28aedfd9819f956ee92cc8,2019-08-05T12:51:32+00:00,33685504,128
2881,{app}\user_templates\osv_usr_sout62.dot,app/user_templates/osv_usr_sout62.dot,56320,622047946,63986d1d4322ec6b9fd414c6f62d9e5bf7aaab4d,77677be4ca36ac9c2788af0e1e9eac595e57c5b91da67a659b7c2637c65f6a2e,2024-03-11T15:30:26+00:00,33685504,128
2882,{app}\user_templates\osv_usr_sout6_1.dot,app/user_templates/osv_usr_sout6_1.dot,52736,622104266,9b7051f46dfacc4ddd73d9bae96048ee76b9a9d9,6adba28fee69a65c3497dacedf9fa34a0322aa3c4bb599680219d26cb62e659f,2025-04-16T09:16:06+00:00,33685504,128
2883,{app}\user_templates\osv_usr_sout_pk.dot,app/user_templates/osv_usr_sout_pk.dot,48128,622157002,de8a25d4770d06c963c3c2e1bbb3978b2a48f008,19a67b0e3cbab8ba12ebe8f0aff0babbd379a1638a3e83fbe215c1ce9792e02c,2019-08-05T12:52:04+00:00,33685504,128
2884,{app}\user_templates\otchet_usr.dot,app/user_templates/otchet_usr.dot,24576,622205130,ca2b3cf5451667bf64cec1053570f8170e2fa3de,557efbf4deeb38d5ec0e2f8b9c84f9f5a1631d8e6a59df4cd37ec001fc544136,2018-03-27T09:10:46+00:00,33685504,128
2885,{app}\user_templates\otchet_usr2.dot,app/user_templates/otchet_usr2.dot,30720,622229706,c1a312a4560ecf356d1fa81533ae374ae07c0f35,1b869d2c080a83c7e3676e71ea7ec152fc23b452a875bc5d1a51b9271f76ebd2,2018-08-23T11:08:26+00:00,33685504,128
2886,{app}\user_templates\otchet_usr3.dot,app/user_templates/otchet_usr3.dot,24576,622260426,cf6784d8e48418ed82d6a562eeefd398114a5c06,a3b36e4184aef47d7df194d26a8f5fac5eefd3310fc483f79d1a23b468948d8c,2019-11-26T16:38:48+00:00,33685504,128
2887,{app}\user_templates\otchet_usr_fgis.dot,app/user_templates/otchet_usr_fgis.dot,24576,622285002,ca2b3cf5451667bf64cec1053570f8170e2fa3de,557efbf4deeb38d5ec0e2f8b9c84f9f5a1631d8e6a59df4cd37ec001fc544136,2018-03-27T09:10:46+00:00,33685504,128
2888,{app}\user_templates\otchet_usr_sv.dot,app/user_templates/otchet_usr_sv.dot,24576,622309578,0ccf5f68f15b92264a6da434c1bae033835a85b3,0013dbd75a8cb38d4e6c64d7571c8707a164323e3433a46531c5697aba459e8f,2020-05-28T14:30:30+00:00,33685504,128
2889,{app}\user_templates\otchet_usr_sv2019.dot,app/user_templates/otchet_usr_sv2019.dot,30208,622334154,1575c0b6868761ff10686085c4e891ed25e34da9,2cb92841728f2f1e1aacc55d186bb9b459e1cf850f0fdea29ec87eb52291eca9,2021-02-08T10:35:16+00:00,33685504,128
2890,{app}\user_templates\otchet_usr_sv2019_dop.dot,app/user_templates/otchet_usr_sv2019_dop.dot,31232,622364362,3efbfbfa0bb732fa01d416c51fbb6ed933c70302,7b2e0dcf02a3756e45d01bd88f5f0c6c6433f487fe34f82dc7f2e15f7a800413,2026-03-17T13:36:04+00:00,33685504,128
2891,{app}\user_templates\paint_usr_sout.dot,app/user_templates/paint_usr_sout.dot,44544,622395594,5616d6ef841aa476a966455412a4b540b45774a5,0c4193d25b4c6313c35b3b807b019a09edb52e49f2bfbe0947ff9641d78f9e9b,2014-02-06T11:29:32+00:00,33685504,128
2892,{app}\user_templates\per_graf.xlt,app/user_templates/per_graf.xlt,20992,622440138,4c462ff1102043f9ad4763d7c45f8f02c74eb336,952fe1bddf33f0c9aba9db0ab69f12ade4304a1aee6a3abfa76eca03e675bb6a,2014-11-05T12:42:06+00:00,33685504,128
2893,{app}\user_templates\per_graf2.xlt,app/user_templates/per_graf2.xlt,23552,622461130,868300858278d6d221d6b874cb6fbb7b28b832c6,9f4fa4b4582b961b4cdcca9cb7b7460e623d31fec8a5e9f094ee576c0f6d847c,2020-02-14T16:08:16+00:00,33685504,128
2894,{app}\user_templates\per_rm2.dot,app/user_templates/per_rm2.dot,31232,622484682,b69e08c81496fdddbe822f82a25f821db2d25408,f96201f20ce266c9913a4759abce01bf243b68e6a27e4cf3fda0e4dc65ac027e,2014-02-26T14:57:40+00:00,33685504,128
2895,{app}\user_templates\per_rm2_1.dot,app/user_templates/per_rm2_1.dot,31232,622515914,75c8280dfa1f6771de0e59caa4185360e71552b0,fb689affc11c25cc01411090f674440bf93c616323641536a0623ca548dac3dd,2015-08-25T17:43:56+00:00,33685504,128
2896,{app}\user_templates\per_rm3.dot,app/user_templates/per_rm3.dot,31744,622547146,beb41ae8d7dccb8b95e616cc060aa384b807cf24,46a055b2ec6c1b58f66aae4345673305c662ebdcc67a5c7669a56109e79e4abb,2014-02-26T14:57:44+00:00,33685504,128
2897,{app}\user_templates\per_rm7.dot,app/user_templates/per_rm7.dot,31744,622578890,dc8435aadb68b22062e00d1fede638a8ec98bb24,77b6ea3c5facaa2b323eb5858bcfffbe5c43ebfa67b71cfbbfac6c2d7445f545,2015-03-23T08:38:36+00:00,33685504,128
2898,{app}\user_templates\per_zona.dot,app/user_templates/per_zona.dot,41984,622610634,9eb5a07bac12a69ad44d1d8b039ee6f1344588b1,43c1df1218ab92c197e1a02ebc13c699baa7ed320ccd6c3a83cfdd4e723d9778,2014-02-26T14:57:32+00:00,33685504,128
2899,{app}\user_templates\pmp_usr2019_sout.dot,app/user_templates/pmp_usr2019_sout.dot,74240,622652618,de43e3a99dc5052e243a13401f1b1becaf655dd7,514adb1a5a9aac1a8ba17cc9acfc15eab048d4807ad09abd88d41cd8f01376b6,2023-08-31T09:48:58+00:00,33685504,128
2900,{app}\user_templates\pmp_usr2_sout.dot,app/user_templates/pmp_usr2_sout.dot,51200,622726858,af9dbf8b1f7acfd9e4224ec532c9665f5e02401d,6bd4d14d8b4f5f0ca6b9553acb0bfd12cb870f66437ea235bfa99d78a16fa255,2019-08-05T12:54:52+00:00,33685504,128
2901,{app}\user_templates\pmp_usr_sout.dot,app/user_templates/pmp_usr_sout.dot,49664,622778058,161d208ee5a27d45361697112d6b9ee1159a273d,21cc15030d119ee111516dd27fcd0af7e8d2149a4c0b919f8bdf95ebea5ac2da,2019-08-05T12:55:04+00:00,33685504,128
2902,{app}\user_templates\pmp_usr_sout_pk.dot,app/user_templates/pmp_usr_sout_pk.dot,48128,622827722,f3ca22908172fda05ef9e5547235eb3fadae43ee,6b9f244136bb6725fbe242a9c15fcc5dd9181d3e2da1c4912607b8ed03526e34,2019-08-05T12:55:00+00:00,33685504,128
2903,{app}\user_templates\prikaz699n_usr_sout.dot,app/user_templates/prikaz699n_usr_sout.dot,101888,622875850,61d83a6439f2ce645129349b111894a002835307,c6ea3a88826e904c033d0474cd55d35f5917f5e1ad7ebc56af42751282524ad3,2023-04-13T11:25:28+00:00,33685504,128
2904,{app}\user_templates\prikaz817n_chron1.dot,app/user_templates/prikaz817n_chron1.dot,44032,622977738,4681b68f6120c4965e91a96bff1c747c8f997b33,a01826d52100b7b68fbc13d751ded98e2703872a33717496580326608eee484c,2024-10-04T09:40:36+00:00,33685504,128
2905,{app}\user_templates\prikaz817n_chron2.dot,app/user_templates/prikaz817n_chron2.dot,44032,623021770,1ded0d9a140153547c121a493850ee694f141768,58ead5e4c560768884448154f5594a5d6c4a24c9d95e64b357b7c40954b3afb8,2025-07-28T11:05:14+00:00,33685504,128
2906,{app}\user_templates\prikaz817n_p91.dot,app/user_templates/prikaz817n_p91.dot,44032,623065802,e1d30f5081784aa450e385a2da72436fc2670ef7,38c1af840ac2929cfb073d2af46de9254267a3a1c282df7f7f97d52272685c6b,2024-09-13T13:31:50+00:00,33685504,128
2907,{app}\user_templates\prikaz_329.dot,app/user_templates/prikaz_329.dot,36352,623109834,e662d265bf7cf7ca04a67c4742b44f2fbbf4cdc7,b6639aafaddc2f89fdba72baa95db755264b1cfca738d59091425e9e0fd53aee,2014-09-16T12:56:50+00:00,33685504,128
2908,{app}\user_templates\prikaz_329_2.dot,app/user_templates/prikaz_329_2.dot,36864,623146186,8dd96a048ba3d41f7200fa1ce93ff80b0937db3c,cff6813844ad38501dd34d499ad698e17cc157761fcb9d0596f56c56e575314f,2015-02-18T12:42:38+00:00,33685504,128
2909,{app}\user_templates\prikaz_329_3.dot,app/user_templates/prikaz_329_3.dot,36864,623183050,bed709a5993bef1df296ad962daaf95ea3b3a4b0,1ec744173c6c0c7e1e4c785832c1bd4d3eb4296b5d03c724f8a191233a4bdebe,2015-03-16T15:31:04+00:00,33685504,128
2910,{app}\user_templates\prikaz_329_4.dot,app/user_templates/prikaz_329_4.dot,40448,623219914,3725bf26f7be3be803e04d8d51f85ae631782a4f,d4151ad6a9d4ae71c06467c5a9fc63557e9cf223ad9cb040aa6b6e162a39d8f9,2015-03-17T15:42:04+00:00,33685504,128
2911,{app}\user_templates\prikaz_436n.dot,app/user_templates/prikaz_436n.dot,60416,623260362,7a7eef5e744cec252bd842ec7beaae22fdc3fc4b,b3b4adee3adb7d57df4e315092381e490b1e6ffd7ad5078e300e42304878c794,2017-02-03T14:20:16+00:00,33685504,128
2912,{app}\user_templates\protocol_sout01.dot,app/user_templates/protocol_sout01.dot,44032,623320778,f07e3b37c1d44a1d6be6f05ad16614a0a9e2c57a,222e8c35026780577335c9edaa32cb4c7b6cf529feedd10b6453c5f58be8a8d5,2024-07-08T10:22:38+00:00,33685504,128
2913,{app}\user_templates\protocol_sout02.dot,app/user_templates/protocol_sout02.dot,44032,623364810,f85e6ff8f545ef4e9c647bfb94c4ba5a4141ccba,bcabab56dd2744b2faa3deb11be3b2eed7bc5e4f20a78de4e10fca533081566b,2024-07-08T10:24:22+00:00,33685504,128
2914,{app}\user_templates\rad_usr2019_sout.dot,app/user_templates/rad_usr2019_sout.dot,77312,623408842,0039ea26f455d4a1efa530a906dc7601fa2d450e,9eef10f8053a1ad19a0090249b5b495ff312ad87b2960335059e6a7d30542eaa,2024-04-22T15:43:20+00:00,33685504,128
2915,{app}\user_templates\rad_usr2019_sout2.dot,app/user_templates/rad_usr2019_sout2.dot,76288,623486154,dc1506b3dae4e9341b9bd7382a8c6e46ecea0269,4fd24c01ed7c31dcba6babf938a1fe8e2ab7f0ded482dde8fe7f87ef8c26a1c6,2024-04-22T15:43:56+00:00,33685504,128
2916,{app}\user_templates\rad_usr_short4.dot,app/user_templates/rad_usr_short4.dot,48640,623562442,09b173803b9c4e8a6e6a89c3fcbb1d0f36fb2b00,c458572e57d11276d4bae5f20d7a29f20a03cfd23b84f8d0aa161e4af67a0dda,2025-12-10T15:49:56+00:00,33685504,128
2917,{app}\user_templates\rad_usr_sout.dot,app/user_templates/rad_usr_sout.dot,49664,623611082,1ffb06ac6766f2861b6049fdd2dea0f8af05e4cd,fb98baa3921b65d736338e9e28d1821555d18ae0380f49e881b4571daf4fc210,2024-04-22T15:43:48+00:00,33685504,128
2918,{app}\user_templates\rad_usr_sout2.dot,app/user_templates/rad_usr_sout2.dot,50688,623660746,25ddbf89340d73366889c0f2778531e03a662c5a,e681eb9bc78ac54615a5c65fcbe47231a4d1e59a7ff870ce677696e8943dc814,2024-04-22T15:43:34+00:00,33685504,128
2919,{app}\user_templates\rad_usr_sout2_1.dot,app/user_templates/rad_usr_sout2_1.dot,51712,623711434,ed57d580427084e562229b9d236d4ed089d317a5,0b01ac433c1e95b2aea382d871451ad79d89e95391649489a2c2ad65d8286ec7,2024-04-22T15:43:28+00:00,33685504,128
2920,{app}\user_templates\rad_usr_sout2_2.dot,app/user_templates/rad_usr_sout2_2.dot,54784,623763146,8acac0c41ecaf02ca13259db098b77dd5205683f,8c33d8712c9ddf5e9aee24d26e9d862980a54dec4eb4620f62434851083c2dec,2024-09-25T13:29:58+00:00,33685504,128
2921,{app}\user_templates\rad_usr_sout_pk.dot,app/user_templates/rad_usr_sout_pk.dot,47104,623817930,515e4a08fe02e440f1b5a27a074f1b9fb0014e8f,45af6ccf0940079547eb22e859d1e9073abeed66d31d95c2584bc0d77b272ef0,2024-04-22T15:43:42+00:00,33685504,128
2922,{app}\user_templates\rbtd_info.dot,app/user_templates/rbtd_info.dot,35840,623865034,bd8e9d36fe3bd7903252723cea398a8c1b449bad,a880813f56ede22c7d2395a063267546b99d0a4f2d727dd6d1db63091863418b,2020-01-29T15:35:32+00:00,33685504,128
2923,{app}\user_templates\report55.xlt,app/user_templates/report55.xlt,19456,623900874,18a869021cee40ffcf46fcf0cb60b6f08d390d15,7c7e494848529a97e5e8b3c83706bd3b92c115a32d4d8b1b009f4303f4c9479d,2022-08-05T15:58:36+00:00,33685504,128
2924,{app}\user_templates\report5501.XLT,app/user_templates/report5501.XLT,19456,623920330,d45667149a1b372a19c3fe3e3cf9a633aecab6cd,d4af79f6dc3be54bc3ed305ac60b127a2b87b1a1730ccb26e903b68a38d1989b,2024-02-21T09:02:08+00:00,33685504,128
2925,{app}\user_templates\report62.xlt,app/user_templates/report62.xlt,23552,623939786,ddd5135ac518ba7eba0489d4205df8ca32284d81,4b4d6c8bec6bbd7aeb5f4d03b9c1e4e13db5d06932d4a48a368f988985cfaf7a,2023-04-14T11:54:22+00:00,33685504,128
2926,{app}\user_templates\report69.xlt,app/user_templates/report69.xlt,53248,623963338,fcf5f2ddb8b30d21fdd4f452fe449436caad3be6,e481597744124aacb30235b9ad083ec5d960b8e1bd3a22cdd59715613d905f8f,2024-12-19T11:25:54+00:00,33685504,128
2927,{app}\user_templates\report73.XLT,app/user_templates/report73.XLT,38912,624016586,ec724f402039a243753fc0995e6fbb869f588710,fc00eb328cb6d6c7a90ffda8811821eb3a7c76ea89772d060c6a989790088b9d,2026-01-16T08:51:28+00:00,33685504,128
2928,{app}\user_templates\rep_per_rm.dot,app/user_templates/rep_per_rm.dot,54784,624055498,17b9e96e1dd60a6778184f45ab12835f747a2710,d121c2cb779e6abc95667978a80d897b20a6a69072f52d789241c8db0c7548f8,2018-10-01T11:20:30+00:00,33685504,128
2929,{app}\user_templates\rep_per_rm_xslt.dot,app/user_templates/rep_per_rm_xslt.dot,50176,624110282,37a66d113ea7aa7589aff5642b63ea23f67aacb0,858811199d3a9133a108eb18a6bdea4a5c238c28e1e78e149d82df8848492db4,2025-12-02T10:46:56+00:00,33685504,128
2930,{app}\user_templates\rep_sout_f1.dot,app/user_templates/rep_sout_f1.dot,48640,624160458,a652b90548692e526afe9cdd9e683989397444f3,5a38e76edd0c243897e1045441af264a4451b73cdbae9f090d0ce4eeae0480d0,2020-01-17T13:13:54+00:00,33685504,128
2931,{app}\user_templates\res_report1.xlt,app/user_templates/res_report1.xlt,15872,624209098,000bcdac12d7a1fb916af4717fbdb02e8771bc1f,8472954c3a11b5e194806f772becb7fa0e71fbadb993b415f087302136d7575b,2014-08-07T10:58:26+00:00,33685504,128
2932,{app}\user_templates\res_report15.XLT,app/user_templates/res_report15.XLT,15872,624224970,01faedb5dd02756aef8c5699207ee47ea917e3f5,6a8549fd087408abb97ca26469b62698e02aad63d1c8186ac44fca792a747cc2,2015-09-25T09:34:32+00:00,33685504,128
2933,{app}\user_templates\res_report16.xlt,app/user_templates/res_report16.xlt,16384,624240842,91632ff6e3d992b563fe8d3431c54f18b7ae3106,fea7a48e05564b72ac9660f0c85627f078989f0fb9ee24dde1cd6e02f0111120,2022-12-01T13:18:42+00:00,33685504,128
2934,{app}\user_templates\res_report2.xlt,app/user_templates/res_report2.xlt,15872,624257226,2cf619390483872f58581efa0f281268627d0b82,ed021794071fb55bd4efeefaa356386fcd7222112d7ada84e77da3b3f325e214,2014-08-07T10:57:24+00:00,33685504,128
2935,{app}\user_templates\res_report2_1.xlt,app/user_templates/res_report2_1.xlt,16384,624273098,2ceeb39d3d13b258f64930f101dcdcb8ddb0e60d,6efd6be563026cbd01845bcb6e9780bb2fd22c71ab22375c5c802452c64de736,2016-02-02T10:41:16+00:00,33685504,128
2936,{app}\user_templates\res_report2_2.xlt,app/user_templates/res_report2_2.xlt,16384,624289482,51b0560bdc9c80eb52d3eba3beee1184e7514c4a,02a9ca7650e13c55d13c3325ef7bcceff4a61b42d7bf72a33d5813a2a356dfe1,2017-11-23T16:47:10+00:00,33685504,128
2937,{app}\user_templates\res_report2_3.XLT,app/user_templates/res_report2_3.XLT,16896,624305866,f590a0998f744546ce004e04a2078b72aa3cb071,612f4b2119dfab8dd541c28b3d38991de8e39400be575e55352bbc565edb2008,2021-07-13T11:47:06+00:00,33685504,128
2938,{app}\user_templates\risk_card_01.dot,app/user_templates/risk_card_01.dot,61952,624322762,4f21c3f218b62cb2958266747da359c6dc2542b7,44e4cfcb9be502e8673c90dd478ab2b374be93f4c76d5d79dfced727aeda1a19,2020-12-08T08:55:44+00:00,33685504,128
2939,{app}\user_templates\risk_doc01.dot,app/user_templates/risk_doc01.dot,63488,624384714,2323d72fdddbe89d834004734a0d53f5783d464d,c3c097e8e55863017f800abfe45c4f68a1965e56fbb2c12f9186fb6895a73e7d,2021-12-01T11:45:32+00:00,33685504,128
2940,{app}\user_templates\risk_doc02.dot,app/user_templates/risk_doc02.dot,60416,624448202,dd2ca479ca0923e4f907fc2a0fa998ace5d2e2d3,94185002f6ae13ff4741cc2ee44625cd45096e23faf56c51295872e12d2589b5,2022-04-29T10:25:16+00:00,33685504,128
2941,{app}\user_templates\risk_doc03.dot,app/user_templates/risk_doc03.dot,65536,624508618,e0b999c1f70020983c282351cfb6dffce69247e0,251932e2368ef0453d8b6d1f0b135b12f802087e21f650ab34d9b7f6f9d65d70,2023-06-26T11:36:48+00:00,33685504,128
2942,{app}\user_templates\risk_doc04.dot,app/user_templates/risk_doc04.dot,60928,624574154,fe9b9c706d2111b5e8578ed4b2b1875fb50e94e7,8cbfe5a6bc414858db11c1033babf2f6a9bc269a6f35059ab4009c62ce07a970,2025-04-24T09:52:50+00:00,33685504,128
2943,{app}\user_templates\risk_doc04_01.dot,app/user_templates/risk_doc04_01.dot,61952,624635082,0ccebf414db5278642de12a0023b0c55ad2f7be9,b230d65c1c8770c21b43836c7d707876ceb7c1d9763d21e84c4f528eed5e42d4,2025-04-24T09:52:44+00:00,33685504,128
2944,{app}\user_templates\risk_doc05.dot,app/user_templates/risk_doc05.dot,71680,624697034,c6333283a71d22f7ad9ca8aedf05cf9b452264dc,d0c83880efb3975d90302f6ae4bc3f9a7d3898a366da746ca138329cf4d241fa,2026-05-25T14:20:58+00:00,33685504,128
2945,{app}\user_templates\rm_info.xlt,app/user_templates/rm_info.xlt,12288,624768714,650c9bebc38bbe0f32f985d54cdf1bf48e254408,3a05aa7f013d32e422e99c156375fc811c0713bc0f5a570bfde75299fd21db38,2014-10-03T10:00:36+00:00,33685504,128
2946,{app}\user_templates\sert_info.xlt,app/user_templates/sert_info.xlt,15360,624781002,bca2e48e2e4ec375122b50adab322c8a8af8b7bb,b540feb50fa3f7c8a1956f7bf7f9dd1529b826c1571ef670481f7c34125f8c0f,2015-04-14T17:05:12+00:00,33685504,128
2947,{app}\user_templates\shum_usr1_1_sout.dot,app/user_templates/shum_usr1_1_sout.dot,51712,624796362,0a5eeb73c679db2987d09c2de171bc13e527832f,3142ca2c5b2e9fd851bb10e30f822027a4d96423213d7c0379bbbf550f16b4db,2024-04-22T14:57:18+00:00,33685504,128
2948,{app}\user_templates\shum_usr2019_2_sout.dot,app/user_templates/shum_usr2019_2_sout.dot,77312,624848074,13f116544248f0d34e7f13db6970d17a372d9afe,2eae7aad2c793c9740b06c730604fd33ff5116dff7b1fb6674c89143299fab31,2022-11-30T15:41:18+00:00,33685504,128
2949,{app}\user_templates\shum_usr2019_3_sout.dot,app/user_templates/shum_usr2019_3_sout.dot,78848,624925386,12c4dff0c9c476464c21d0f64f3891380f2d08f6,5f25cee7a5d63abfaf78a4f5b57f4a34c3bb3f8d3588de660359ebc5f5f75c9f,2023-02-13T14:40:38+00:00,33685504,128
2950,{app}\user_templates\shum_usr2019_44_sout.dot,app/user_templates/shum_usr2019_44_sout.dot,79360,625004234,ace4ee266da4355b4c04b61bfc8defa25e649bcd,1b13b7c881d39fcf983d833caaaf6dbd2babd73da1cb296fb0145286aa5f04ae,2026-05-19T13:20:06+00:00,33685504,128
2951,{app}\user_templates\shum_usr2019_4_sout.dot,app/user_templates/shum_usr2019_4_sout.dot,77824,625083594,3b55b945bb68ac8cd6af6d8e9e01733c30edf38e,f51bab6339643db02e70e8deca11e75c42433a17ad472eb35d63299a4e0e01c3,2026-03-26T09:44:06+00:00,33685504,128
2952,{app}\user_templates\shum_usr2019_sout.dot,app/user_templates/shum_usr2019_sout.dot,77824,625161418,b81594ba91f087718fbe03b0e3923d72119ab18b,0cd8afe25fcd5955ecb7d432aae3c984e337800908e671e1c8434e537de90f06,2020-06-09T17:08:30+00:00,33685504,128
2953,{app}\user_templates\shum_usr2_sout.dot,app/user_templates/shum_usr2_sout.dot,52736,625239242,1d109dc5c4bc3a85eb485156bcfd56336a96ea2d,f1e39a458741cae14aa32612bac89d05effe2efcd4f9746b6b8650cfbcf99967,2024-04-22T14:57:10+00:00,33685504,128
2954,{app}\user_templates\shum_usr3_03_sout.dot,app/user_templates/shum_usr3_03_sout.dot,56320,625291978,1a2325a2b9e10d5268d4abaaaf9bc0a29380e77e,c2009ca135540bcd69c4406d4ca15c317d5310f8e1d8eda0af48f42ffe7bd104,2020-07-08T14:57:28+00:00,33685504,128
2955,{app}\user_templates\shum_usr3_1_sout.dot,app/user_templates/shum_usr3_1_sout.dot,56320,625348298,4ae9c023e996b6d45d6028b56006898b403b0ac2,9e79ac8a2183bf4849306ad65c8fd059ae5399b05f50b4a5645fdd562da45345,2024-04-22T14:57:02+00:00,33685504,128
2956,{app}\user_templates\shum_usr3_2_sout.dot,app/user_templates/shum_usr3_2_sout.dot,59392,625404618,4e75712b784daff50a93d9e1de17c2f4a5cf2232,cff77e126517f1f16fe6b12703f38a43983055ece1af099120e9355703389f65,2024-04-22T14:56:54+00:00,33685504,128
2957,{app}\user_templates\shum_usr3_3_sout.dot,app/user_templates/shum_usr3_3_sout.dot,57344,625464010,0e05fdcf6b9d1f868711420f52a762ab5459bbca,35bb7d029fe29b78f1f819fbbcd0c2690098fcf17e094596b07272307be2bdf9,2024-04-22T14:56:36+00:00,33685504,128
2958,{app}\user_templates\shum_usr3_sout.dot,app/user_templates/shum_usr3_sout.dot,55296,625521354,971f0f7be2b7d61afb71ffcb99c0dd12052da24b,097fde5eb5844e1b5d00f28708fb35fb915ff4a38edb0578a88b0b4e35eecf92,2019-08-05T12:55:44+00:00,33685504,128
2959,{app}\user_templates\shum_usr_sout.dot,app/user_templates/shum_usr_sout.dot,51200,625576650,4b6b04e34de78760515d5de8cc0c5a525d68231b,8675b7a9e9e0769b743a9125fd6a4236048f8fa64976d2d566ce1c76cb760dd6,2024-04-22T14:57:32+00:00,33685504,128
2960,{app}\user_templates\shum_usr_sout_pk.dot,app/user_templates/shum_usr_sout_pk.dot,48640,625627850,9e3dccbbe397e3a04cc4c0081eb6dd5e379b35b0,03ed1ff3fa36cc60e4a51f012bc9fd8c59bf1cf75d0971bde78048c70a3f9e49,2024-04-22T14:57:26+00:00,33685504,128
2961,{app}\user_templates\siz_eff_usr.dot,app/user_templates/siz_eff_usr.dot,84992,625676490,72e8d501db434669f6e1ea973677a4d1747e9299,2d5203604ee25985d44bdb3bc2d2e846c966299a93529a354946dad2529cc6a2,2019-08-05T12:55:40+00:00,33685504,128
2962,{app}\user_templates\siz_eff_usr2.dot,app/user_templates/siz_eff_usr2.dot,81408,625761482,abd0b1b040960fe63597f72443651077bb2372de,b73ff0b298e81a1e60b594724a906aa7d984f1a75cbe9600975c942e62d6bfe0,2015-09-14T11:30:20+00:00,33685504,128
2963,{app}\user_templates\siz_usr_sout.dot,app/user_templates/siz_usr_sout.dot,51200,625842890,d5e869a82e1f78560c210bb6af365cfd9530d6a4,1155b8d3c29acdaac81569c30c294c199d825252a604e614f8a10bf9231b0f77,2014-03-31T12:25:08+00:00,33685504,128
2964,{app}\user_templates\sout_registry.xlt,app/user_templates/sout_registry.xlt,29696,625894090,8e29d049140a0056bfc5f823dc2222368298dfe0,65af811b35a64393798a17349c4fb0fc825a6df9621ac6a0e06468e800c6fefa,2014-12-12T16:02:04+00:00,33685504,128
2965,{app}\user_templates\spec_prot102n_sout.dot,app/user_templates/spec_prot102n_sout.dot,49664,625923786,ed2d0dcfb6877d14693fa2c91560f4ba2d47c4b8,ad35c548bc582d7d77cdb186dff55eec06d69c8c7cfd9ae46f61f08c526d8174,2019-08-05T12:57:04+00:00,33685504,128
2966,{app}\user_templates\spec_prot102n_sout2.dot,app/user_templates/spec_prot102n_sout2.dot,51200,625973450,ec1c8441bf04f0722fd033c7b48a72d15b2f3345,ff8f1dc934c482b7fafb6dab2fc2c1fbe0dccae0a0710b2289e529c6ca0baf24,2019-08-05T12:57:18+00:00,33685504,128
2967,{app}\user_templates\spec_prot96n1_sout.dot,app/user_templates/spec_prot96n1_sout.dot,50688,626024650,53f8db4ffe25a385e27fadd2436a10a08c16b625,61de7e5412b4bdf26d3e3737c349ed29df4217ee6d3360654e2bb1ffdb4c91d2,2019-08-05T12:57:14+00:00,33685504,128
2968,{app}\user_templates\spec_prot96n2_sout.dot,app/user_templates/spec_prot96n2_sout.dot,49664,626075338,588a0cf4d5f982866eb4e2a015ea5acdcb31ab71,b3ef61902fd5846510d973853da90cba537472fcfc13d766e1e39c4ad40ed01d,2019-08-05T12:57:10+00:00,33685504,128
2969,{app}\user_templates\sv_aeroion.dot,app/user_templates/sv_aeroion.dot,59392,626125002,5c75c981c1d548062fbdaf8874eb16a1723575df,cc94be43f0951f1dbfec18d4f04fe51df4d6fac95a3f442b31fc5d1521b834d6,2025-12-03T11:55:58+00:00,33685504,128
2970,{app}\user_templates\sv_apfd.dot,app/user_templates/sv_apfd.dot,56320,626184394,3aba125190872e2f428d2ff645017b0e2bda407d,ce9576043a160e6855c8e77f326bea8c618ece76925279f038e9b13e9f72f7be,2019-08-05T13:03:52+00:00,33685504,128
2971,{app}\user_templates\sv_apfd2.dot,app/user_templates/sv_apfd2.dot,56320,626240714,fb7635b15f2877e54b9d395a1f14e328a920b574,2c32495c3b1133866960b4866730a6af35144fbcb17c51885ebaafe2c106fc71,2019-08-05T13:03:46+00:00,33685504,128
2972,{app}\user_templates\sv_bio.dot,app/user_templates/sv_bio.dot,56320,626297034,95f042955de0b3c5fe5b4ae5c444d20345770aa8,ccc96c9d536829bff89a7fd06199d3888f8cf29e6c9c4a96a0c1f5650d899cad,2019-08-05T13:03:42+00:00,33685504,128
2973,{app}\user_templates\sv_data_fac.XLT,app/user_templates/sv_data_fac.XLT,33792,626353354,e98002d273247d4d28fa231e873cd126721b9142,9ae3c5d0caf3e58b29f6f29c854bab4b580ba84a6602b685f802e50356506143,2024-04-26T16:51:44+00:00,33685504,128
2974,{app}\user_templates\sv_data_nd.XLT,app/user_templates/sv_data_nd.XLT,14336,626387146,6d2f901aa1e70e7f75be048e3b516b5975d61988,e4a0e5acf20e65fa13cfe89f52a0d852f4458f52cfd2050ebfac9d2db6e5271c,2024-04-25T15:27:16+00:00,33685504,128
2975,{app}\user_templates\sv_data_nd_num_prot.XLT,app/user_templates/sv_data_nd_num_prot.XLT,20480,626401482,6c612cb3109c31e6ef5a056d80bebdc042ae93b9,ca11e76e56b31a4c605a881fb1ab0e938a9bb131c8b1fb9b145fe98bbd5821a3,2024-05-02T13:57:12+00:00,33685504,128
2976,{app}\user_templates\sv_data_pers.XLT,app/user_templates/sv_data_pers.XLT,18944,626421962,2953cc210a7062b5026b9f515ea6e52412195393,b14215df429aec453f29a83d439a3fcdb4c5661e91674558e293cc6c7cd3889e,2024-04-25T16:50:26+00:00,33685504,128
2977,{app}\user_templates\sv_data_pers_exp.XLT,app/user_templates/sv_data_pers_exp.XLT,18944,626440906,4f51a7b2a40cd348df94f2a7eb8a3055a42204da,19226bbc41e74ac7536678783bbae9a4aad6497265b4b021e1a70dcce0a2b71d,2024-04-25T16:58:58+00:00,33685504,128
2978,{app}\user_templates\sv_data_rm.XLT,app/user_templates/sv_data_rm.XLT,23040,626459850,f4583e8de54ca9f006743141c2a1761ff16d4f8c,de6fa984aaeef72c93c274af7721272284840e4aa4b8b78ad00c4f392d394738,2024-04-26T15:14:04+00:00,33685504,128
2979,{app}\user_templates\sv_data_si.XLT,app/user_templates/sv_data_si.XLT,14336,626482890,e8422c979830d9658e674feb9302a435e7ce2b61,c4efe50b535f43ffe211803845e768ba67fb7482285f1b6193ba8ccace811cfc,2024-04-25T15:31:56+00:00,33685504,128
2980,{app}\user_templates\sv_data_si_num_prot.XLT,app/user_templates/sv_data_si_num_prot.XLT,15872,626497226,d68e687581191ff440c5574ba39b2a76eac1f37e,1fb4818ba8ffa7c18d1c4bb551a4509bb37231deb75e660c97912062ddff96ba,2024-05-02T15:06:02+00:00,33685504,128
2981,{app}\user_templates\sv_emp50.dot,app/user_templates/sv_emp50.dot,56320,626513098,85d2189f07dd4bce76a6cde88bdd2798d558fcf1,1c91b2f3312745e1bb3ea8741f995638bdaca0be8e625513fe586e5154cd05ce,2019-08-05T13:03:30+00:00,33685504,128
2982,{app}\user_templates\sv_emp_pc.dot,app/user_templates/sv_emp_pc.dot,54272,626569418,6ca37da1d717806306888239394e0f1618718269,c3ed3c374c0ee53c3857378520ac33f16316c5483ee0219464ebdebf75668548,2021-06-02T16:33:54+00:00,33685504,128
2983,{app}\user_templates\sv_emp_rd.dot,app/user_templates/sv_emp_rd.dot,55808,626623690,2b43fc8919571c303c7b05ae2f6e46b63eaf4308,9efb7fcd4f529765d17345d3280ce08a0349bfe8f52ac6dbf563416af6692482,2019-08-05T13:03:36+00:00,33685504,128
2984,{app}\user_templates\sv_esp.dot,app/user_templates/sv_esp.dot,56320,626679498,705f6532a6830cc0b1e23fa7aaf48250cec9143c,a1d9ab73313d7d6e942270cf7ede6bc7c3d8b9e152ffc5f739cb2cfa446acfc6,2019-08-05T13:03:26+00:00,33685504,128
2985,{app}\user_templates\sv_exp_zakl_usr01.dot,app/user_templates/sv_exp_zakl_usr01.dot,57344,626735818,3dbab1bbe76a3f82a4b7f07ea3f1a879202bbb3b,75a050590ac2b4e578af7b56585df1d514353d15f5bd160a1e2756591472ccea,2024-09-03T15:27:38+00:00,33685504,128
2986,{app}\user_templates\sv_exp_zakl_usr02.dot,app/user_templates/sv_exp_zakl_usr02.dot,56832,626793162,5ba3090ae8469011233dfa1e47331bc9515b208e,329161e3654c8475d111d57eff040f90a28e6b42e4835b60c94456d4e74397ef,2024-09-03T15:27:28+00:00,33685504,128
2987,{app}\user_templates\sv_exp_zakl_usr03.dot,app/user_templates/sv_exp_zakl_usr03.dot,59392,626849994,2636398a6819da6f8312e0e6fb5a46a289f13086,c6fcd0802002c76e7588b73f38b133830e20cb5482df69ad19a8752920f09b69,2024-09-03T15:27:20+00:00,33685504,128
2988,{app}\user_templates\sv_exp_zakl_usr04.dot,app/user_templates/sv_exp_zakl_usr04.dot,66048,626909386,01c21d867e1674e840936120dfd897d03be994f5,51ad723db4efee5a553b3b28180989f9cd73fb52fc050b6aaff37359928e3849,2024-09-03T15:27:12+00:00,33685504,128
2989,{app}\user_templates\sv_exp_zakl_usr05.dot,app/user_templates/sv_exp_zakl_usr05.dot,58880,626975434,32c4ab2c4f983300d5e57f03521910dec8b9ec18,6055e2a67aec7bb2e0e39fa875bfc6f54f444bda8fd27c5287ca36bf73422030,2024-09-03T15:27:02+00:00,33685504,128
2990,{app}\user_templates\sv_exp_zakl_usr06.dot,app/user_templates/sv_exp_zakl_usr06.dot,58368,627034314,16b3098017ef8cd1c8a6d89cfccaf81f8fc889c8,4ea2c5836cfd57030c0e2eb35d98a3003efa3916ee42d27f1f5cd425d9ad6abf,2024-09-03T15:26:54+00:00,33685504,128
2991,{app}\user_templates\sv_exp_zakl_usr07.dot,app/user_templates/sv_exp_zakl_usr07.dot,50176,627092682,b615f99641628b1ee4d53861f3a4f935e56edbea,b2f568925e942b6c6271e0aace26b1a99a38f776abf2002b2150d4a54581d941,2024-09-03T15:27:48+00:00,33685504,128
2992,{app}\user_templates\sv_him.dot,app/user_templates/sv_him.dot,56320,627142858,68d3437e87c339c375c5ddc3dca7d0bd53a07eea,803d57a13f40becc4b27fb7af0eed6314a548ddc8fc03f368d4319f70c3ed02b,2019-08-05T13:02:48+00:00,33685504,128
2993,{app}\user_templates\sv_him2.dot,app/user_templates/sv_him2.dot,56320,627199178,daf49f71a087ccbfcc5e748d8809f3fc0b5936e1,bd8af123aa1eaed930b412933cea6ee74369fc2ec369229836e6e3101ca6ed22,2019-08-05T13:02:42+00:00,33685504,128
2994,{app}\user_templates\sv_infr.dot,app/user_templates/sv_infr.dot,56320,627255498,496202f730f30fb389aa73dca4933ef0f0f545ac,a8442153c6175ba385f93821b2ac9018595ee4473732adecb4bab228f0ff86be,2019-08-05T13:02:38+00:00,33685504,128
2995,{app}\user_templates\sv_infr2.dot,app/user_templates/sv_infr2.dot,56320,627311818,6ef928eab2d11dc00fd113f314c48b68f8999cfa,a4a7878e0ddbc3294c302a2f47c3eec231132da3617a591b1f9c6352ed9078d6,2019-08-05T13:02:32+00:00,33685504,128
2996,{app}\user_templates\sv_infr3.dot,app/user_templates/sv_infr3.dot,57344,627368138,16dce2f57b82a669fe13e92b003cb210d2a817e4,86f75ae2a547af0c62857114c0b6066d2a45df75b898589c2c5a84352e4f1b71,2019-08-05T13:02:28+00:00,33685504,128
2997,{app}\user_templates\sv_izm_apfd.dot,app/user_templates/sv_izm_apfd.dot,53760,627425482,26caa6212a5b709f7fdf3e7b8eb5d96248f8b432,dfb4276299e7e883325d61631cb883da58d040a0a209adff69039ec30c170f59,2019-08-05T13:02:22+00:00,33685504,128
2998,{app}\user_templates\sv_izm_apfd2.dot,app/user_templates/sv_izm_apfd2.dot,53760,627479242,26caa6212a5b709f7fdf3e7b8eb5d96248f8b432,dfb4276299e7e883325d61631cb883da58d040a0a209adff69039ec30c170f59,2019-08-05T13:02:22+00:00,33685504,128
2999,{app}\user_templates\sv_izm_bio.dot,app/user_templates/sv_izm_bio.dot,53248,627533002,d1e661e9b87d2844b7939e29f1749db844343628,88d36ce8550dbe1ea1d5a5e45422e2da38c09d9333f56483193c0f0e3f687a09,2019-08-05T13:02:16+00:00,33685504,128
3000,{app}\user_templates\sv_izm_bio2.dot,app/user_templates/sv_izm_bio2.dot,53248,627586250,d1e661e9b87d2844b7939e29f1749db844343628,88d36ce8550dbe1ea1d5a5e45422e2da38c09d9333f56483193c0f0e3f687a09,2019-08-05T13:02:16+00:00,33685504,128
3001,{app}\user_templates\sv_izm_emp50.dot,app/user_templates/sv_izm_emp50.dot,53760,627639498,944e3a2c394deaeb762dc839662e6523465991ac,dc0641f2ddde315f5421963fd615f7d0f028ccf8fabb21f197e3f45220d102b0,2019-08-05T13:02:06+00:00,33685504,128
3002,{app}\user_templates\sv_izm_emp50_2.dot,app/user_templates/sv_izm_emp50_2.dot,53760,627693258,944e3a2c394deaeb762dc839662e6523465991ac,dc0641f2ddde315f5421963fd615f7d0f028ccf8fabb21f197e3f45220d102b0,2019-08-05T13:02:06+00:00,33685504,128
3003,{app}\user_templates\sv_izm_emp_pc.dot,app/user_templates/sv_izm_emp_pc.dot,54784,627747018,46470aa3c7587841577af74e94b5007eeceab5af,bcc883f5df4f49102f511be33efa43fa86dcba9bdbf29d4b608a80b326f9c04d,2026-06-04T09:03:22+00:00,33685504,128
3004,{app}\user_templates\sv_izm_emp_pc2.dot,app/user_templates/sv_izm_emp_pc2.dot,54784,627801802,46470aa3c7587841577af74e94b5007eeceab5af,bcc883f5df4f49102f511be33efa43fa86dcba9bdbf29d4b608a80b326f9c04d,2026-06-04T09:03:22+00:00,33685504,128
3005,{app}\user_templates\sv_izm_emp_rd.dot,app/user_templates/sv_izm_emp_rd.dot,53760,627856586,6c864177d8b210df5b280650b4c5fae57bfefb7e,59bebc51eec9ad219f928675de3c75f91d04cf47a148d14f518002f145698ef4,2019-08-05T13:02:12+00:00,33685504,128
3006,{app}\user_templates\sv_izm_emp_rd2.dot,app/user_templates/sv_izm_emp_rd2.dot,53760,627910346,6c864177d8b210df5b280650b4c5fae57bfefb7e,59bebc51eec9ad219f928675de3c75f91d04cf47a148d14f518002f145698ef4,2019-08-05T13:02:12+00:00,33685504,128
3007,{app}\user_templates\sv_izm_esp.dot,app/user_templates/sv_izm_esp.dot,53760,627964106,a6ce52f48ee91f5e97f8e28f632998f02bb9b50f,5bdc02ddb830b476e5cc6851ea3c486d543f24626ae5462832987b8cfcd62e0f,2019-08-05T13:02:00+00:00,33685504,128
3008,{app}\user_templates\sv_izm_esp2.dot,app/user_templates/sv_izm_esp2.dot,53760,628017866,a6ce52f48ee91f5e97f8e28f632998f02bb9b50f,5bdc02ddb830b476e5cc6851ea3c486d543f24626ae5462832987b8cfcd62e0f,2019-08-05T13:02:00+00:00,33685504,128
3009,{app}\user_templates\sv_izm_him.dot,app/user_templates/sv_izm_him.dot,53760,628071626,bbbf214bc553e116f7cf60ef8dedfab762a5cf95,4a1c299d63361adbe00d2e66a2248ece44cf584fd5b1de17b808f1d76efbdc0f,2019-08-05T12:58:30+00:00,33685504,128
3010,{app}\user_templates\sv_izm_him2.dot,app/user_templates/sv_izm_him2.dot,53760,628125386,bbbf214bc553e116f7cf60ef8dedfab762a5cf95,4a1c299d63361adbe00d2e66a2248ece44cf584fd5b1de17b808f1d76efbdc0f,2019-08-05T12:58:30+00:00,33685504,128
3011,{app}\user_templates\sv_izm_infr.dot,app/user_templates/sv_izm_infr.dot,53760,628179146,6f52d441ce56668fa7dd0186a19224e863e1cace,4bf8897f5e855da3d3edc955a3a83824f533d885e010cf9988c87779e16a0fa8,2019-08-05T13:01:54+00:00,33685504,128
3012,{app}\user_templates\sv_izm_infr2.dot,app/user_templates/sv_izm_infr2.dot,53760,628232906,6f52d441ce56668fa7dd0186a19224e863e1cace,4bf8897f5e855da3d3edc955a3a83824f533d885e010cf9988c87779e16a0fa8,2019-08-05T13:01:54+00:00,33685504,128
3013,{app}\user_templates\sv_izm_lazer.dot,app/user_templates/sv_izm_lazer.dot,53760,628286666,8c98389c15d8dff6e898a7e1325d30e53dac2c8f,c21446612a4a5295245980acd5fd58c872c3f18c64ac3d81c7b20915bf73a60a,2019-08-05T13:01:48+00:00,33685504,128
3014,{app}\user_templates\sv_izm_lazer2.dot,app/user_templates/sv_izm_lazer2.dot,53760,628340426,8c98389c15d8dff6e898a7e1325d30e53dac2c8f,c21446612a4a5295245980acd5fd58c872c3f18c64ac3d81c7b20915bf73a60a,2019-08-05T13:01:48+00:00,33685504,128
3015,{app}\user_templates\sv_izm_micro.dot,app/user_templates/sv_izm_micro.dot,53248,628394186,d8b0d8bdfb8bddc464daa8033a80def15bc30150,b2239d1d975e8e6c9b53f9fff20b92392453bf1f27f7c11c3d92445998673f38,2019-08-05T13:01:44+00:00,33685504,128
3016,{app}\user_templates\sv_izm_micro2.dot,app/user_templates/sv_izm_micro2.dot,53248,628447434,d8b0d8bdfb8bddc464daa8033a80def15bc30150,b2239d1d975e8e6c9b53f9fff20b92392453bf1f27f7c11c3d92445998673f38,2019-08-05T13:01:44+00:00,33685504,128
3017,{app}\user_templates\sv_izm_napr.dot,app/user_templates/sv_izm_napr.dot,53248,628500682,9bae393c912199acd72724d815ab844454606fdd,0eb19b0a28b27881d3983ad47e266c41bb2914799d0c583a0e84c292c3358ffb,2019-08-06T11:38:02+00:00,33685504,128
3018,{app}\user_templates\sv_izm_napr2.dot,app/user_templates/sv_izm_napr2.dot,53248,628553930,9bae393c912199acd72724d815ab844454606fdd,0eb19b0a28b27881d3983ad47e266c41bb2914799d0c583a0e84c292c3358ffb,2019-08-06T11:38:02+00:00,33685504,128
3019,{app}\user_templates\sv_izm_osv.dot,app/user_templates/sv_izm_osv.dot,53760,628607178,6bd718036f2107e8456210e35bc8786888d08a71,953b8b1bca8c733591c741d1518b56cc91f1728718e1caae3be46a194d9eb270,2019-08-05T13:01:36+00:00,33685504,128
3020,{app}\user_templates\sv_izm_osv2.dot,app/user_templates/sv_izm_osv2.dot,53760,628660938,6bd718036f2107e8456210e35bc8786888d08a71,953b8b1bca8c733591c741d1518b56cc91f1728718e1caae3be46a194d9eb270,2019-08-05T13:01:36+00:00,33685504,128
3021,{app}\user_templates\sv_izm_pmp.dot,app/user_templates/sv_izm_pmp.dot,53760,628714698,ebf195d3c0bdc495bddd0258c29b9fdb636eebc4,9186393b0dc599923af83b3583757b657e589f2fcd83b36835ab7344bf201319,2019-08-05T13:01:30+00:00,33685504,128
3022,{app}\user_templates\sv_izm_pmp2.dot,app/user_templates/sv_izm_pmp2.dot,53760,628768458,ebf195d3c0bdc495bddd0258c29b9fdb636eebc4,9186393b0dc599923af83b3583757b657e589f2fcd83b36835ab7344bf201319,2019-08-05T13:01:30+00:00,33685504,128
3023,{app}\user_templates\sv_izm_rad.dot,app/user_templates/sv_izm_rad.dot,53760,628822218,1fb0a1c2ffd25e86130050edbb20b38c367000dd,d669fc58c2158c5298721b906f2262062c0084a4199de6c304efedff9a1bed2f,2019-08-05T13:01:26+00:00,33685504,128
3024,{app}\user_templates\sv_izm_rad2.dot,app/user_templates/sv_izm_rad2.dot,53760,628875978,1fb0a1c2ffd25e86130050edbb20b38c367000dd,d669fc58c2158c5298721b906f2262062c0084a4199de6c304efedff9a1bed2f,2019-08-05T13:01:26+00:00,33685504,128
3025,{app}\user_templates\sv_izm_shum.dot,app/user_templates/sv_izm_shum.dot,53760,628929738,c4e55f57d1d15e9f798bd04d643b8e24e4702d26,1d75473eb107366149f9faf205d748e44673a8976c7046a1d5bfa9c2a836c0bc,2019-08-05T13:01:20+00:00,33685504,128
3026,{app}\user_templates\sv_izm_shum2.dot,app/user_templates/sv_izm_shum2.dot,53760,628983498,c4e55f57d1d15e9f798bd04d643b8e24e4702d26,1d75473eb107366149f9faf205d748e44673a8976c7046a1d5bfa9c2a836c0bc,2019-08-05T13:01:20+00:00,33685504,128
3027,{app}\user_templates\sv_izm_tyag.dot,app/user_templates/sv_izm_tyag.dot,53760,629037258,49d477045dd4264a4b5669a9ff3eb2186884906d,199217831443f23d00db87e3a008c7afd39be3046d37bc7f3f024d7f8a7d106c,2022-07-25T10:11:32+00:00,33685504,128
3028,{app}\user_templates\sv_izm_tyag2.dot,app/user_templates/sv_izm_tyag2.dot,53760,629091018,49d477045dd4264a4b5669a9ff3eb2186884906d,199217831443f23d00db87e3a008c7afd39be3046d37bc7f3f024d7f8a7d106c,2022-07-25T10:11:32+00:00,33685504,128
3029,{app}\user_templates\sv_izm_ufi.dot,app/user_templates/sv_izm_ufi.dot,53760,629144778,0cedc8e5c905ba0698aee038ecb411ba083554b5,d8a11f1e7deb890ef9bd124680c535e1e52162937f6d7d539580c24832e86a87,2019-08-05T13:01:06+00:00,33685504,128
3030,{app}\user_templates\sv_izm_ufi2.dot,app/user_templates/sv_izm_ufi2.dot,53760,629198538,0cedc8e5c905ba0698aee038ecb411ba083554b5,d8a11f1e7deb890ef9bd124680c535e1e52162937f6d7d539580c24832e86a87,2019-08-05T13:01:06+00:00,33685504,128
3031,{app}\user_templates\sv_izm_ultr.dot,app/user_templates/sv_izm_ultr.dot,53760,629252298,4e366df0002f2ed86a28768078f441f260908e89,e278cdfee754ba7329aa9274bc2b0a5e505d1870c636c89a26587dc9870d661c,2019-08-05T13:01:00+00:00,33685504,128
3032,{app}\user_templates\sv_izm_ultr2.dot,app/user_templates/sv_izm_ultr2.dot,53760,629306058,4e366df0002f2ed86a28768078f441f260908e89,e278cdfee754ba7329aa9274bc2b0a5e505d1870c636c89a26587dc9870d661c,2019-08-05T13:01:00+00:00,33685504,128
3033,{app}\user_templates\sv_izm_vibr_l.dot,app/user_templates/sv_izm_vibr_l.dot,53760,629359818,e9e0e12ac0c2c5aebd96106c44038f7030f802db,542ecae557e58e2956de66fc4662d661c3f235e92ccd07632a02c14d3397b3df,2019-08-05T13:00:54+00:00,33685504,128
3034,{app}\user_templates\sv_izm_vibr_l2.dot,app/user_templates/sv_izm_vibr_l2.dot,53760,629413578,e9e0e12ac0c2c5aebd96106c44038f7030f802db,542ecae557e58e2956de66fc4662d661c3f235e92ccd07632a02c14d3397b3df,2019-08-05T13:00:54+00:00,33685504,128
3035,{app}\user_templates\sv_izm_vibr_o.dot,app/user_templates/sv_izm_vibr_o.dot,53760,629467338,89c8729362c0a558a520944720c4979002e0302a,cd4b1d23261c90cb3f8aee6af051f44930001f1ec6c125b95339359a74f8dc41,2019-08-05T13:00:48+00:00,33685504,128
3036,{app}\user_templates\sv_izm_vibr_o2.dot,app/user_templates/sv_izm_vibr_o2.dot,53760,629521098,89c8729362c0a558a520944720c4979002e0302a,cd4b1d23261c90cb3f8aee6af051f44930001f1ec6c125b95339359a74f8dc41,2019-08-05T13:00:48+00:00,33685504,128
3037,{app}\user_templates\sv_lazer.dot,app/user_templates/sv_lazer.dot,56320,629574858,2475bb3054d619ca0e80ccd452d5bd3644b17919,749a723428079e4af984cd973da98382f24a1e26707ce62bb6975995b8815a49,2019-08-05T13:00:42+00:00,33685504,128
3038,{app}\user_templates\sv_micro.dot,app/user_templates/sv_micro.dot,56320,629631178,3cb3db648afd02c3fe2add0e8d50a53bbbd67b05,a9e3bf1538a4f50200fddd8ccb88aa5da05bf010f976aee206156e7bdeefa036,2019-08-05T13:00:38+00:00,33685504,128
3039,{app}\user_templates\sv_micro2.dot,app/user_templates/sv_micro2.dot,56320,629687498,261f6d9d9d092bf4e7b917c404abd85d904bf3f9,2bacd28fd35450dfda49474055d3e039ec9a2850aa95ee2df245faa2d6ee7363,2019-08-05T13:00:30+00:00,33685504,128
3040,{app}\user_templates\sv_napr.dot,app/user_templates/sv_napr.dot,58368,629743818,470ebf15a95661279a1242786db783b785cb233c,046b40ef3f5c2a8407debc8780b0ff41d3200d2205aaa41b9c903aa5fbdb0cd0,2019-08-05T13:00:22+00:00,33685504,128
3041,{app}\user_templates\sv_napr2.dot,app/user_templates/sv_napr2.dot,56320,629802186,ed84f4cecfd053ffe1d43bf996761616d6b20245,e5b049dcff6fbe23e5c6ad1a1e9db74a32c12b38a3460199b2b093087da35843,2019-08-05T13:00:16+00:00,33685504,128
3042,{app}\user_templates\sv_osv.dot,app/user_templates/sv_osv.dot,56320,629858506,9a2c14928c61ff978182f2fdb7b0c684cb3b1782,d29bc751064841a809249abb0db6b92afd827a57b46e67cb6c65bc10b9978ea0,2019-08-05T13:00:10+00:00,33685504,128
3043,{app}\user_templates\sv_osv2.dot,app/user_templates/sv_osv2.dot,55808,629914826,52aea6993ad16569ed78478000b5a7510cf09fb9,3d36fb8cc09f955f5bdcb0ac57a50c100960fe3b354574a42575c1d5c11f164f,2019-08-05T13:00:06+00:00,33685504,128
3044,{app}\user_templates\sv_pmp.dot,app/user_templates/sv_pmp.dot,56320,629970634,f615401744e0ca360462f79a8b5dc5d3632bb7bc,1b577cbb37aab97a99b1e450bcf420668d770b911ce2995ee408ddc1b541df5f,2019-08-05T13:00:00+00:00,33685504,128
3045,{app}\user_templates\sv_rad.dot,app/user_templates/sv_rad.dot,56832,630026954,a316614169bb15bb470d80c0892c01cbf2667f0e,964d7f545b00fa0edb167f4230eedaddf79c6fb0bfba7a2b1ba794fd590f691f,2019-08-05T12:59:54+00:00,33685504,128
3046,{app}\user_templates\sv_shum.dot,app/user_templates/sv_shum.dot,56320,630083786,39717eb121e15b927c36a95500eeb80ff819f529,052ca669cab000ab745360437eee9183a1c600d6ad9baa7ed08b47810d796dcc,2019-08-05T12:59:48+00:00,33685504,128
3047,{app}\user_templates\sv_shum2.dot,app/user_templates/sv_shum2.dot,56320,630140106,6000697c2c38a0ee95c30f75f2e7c65ff5f3c36d,fe99ec067e4424f9f01ec9e7ec77e74a52c4487d18db907be30e7e86b16d7c9d,2019-08-05T12:59:44+00:00,33685504,128
3048,{app}\user_templates\sv_shum3.dot,app/user_templates/sv_shum3.dot,56832,630196426,22f9ea62f828c99d55e7e4380d95e94402c56ccd,4c6621361e5477f8cff84abedb52d191ceb3f39912855781098dba665c508706,2019-08-05T12:59:40+00:00,33685504,128
3049,{app}\user_templates\sv_shum4.dot,app/user_templates/sv_shum4.dot,55808,630253258,d8eef87240ef33699cfcd739668a0cd04c8a9634,967503ea2d16a68eb098bf001e50a147b5e71b5ca7f68bde885f2f1d0b87cbb6,2019-08-05T12:59:34+00:00,33685504,128
3050,{app}\user_templates\sv_shum5.dot,app/user_templates/sv_shum5.dot,55808,630309066,d458f4a8a2e64a6e4e387db80477d49af40d7aab,84c421089a94e97cefc6168ba8e9d0c17204ae6bdecfac1db04e08ae364d7d08,2019-08-05T12:59:28+00:00,33685504,128
3051,{app}\user_templates\sv_shum6.dot,app/user_templates/sv_shum6.dot,55808,630364874,d08102a411cc8c77c797d91b14304018acd9297c,5cc606c4cb7793c6f2b48838a859b156919a597a657e149ce4e1802e43368477,2019-08-05T12:59:00+00:00,33685504,128
3052,{app}\user_templates\sv_tyag.dot,app/user_templates/sv_tyag.dot,69632,630420682,af80a392ddfe7c3cf0458e364ae8b9ef9073e528,d94503fc023d882eb138e604a64070752550d71b6c11d318f27a5a62b3036bc9,2019-08-05T12:58:52+00:00,33685504,128
3053,{app}\user_templates\sv_tyag2.dot,app/user_templates/sv_tyag2.dot,56832,630490314,ab9a854fba08bf55f7ae185a497d768cdb0bd90d,9a80023d3c48d2a00de27d3252c48a4fa88f3d5678197fafeb07ca79e75f0f45,2019-08-05T12:58:46+00:00,33685504,128
3054,{app}\user_templates\sv_ufi.dot,app/user_templates/sv_ufi.dot,56320,630547146,6250b5a6ba3955caccd7e7dddd6ec11a145fafcb,010d01802c8027b69386a4891150138562a40340e9af8e41c8a541d0cbe490c9,2019-08-05T12:58:40+00:00,33685504,128
3055,{app}\user_templates\sv_ultr.dot,app/user_templates/sv_ultr.dot,56320,630603466,8cc30e9fc9cc4c7996bca1dd2430563768003979,4891bf727df5329d6b144c41403187853d69f337090d05334ff520c26d86c21b,2019-08-05T12:58:36+00:00,33685504,128
3056,{app}\user_templates\sv_ultr2.dot,app/user_templates/sv_ultr2.dot,56832,630659786,06545ea44b3c57233c61c066382413bdb11247ea,001f6cef49471d483a64b4fbb74d7e62a7be520aa8eda2919b330d5821a8bf6d,2019-08-05T13:03:56+00:00,33685504,128
3057,{app}\user_templates\sv_ved.xlt,app/user_templates/sv_ved.xlt,18432,630716618,add6286d8caa81953073e4607d288685670adfd7,69d11420fd17dcb5881c87bd14c5eed962a02aa3ce8fcc692195e4b82a95c642,2014-10-06T11:08:14+00:00,33685504,128
3058,{app}\user_templates\sv_ved_main.xlt,app/user_templates/sv_ved_main.xlt,26624,630735050,6cbc6671c9a8125c55ee590e25d56b4fca2d3344,e7a4bab23170551c4c07d53f74d08eae69ad464d80d977b731b42826a194aff7,2024-08-29T09:26:04+00:00,33685504,128
3059,{app}\user_templates\sv_vibr_l.dot,app/user_templates/sv_vibr_l.dot,56832,630761674,8926f7135d44c4f284cb4bd30d81b24032fa84c9,d89242a582f9cbcc0a68f6ca0a47afbeab67b917a2d80dfb6d22b1983a3bff39,2019-08-05T13:07:22+00:00,33685504,128
3060,{app}\user_templates\sv_vibr_l2.dot,app/user_templates/sv_vibr_l2.dot,56832,630818506,ab9b585b17ccb385978ffaf27ee0b80608e17642,129bd48a2daee2c9fbc82fb88b47ebf3b5a3b8d79e7d178ec395f75733239e38,2019-08-05T13:07:16+00:00,33685504,128
3061,{app}\user_templates\sv_vibr_l3.dot,app/user_templates/sv_vibr_l3.dot,55808,630875338,cccdffa4d741f13f19968fa4902d0b45367d9fc8,95c9a0305ef62a3432a4d69c6f20b988f9cb7d7901c3dbd006e894f6c4057295,2019-08-05T13:07:10+00:00,33685504,128
3062,{app}\user_templates\sv_vibr_o.dot,app/user_templates/sv_vibr_o.dot,56320,630931146,8d19975da49939e37847aec66b3af22e48221abb,a593ad8b8fb83c7c14f0bd02ab2d7124eb407bad037c0a7ff6561e99c2c85867,2019-08-05T13:07:04+00:00,33685504,128
3063,{app}\user_templates\sv_vibr_o2.dot,app/user_templates/sv_vibr_o2.dot,56320,630987466,f6e3756730179fb2612a3b6422cb8e4afc695d26,8a126bb6e7cc8cfddf6a3d3189590f78c034db5e5430c4ac40dc5a04b428b6a0,2019-08-05T13:07:00+00:00,33685504,128
3064,{app}\user_templates\sv_vibr_o3.dot,app/user_templates/sv_vibr_o3.dot,55808,631043786,31cc8ddaa087bf333a7e8200a7163e58244eb319,11d4ae9ec56c7ef67222e9a8447865d58c1dddd030cfa7c77989b7528bff3fae,2019-08-05T13:06:54+00:00,33685504,128
3065,{app}\user_templates\sv_zakl_ident_usr01.dot,app/user_templates/sv_zakl_ident_usr01.dot,50176,631099594,79154aa22135720848bd1fdfdddf293027c411ee,31b18710ed47a4df7e8619f0547291469ea417ccc7197f2c7b3390ccf8bdf367,2024-09-03T15:22:08+00:00,33685504,128
3066,{app}\user_templates\sv_zakl_ident_usr02.dot,app/user_templates/sv_zakl_ident_usr02.dot,94208,631149770,0661d68cb231e7b597dcf3fda4df341c2382ee7d,eb8dc1ad47b91e6eb41673b5511db764f49cd60ed67cde7bb829a6419369b725,2024-09-03T15:22:56+00:00,33685504,128
3067,{app}\user_templates\sv_zakl_ident_usr03.dot,app/user_templates/sv_zakl_ident_usr03.dot,81408,631243978,04d4bc780fbf690b93a8149911409b3891b8eccf,b5450643f1f7e31bfb414d48540476700355a53c4870c474b790b987634b08a7,2024-09-03T15:23:10+00:00,33685504,128
3068,{app}\user_templates\sv_zakl_ident_usr03_1.dot,app/user_templates/sv_zakl_ident_usr03_1.dot,81408,631325386,6cabea013ea23f8572f3ff31c5a5e7bd26016052,a569b5d3a5929d6dff0c62070f6980ebf87fae0432906666f199311619d2094f,2024-09-03T15:23:30+00:00,33685504,128
3069,{app}\user_templates\sv_zakl_ident_usr03_1_1.dot,app/user_templates/sv_zakl_ident_usr03_1_1.dot,81408,631406794,ba1a2dfc6dfcd1bd4c9da2f06ff5510583585a10,eccc85de81e02694f3dfdd712873c4e23008e460505326685f2f5f40cea67a92,2024-09-03T15:23:42+00:00,33685504,128
3070,{app}\user_templates\sv_zakl_ident_usr03_1_2.dot,app/user_templates/sv_zakl_ident_usr03_1_2.dot,81408,631488202,49897e30083f8ca1d4573579929554a2df8a1787,026a55f7c4a4f395dc30890ebbfc98b5bf8f16e6c8f0afc356f4b7d779d60ab2,2024-09-03T15:24:06+00:00,33685504,128
3071,{app}\user_templates\sv_zakl_ident_usr03_1_3.dot,app/user_templates/sv_zakl_ident_usr03_1_3.dot,81408,631569610,cc232271cf15692cf293ccef8e79e13c9fafe4f4,9fc4119e9d708379243bddb1b53a45d0c256d6323160f7aa0b07c8670433561a,2024-09-03T15:24:20+00:00,33685504,128
3072,{app}\user_templates\sv_zakl_ident_usr03_1_4.dot,app/user_templates/sv_zakl_ident_usr03_1_4.dot,81408,631651018,b13d0f3f4a69d8f2b2b06cf4d40fe1594067ee0d,4e52c0a12d2ef7e5aef0ffb6d2183771bf3f98bee39326e92d402a057940b7f3,2024-09-03T15:24:36+00:00,33685504,128
3073,{app}\user_templates\sv_zakl_ident_usr03_1_5.dot,app/user_templates/sv_zakl_ident_usr03_1_5.dot,81408,631732426,5d93d44c36f39e70605f928bca17a891440c32ee,87370b61f1ea6ab4e795510c94a40eb000b4b843ed2a57f2068dcafb29e66953,2024-09-03T15:24:50+00:00,33685504,128
3074,{app}\user_templates\sv_zakl_ident_usr03_2.dot,app/user_templates/sv_zakl_ident_usr03_2.dot,81920,631813834,9982474852f4a76dbb1e8a73e3aedb71deac4db0,08269604a5699e403f687e77a656bc4f9df2e029a01f8c31180ab5c8b09864ae,2024-09-03T15:25:02+00:00,33685504,128
3075,{app}\user_templates\sv_zakl_ident_usr04.dot,app/user_templates/sv_zakl_ident_usr04.dot,60416,631895754,09b7621d8759a6e70c6d2b9d1e1c17d149b00045,a320c3e6293b425cfb8a50b406221d926751612a8e3d487a25942e004634a45a,2024-09-03T15:25:12+00:00,33685504,128
3076,{app}\user_templates\sv_zakl_ident_usr04_1.dot,app/user_templates/sv_zakl_ident_usr04_1.dot,61952,631956170,d1f8b52c35205ff66cf1ac4d2aaa8720b17780a5,dcd7e7585f041cf653417e20c4b8335615ea2937f305a020f06133455f754330,2024-09-03T15:25:24+00:00,33685504,128
3077,{app}\user_templates\sv_zakl_ident_usr04_2.dot,app/user_templates/sv_zakl_ident_usr04_2.dot,61952,632018122,33eae4bf73661afa025160d439fe8904a708fe29,074ae6fea70da8c6d1d0d199cf5f29988ba239120a58c3a24b4b49800d148044,2024-09-03T15:25:34+00:00,33685504,128
3078,{app}\user_templates\sv_zakl_ident_usr04_3.dot,app/user_templates/sv_zakl_ident_usr04_3.dot,68096,632080074,b5d16e108a0648d044fe1b9b47a36e37ac98b5fc,42a4c2a1789802bc394c6d56a420c1d1353fbe7dad2bc399a4cb909d63725f39,2024-09-03T15:21:34+00:00,33685504,128
3079,{app}\user_templates\sv_zakl_ident_usr04_4.dot,app/user_templates/sv_zakl_ident_usr04_4.dot,70656,632148170,0222318faa9f5e8e5d48474570020a6435de488b,c4f79eb685f6f821b4731c9ddf909ffeb74a44b7e4b70b46ad8894fc03af6c0d,2024-10-14T14:42:10+00:00,33685504,128
3080,{app}\user_templates\sv_zakl_ident_usr_razd.dot,app/user_templates/sv_zakl_ident_usr_razd.dot,47616,632218826,2abb72705831608e7efe07a3a8129a49615789a9,dc12677ecb151da0fba7bd06cab752ead2173ac075ba5abe5b5f000784d6e48a,2019-12-26T17:07:40+00:00,33685504,128
3081,{app}\user_templates\tb_usr_186n_sout.dot,app/user_templates/tb_usr_186n_sout.dot,64512,632266442,bfb17198e44ca25b187beb28a8a7d82483e3beb3,f50a2a15dbb2652ce0f4823e7ae48f7aaf56a851c0e953b2db5e04f7372daab2,2025-09-01T12:19:08+00:00,33685504,128
3082,{app}\user_templates\tb_usr_188n_sout.dot,app/user_templates/tb_usr_188n_sout.dot,67072,632330954,39e98d44f2c1565d68f24160d0416b92008169e6,1508937e5fb4a622bdec86fc65fc94776a66e528b445023dcf92a2bc7298dc48,2025-09-01T15:49:30+00:00,33685504,128
3083,{app}\user_templates\tb_usr_197p1_sout.dot,app/user_templates/tb_usr_197p1_sout.dot,70144,632398026,a7562999de9fb7afb50d43fee571ee8b7010f223,11076676cb168d39e6fcc57d6a95f2229337b06caaec02de48e3a22df12a331e,2025-08-29T10:30:38+00:00,33685504,128
3084,{app}\user_templates\tb_usr_197p4_sout.dot,app/user_templates/tb_usr_197p4_sout.dot,59392,632468170,d4d6ceff844761853ca90ac0e817095899ed75b1,7a5bc0c0c503be6058e976e06d93e8b4f205c169a3e97ead2f410b15b032146c,2025-08-29T09:21:26+00:00,33685504,128
3085,{app}\user_templates\tb_usr_250n2_sout.dot,app/user_templates/tb_usr_250n2_sout.dot,70144,632527562,c81e58f5a15d9b54955d4ab2cd98cbd39408417d,5f468e4f76ebd7aeaa6f6af306d07dd9ee13a38a063b598855eba61789442ce3,2019-08-05T13:09:52+00:00,33685504,128
3086,{app}\user_templates\tb_usr_250n_p5_sout.dot,app/user_templates/tb_usr_250n_p5_sout.dot,60416,632597706,cf6bda811dcca895b426bcaea8fdb4383a80bf21,f98e631faa2c44825b473bf3500430a85a1bb3fe5bfcd9cc75aa7d6adc5a9998,2019-08-05T13:10:02+00:00,33685504,128
3087,{app}\user_templates\tb_usr_250n_sout.dot,app/user_templates/tb_usr_250n_sout.dot,69120,632658122,a8b5d32f557d3e48fb0d183df7638c498e555bb6,8ac64250eafe73770ed8c26bfe8e624ae83bf1029ee41f7b759db7c58f3c3f12,2019-08-05T13:09:56+00:00,33685504,128
3088,{app}\user_templates\tb_usr_335n2_sout.dot,app/user_templates/tb_usr_335n2_sout.dot,64000,632727242,bd464b9fc8d51afa2205254c415b71243908d9af,68039f0e095ea892ad38010e0fcaa5fd3ee8f0ccd92197343a4583b456969a88,2019-08-05T13:09:40+00:00,33685504,128
3089,{app}\user_templates\tb_usr_335n_sout.dot,app/user_templates/tb_usr_335n_sout.dot,62464,632791242,d4c0c11ebb4305c97ceccf8482b9371eb73db20d,bbe99a11b6f36df59de0bb51acbd1689fb2ac2140becc6400151f04af2cb1b80,2019-08-05T13:09:46+00:00,33685504,128
3090,{app}\user_templates\tb_usr_664n_sout.dot,app/user_templates/tb_usr_664n_sout.dot,54784,632853706,cee9d480e02012ad2a436d64d1cd2d9e5205474b,62168542241de93d771200a26c012f6c41944c0890434a2328e15e0a95fc5b9c,2022-09-06T12:38:18+00:00,33685504,128
3091,{app}\user_templates\tb_usr_882n2_sout.dot,app/user_templates/tb_usr_882n2_sout.dot,62464,632908490,7c8aeb9b334aa1080b14e6a264f05810b4e4a1e0,0ce36539eadaf5af8f01f9b88830a182e6d0fe67ca8cb06b50ec2cf457e9af27,2019-08-05T13:09:30+00:00,33685504,128
3092,{app}\user_templates\tb_usr_882n_sout.dot,app/user_templates/tb_usr_882n_sout.dot,65024,632970954,a5d684d00603fb220b526e72828d3bfed3c6a203,7a296ea9b1ab1c2a57b70d2534b44c055c618d11fb3e2f52eb96ea4a91299d59,2019-08-05T13:09:36+00:00,33685504,128
3093,{app}\user_templates\tjag_unc_usr2019_sout.dot,app/user_templates/tjag_unc_usr2019_sout.dot,1097728,633035978,8c7713be0932bc0312f2457435ea7083f34d5978,5fdf237383b9c3cb28301d1cf246116a5aaeaa596166cf21f8df13d12ac16ba9,2021-02-17T12:01:42+00:00,33685504,128
3094,{app}\user_templates\tjag_usr2_1_sout.dot,app/user_templates/tjag_usr2_1_sout.dot,135168,634133706,f429dd097de30f756851a8aaea0e1283d5363143,000b631a5a8b168738af6787086e465bea09f22fdf55bda10a3a3116dfbc6c0f,2024-03-27T10:36:16+00:00,33685504,128
3095,{app}\user_templates\tjag_usr2_2_sout.dot,app/user_templates/tjag_usr2_2_sout.dot,123392,634268874,b3639d39c4ad400fc5c53151e08ef2282aa09a1b,f64402eaa7ed8dc2a37938f7e8854445fbaad6755c3c93cefa48eaef6c201398,2024-03-27T10:36:06+00:00,33685504,128
3096,{app}\user_templates\tjag_usr2_calc_sout.dot,app/user_templates/tjag_usr2_calc_sout.dot,134656,634392266,d7fff00e5ea8cb5a2c118718a65328320cdd59b7,0c6af72dcbeeacba804e24708aa21845b6cd3e3e9eaa7e959e75ff73e50b17d1,2024-09-10T11:44:52+00:00,33685504,128
3097,{app}\user_templates\tjag_usr2_sout.dot,app/user_templates/tjag_usr2_sout.dot,131072,634526922,ed4838eb8de727911489993d049d70cfd7e6f251,4bdd557b13df89b93880ecba4ced97c66e3a1d7b53b288c27636d1981322a26d,2024-03-27T10:35:56+00:00,33685504,128
3098,{app}\user_templates\tjag_usr2_sout255.dot,app/user_templates/tjag_usr2_sout255.dot,135168,634657994,ce64607353c0232faf4523b33aaa190d2dd46d65,4fbb97dbd187dd9092eceda7a2118ff1fee7193d22ea8498fa55e43e92a7d2ff,2025-05-21T10:22:28+00:00,33685504,128
3099,{app}\user_templates\tjag_usr2_sout664.dot,app/user_templates/tjag_usr2_sout664.dot,142848,634793162,2d40b76331aebe27c78a2c48de83d3f37f8b70f7,9f41e68c1b2d361234f23e2bd2774544d02f7cc3b09b3853462829600e1836a1,2024-03-27T10:35:40+00:00,33685504,128
3100,{app}\user_templates\tjag_usr2_u095_sout.dot,app/user_templates/tjag_usr2_u095_sout.dot,152576,634936010,585408992cd8411d72d5695d961da500e56d3830,c02c0da5119329dd7db54dd87ec802e7c5e3595335b68fd471392a7e0b9e056e,2025-11-18T10:06:00+00:00,33685504,128
3101,{app}\user_templates\tjag_usr_classic.dot,app/user_templates/tjag_usr_classic.dot,103936,635088586,27117f8755c90bc752fae41caceae59ffde6b2b6,9e798cee98b5ef0c3b62225f320ab0629ee86ba70a865bd1ddea3cca80c7d3ac,2024-08-26T13:32:12+00:00,33685504,128
3102,{app}\user_templates\tjag_usr_classic255.dot,app/user_templates/tjag_usr_classic255.dot,107520,635192522,014ea572d01593c750cb76d9abb4a68c04577e38,dc0d99d8703a4b147b138a19e33493f1c4cc307f9e39da83c3164e4a89b74f17,2025-05-21T09:25:26+00:00,33685504,128
3103,{app}\user_templates\tjag_usr_classic664.dot,app/user_templates/tjag_usr_classic664.dot,115200,635300042,a5771c213d85b8ab738df5d7fcd857a5f9257774,a84abb10aa304b675bcad69d51778266ef4065e3308cf8d2cd3697b5b85a2455,2024-08-26T13:32:42+00:00,33685504,128
3104,{app}\user_templates\tjag_usr_niiot.dot,app/user_templates/tjag_usr_niiot.dot,115712,635415242,598c3a6a2a158e7a3e0608391b9c30d25d6d9810,e30b3b73d1eab5710c031c93ae3409a93649e7a3e0c09324dad3f5ea019feb68,2024-03-27T10:36:40+00:00,33685504,128
3105,{app}\user_templates\tjag_usr_sout.dot,app/user_templates/tjag_usr_sout.dot,130560,635530954,795303abe4a7358377929a7b481d7901f634aa3b,37ffb057eb9d818f48632581201259e731c0bc1eee9c077662666557fcc3f9c1,2024-03-27T10:36:28+00:00,33685504,128
3106,{app}\user_templates\tyag_usr2019_sout.dot,app/user_templates/tyag_usr2019_sout.dot,139776,635661514,b068e38ecd1097592ede00f1dce6194f81b629f3,525aefb644487932ec0cd2409ab4ac2375607a4f74423fd6988faf450a8c10de,2024-03-27T10:35:12+00:00,33685504,128
3107,{app}\user_templates\tyag_usr2019_sout2.dot,app/user_templates/tyag_usr2019_sout2.dot,141824,635801290,65bbfc9a298f4a004bb2ad57c305261b93b956ba,31ac23b070c74902e250ba7ed1e779f2834be646605b49f66f0fff7f2de970e8,2024-03-27T10:35:06+00:00,33685504,128
3108,{app}\user_templates\tyag_usr2019_sout3.dot,app/user_templates/tyag_usr2019_sout3.dot,144384,635943114,b8cd80d0e97d8785bf9af48fd3805ca791130d85,69ee5aed9179b4de57591b09a2378510723565c7724637bb7ed26c7e34aee71b,2024-06-24T12:00:20+00:00,33685504,128
3109,{app}\user_templates\tyag_usr_irk2022_sout.dot,app/user_templates/tyag_usr_irk2022_sout.dot,139776,636087498,8afd6e5d45795d896187b3d6cd0fb80d994e43f7,eec2a93b0feff43aaf2389e6d0b410871def60d2800e92e30ee3ca4cb805f740,2024-03-27T10:35:22+00:00,33685504,128
3110,{app}\user_templates\tyag_usr_irk2022_sout2.dot,app/user_templates/tyag_usr_irk2022_sout2.dot,142848,636227274,b508d8c56a9c578889072e1d482e88b1c179d850,5d53ec4aecf072a94bd2020e25e00cf642e0af9ee289186357e6ef975f05c70f,2025-02-11T08:46:30+00:00,33685504,128
3111,{app}\user_templates\ufi_usr2019_sout.dot,app/user_templates/ufi_usr2019_sout.dot,74752,636370122,7ac9345bbcad7485b461f0e0bf402100944921b9,da4a3b61d27d44e2ab34a49abfb7188d9d29f92f7ba02809484e11ae6c2b49b4,2024-04-22T15:48:00+00:00,33685504,128
3112,{app}\user_templates\ufi_usr2_1_sout.dot,app/user_templates/ufi_usr2_1_sout.dot,51200,636444874,e816da70c248798933d4cfaf17656d65f7b23adb,e87330d742e338c9349d35fcc697c6662240cc0b0648128c450003db444e5249,2025-12-01T16:11:28+00:00,33685504,128
3113,{app}\user_templates\ufi_usr2_sout.dot,app/user_templates/ufi_usr2_sout.dot,51200,636496074,a497913d64c49258c6d502c95fb1d67bda3ec5d2,3b04cc87ade79775187d8a849add803fc6c97b503354dff0bfeee5d4fc1ebb1c,2025-12-01T16:11:52+00:00,33685504,128
3114,{app}\user_templates\ufi_usr_sout.dot,app/user_templates/ufi_usr_sout.dot,48640,636547274,d0c77bc2f3430dc9891e87724e83bcd9406ba383,a253be29de83ba693c4b14ed040c66bf14b6ea159f70685b05581cae4829a313,2025-12-01T16:11:46+00:00,33685504,128
3115,{app}\user_templates\ufi_usr_sout_pk.dot,app/user_templates/ufi_usr_sout_pk.dot,47104,636595914,4f42e0a8e08f68f0280d9c77f88065ab28df5883,9ec04d70ffecb5dabbc64e1bc67244934695659c3be821baa6bc44d8d6bda48e,2025-12-01T16:11:40+00:00,33685504,128
3116,{app}\user_templates\ultra_usr2_sout.dot,app/user_templates/ultra_usr2_sout.dot,52736,636643018,07eb649eea465eda71c0c0649476bee3aa4efcb5,702759af9b4506d35ffb58c28cdefda0fff4f4863649fc30562df17028026405,2019-08-05T13:08:28+00:00,33685504,128
3117,{app}\user_templates\ultra_usr_sout.dot,app/user_templates/ultra_usr_sout.dot,50176,636695754,8dec123bb8980ce14e5ca2eaf91ff85d8b6528f4,e836eab28b49d93ffa09da03af17953c1f578c2af944f510bed677ec73bb22cd,2019-08-05T13:08:40+00:00,33685504,128
3118,{app}\user_templates\ultra_usr_sout_pk.dot,app/user_templates/ultra_usr_sout_pk.dot,48128,636745930,5a240de52ad72baf8739f7e6c18833b18597d68c,c9d05fa43cd8e99d3413bbddac2ba8ab686ee0e5d600003521646eb0633bc028,2019-08-05T13:08:34+00:00,33685504,128
3119,{app}\user_templates\ultr_usr2019_sout.dot,app/user_templates/ultr_usr2019_sout.dot,76288,636794058,9c8b2fc5301ffb0bd1b8f913011e7ba01b877fce,2f0bd738b3608bc3a8aff3abf306d42201c8f385452ba5ada9dc639bec23d814,2020-05-22T14:03:40+00:00,33685504,128
3120,{app}\user_templates\ultr_usr2019_sout2.dot,app/user_templates/ultr_usr2019_sout2.dot,75264,636870346,5999b69825e7a5dcbd7adb9063d01bc548a8f9bc,c62af63d1736fba1473b028f1f1098ea14600671b2f0a54842f9008e1060294d,2024-04-01T16:12:16+00:00,33685504,128
3121,{app}\user_templates\ultr_usr2019_sout31.dot,app/user_templates/ultr_usr2019_sout31.dot,76288,636945610,946c5298a013afbf99c16ccf14bb513a11a24fdc,2f6ebb04f92796fcf34db83caa7a27f997753d8fbc57176cafc46911ec28b574,2026-03-26T09:43:16+00:00,33685504,128
3122,{app}\user_templates\ultr_usr2019_sout32.dot,app/user_templates/ultr_usr2019_sout32.dot,79360,637021898,f0a9b2811bac6e7134b651389f26635db4de466e,23ad318779911f34e8cb4be8760bff46f19a4e37ef2e633bbc48605bb267c53f,2026-05-20T15:58:58+00:00,33685504,128
3123,{app}\user_templates\uni_usr_sout.dot,app/user_templates/uni_usr_sout.dot,49664,637101258,e63e477957890374e9f681bf4f1b30944ee71a47,8a605003cc7eab25445b0e0638ee81593cc53e3de793aa58fbeeabb2ca4333ed,2019-08-05T13:10:10+00:00,33685504,128
3124,{app}\user_templates\ved_34rgn.xlt,app/user_templates/ved_34rgn.xlt,33792,637150922,b547755a99d34062d63434df3cf59fcdc7a0e199,1d6856df4b86901b3570a4cf106c7a74d590d82a09f955f72e13b698c0f8ef80,2018-03-23T11:36:08+00:00,33685504,128
3125,{app}\user_templates\ved_546.xlt,app/user_templates/ved_546.xlt,28672,637184714,0f68838c3ec6c31a9d00f160d31a623bc8317f16,d67611951b08ac61ce1ca7c06ec1b54e34ccb6ef27407927fb8e0580e59bec1a,2014-10-14T12:29:14+00:00,33685504,128
3126,{app}\user_templates\ved_546_2.xlt,app/user_templates/ved_546_2.xlt,28672,637213386,a7fa17728660f016a6b44ab4a42fefec5b16f740,c81c1b2ab7e0517325d0fc86cfcf9d3a1a4e05011bf5afadb732dc89caed03df,2016-06-02T16:26:42+00:00,33685504,128
3127,{app}\user_templates\ved_DSSOOT.dot,app/user_templates/ved_DSSOOT.dot,48128,637242058,08300e4cf6b438f53ffa1f398ba8c816fd9e06a7,bb7fbcabdbf9bffd514e376b6e331133af394615baeb699775947e75b8216075,2015-03-13T12:44:56+00:00,33685504,128
3128,{app}\user_templates\ved_factors.dot,app/user_templates/ved_factors.dot,46592,637290186,6dd0eda103a370529da2e7f29b4760c150fdbb54,a95cf42e6725baf46d9c0a5cfb386f4140d2d7dfff0739f3af5b1756a794ab9a,2014-11-06T16:06:36+00:00,33685504,128
3129,{app}\user_templates\ved_factors_sum.dot,app/user_templates/ved_factors_sum.dot,62464,637336778,d85220520175f49c3e648aa89b8700e53b2b2963,a8b16dc31188aecf4d58cc311e1060c0b4ed7e1c42321cfaf4cf5c0763764838,2015-02-16T12:23:04+00:00,33685504,128
3130,{app}\user_templates\ved_irkutsk.dot,app/user_templates/ved_irkutsk.dot,44544,637399242,90a156e3f12a9b3fd05230f8af25cc8e68e9ac0a,27d1a0cf980d547f5e56f62cbe06de9561d84569f6fc20f2f317e8c9a6616133,2015-07-03T12:30:34+00:00,33685504,128
3131,{app}\user_templates\ved_ivanovo.dot,app/user_templates/ved_ivanovo.dot,39936,637443786,6f8142fc8a01eac8a0c046a083bda5fd16cb18a4,a1b58d91f7aa5e59cdc9fbdd4b061bb6ecd130fed8428a9a3d144c388ae1ac93,2014-11-14T16:40:08+00:00,33685504,128
3132,{app}\user_templates\ved_kompens.dot,app/user_templates/ved_kompens.dot,44032,637483722,99a9e469253df072b49654e913eec73610a37d18,473e17623393fe1a10fa35a0c43a8d3ad7aa3286ab4ce45161345e1ed873eb4d,2012-11-26T12:20:54+00:00,33685504,128
3133,{app}\user_templates\ved_kompens.xlt,app/user_templates/ved_kompens.xlt,18432,637527754,de7c0a796cddd21fa71bedaafa55c722f09ed746,358e9a3a4c87967baade735c737f8b639c328324bb4c7c82faf6ed20f98d3f6e,2017-03-24T09:10:40+00:00,33685504,128
3134,{app}\user_templates\ved_kompens2.dot,app/user_templates/ved_kompens2.dot,53760,637546186,f58032638299fc541382df57bd5457e22b8c8e19,6654f360a69ada02dbd71a2bd6c6f2771905679c9f7032f54a9b11e70ff58bd3,2020-01-17T13:13:48+00:00,33685504,128
3135,{app}\user_templates\ved_krsnd.xlt,app/user_templates/ved_krsnd.xlt,16896,637599946,463d1ef5b847f68a43e56fb413c74505b08cef8d,c14512c43244d8eae0a94df1ce8e04fc5d57ff9272261340cfb1208fc142de06,2014-11-25T16:42:20+00:00,33685504,128
3136,{app}\user_templates\ved_mo.XLT,app/user_templates/ved_mo.XLT,16384,637616842,d701a6b18c01ceb8731d339717c8c4d9e863785a,041c453b34165c78451cd09719989dc22d484428f40d4dcd43373c5fb22a9408,2012-03-30T12:23:24+00:00,33685504,128
3137,{app}\user_templates\ved_mo2.XLT,app/user_templates/ved_mo2.XLT,17408,637633226,b6bebcf0fdc14256265b766b00e5086330a3b4c8,6072a7c14c8289e09591ef719cda1d2df3b3336552f5553a174a266b9222db0e,2022-11-24T13:22:18+00:00,33685504,128
3138,{app}\user_templates\ved_msk2.xlt,app/user_templates/ved_msk2.xlt,29184,637650634,70e7aa5f52ca2f3f6a07727eddd2afc1d5e5821c,5d7304ec89445b1b6b0509b50921537301879cca80df08b0b99ea5e0a32b4b03,2014-12-01T13:12:00+00:00,33685504,128
3139,{app}\user_templates\ved_nsb.xlt,app/user_templates/ved_nsb.xlt,18432,637679818,df0e4f3ec67bd1452bf7122ef25ef69704432478,e1aadfed6f6913fac701a55e22fc14d8b41e3aa5c0d4aace10621b9ac59f8dcd,2014-12-01T11:13:42+00:00,33685504,128
3140,{app}\user_templates\ved_nsb2.xlt,app/user_templates/ved_nsb2.xlt,19968,637698250,25e73ec10b36fc7a8e4d408ca7d31e08f02e377c,9cc8f533cb4dca84867c9e5469ab1df20b90d2d2ac3f12f3a1ffa166460a777e,2015-07-03T16:20:42+00:00,33685504,128
3141,{app}\user_templates\ved_rb.XLT,app/user_templates/ved_rb.XLT,36352,637718218,a6650ca1cd79d1ccd3176429f400d93542acf836,8cfefc8bef094027a6499290e9ea2ea0ae891dcd62f2e77351ca24b6324f3e2c,2015-07-03T12:54:54+00:00,33685504,128
3142,{app}\user_templates\ved_siz.dot,app/user_templates/ved_siz.dot,20992,637754570,289b0c6a460cf78965e4c270ca16d17c0dfbfce4,d5cf002bf0b54ab82fb933fae04cc1224a0537199ce5c71d1fe2537828412fb7,2014-12-25T14:12:52+00:00,33685504,128
3143,{app}\user_templates\vibr_gen_usr2019_sout.dot,app/user_templates/vibr_gen_usr2019_sout.dot,78848,637775562,361620a59fc4bdec31e7b8b41863a56270066a1a,94a661ab4e94df6ea44f93bed30ef6eb8a3a1057a11793e193f4d21bed1a1fad,2020-05-22T14:03:10+00:00,33685504,128
3144,{app}\user_templates\vibr_gen_usr2019_sout61.dot,app/user_templates/vibr_gen_usr2019_sout61.dot,79360,637854410,ec48ae679c541ac8b04cdb6bbede195b373fa406,a03e2bf0d1aa5c632cf4061dc3dae081a188ebf799c6ea3d936f89e0bfb5f023,2023-03-16T16:11:04+00:00,33685504,128
3145,{app}\user_templates\vibr_gen_usr2019_sout62.dot,app/user_templates/vibr_gen_usr2019_sout62.dot,79872,637933770,35d15380c9e68654cd6f397fd1f5575fb9b39ea2,f0feff4d92cef05e0e5db4f049bbe40daf06305dbd7d34feef7aadfc5a794139,2026-03-26T09:43:40+00:00,33685504,128
3146,{app}\user_templates\vibr_gen_usr_sout.dot,app/user_templates/vibr_gen_usr_sout.dot,50176,638013642,f38ef290f9c1e86dae38b7c82b4be4b6f8b3adaf,dee437cab8f7895b86c4bce787a1f11e31c51b31d56bd991af99062cfd3da65a,2019-08-05T13:12:30+00:00,33685504,128
3147,{app}\user_templates\vibr_gen_usr_sout2.dot,app/user_templates/vibr_gen_usr_sout2.dot,52736,638063818,8b30b38606e62a6b7e7db879808083278b38eb06,4ca8e0796505ae237a167a81ad579bde3f8ce163c1d9dd63732ea614fe6fdc47,2019-08-05T13:12:24+00:00,33685504,128
3148,{app}\user_templates\vibr_gen_usr_sout4.dot,app/user_templates/vibr_gen_usr_sout4.dot,57344,638116554,d5852e37354f25fcbb04cb96dbb0a18b03c3f89d,3390ebbc32fa493f03807a98addf39e237495109060a95008dbb892e03f26d6c,2019-08-05T13:12:18+00:00,33685504,128
3149,{app}\user_templates\vibr_gen_usr_sout4_1.dot,app/user_templates/vibr_gen_usr_sout4_1.dot,59392,638173898,4c389de1fc5a23be19e99f412def59ed011f11f7,ea8547ff49d9856b0654be5111b9d8c6a3b09cd1f0afe5882e7a9e29bcb3f064,2022-07-13T14:58:36+00:00,33685504,128
3150,{app}\user_templates\vibr_gen_usr_sout5.dot,app/user_templates/vibr_gen_usr_sout5.dot,58880,638233290,7051d155436bfc02a2d9c5cbbfcb1cdb98c850f4,0eb8c584f76d9add56923ff1afd71d1d01a7644632e67fbe6f724c3d4b1353df,2019-08-05T13:12:12+00:00,33685504,128
3151,{app}\user_templates\vibr_loc_usr2019_sout.dot,app/user_templates/vibr_loc_usr2019_sout.dot,79360,638292170,b5c7a857b86108ddc192fa6964c5617df4515cd4,4b7cd60892e23060648a2f13feaa9ee2ce8b833af9713663862a44d513e78f85,2020-05-22T14:03:30+00:00,33685504,128
3152,{app}\user_templates\vibr_loc_usr2019_sout61.dot,app/user_templates/vibr_loc_usr2019_sout61.dot,79360,638371530,0c8be8e831a33ff6b9d82d4d222ff0dba6ab0438,b4d2ebbce38565e1e34efac1030b38c656f9979fb2323ff4f61b49e7727e3261,2023-03-16T16:36:26+00:00,33685504,128
3153,{app}\user_templates\vibr_loc_usr2019_sout62.dot,app/user_templates/vibr_loc_usr2019_sout62.dot,80384,638450890,5bc84e7b47fcd29100b9c2d7a31eabee4343e9ee,783cec72f8a0520f16eab4b86874c11fa89abeb0511a7b32fc41ec4d11781f33,2026-03-26T09:43:50+00:00,33685504,128
3154,{app}\user_templates\vibr_loc_usr_sout.dot,app/user_templates/vibr_loc_usr_sout.dot,50176,638531274,e157c34a6e040916d1762dcb090c6dc56991700f,b4ca104708a56bf3254f053fa1890a01d2e4845035de9540eae34a7e6372cc81,2019-08-05T13:12:08+00:00,33685504,128
3155,{app}\user_templates\vibr_loc_usr_sout2.dot,app/user_templates/vibr_loc_usr_sout2.dot,52736,638581450,033f8ca6181bedd9a849546ba393376150e87418,558335d4ae23317e5f54b1050ec75072ffe8bbe8c800f5f2ef2277b7cd191dc6,2019-08-05T13:12:02+00:00,33685504,128
3156,{app}\user_templates\vibr_loc_usr_sout4.dot,app/user_templates/vibr_loc_usr_sout4.dot,57344,638634186,e3d0c56f0c7c1aed8a9271eea8d092bb791ea80e,c84686f15ec7cc1f70e63b19bff96c3a73b698f875b2c9d9b1f0c5549dd07da2,2019-08-05T13:11:58+00:00,33685504,128
3157,{app}\user_templates\vibr_loc_usr_sout5.dot,app/user_templates/vibr_loc_usr_sout5.dot,61440,638691530,290aabcd0888a28e5be8d3481da95d736a37cd8e,694df9145eaaa3262a92f66661d272984e18a123eec6aa3e655fa8a75be601bb,2019-08-05T13:11:52+00:00,33685504,128
3158,{app}\user_templates\vibr_usr_sout.dot,app/user_templates/vibr_usr_sout.dot,50176,638752970,a65d698c5bd0b00efd8c02c7a4f69cd936b494ff,7aad8c38fe5182c55ca2394391a7bfc67a3a25d0b5bfaa54bc9f217e68dfcff9,2019-08-05T13:11:48+00:00,33685504,128
3159,{app}\user_templates\vibr_usr_sout_pk.dot,app/user_templates/vibr_usr_sout_pk.dot,48640,638803146,975aa0d49bf18b96af57f19ec209c4971dcd889d,b7604aee3a6d87a24c00168162a709dbca82cd958fbebfe21cb738b6ba854b3f,2019-08-05T13:12:34+00:00,33685504,128
3160,{app}\user_templates\work_apfd.doc,app/user_templates/work_apfd.doc,21504,638851786,00be4b8558616f6c1bd1f79393806e5e05b688b5,af7255b059de513954e5bf23b2e3c9361334fb32fb40fd99c82c80a017b88c02,2012-04-26T10:21:22+00:00,33685504,128
3161,{app}\user_templates\work_emp.doc,app/user_templates/work_emp.doc,22528,638873290,556b6804b29f34249b1e5a314f792078f740e2a2,fc1e999621a8cab0f0e273e59e6695fdcaeadeec87a6ff3be1c3b3c67bba3a9b,2014-02-26T14:37:12+00:00,33685504,128
3162,{app}\user_templates\work_footer.doc,app/user_templates/work_footer.doc,25600,638895818,031505e7595775f5461789f60d45b4eaad4eab7e,5bc8446561dd7c8b21d0d5294ec759b03c8a425917d9178529f1dc132a393f0d,2012-04-26T11:24:22+00:00,33685504,128
3163,{app}\user_templates\work_him.doc,app/user_templates/work_him.doc,21504,638921418,3793ac4a50dd390c59b34b6dfeb53340a01706e8,e40227cc52f9ce5c1259321d3b3c03eaf72c5a5d94e37fa0a7c7f8911854c253,2012-04-26T10:21:18+00:00,33685504,128
3164,{app}\user_templates\work_infra.doc,app/user_templates/work_infra.doc,21504,638942922,09c5d3cc42f255455ac5baa176235256af99c051,d1f073e244116ebe1c2242c17233e80b910529c801e72b11f09c26495fe0b369,2015-08-20T14:24:54+00:00,33685504,128
3165,{app}\user_templates\work_micro.doc,app/user_templates/work_micro.doc,22528,638964426,d4baf1edb1e6aeeed043f3e8b3de89321c31a1b1,edca02fdc9c7c1b2eb69f8bb987fd6625831a5dd202cdbf61cd6134264c59161,2014-02-26T14:36:44+00:00,33685504,128
3166,{app}\user_templates\work_napr.doc,app/user_templates/work_napr.doc,29184,638986954,8f51a7b67c2b373150b73de80922729c6369c5c8,64800b242b3def99c0777a4dc93fd1a29323bbf74fd4ae279ec2dfca946d78e5,2014-02-26T14:36:20+00:00,33685504,128
3167,{app}\user_templates\work_notebook.dot,app/user_templates/work_notebook.dot,38912,639016138,282f24b46ec7112a08e2a62142364ac35296c9d9,041cb336b0592e37fade85ad06f59fb014997c1d933898da89e517d253821550,2014-02-26T14:59:36+00:00,33685504,128
3168,{app}\user_templates\work_osv.doc,app/user_templates/work_osv.doc,21504,639055050,6a2058520d8e736cc9399eb2899bc32677e4d27e,3e1b88414c4fe367866f0705674118fc6dd75c61aa24a414caa2b5e87a32f220,2014-02-26T14:29:54+00:00,33685504,128
3169,{app}\user_templates\work_rad.doc,app/user_templates/work_rad.doc,21504,639076554,3c020fd140e528eedfc1047eb4900d7fa572da98,fc8d3e14659ff2054112b88df9961be8d2b20b5a0f57877c573644211fa9212b,2015-08-20T15:17:36+00:00,33685504,128
3170,{app}\user_templates\work_shum.doc,app/user_templates/work_shum.doc,21504,639098058,35d16d38cafd8a300b1bfd93258e4a64cedea311,2bed4fbd08d0e282c98bc594d274627f90f9051e6b3c99228be68b3eed730997,2012-04-25T13:58:30+00:00,33685504,128
3171,{app}\user_templates\work_siz.doc,app/user_templates/work_siz.doc,27136,639119562,6196ee9a99c6fc580be47a8c4ff5bf7876da78c1,0381047ead510da88c52235eac74d2d2adfc3a1e6dae642e6646390459f00ccb,2012-09-18T09:32:04+00:00,33685504,128
3172,{app}\user_templates\work_tjag.doc,app/user_templates/work_tjag.doc,38400,639146698,00eb43c40df7769eb6a86891ac2c6f4128c43d7d,ffa148f350afa4c229065e1d5ca1e51cb42f8bf2241d094a31454949cda5e67d,2014-02-26T14:28:36+00:00,33685504,128
3173,{app}\user_templates\work_to.doc,app/user_templates/work_to.doc,30208,639185098,f3712b3f01ef3733d9d23f4babd71367341268a5,b805d38e683a0dff30047cf0ef07decc087691c4dac7d5fcb032ee1605d8fe59,2012-09-18T09:19:04+00:00,33685504,128
3174,{app}\user_templates\work_ufi.doc,app/user_templates/work_ufi.doc,21504,639215306,074c6952389143a890c8ec8574a39ed52bfae29a,beca78bc3ccb6dd146189835f445746216ac4501fbb3c7629c6cd228e59804f8,2015-08-20T15:17:16+00:00,33685504,128
3175,{app}\user_templates\work_ultra.doc,app/user_templates/work_ultra.doc,21504,639236810,aa349dcb8bf5028e44dacae54940326300b07f3c,aa4249eeebdef37696d846b0871f292831be6616100c28f70d2ece32c37ce208,2015-08-20T14:39:00+00:00,33685504,128
3176,{app}\user_templates\work_vibr_l.doc,app/user_templates/work_vibr_l.doc,21504,639258314,96822bec8ca150e528c87b332affe528897d3662,8b0b00832a0e08da0bd8a6323dc9679e0df94cd9af01587e0f1edba0050aded4,2012-04-25T13:58:22+00:00,33685504,128
3177,{app}\user_templates\work_vibr_o.doc,app/user_templates/work_vibr_o.doc,21504,639279818,75d0617e341ec645bc094e01e58ee0dc7b2bd9fb,f00357dff70ace88ede8272c6e85f3f52542441f263a24aa77cea29a36e2e24f,2012-04-25T13:58:12+00:00,33685504,128
3178,{app}\user_templates\work_zone_info.doc,app/user_templates/work_zone_info.doc,21504,639301322,0374b6852214318dc5ef08d043b9a153c2872e98,96fff088499664bf8c45e87b65b8bde05f532cb324bf94e0d08d8ce148c6e7e6,2020-10-15T11:56:42+00:00,33685504,128
3179,{app}\user_templates\Ведомость.dot,app/user_templates/Ведомость.dot,62976,639322826,5c0176470ad050e33fa809240a3d575b16678ffb,ce2ce0300b092cfa7861bc23fe20fdda495b3652ff580cc62023993844c4664b,2014-02-17T09:38:48+00:00,33685504,128
3180,{app}\user_templates\Ведомость2.dot,app/user_templates/Ведомость2.dot,64512,639385802,cf266e16fae3e543fdfe5246dc825a3101b3a6fc,002603a2f0d5f9c4f560190b08fe99393333aa838ff9463bcc692f40b83582eb,2014-02-19T11:52:22+00:00,33685504,128
3181,{app}\user_templates\Ведомость2024.dot,app/user_templates/Ведомость2024.dot,74752,639450314,983963ffda7c7f8df73a71fd34b4d786bb5854bf,4dd1468f710dcdcf1dcf86f0dfbb3cdf43eea9f747813e8ca44a06dec09ae487,2024-08-29T09:31:38+00:00,33685504,128
3182,{app}\user_templates\Ведомость3.dot,app/user_templates/Ведомость3.dot,74752,639525066,78c485e3620cd0c9aedec27ea890c234a6b5c8a0,5b9634c00cd6392ab4609b998a13d3ebbc39c5efb824bcde7630dea61c5d2d9e,2019-06-06T13:56:04+00:00,33685504,128
3183,{app}\user_templates\Мероприятия.dot,app/user_templates/Мероприятия.dot,47616,639599818,0e3bfadf742d7872c6cf3078d35f58d4fe7c36ae,df0d32f02f53bd3807b00087d86d003f9c6638f7cee733af67b7783f3c060d70,2024-08-29T09:40:16+00:00,33685504,128
3184,{app}\user_templates\Мероприятия2.dot,app/user_templates/Мероприятия2.dot,49664,639647434,a12f094d1a3f9ebbe5e069a73643c43122daaf7c,112bb35928870a9d064fbe02a4434cbc52518bcdfbeb0341847ff6155a708ae2,2024-08-29T09:41:12+00:00,33685504,128
3185,{app}\user_templates\Перечень1.dot,app/user_templates/Перечень1.dot,40960,639697098,98debba5300b3b03a7a2453e16423f5a1aceb03c,da351d4b20935b57a6214a194a6adfae7360d453e98eb048ab44fb52d11ff281,2017-02-03T12:22:46+00:00,33685504,128
3186,{app}\user_templates\Перечень2.dot,app/user_templates/Перечень2.dot,40960,639738058,7383d8227892ec15b61a23cf9ffd45c7ca7151fc,f7da44951680d1b86a73b0503b4c190357038ee657ce4bcba73c3c7f39b93125,2017-02-03T12:22:42+00:00,33685504,128
3187,{app}\user_templates\Перечень_1.dot,app/user_templates/Перечень_1.dot,45568,639779018,f6eca8c754d6ac64de8447319bc920b12daf8334,e5d96387e49b22565bd0a08b7e6a6fabcab0d1ab94f799b561255c52d851e532,2017-02-03T12:22:58+00:00,33685504,128
3188,{app}\user_templates\Перечень_1_2.dot,app/user_templates/Перечень_1_2.dot,43520,639824586,aabaa4f76a48b8ac684ce1b46c04fccbf605ae60,e5b3c2f3908c3f8e9c0a4b76038777ba30299e02e16f7b38a57a7860e5b5642a,2018-06-13T09:32:28+00:00,33685504,128
3189,{app}\user_templates\Перечень_1_3.dot,app/user_templates/Перечень_1_3.dot,46592,639868106,8557b20667ce1dfeb00db2d80de1b8534a50816b,f8e1cc6ddcdfb8dcb702646950bff32ce555bbfedb717240daf0f0d00c5a6628,2024-03-28T14:28:34+00:00,33685504,128
3190,{app}\user_templates\Перечень_2.dot,app/user_templates/Перечень_2.dot,44544,639914698,4d98acd7738c5ea32e1c3e02569f91e8c4b84115,6a9c152a67c2baabe7f508082b72bd10373b97b317db1c5b35587120473392a3,2017-02-03T12:22:54+00:00,33685504,128
3191,{app}\user_templates\Перечень_2b.dot,app/user_templates/Перечень_2b.dot,45056,639959242,3cebb43bc3067994d1a6c6734d0351ccee69eab9,77617c1e50a156381a29624d38717c600edce1b474ab0bc6772e24251c14e6b1,2024-01-11T13:44:08+00:00,33685504,128
3192,{app}\user_templates\Перечень_РМ3.XLT,app/user_templates/Перечень_РМ3.XLT,26624,640004298,24d11516d3fd8a84816610318b84783a59cd8fb6,a32a6a7cb5120ba57402038ed2c05ac4aa583bdb6396b52e714df7057d422cb8,2014-08-05T16:17:42+00:00,33685504,128
3193,{app}\user_templates\Перечень_РМ4.XLT,app/user_templates/Перечень_РМ4.XLT,26624,640030922,e0da7e72d58bb8565bd64ee7f4bfda65c635ef33,b68883c38dd2a7813ffe26acc7b8c08981e12321e92aabe8606f9d3523de1051,2014-10-13T16:29:08+00:00,33685504,128
3194,{app}\user_templates\Перечень_соут.dot,app/user_templates/Перечень_соут.dot,52736,640057546,60774192ac812048fc6d1a20fb5f397b34d913ce,2263b7518540c17d84cb4962a0a3b2403317bb4c0b17240b40ede790c074b1d8,2017-02-03T12:22:50+00:00,33685504,128
3195,{app}\user_templates\Перечень_соут2.dot,app/user_templates/Перечень_соут2.dot,55296,640110282,24c5338005d8c1243fa8327b0784b6e80eec939a,0b789e71b03d648992b842fccd3744850b04a9799626f0674b30c55ca21b3728,2017-02-03T12:22:22+00:00,33685504,128
3196,{app}\user_templates\Перечень_соут2024.dot,app/user_templates/Перечень_соут2024.dot,57344,640165578,40141835060c71d7e6bc43e9311c55af9dd42a64,7c4358a86b5876384c7279d0c699754da200b84c0349424635db95f6c10ec9d7,2024-08-29T09:38:14+00:00,33685504,128
3197,{app}\user_templates\Смета.XLT,app/user_templates/Смета.XLT,22528,640222922,f32e014fb65e7b5e41068ce3267dd4739a4bd3df,a971b218cc0f1fc0f319d8c6e3940c496f062f98a49c1c8eb4e501b65656c4de,2014-08-19T13:16:08+00:00,33685504,128
3198,{app}\user_templates\Форма2.dot,app/user_templates/Форма2.dot,44032,640245450,38ab38b0bb3561865650edaad2a3fd1b86aa2bb0,06bd084e0b789df48ac0ed1dfb5beadec1317b3b0ae0d4892cd5b8cb340668a1,2017-02-03T10:33:58+00:00,33685504,128
3199,{app}\user_templates\Форма2_2024.dot,app/user_templates/Форма2_2024.dot,45056,640289482,3f8909f62a953415b6426ed27710dade0ec3dbcd,7bd544c752fb3f3fddc49f2e15931524486ab8b2e3751732a12984c0872eeba8,2024-09-03T15:40:14+00:00,33685504,128
3200,{app}\xsl\factors.xsl,app/xsl/factors.xsl,2277,640334538,b60a72a32827f37fe860c232f82017d40edce4cf,c2b72e8b16dfd9b71bc9a8a29736a299643a4707d10de90a8b1b57b114306bb9,2014-08-28T16:04:38+00:00,33685504,128
3201,{app}\xsl\fgis_sout.xsl,app/xsl/fgis_sout.xsl,6830,640336815,8174445490957d0b87c73cc6807555623533a636,52d5f0b5c7bde6695ab5ec371545315c288ed82bd3814f4040958d6da0d26c40,2025-11-27T09:53:44+00:00,33685504,128
3202,{app}\xsl\form2_p7.xsl,app/xsl/form2_p7.xsl,2871,640343645,8ee9dee66378e74e88aa4f89c4f9b818ed8a454a,98bcbc2770ac325af928ea63031c25db4637f39cc7ec5b5cc529dff3a3cff057,2020-10-29T15:31:06+00:00,33685504,128
3203,{app}\xsl\form2_p8.xsl,app/xsl/form2_p8.xsl,5891,640346516,d3db572954b072097cb5208b8933bb359e9cb7e3,a0582d870f895b6787b2a04adb867fc87249eb0321ef2e14ef7eb4c5800101b1,2020-10-29T16:44:08+00:00,33685504,128
3204,{app}\xsl\karta_pril.xsl,app/xsl/karta_pril.xsl,59173,640352407,5cafdbca40b57244dc0895e004e4fe9af06dadd4,bb6d5379ea319d46c866b27d6a77adc7abc1e1aa9ad755f96dc05869fdd8bd90,2024-09-27T08:31:34+00:00,33685504,128
3205,{app}\xsl\karta_pril2.xsl,app/xsl/karta_pril2.xsl,56002,640411580,3956b34347089c79d4d014f9fb607bb785fe0d6a,af8de9cce9f40a7bad3447f32372598924f0e81fa10bdb427265849bac898082,2024-09-27T08:31:48+00:00,33685504,128
3206,{app}\xsl\rm_info.xsl,app/xsl/rm_info.xsl,2097,640467582,ad4b0bcd3c5ac14250128e1a3463bfb0edc41fa0,1639e886e139ea620b269c4fba38f630366ea83f3c7bfecac40d8ef13041d6a7,2014-10-16T12:57:24+00:00,33685504,128
3207,{app}\xsl\rm_info2.xsl,app/xsl/rm_info2.xsl,2457,640469679,2c4ed14ea94cde0b12278084f2c327048b7b4fd4,c7e09fe8487e897ff8c2108c0eadd47871c732091ed8dc0b3d0979451fd2b942,2014-10-01T08:50:04+00:00,33685504,128
3208,{app}\xsl\siz.xsl,app/xsl/siz.xsl,2338,640472136,191883df0aee63d9385ab7920c3815050dbd4dd1,dea68f508ddb3909a3e4faebb9f9f8b179ba43f606bd736f5f4b8a0c40dfd54f,2015-05-22T16:15:38+00:00,33685504,128
3209,{app}\xsl\dop_rep\dop_siz_rep01.xsl,app/xsl/dop_rep/dop_siz_rep01.xsl,4201,640474474,7646be16a295534ac50331efc85533343a51025b,77af414ddb742a66fbd002cf9c9cd2d3892319b3e7e1677c90b1ec8aad02e225,2024-12-10T12:43:18+00:00,33685504,128
3210,{app}\xsl\dop_rep\dop_siz_rep02.xsl,app/xsl/dop_rep/dop_siz_rep02.xsl,4826,640478675,c372603ab3b3467d70601921d20b33ee54395025,556369e46a83ac5c7b7c4337a272ae1906fc0bb5aa4df4896ad4fe98c4692ca3,2024-12-10T13:32:28+00:00,33685504,128
3211,{app}\xsl\dop_rep\report201.xsl,app/xsl/dop_rep/report201.xsl,5911,640483501,64806575f9fd7efa73a7e55f17e2a018dc6ff1b2,dc391caa869f754fb23a3e2712ba312dacaf8966042bf21aca5bf31e6dfae1fe,2022-11-01T16:37:28+00:00,33685504,128
3212,{app}\xsl\dop_rep\report30.xsl,app/xsl/dop_rep/report30.xsl,22828,640489412,59c6af6e3de1a1968b10d3aa483d59ad890e6b82,a5c9ffad61fa85fba363a950e5080f72eccc530ae577d9b350989e1e9cdac868,2023-09-20T08:21:46+00:00,33685504,128
3213,{app}\xsl\dop_rep\report31.xsl,app/xsl/dop_rep/report31.xsl,2143,640512240,1c936982e94c17e787e54e79c197fff3fd0d2271,f0e7811dc643351faa8d48110ee5052153a448fb6764aa532711f2fcb257bc80,2016-10-20T15:00:20+00:00,33685504,128
3214,{app}\xsl\dop_rep\report32.xsl,app/xsl/dop_rep/report32.xsl,11734,640514383,d6188cf9a95db22464bf8068cc1104c1c82988b5,9ceb94d46f97c83be93321320367e4b2712cdcc0c55b2cfacdf6057988051c42,2020-03-13T15:44:24+00:00,33685504,128
3215,{app}\xsl\dop_rep\report3201.xsl,app/xsl/dop_rep/report3201.xsl,11837,640526117,5d60005c960d5fd6291536c7be02339548f851c0,3213ef7873d13b0b99607e70c4d7e70ac32e403e1790b9c269db970957faa256,2020-03-13T15:48:36+00:00,33685504,128
3216,{app}\xsl\dop_rep\report33.xsl,app/xsl/dop_rep/report33.xsl,2774,640537954,653ef7d42a3ce0c7d9edd30005ac66319ce8db9f,787e6e2c0af865b598944caa95e03ee1e8cb6600aedb56214976de61b5901803,2016-11-02T17:29:10+00:00,33685504,128
3217,{app}\xsl\dop_rep\report34.xsl,app/xsl/dop_rep/report34.xsl,2770,640540728,42f3202cd8893591b97979c7743d0cccb97bb186,b36565ee07bfd2203ab4231dea3d8c9a986c76de0b96fbf50b23f5a89ecc535e,2016-11-23T17:15:38+00:00,33685504,128
3218,{app}\xsl\dop_rep\report35.xsl,app/xsl/dop_rep/report35.xsl,5531,640543498,730f7d18d86241929a6ace09762b403dacd6780d,c5a16e6dafe1cd6a888a5a3f96fc3e1e0d14a589f372ae3dd8d88ae1407453e7,2017-02-13T16:55:40+00:00,33685504,128
3219,{app}\xsl\dop_rep\report37.xsl,app/xsl/dop_rep/report37.xsl,5608,640549029,694f55e3d1eedd73b3730b73828906c44b43a6a9,810364beb3fb2aa4b2b65ebbfd39535a3703f4da5dc38d9ee42e8d6d1b03de91,2017-03-28T16:48:34+00:00,33685504,128
3220,{app}\xsl\dop_rep\report38.xsl,app/xsl/dop_rep/report38.xsl,3211,640554637,ef13b2a54ba8816ff247241f434398f0b5168025,2b304e830e64c32d3166ec4b7981043c28a3364322cfe08b98893c683073a69e,2017-05-22T15:20:26+00:00,33685504,128
3221,{app}\xsl\dop_rep\report39.xsl,app/xsl/dop_rep/report39.xsl,7785,640557848,c2b774144d5246359644fcec46c8a8222184fbe7,15e11b61b64c958069c7627289d10421a02a7955fe872af193990e45a4784bb7,2018-02-01T10:19:36+00:00,33685504,128
3222,{app}\xsl\dop_rep\report41.xsl,app/xsl/dop_rep/report41.xsl,4588,640565633,570666e2dd7c9e52503b2a35b2914cc8431f0916,afff9f8e3026fde6b97326dbc83b965e4747a86ebc876d30b3a4ac1eddd1473c,2022-02-17T14:10:46+00:00,33685504,128
3223,{app}\xsl\dop_rep\report42.xsl,app/xsl/dop_rep/report42.xsl,7262,640570221,ef4c568374e59f1ba51e998a8ab795eb35344739,bfe1242da29f295ca2e076918e65997285cddb6d267cefa097e17d9171a69a8b,2018-10-08T14:57:18+00:00,33685504,128
3224,{app}\xsl\dop_rep\report43.xsl,app/xsl/dop_rep/report43.xsl,3607,640577483,2c3f1d0ae3371cbe7053a3adbce6ef1450696ce1,92f961f884dc071e4d83b7bd288766ca23a39e50851ac468cefb6ab27a156b03,2023-03-30T11:27:28+00:00,33685504,128
3225,{app}\xsl\dop_rep\report44.xsl,app/xsl/dop_rep/report44.xsl,3120,640581090,c71814af2cafa49ce7177d746e66e7c6a86e6294,2cd407b1d64d1d390503ea398eb80e478f82c8fa0f2475b7363c4affe09d7599,2019-08-16T16:31:34+00:00,33685504,128
3226,{app}\xsl\dop_rep\report45.xsl,app/xsl/dop_rep/report45.xsl,2909,640584210,27ca27df081f442da8bf02bb90bb5eb00fb2c8ad,5cb74703cc5d71781c109e2b396dc777921239794585ff146a81beee442eb23d,2019-10-09T15:04:26+00:00,33685504,128
3227,{app}\xsl\dop_rep\report47.xsl,app/xsl/dop_rep/report47.xsl,2317,640587119,86ed3f01e4c4aa6fd83d70c0c6dd6626cd77dbad,c1a0e529bfe5993ba899b6b13c06b4e5476f410002db932bd9a9ea323b15dccd,2020-07-09T11:00:18+00:00,33685504,128
3228,{app}\xsl\dop_rep\report47_dop.xsl,app/xsl/dop_rep/report47_dop.xsl,23831,640589436,394280d4ad70cb00dc87654e9abfff08954a607c,b31fc3743a92c1319029e7a3cb253f05ed42300b7ad22c9c7eb5fd2f61f30856,2020-09-18T10:30:10+00:00,33685504,128
3229,{app}\xsl\dop_rep\report48.xsl,app/xsl/dop_rep/report48.xsl,2512,640613267,c5b11b8a9323202fd8d48d97e927f9185c42745f,36e9c9aa4ee1d0783439838451bdb65e0a81016da6892e6e2c992bcb90fb00b7,2020-07-17T11:50:50+00:00,33685504,128
3230,{app}\xsl\dop_rep\report48_dop.xsl,app/xsl/dop_rep/report48_dop.xsl,11978,640615779,e9ee5e46b2c3061719747550403e73eaf802f8bd,c1ba252c7ad130408b927c670c09670ae57e852e3c809f4c5f0be97140fe578d,2020-09-18T13:17:50+00:00,33685504,128
3231,{app}\xsl\dop_rep\report48_dop2.xsl,app/xsl/dop_rep/report48_dop2.xsl,13185,640627757,5d3a2e078a80574d972b43a27fc5b38908af01dd,eb0e9d1ebb75c53de0a2ebae341e1fe0ca7370b6a7ee19cf44ded74186f2032b,2024-04-11T13:50:28+00:00,33685504,128
3232,{app}\xsl\dop_rep\report49.xsl,app/xsl/dop_rep/report49.xsl,7066,640640942,9cfd7b33cad3ab9677cb27baee1a3ff79076af12,c6dc7fdc0809dc18d1cad4f622f46aa82b308da6ea16eb7989c2623064d24876,2021-04-02T11:21:58+00:00,33685504,128
3233,{app}\xsl\dop_rep\report50.xsl,app/xsl/dop_rep/report50.xsl,5334,640648008,256821830651ed9b7fa4ee7edfaa3b6627fc442b,65d07003cc230a1c8f321e2276d28f8cf90823243195c782c4f9b96b8758e38c,2021-04-02T13:22:58+00:00,33685504,128
3234,{app}\xsl\dop_rep\report51.xsl,app/xsl/dop_rep/report51.xsl,9492,640653342,01dfb2383c4177de1094af0f8e520f7d041519d3,2be693b3eac2f86996538b4056ce0dd65389551e47c987dbefb1fd8b5d2118d2,2021-06-01T15:59:42+00:00,33685504,128
3235,{app}\xsl\dop_rep\report52.xsl,app/xsl/dop_rep/report52.xsl,6192,640662834,1b0a9487084acb12964e55c01167a7509ed7e608,71d853b929de665d3f98a6143792e292cf125ef3336835f62e4d9f127d7869b7,2021-06-02T15:08:46+00:00,33685504,128
3236,{app}\xsl\dop_rep\report53.xsl,app/xsl/dop_rep/report53.xsl,4357,640669026,7b7801642b202db7d3bbd625a6e8128d7dc9cfb0,07b2634c5509c6e57c25d0667eb7e7e9a50c29efd601a6d89345de28f9239237,2022-08-02T15:42:52+00:00,33685504,128
3237,{app}\xsl\dop_rep\report54.xsl,app/xsl/dop_rep/report54.xsl,4280,640673383,564bfae2225c12a630374412af8994151de46e8a,8ce3e33c7eb687a82cd23f8158d6f5657cfc54ff18c932b61aadb8a41278d400,2022-08-02T16:55:58+00:00,33685504,128
3238,{app}\xsl\dop_rep\report56.xsl,app/xsl/dop_rep/report56.xsl,5802,640677663,ba7ce921705fa8132265a9e68114a9a398071c29,b80f5dd12fdd2757fedb527652371a1900aa7796a82c114f5361d8a03f62eff9,2023-10-30T08:08:04+00:00,33685504,128
3239,{app}\xsl\dop_rep\report57.xsl,app/xsl/dop_rep/report57.xsl,4883,640683465,d887f35deae5e8f1335e943448d8f49bc4924f06,f6f927b61d3450a9ce9222b1c6098cdecf49db62fe6bad2e906f6e4f68559122,2022-10-20T15:55:36+00:00,33685504,128
3240,{app}\xsl\dop_rep\report58.xsl,app/xsl/dop_rep/report58.xsl,4343,640688348,2bf991ccb3f353b586821ab42e29cb69a759baab,ea9043755626707f168ca9e384dca410785cbb3bb3f2d3c02a958455b4a6a0b3,2022-10-28T15:50:58+00:00,33685504,128
3241,{app}\xsl\dop_rep\report59.xsl,app/xsl/dop_rep/report59.xsl,18279,640692691,7bf6663275fb9c12a4f005c71023b3855e22bc21,68a869580d8278ff676793c17cc8f98d08a0a22e0ea63c606675f880c2717162,2022-11-25T15:47:24+00:00,33685504,128
3242,{app}\xsl\dop_rep\report60.xsl,app/xsl/dop_rep/report60.xsl,16605,640710970,55e43232ba7145e319edce1aa768bc77d2b78cf6,93659feaafb6f081f55179da9fd2b8f110b00631a18c984a16c766f9f491eba1,2024-01-11T09:34:04+00:00,33685504,128
3243,{app}\xsl\dop_rep\report61.xsl,app/xsl/dop_rep/report61.xsl,4119,640727575,d389741114ed6c029ac0347b7d6bafca0bfdf2ee,3fcdcba6605f6de8a75a6031aa606572a94226d46da453daa126d7d793c48ae2,2023-04-05T09:25:06+00:00,33685504,128
3244,{app}\xsl\dop_rep\report64.xsl,app/xsl/dop_rep/report64.xsl,10533,640731694,d554739a7502b8c5cdc6ef346c2f795b97abfc18,91e8d1e5f9a28b5f01b10a0734dccf1cad4e4fe2f023d0dfd0d311b0e927997d,2024-01-09T11:58:42+00:00,33685504,128
3245,{app}\xsl\dop_rep\report65.xsl,app/xsl/dop_rep/report65.xsl,13625,640742227,e564839d92dc7aa168f8e45bf3b85d7dac5f0892,2f6c87a354b5e957316592433360ff16dd18c388b615aeacd21bd8dcd9cf912c,2025-03-21T15:46:18+00:00,33685504,128
3246,{app}\xsl\dop_rep\report66.xsl,app/xsl/dop_rep/report66.xsl,9865,640755852,71815489ef940a0f1ae18c857b353d880451ca9a,0a8fcda6d3a25f948a830957738bcc10356e968ac7942c4da45a5fd5983c0831,2024-10-14T08:38:56+00:00,33685504,128
3247,{app}\xsl\dop_rep\report67.xsl,app/xsl/dop_rep/report67.xsl,11384,640765717,5975e51a6463295c1c9dd2f5729911f01cdaf02f,4aa23c630d56648414ed1dcbfd31b3b0efe36c3ac390f9accece9171a21582c8,2024-10-14T08:40:34+00:00,33685504,128
3248,{app}\xsl\dop_rep\report68.xsl,app/xsl/dop_rep/report68.xsl,6030,640777101,cf0f8d3e233c715df8cf7654393c60367711e01f,3a0010ec923bb8823fd29db71c297ad5c0fb02659b73782d114c3ae8bc64c37b,2025-06-27T15:35:50+00:00,33685504,128
3249,{app}\xsl\dop_rep\report69.xsl,app/xsl/dop_rep/report69.xsl,1816,640783131,3c9c962ab1a83890cd4e4e3bf8c5a2567c6bafd7,a347152e06e7d9ac307a1118dc7384a885ab81b552040a14b5ccd7ee746c7117,2025-01-23T11:10:12+00:00,33685504,128
3250,{app}\xsl\dop_rep\report70.xsl,app/xsl/dop_rep/report70.xsl,16518,640784947,159bec1de0200526abcfef823cf152e99afefd79,1420d2ec89656fc65e9a21824858ab5b00d60410906ae91f8f4442b32c8d39e2,2025-07-28T16:29:34+00:00,33685504,128
3251,{app}\xsl\dop_rep\report71.xsl,app/xsl/dop_rep/report71.xsl,4578,640801465,37d193721e16380163ae256909afb0c4f3ce6035,3760d1a8b86dd80ad0d9d08edc45231baef9f46d08f0621e9ad7a0f33d04629d,2025-12-02T11:47:18+00:00,33685504,128
3252,{app}\xsl\dop_rep\report72.xsl,app/xsl/dop_rep/report72.xsl,3650,640806043,61da42a7d28d541e1970d294b0cbb46eea94601f,85847690d787142940bf41af31df382d2905232ca3254772ca6099a14a7e83db,2025-12-19T09:03:10+00:00,33685504,128
3253,{app}\xsl\dop_rep\report74.xsl,app/xsl/dop_rep/report74.xsl,11030,640809693,e592228a01ee80a1b1d7b9b6bf9af0879f742743,b3c6242a2b8ea4df4b073e0b6d06b37f328270eeea978810c33eba12bebe8ecd,2026-03-03T09:34:22+00:00,33685504,128
3254,{app}\xsl\dop_rep\report75.xsl,app/xsl/dop_rep/report75.xsl,7330,640820723,a11ebc7681b685d9690fc9b491cb6f58a0333c3c,c9a33cff21d567ba08a3dc6f4026ea71be315b6b8c30102840a14ab72835902b,2026-04-07T09:30:42+00:00,33685504,128
3255,{app}\xsl\dop_rep\report76.xsl,app/xsl/dop_rep/report76.xsl,3173,640828053,a0dbe633d79cb818dcdb3c7ee14368d5b523a028,4a43347aafc9427ba598dda5dd8f83fd3026a4b2d4f3e404372ae20dd43a7810,2026-09-14T11:41:22+00:00,33685504,128
3256,{app}\xsl\dop_rep\rep_count01.xsl,app/xsl/dop_rep/rep_count01.xsl,3092,640831226,8e508d8be2e9d0fca5e39a074e568a1f293365ca,50fe067a24f49b054786f073f572aef383d114b59f347a2982fa9155cac6a771,2021-12-29T16:46:40+00:00,33685504,128
3257,{app}\xsl\dop_rep\rep_obuch.xsl,app/xsl/dop_rep/rep_obuch.xsl,8671,640834318,8f71ef201ffdc912b2e380df8f3eeb0c2e7e581e,944ce14544659f5ee58bf060bba793f5ed11bcd892f8dd4be63b10792bb7fb31,2023-10-06T11:04:28+00:00,33685504,128
3258,{app}\xsl\dop_rep\siz_norms.xsl,app/xsl/dop_rep/siz_norms.xsl,6291,640842989,4661f8e04321aecbf3be833114ea0369cb33bca9,bd7f48804e7e6fda9aa5b4932c167346a1012fb5220d352f700a21772bb7e196,2023-08-18T13:46:34+00:00,33685504,128
3259,{app}\xsl\dop_rep\sv_rep_risk_form1.xsl,app/xsl/dop_rep/sv_rep_risk_form1.xsl,7397,640849280,7ba914b7967ef62e3785c981e08c2e20e73f3bd0,fefb06cc6e9ea36aaf06d0b16ad7d5bd96eb041830663df5477bf48bf6e4e9e1,2022-11-11T10:23:46+00:00,33685504,128
3260,{app}\xsl\dop_rep\sv_rep_risk_form1_2.xsl,app/xsl/dop_rep/sv_rep_risk_form1_2.xsl,7435,640856677,e99835eff7bca15164fd2e510c6ad8094e9c34f8,e304c6ec98d5e371ddd1717498cab1a5686da1e33439063c1aa8b9e302033636,2022-11-11T10:23:32+00:00,33685504,128
3261,{app}\xsl\dop_rep\sv_rep_risk_form2.xsl,app/xsl/dop_rep/sv_rep_risk_form2.xsl,6157,640864112,faf58cf43b2edb6ddf84d437f6f6a39088ca8271,bd2f9151806e77477db77b6b050579bd0937bd0e8fc4be0f5ea0158e77c58b2c,2021-10-01T15:18:28+00:00,33685504,128
3262,{app}\xsl\dop_rep\sv_rep_risk_form2_2.xsl,app/xsl/dop_rep/sv_rep_risk_form2_2.xsl,6307,640870269,46e6a468a1dbf70c9c959e018a970f535bba7130,43fa5241577cfcc91e406c52c39c2d7a0d78ddcf3f9ac9ff39d8f208b5890cd2,2021-12-02T15:31:32+00:00,33685504,128
3263,{app}\xsl\dop_rep\sv_rep_risk_form3.xsl,app/xsl/dop_rep/sv_rep_risk_form3.xsl,7558,640876576,fc697a52c41df349288026dcd9c00dd5820990d5,ad0cc8e3c8963dd41844915c3ce1722328c10dd666da501b8d18d791a99ca247,2022-05-16T10:46:34+00:00,33685504,128
3264,{app}\xsl\dop_rep\sv_rep_risk_per_rm.xsl,app/xsl/dop_rep/sv_rep_risk_per_rm.xsl,7044,640884134,034ae962bd60354d371ce3d4e72baa8813d5eb54,49dca5a2f0e282a2a0a2fc52528e42af3ffabec20acc24142a6c8c246a55f757,2024-09-05T13:56:02+00:00,33685504,128
3265,{app}\xsl\dop_rep\sv_ved_risk1.xsl,app/xsl/dop_rep/sv_ved_risk1.xsl,5814,640891178,a727931cc301ffba059123b9b1eb0d2e3c0fe919,a3040af63bc88df1c1c3135d07676eef908e5be1b3cb406beb4a840c7f830c1c,2025-09-26T13:12:22+00:00,33685504,128
3266,{app}\xsl\dop_rep\workbook.xsl,app/xsl/dop_rep/workbook.xsl,19589,640896992,4c8a694453ce4fd358ae8b60e8df4b51f45da1fa,98e2c90b25ca598f2401f47caf0cfbdfbe993b339f0bed1c4ae9628be5fb0580,2022-01-18T13:28:36+00:00,33685504,128
3267,{app}\xsl\dop_rep\workbook_fact.xsl,app/xsl/dop_rep/workbook_fact.xsl,14846,640916581,b5e98d0fcbff1fe21e02b0410f969c27522589de,6ca07425d40c8077098f172858434eff6724f531ebbc948a4d774fc4ba7fd440,2025-03-25T11:57:40+00:00,33685504,128
3268,{app}\xsl\dop_rep\workbook_fact2.xsl,app/xsl/dop_rep/workbook_fact2.xsl,12407,640931427,3a010cf78ebf7109ca045ff9ff7ca3bc94db5c75,1ac5cf72809afbb26033e8f32564bd974ed78514f53bd23161c9a298742cd5fa,2026-04-14T13:35:04+00:00,33685504,128
3269,{app}\xsl\dop_rep\workbook_fact3.xsl,app/xsl/dop_rep/workbook_fact3.xsl,15403,640943834,3cde517f65c19c407055734cc22754f4c726e972,5d02e9b7f31547dce2b63cdffe42e8049f05371b942ac33cb765f4e5707f0d92,2026-05-14T11:29:34+00:00,33685504,128
3270,{app}\xsl\izm_log\factor01_01.xsl,app/xsl/izm_log/factor01_01.xsl,4317,640959237,4f706f12e1392d66d1e982902ff41dd17520b754,02f6d4ca08013e51e86569af69b447471fc7c7994c18e140b32bc58eb442396e,2021-04-07T16:48:22+00:00,33685504,128
3271,{app}\xsl\izm_log\factor04_01.xsl,app/xsl/izm_log/factor04_01.xsl,4157,640963554,9edde633031cf574161348517de74cd5cfc4ab85,a2094c16dca1725609e89d094b2d6b1a77e81f56064957240e03d5be6effd183,2021-04-07T16:36:38+00:00,33685504,128
3272,{app}\xsl\izm_log\factor05_01.xsl,app/xsl/izm_log/factor05_01.xsl,3999,640967711,63c63904622f73f7892b6f9edef27785b9bb6f5e,bdfece050e5ce4aff4528ef176492546e6bf97d2bb7bee2eed63ea9bccc7c932,2021-04-07T16:37:16+00:00,33685504,128
3273,{app}\xsl\izm_log\factor06_01.xsl,app/xsl/izm_log/factor06_01.xsl,3996,640971710,48ad35387ab77a300c2ed8cfc11ed4b838c6be7a,c950f6daa74f03ecdd4deedd27bc8906afacab09561d52c623ed3ea796243a55,2021-04-07T16:37:48+00:00,33685504,128
3274,{app}\xsl\izm_log\factor07_01.xsl,app/xsl/izm_log/factor07_01.xsl,4789,640975706,cb86577631ddf6f1876189bb7aee0efffee753db,2b9dbf72ca57a5748b603254f2bdf728bf09577f6fedbf0d48e4a4a8b1b6986b,2021-04-07T16:38:22+00:00,33685504,128
3275,{app}\xsl\izm_log\factor08_01.xsl,app/xsl/izm_log/factor08_01.xsl,4789,640980495,cb86577631ddf6f1876189bb7aee0efffee753db,2b9dbf72ca57a5748b603254f2bdf728bf09577f6fedbf0d48e4a4a8b1b6986b,2021-04-07T16:38:22+00:00,33685504,128
3276,{app}\xsl\izm_log\factor09_01.xsl,app/xsl/izm_log/factor09_01.xsl,4202,640985284,b74711f1080025706cae1e832113879052294b68,6f9f9c785f3e1b444081119ac173f87e450488519f70699cd8b4aca7a8cfeb0d,2021-04-07T16:38:54+00:00,33685504,128
3277,{app}\xsl\izm_log\factor11_01.xsl,app/xsl/izm_log/factor11_01.xsl,3939,640989486,f5a4820d19e9eb094fab94b87effabaa51222c58,133ad788b7c43e2dfe38a96f9277fb64bac4b0304b58971a279068420a7f5f09,2021-04-07T16:39:28+00:00,33685504,128
3278,{app}\xsl\izm_log\factor12_01.xsl,app/xsl/izm_log/factor12_01.xsl,3944,640993425,b281c6ae667bef62a9db9a52c0107f8b2c7649fd,53b271b9b02af71d187ea56e992b944805e71a1c8f810457376da6512c504c4a,2021-04-07T16:40:06+00:00,33685504,128
3279,{app}\xsl\izm_log\factor13_01.xsl,app/xsl/izm_log/factor13_01.xsl,3806,640997369,61e08153c15e78c8a7c699308a556dd66966cd78,d01bb995636fb0998d2b81d11958870b1c4f09e67d2b893763a09bfad1c630ab,2021-04-07T16:41:00+00:00,33685504,128
3280,{app}\xsl\izm_log\factor13_01_direct.xsl,app/xsl/izm_log/factor13_01_direct.xsl,3692,641001175,6173dc9befbcaabfd6c57b3244e94b6e03f98563,839f6971ce27e255f89813d5c3e6ab382b242dadbae5279bee80ff98f345a807,2024-04-11T10:43:46+00:00,33685504,128
3281,{app}\xsl\izm_log\factor14_01.xsl,app/xsl/izm_log/factor14_01.xsl,3419,641004867,afc696c3d7b6cecb1b97d55e2edfc98d36f10c48,b47959c7d17cf4314c1f6ba3b11be546295c1aa08aab43e177fe20273e4e4560,2021-04-07T16:41:32+00:00,33685504,128
3282,{app}\xsl\izm_log\factor41_01.xsl,app/xsl/izm_log/factor41_01.xsl,6068,641008286,23780a0f08cbd0987f710d6af115ee2e01774a86,0567d0ef6a9adb8185fa26d6446408234c0162687735d0057767396f4ebacdb7,2021-04-27T15:16:12+00:00,33685504,128
3283,{app}\xsl\izm_log\dop_razd\factor01_01.xsl,app/xsl/izm_log/dop_razd/factor01_01.xsl,17380,641014354,fcccb4bacbce65650e2c9f24a321107ce89d2450,5a26abdbab75c9b3d56d16a1d06713a3dece71cd57c8f7a40fc2a4a4380e0300,2023-04-17T15:22:24+00:00,33685504,128
3284,{app}\xsl\izm_log\dop_razd\factor04_01.xsl,app/xsl/izm_log/dop_razd/factor04_01.xsl,18276,641031734,0ff698dc730c778f3b5ff4dc9556577832ee7a90,a6efb7c08147f2dbecaee88a73cd4b8f2080307bbb3a7a869de071dc1196627a,2023-04-17T15:24:32+00:00,33685504,128
3285,{app}\xsl\izm_log\dop_razd\factor05_01.xsl,app/xsl/izm_log/dop_razd/factor05_01.xsl,17200,641050010,5b686208dbdb99bf85f235ab84996ebf76762351,51dc771094623a8476053be46e4a77c700779bdfa30a079d4d435cec8d40878b,2023-04-17T15:24:26+00:00,33685504,128
3286,{app}\xsl\izm_log\dop_razd\factor06_01.xsl,app/xsl/izm_log/dop_razd/factor06_01.xsl,16938,641067210,cef6ed3de5bf265200a5a9f0d1a511929f0a31be,b35de3772feff8c970a27e46451557f5441aadebc5832c6562d541f6d764e40c,2025-08-29T14:59:22+00:00,33685504,128
3287,{app}\xsl\izm_log\dop_razd\factor07_01.xsl,app/xsl/izm_log/dop_razd/factor07_01.xsl,18003,641084148,b79148a02e8924210d61be52b56c90e1665c370d,603e3e821473fab8d0543ebe8d1534f5b8f37e742deba4c608ea1ef4d0705e7f,2023-04-17T15:24:14+00:00,33685504,128
3288,{app}\xsl\izm_log\dop_razd\factor08_01.xsl,app/xsl/izm_log/dop_razd/factor08_01.xsl,18003,641102151,b79148a02e8924210d61be52b56c90e1665c370d,603e3e821473fab8d0543ebe8d1534f5b8f37e742deba4c608ea1ef4d0705e7f,2023-04-17T15:24:06+00:00,33685504,128
3289,{app}\xsl\izm_log\dop_razd\factor09_01.xsl,app/xsl/izm_log/dop_razd/factor09_01.xsl,17865,641120154,27fc0fcf05d938293fb90de8f9c3986edca86e06,a7a61308336c6f821015f4242c9974a809c1482c7fd363f250012c42b40be099,2023-04-17T15:24:00+00:00,33685504,128
3290,{app}\xsl\izm_log\dop_razd\factor11_01.xsl,app/xsl/izm_log/dop_razd/factor11_01.xsl,17553,641138019,ee5401d6827ec21e1fc9908d0520d802beb78159,f0853b6a01817d1f3134cfbd3c15697ccae88af88112e4b5dcfa5a894fa63896,2023-04-17T15:23:54+00:00,33685504,128
3291,{app}\xsl\izm_log\dop_razd\factor12_01.xsl,app/xsl/izm_log/dop_razd/factor12_01.xsl,20931,641155572,cb90fc67b2c04bb780a6abc82dad8c0b67a56731,c3e2c4dfc3533d5c80c7e28eeca90a2860c09ff93d2cd6040c54f4e00023650a,2023-04-17T15:23:48+00:00,33685504,128
3292,{app}\xsl\izm_log\dop_razd\factor13_01.xsl,app/xsl/izm_log/dop_razd/factor13_01.xsl,17729,641176503,b1aa48f71a8f45cb2d47ed7c391793ca6dd01290,410f8212fac148eec60c3cf7b1cf6dd85990d76da2c5d598369adc805cddf364,2023-04-17T15:23:42+00:00,33685504,128
3293,{app}\xsl\izm_log\dop_razd\factor13_01_direct.xsl,app/xsl/izm_log/dop_razd/factor13_01_direct.xsl,17794,641194232,d71ca5dccfcea7699a38de5139f751b493190965,5a8189e7af6fd4893b0b6dffcc972244b07bbea13370fd1076b01c4d65dd8d96,2024-04-11T09:52:30+00:00,33685504,128
3294,{app}\xsl\izm_log\dop_razd\factor14_01.xsl,app/xsl/izm_log/dop_razd/factor14_01.xsl,17026,641212026,bc83ef6795a9d347f082e55e37357a3822e2eb08,0b047ec6d2566ef0c08c23acf7722c638dbc75a3f3173dd8b24880f64afc603e,2023-04-17T15:23:34+00:00,33685504,128
3295,{app}\xsl\izm_log\dop_razd\factor41_01.xsl,app/xsl/izm_log/dop_razd/factor41_01.xsl,18021,641229052,7995555efc0b75f5f362407d260aa4c8ecc398ba,be66d34e7b5f55b2ab4a894fc8f33509154f67f485d59443892bf6b91bcef6de,2023-04-17T15:23:26+00:00,33685504,128
3296,{app}\xsl\izm_prot\factor01_01.xsl,app/xsl/izm_prot/factor01_01.xsl,13584,641247073,78b2618a2a5552bde7228233dd1c590302dbb4ef,ed870135c854b42f65f1b829393d005bca617fa0d7d9c077c1a3ada8940c6371,2019-08-05T14:12:50+00:00,33685504,128
3297,{app}\xsl\izm_prot\factor03_01.xsl,app/xsl/izm_prot/factor03_01.xsl,13450,641260657,b67c2a062b086a16bdafdda706b01680cd3b0282,9819279f09ea1cb3b7e3eae976bbd016e4cac202fbc88f9a983c301d5589c1f9,2019-08-05T14:11:34+00:00,33685504,128
3298,{app}\xsl\izm_prot\factor04_01.xsl,app/xsl/izm_prot/factor04_01.xsl,18414,641274107,1805b202567d8a2b0be2006b2a697da2bd43d711,2d280ac0f947e6620b73192609d54ad7f6fe672fe26380883bd5e7873c347306,2019-08-05T14:11:24+00:00,33685504,128
3299,{app}\xsl\izm_prot\factor05_01.xsl,app/xsl/izm_prot/factor05_01.xsl,15647,641292521,b715e8d9c79c155123350642ff4dc22bedc175b0,9b8bf688ea9724172097f64146985a4259a8d95c0313c76c5dd4f4c9b378a12e,2019-08-05T14:11:14+00:00,33685504,128
3300,{app}\xsl\izm_prot\factor06_01.xsl,app/xsl/izm_prot/factor06_01.xsl,15320,641308168,e702a795ccb4b749f5d8c4a92283f0b21fe3bd9c,a339453c7489a43cdfdfe4e5dce441db485dae64f11dc639edff990b6044f213,2019-08-05T14:11:04+00:00,33685504,128
3301,{app}\xsl\izm_prot\factor07_01.xsl,app/xsl/izm_prot/factor07_01.xsl,19233,641323488,6750c9a05e4fd6dd5d22c4bcf012cf574c4b30ca,4de0058aed3be2614ab8900acf3cc62a4d03597a57b37b703266d4064a8fe29c,2019-08-05T14:10:50+00:00,33685504,128
3302,{app}\xsl\izm_prot\factor08_01.xsl,app/xsl/izm_prot/factor08_01.xsl,19239,641342721,c5319d510ff21299a96c2093e34d4d748a056ed6,110900b4983c03ce1857398e2ef87559877e7a1cbd037171dac666e55c58f441,2019-08-05T14:10:40+00:00,33685504,128
3303,{app}\xsl\izm_prot\factor09_1_01.xsl,app/xsl/izm_prot/factor09_1_01.xsl,14620,641361960,214f56baf3ef74b9002b6873fc74bbdf386c003a,1faa5391358e5c1b7e9e78355a3bdbd492fcb4edda0e410953c9661a260f7d82,2019-08-05T14:10:32+00:00,33685504,128
3304,{app}\xsl\izm_prot\factor09_2_01.xsl,app/xsl/izm_prot/factor09_2_01.xsl,14179,641376580,11d356782d97b497b5c0de42d96de6ad10d0e85e,2ccd50d4b4919e112cce1703eb12795e9d184aa1a8ab09b5c0b3ab6d66738104,2019-08-05T14:10:22+00:00,33685504,128
3305,{app}\xsl\izm_prot\factor09_3_01.xsl,app/xsl/izm_prot/factor09_3_01.xsl,14555,641390759,ff0669c7d750bf7ece9e05d54bad6697963ae655,c41e2740d620506989305f5bda9f732d75df21880a66b889188128b3e76f048f,2019-08-05T14:10:12+00:00,33685504,128
3306,{app}\xsl\izm_prot\factor09_4_01.xsl,app/xsl/izm_prot/factor09_4_01.xsl,15142,641405314,95bf35799b48ac43c814c9b95bf3f7a5d90adc40,0fb5d6fc18d0a6518c525f49d6c9fda324b7be80e75a311d62b541f311f3c54f,2019-08-05T14:10:00+00:00,33685504,128
3307,{app}\xsl\izm_prot\factor10_01.xsl,app/xsl/izm_prot/factor10_01.xsl,14317,641420456,4bc678f3424b7b833382be501c950e21da0f8f41,fee003d8560ae5d6c43f14d8a08e66ff28999f31a6a02107bb5b09ba292bd0be,2019-08-05T14:09:50+00:00,33685504,128
3308,{app}\xsl\izm_prot\factor11_01.xsl,app/xsl/izm_prot/factor11_01.xsl,14296,641434773,d28c7997d7197e34b9b051db0c77a5bc3fec8656,61ac7bee919b638291c743f86dd1622a4c678e691efdc740710dd5811b8ed80a,2019-08-05T14:09:38+00:00,33685504,128
3309,{app}\xsl\izm_prot\factor12_01.xsl,app/xsl/izm_prot/factor12_01.xsl,16215,641449069,564144007be1484a0507d1465dd6264f1c18b37f,2f8d48bb894c5dc3e6cc1ac9bbac712ca4f6fc730e9106ecaab6b86322c2441e,2019-08-05T14:12:10+00:00,33685504,128
3310,{app}\xsl\izm_prot\factor26_01.xsl,app/xsl/izm_prot/factor26_01.xsl,14097,641465284,fee0d9b16d65f91d68915176890194be42b80876,63d514eb5c43653b6192f21b660a11a4ead3a814ce6f193efa625ec842db31e0,2019-08-05T14:12:00+00:00,33685504,128
3311,{app}\xsl\izm_prot\factor41_01.xsl,app/xsl/izm_prot/factor41_01.xsl,17995,641479381,24d607de285db5111a49ea030196ff6a03d414d1,73c8a6748c63e4f5d82682422ea155e48aa304589f3e68d4023c7cadd693bc47,2019-08-05T14:11:52+00:00,33685504,128
3312,{app}\xsl\per_rm\form1_01.xsl,app/xsl/per_rm/form1_01.xsl,8052,641497376,c4ca8f3f54123b0acca8842687037edece559654,94e5dc8cedea0df6f4cc25dd8de7fd70c5d81493fdc416d6af8bf6025ff3994b,2024-08-29T10:37:00+00:00,33685504,128
3313,{app}\xsl\per_rm\form1_01_by_podr.xsl,app/xsl/per_rm/form1_01_by_podr.xsl,9136,641505428,a372466cebb5d74d9a06ca35f09c9a604d4d7de2,2d39015e5fdb820c40a80974a9924b6aa52fdc9885dc5ae85e197973f9bf6e30,2026-04-23T14:29:46+00:00,33685504,128
3314,{app}\xsl\per_rm\form1_02.xsl,app/xsl/per_rm/form1_02.xsl,8231,641514564,24a78f1f0d6fd2adeafc51966cf15ae46c536795,fa4cc89234a38cfc19f84bd0e45e42a05ed262efdde841956cd0a967c321d2f6,2024-08-29T10:38:28+00:00,33685504,128
3315,{app}\xsl\per_rm\form1_02_by_podr.xsl,app/xsl/per_rm/form1_02_by_podr.xsl,9347,641522795,b7140149f94609ff53e013d3ad5baa347bf10869,81d268b82e4bd8c3d8cd9d329ee19ac53fb10fa80c1bc54f10ed73aa413780f9,2026-04-23T14:42:16+00:00,33685504,128
3316,{app}\xsl\per_rm\form2_01.xsl,app/xsl/per_rm/form2_01.xsl,6830,641532142,2e1079c01e364a9ced62e55483ac7958469d49c9,ee3b9c19fc0c2664263eb59f86a735dc6875ac851b32aab2bbb163b30fd17e48,2024-08-29T10:40:06+00:00,33685504,128
3317,{app}\xsl\per_rm\form2_01_by_podr.xsl,app/xsl/per_rm/form2_01_by_podr.xsl,8039,641538972,cb9b91518f1caaf8562e47015d6e7ae0cd545c0c,e750024759fc658e9d3758a323b07d5affba77ac844612e781fe9b0577825309,2026-04-23T10:48:14+00:00,33685504,128
3318,{app}\xsl\per_rm\form2_02.xsl,app/xsl/per_rm/form2_02.xsl,6992,641547011,8c34f1e04bb15c2f8668e1b0bd6116aae43189f1,41c5fdb3523d05a34628a51490d365fef45466bb2b751c1ba4402120d9f1320c,2024-08-29T10:41:54+00:00,33685504,128
3319,{app}\xsl\per_rm\form2_02_by_podr.xsl,app/xsl/per_rm/form2_02_by_podr.xsl,8233,641554003,44a016cb56484b3c8708ca65ed7f1d782a47245f,01ef56f3830626cf17eccc8f7807bcee072d7c98577f9725565c8e667a802525,2026-04-23T11:13:40+00:00,33685504,128
3320,{app}\xsl\per_rm\form2_03.xsl,app/xsl/per_rm/form2_03.xsl,7047,641562236,18e7505840a207d67d7a7d21723f2ca533cce242,7b7bc0358474930dcec30f49ec7cfd41702fbdd06b922714461c51ac1457ab43,2024-08-29T10:42:50+00:00,33685504,128
3321,{app}\xsl\per_rm\form2_03_by_podr.xsl,app/xsl/per_rm/form2_03_by_podr.xsl,8288,641569283,6a804b28ed89ef3a41f20e2e8005b67e7cbe76fa,0074bd82a965b93b964a354c90d8bb4cc0512f30045aefbf6373aafae66ecd04,2026-04-23T11:17:26+00:00,33685504,128
3322,{app}\xsl\per_rm\form2_04.xsl,app/xsl/per_rm/form2_04.xsl,7209,641577571,8e66e97493196966b59be92b8ad419b5053d2291,16de8e14bae48f1660c4eac17af30c58cac5a0f2ee24899bda6fde53e51aca86,2024-08-29T10:43:36+00:00,33685504,128
3323,{app}\xsl\per_rm\form2_04_by_podr.xsl,app/xsl/per_rm/form2_04_by_podr.xsl,8482,641584780,6e5be234c332e7e8c735bc340e0b2c703acdd633,fe91cea5c5cce314218422cfe639b765c8ca4612524d0eaa251ac7f29c21081f,2026-04-23T11:52:32+00:00,33685504,128
3324,{app}\xsl\per_rm\per_mer.xsl,app/xsl/per_rm/per_mer.xsl,2625,641593262,323906ab8530ec1736ce4e8eef8ec6d13ea2bfb4,148458ebfb545a7fbc9d4f910e344269824caa38ac5332447e9e7a2ec2a0185b,2023-08-14T11:12:14+00:00,33685504,128
3325,{app}\xsl\sv_prot\att_zakl_01var.xsl,app/xsl/sv_prot/att_zakl_01var.xsl,5160,641595887,bd6a6e5388c913ae74de09a32b0773260134cfcb,524b77d9afe18ba41dd1e0923aa8e3802eebb70f441427c10896c1339b5d0cde,2024-02-29T15:11:26+00:00,33685504,128
3326,{app}\xsl\sv_prot\att_zakl_02var.xsl,app/xsl/sv_prot/att_zakl_02var.xsl,2376,641601047,5620c2748fe50f6ffc23da2245feccfd92dcc945,3d357cde29dc552e34af88e389b31caab51b9c45881aa1b5974deff15be6d294,2024-03-05T10:03:14+00:00,33685504,128
3327,{app}\xsl\sv_prot\att_zakl_03var.xsl,app/xsl/sv_prot/att_zakl_03var.xsl,2218,641603423,9e323429dca9839f5b0c5fd597cd3c8b8f1a759b,c68d13cb5721d7b3ce0675a6bcd745bcdbfab0ddbd88e3872960fa5f02c7d672,2024-03-05T10:02:56+00:00,33685504,128
3328,{app}\xsl\sv_prot\att_zakl_04var.xsl,app/xsl/sv_prot/att_zakl_04var.xsl,2939,641605641,04199eea9bbbb781b4e4ffcecbecb59c1fb5a240,fa5b8629c090ff4d07d7370e1f63cbae89b6a2c77d3c1a887df8a2f3f7a6f31c,2024-10-24T11:32:38+00:00,33685504,128
3329,{app}\xsl\sv_prot\factor01.xsl,app/xsl/sv_prot/factor01.xsl,3480,641608580,36b022e1edfda29448ab8a198bdaf441f771c7cf,333e3fd837cb874b8e0342d4d4e5147ec96799de7b3f1f81d7451b17c39d677a,2023-08-25T09:50:48+00:00,33685504,128
3330,{app}\xsl\sv_prot\factor01_2.xsl,app/xsl/sv_prot/factor01_2.xsl,3639,641612060,c51bccaf7984c8dd9b955884edc303c385bde910,23785134a296e7bc8bf48fdd6b2d382318162df7bed2a4d68320255a6e5b04a8,2023-08-25T09:50:40+00:00,33685504,128
3331,{app}\xsl\sv_prot\factor01_3.xsl,app/xsl/sv_prot/factor01_3.xsl,3792,641615699,c986e7cf81e89765955daab81d118f85376bf079,986d8f3e3b879c54aca2a7bab58f5f4c1d1c01660756d2d24b01cb70c8d3ed9c,2023-08-25T09:50:34+00:00,33685504,128
3332,{app}\xsl\sv_prot\factor01_4.xsl,app/xsl/sv_prot/factor01_4.xsl,3916,641619491,97bb8adbcab1c9ba530445b7e93777111975477d,da6cb4ccd97089bddc188a006e3514457cce1ae5cb784c5003fbd6943f721189,2023-08-25T09:50:26+00:00,33685504,128
3333,{app}\xsl\sv_prot\factor01_5.xsl,app/xsl/sv_prot/factor01_5.xsl,4034,641623407,c4c07deb6da43f50efe91783949647e3cf23909d,e32c1156ccb032ffc3df25bc477a86bd9013e85d5d2e1ca4d6fa13db9f5db472,2023-08-25T09:50:20+00:00,33685504,128
3334,{app}\xsl\sv_prot\factor01_6.xsl,app/xsl/sv_prot/factor01_6.xsl,4294,641627441,35b5ca03c2dd830931eb66168ca5fb42921605db,ec000f89e90915ede5e0ce0f814a838f3231acae1ebac26118c9192fbf4f8835,2023-08-25T09:50:14+00:00,33685504,128
3335,{app}\xsl\sv_prot\factor02.xsl,app/xsl/sv_prot/factor02.xsl,3469,641631735,64a928b65ae5002bd7a89f0ad730e97851abaa2f,98d146b34633081e0bb5d4dadfea30f0df5160e87b5c285c9cb05f552d4e7a78,2023-08-25T09:50:08+00:00,33685504,128
3336,{app}\xsl\sv_prot\factor02_2.xsl,app/xsl/sv_prot/factor02_2.xsl,3650,641635204,88224a9edf9cf1516123e3ca5a6e1ead0596e490,15a6ae57dabb50fc4f392d5cae6a9a9cbb025578ac740b4bafd748ca8b38dc9e,2024-09-24T15:27:24+00:00,33685504,128
3337,{app}\xsl\sv_prot\factor03.xsl,app/xsl/sv_prot/factor03.xsl,3404,641638854,870e8581fd8602252151e5377baca913091b758b,1821fdc65b7214882e8c450b5a10423e809155d9abe6f347297d9eb99cf5320d,2023-08-25T09:50:00+00:00,33685504,128
3338,{app}\xsl\sv_prot\factor03_2.xsl,app/xsl/sv_prot/factor03_2.xsl,3639,641642258,c51bccaf7984c8dd9b955884edc303c385bde910,23785134a296e7bc8bf48fdd6b2d382318162df7bed2a4d68320255a6e5b04a8,2023-08-25T09:49:54+00:00,33685504,128
3339,{app}\xsl\sv_prot\factor03_3.xsl,app/xsl/sv_prot/factor03_3.xsl,3790,641645897,03752b9bf4130d0a2de37b6d5355c4582d09dcae,c9047ce60f132ff8acd12dc026fb92995ec8d47a4a9229860f8d3da0424a89fe,2023-08-25T09:49:46+00:00,33685504,128
3340,{app}\xsl\sv_prot\factor03_4.xsl,app/xsl/sv_prot/factor03_4.xsl,3935,641649687,99fbc1f71d2ae3fb9ee8cf6dea108d5235220ecd,aa795fe56f6f0295d60d8a257f9bf49e1646f85a16e9473c451a342395ebad70,2023-08-25T09:49:40+00:00,33685504,128
3341,{app}\xsl\sv_prot\factor03_5.xsl,app/xsl/sv_prot/factor03_5.xsl,4034,641653622,c4c07deb6da43f50efe91783949647e3cf23909d,e32c1156ccb032ffc3df25bc477a86bd9013e85d5d2e1ca4d6fa13db9f5db472,2023-08-25T09:49:32+00:00,33685504,128
3342,{app}\xsl\sv_prot\factor03_6.xsl,app/xsl/sv_prot/factor03_6.xsl,4294,641657656,35b5ca03c2dd830931eb66168ca5fb42921605db,ec000f89e90915ede5e0ce0f814a838f3231acae1ebac26118c9192fbf4f8835,2023-08-25T09:49:26+00:00,33685504,128
3343,{app}\xsl\sv_prot\factor04.xsl,app/xsl/sv_prot/factor04.xsl,3488,641661950,f216005152ca4ca659cb4d13465364d707fef237,099a49b166d44c82107c473f546dac851bd16aa70933f21b99ced38a48fe5ad5,2023-08-25T09:49:20+00:00,33685504,128
3344,{app}\xsl\sv_prot\factor04_2.xsl,app/xsl/sv_prot/factor04_2.xsl,3723,641665438,dfe54a1c67ccda8012a6e061154833b0a69c9505,cc41a585bf196b2a42a7484f8f1adfe165059658d037423e6d4523c8c1d990ed,2023-08-25T09:49:10+00:00,33685504,128
3345,{app}\xsl\sv_prot\factor04_3.xsl,app/xsl/sv_prot/factor04_3.xsl,4230,641669161,d142c79cb5467a233c3016484d112d79932df6a1,7cea7c206c003fe2fa1ef879e7e508606317c246d86ec25e298e58d6917d0916,2026-04-01T10:29:44+00:00,33685504,128
3346,{app}\xsl\sv_prot\factor04_4.xsl,app/xsl/sv_prot/factor04_4.xsl,5140,641673391,26744b48c8ed49afdc97dbff1a000a84fa6bb6ff,febe9cdce806cbd6312e1903f1830cccbe330d0c55593196fefdea646b05273e,2026-04-01T11:03:24+00:00,33685504,128
3347,{app}\xsl\sv_prot\factor04_5.xsl,app/xsl/sv_prot/factor04_5.xsl,4370,641678531,8e4f231c6f359064ea73cd59ad289a174642a894,19f036cea940064e5d30fa262eb340308adc2bc3b1f2fe423e06a95a823adebc,2026-04-01T11:04:40+00:00,33685504,128
3348,{app}\xsl\sv_prot\factor04_6.xsl,app/xsl/sv_prot/factor04_6.xsl,5496,641682901,400aafe24a7b20658481f3586032ab859ae372c4,06fbc1ec834c58834dd3f4ed2bb0c7ac42a4c1c25ef11157a04f4375a085b1ab,2026-04-01T11:05:16+00:00,33685504,128
3349,{app}\xsl\sv_prot\factor04_7.xsl,app/xsl/sv_prot/factor04_7.xsl,3713,641688397,14a1fda8aba3a1d4cb3888b8a313e955ade8b8bf,1dba7a100da72101b12c16e85e5c3c7cd3fb9946b4ebc7ccce5f592e2f1f32db,2023-08-25T09:48:34+00:00,33685504,128
3350,{app}\xsl\sv_prot\factor04_full.xsl,app/xsl/sv_prot/factor04_full.xsl,3764,641692110,bd10f5d2147b8b36f76d66b06775e6354e384438,3cfdb3efb07bd3267498bc55d9294ab256214a6732e7f10db2cd1916d4ee73b1,2026-04-01T11:06:10+00:00,33685504,128
3351,{app}\xsl\sv_prot\factor04_short.xsl,app/xsl/sv_prot/factor04_short.xsl,3427,641695874,dee8f712d2d93dff99815b3f23051b53c1f66df8,5ebce2f5f2fd99699eb3eabcfbc0e776052e7d31843f8bfacceace17761a6ede,2026-04-01T11:06:08+00:00,33685504,128
3352,{app}\xsl\sv_prot\factor05.xsl,app/xsl/sv_prot/factor05.xsl,3288,641699301,c4f548efed29d3f3f244d7b96d1afe9821b7b64c,82faa14a1f04c669ce573b44ac482a63f59ee6a3ae78e53363ba89152d736b20,2023-08-25T09:48:28+00:00,33685504,128
3353,{app}\xsl\sv_prot\factor05_1_1.xsl,app/xsl/sv_prot/factor05_1_1.xsl,3503,641702589,6845bd1e25669eafc26b8f3a8a60323946d47290,e0b4c93d98c3efdab60560a0dcdfb2ce945b4d20aba21d1e0a2c39bb10622adf,2026-04-01T11:10:24+00:00,33685504,128
3354,{app}\xsl\sv_prot\factor05_2.xsl,app/xsl/sv_prot/factor05_2.xsl,3525,641706092,84bdc24f9cdcd24083ca96638b6370344ff4742c,edc5b57963c0000ee584b817c20e21902ada9e32aa5a84b8a9dd3a916864f0df,2023-08-25T09:48:14+00:00,33685504,128
3355,{app}\xsl\sv_prot\factor05_3.xsl,app/xsl/sv_prot/factor05_3.xsl,4281,641709617,96aa4d4346b4a374de27361a0638976f287757fa,0362d79d985fc61ab32ae523ec5626c8d84a06ad9820b5f2cefb83da6a6f0f18,2023-08-25T09:48:08+00:00,33685504,128
3356,{app}\xsl\sv_prot\factor05_4.xsl,app/xsl/sv_prot/factor05_4.xsl,3742,641713898,0c1b933918decc8f65b68adf300dff5fa97803a2,47e37483ca36b1718df884caf847430e362401607c0b93b2568a2920c5a35e10,2026-04-01T11:11:26+00:00,33685504,128
3357,{app}\xsl\sv_prot\factor05_5.xsl,app/xsl/sv_prot/factor05_5.xsl,4446,641717640,f42bb615ee4c95b220653e4e5e3d523158a1bd0f,ff52b1881a3393dc6f5cc4ecc2922a579f11349dddd665365f064852b9f4604f,2026-04-01T11:12:04+00:00,33685504,128
3358,{app}\xsl\sv_prot\factor05_6.xsl,app/xsl/sv_prot/factor05_6.xsl,7667,641722086,fff5a405880f9b37eb34b9c4d666f05ce6093b0c,09543143dedd3df74777664b5c09d6c2c72a7c9d5a5a05cbf19af9c28061d2c2,2026-04-01T11:12:56+00:00,33685504,128
3359,{app}\xsl\sv_prot\factor05_full.xsl,app/xsl/sv_prot/factor05_full.xsl,3575,641729753,2aeb4fd6af6847a322613623cffd6f10899455eb,3c6a695097a34899f8fad1f3132048b7f4116eb8ee3a0b8d4c41361b9d0b0160,2026-04-01T11:13:22+00:00,33685504,128
3360,{app}\xsl\sv_prot\factor05_short.xsl,app/xsl/sv_prot/factor05_short.xsl,3240,641733328,5937a3e01e25109481a5b914630fccce8bc1d479,a72483e87fef010d31f9bc4e33196f2ffea13d8c8b10a9c207523965ea0a8a9b,2026-04-01T11:13:30+00:00,33685504,128
3361,{app}\xsl\sv_prot\factor06.xsl,app/xsl/sv_prot/factor06.xsl,3745,641736568,05b871744615870d37f5f0fed6899603f4968476,77b05fe6fcdcd40970a85425c1521ae7fcaca06d629ee44a8575a78e084b7ffa,2023-08-25T09:47:36+00:00,33685504,128
3362,{app}\xsl\sv_prot\factor06_2.xsl,app/xsl/sv_prot/factor06_2.xsl,3980,641740313,3157c0a665ac425875dde240dd2475f60392f83b,a4c50a27d1e904f11b8e62e02d4d20e293f1ed237d98c17172d12737b9d6868c,2023-08-25T09:47:30+00:00,33685504,128
3363,{app}\xsl\sv_prot\factor06_3.xsl,app/xsl/sv_prot/factor06_3.xsl,4210,641744293,3a009404807027505f3094feca9d9f467a81215b,720b11994061104f1538c8222e52a8c81c92a921fd2f117713807a2dcf1923f7,2023-08-25T09:47:24+00:00,33685504,128
3364,{app}\xsl\sv_prot\factor06_4.xsl,app/xsl/sv_prot/factor06_4.xsl,4237,641748503,855439acf24054a6cd935c2d9c0b2735a1d5464e,1987e07c81b472c6864cf7d88c51d7fb932db04bd192caed970ec20e7ffc7a3c,2023-08-25T09:47:16+00:00,33685504,128
3365,{app}\xsl\sv_prot\factor06_5.xsl,app/xsl/sv_prot/factor06_5.xsl,4910,641752740,3e451e40766ee514e3e60f761391b0aeff6d2429,527903bd05ee8fea358d91d574a54ebd2f1b5af15775960a515ad604354a30d2,2024-07-31T11:42:44+00:00,33685504,128
3366,{app}\xsl\sv_prot\factor07.xsl,app/xsl/sv_prot/factor07.xsl,3926,641757650,d5f63a5e1e125d8f1a651a3c3a05029cd188eab6,7ed88fa62c6ccc1248091525100475af11ccdedbbd6832ca7d5641f7977b478c,2026-04-01T12:38:28+00:00,33685504,128
3367,{app}\xsl\sv_prot\factor07_2.xsl,app/xsl/sv_prot/factor07_2.xsl,4182,641761576,3413863607a98508122c2f0aad7262d9cd223dc6,87d1a296f7fdc0fdf5da184da1fbbe3a15e6bad8a06b18e304f9782a81f7c348,2026-04-01T12:39:06+00:00,33685504,128
3368,{app}\xsl\sv_prot\factor07_3.xsl,app/xsl/sv_prot/factor07_3.xsl,4285,641765758,fa01b2c1e6f26f5c507ee6adadb37be1881c8994,1c81be252f4f98dd8899b8616267d144e09b8c947a2e11a11ffbc7e42b52eb02,2026-04-01T11:37:08+00:00,33685504,128
3369,{app}\xsl\sv_prot\factor07_4.xsl,app/xsl/sv_prot/factor07_4.xsl,4267,641770043,a5ce452aed5a53627db5e0a7baae565337e25374,ad987ba6011e58ec34da354c4796afcbcaba39fefbd3d117eb2147fe14b35bee,2026-04-01T11:37:08+00:00,33685504,128
3370,{app}\xsl\sv_prot\factor07_5.xsl,app/xsl/sv_prot/factor07_5.xsl,5629,641774310,fcc0d1941853c9edeb7648bf0376f37148176f9d,7de09b21b288e1b88fdab16614a18dccb0694a7be89715139f8bffae5a929805,2026-04-01T12:42:46+00:00,33685504,128
3371,{app}\xsl\sv_prot\factor07_full.xsl,app/xsl/sv_prot/factor07_full.xsl,4094,641779939,000ff803924ba01fa7fb131b50498bb2c89b7599,2e76a024981d932def43ced670f008c7dd525d3108ad9237548f9700d03c4687,2026-04-01T11:37:04+00:00,33685504,128
3372,{app}\xsl\sv_prot\factor07_short.xsl,app/xsl/sv_prot/factor07_short.xsl,3508,641784033,0a5865106d9766733fb18e6f9cf324240990a122,3b7e575e74ed5fbd3c9e952f387b0fa167d855c7fd0ac0310cd319fdd1f08ff8,2026-04-01T11:37:04+00:00,33685504,128
3373,{app}\xsl\sv_prot\factor08.xsl,app/xsl/sv_prot/factor08.xsl,3947,641787541,79db11ecbd99f269509b55835828f2dcc1996eb3,c0d103595edbf5f6526fbe5e38fbddf8ed921b29669ed82620681f5e891077f3,2026-04-01T11:47:02+00:00,33685504,128
3374,{app}\xsl\sv_prot\factor08_2.xsl,app/xsl/sv_prot/factor08_2.xsl,4182,641791488,3413863607a98508122c2f0aad7262d9cd223dc6,87d1a296f7fdc0fdf5da184da1fbbe3a15e6bad8a06b18e304f9782a81f7c348,2026-04-01T11:46:36+00:00,33685504,128
3375,{app}\xsl\sv_prot\factor08_3.xsl,app/xsl/sv_prot/factor08_3.xsl,4285,641795670,fa01b2c1e6f26f5c507ee6adadb37be1881c8994,1c81be252f4f98dd8899b8616267d144e09b8c947a2e11a11ffbc7e42b52eb02,2026-04-01T11:47:40+00:00,33685504,128
3376,{app}\xsl\sv_prot\factor08_4.xsl,app/xsl/sv_prot/factor08_4.xsl,4267,641799955,a5ce452aed5a53627db5e0a7baae565337e25374,ad987ba6011e58ec34da354c4796afcbcaba39fefbd3d117eb2147fe14b35bee,2026-04-01T11:48:16+00:00,33685504,128
3377,{app}\xsl\sv_prot\factor08_5.xsl,app/xsl/sv_prot/factor08_5.xsl,5629,641804222,fcc0d1941853c9edeb7648bf0376f37148176f9d,7de09b21b288e1b88fdab16614a18dccb0694a7be89715139f8bffae5a929805,2026-04-01T11:49:20+00:00,33685504,128
3378,{app}\xsl\sv_prot\factor08_full.xsl,app/xsl/sv_prot/factor08_full.xsl,4087,641809851,4cb8a388a872a05bbfb476c887d2926e8ed00550,e2cd64116deb2f9b268886cff562aba434b049dc83fa76703251bbd694a78f9f,2026-04-01T11:49:56+00:00,33685504,128
3379,{app}\xsl\sv_prot\factor08_short.xsl,app/xsl/sv_prot/factor08_short.xsl,3571,641813938,9f065d527ebd80a5f508d4a9dcb0413d8155329e,ae8a3234ab74262bc80471a6696cc7122b820fe29cacc01fb0264364b109ecb0,2026-04-01T11:49:40+00:00,33685504,128
3380,{app}\xsl\sv_prot\factor09_1.xsl,app/xsl/sv_prot/factor09_1.xsl,3409,641817509,d021effa4f0b9f87698619ae8ed5a51e0a11993d,5abbbb1d8949956d7bba3345030999436413ae199782b7bbdd8964ae1e98c79a,2023-08-25T09:45:58+00:00,33685504,128
3381,{app}\xsl\sv_prot\factor09_1_2.xsl,app/xsl/sv_prot/factor09_1_2.xsl,3680,641820918,f1ccfb00464777f708c6c56305062899918abcfe,9648389d368517b378708e21fff29caca7aba3362427f9ec0cbcd8b872559733,2023-08-25T09:45:50+00:00,33685504,128
3382,{app}\xsl\sv_prot\factor09_2.xsl,app/xsl/sv_prot/factor09_2.xsl,3474,641824598,7e7da8c6d40c47cb7870afaad9729f41f0ab5f56,5f1d476a4961a995ab36a9b449a0fbd875321bea850f3e40f1d1d19469769dde,2023-08-25T09:45:42+00:00,33685504,128
3383,{app}\xsl\sv_prot\factor09_2_2.xsl,app/xsl/sv_prot/factor09_2_2.xsl,3649,641828072,f6f50f845ab758cdf12230553bf6401e6e11e47a,91a78f0b14ae92b3a664bb13ca89ecf597519c9d022831ab198671d8ac606f3a,2023-08-25T09:45:34+00:00,33685504,128
3384,{app}\xsl\sv_prot\factor09_3.xsl,app/xsl/sv_prot/factor09_3.xsl,3409,641831721,d021effa4f0b9f87698619ae8ed5a51e0a11993d,5abbbb1d8949956d7bba3345030999436413ae199782b7bbdd8964ae1e98c79a,2023-08-25T09:45:26+00:00,33685504,128
3385,{app}\xsl\sv_prot\factor09_3_2.xsl,app/xsl/sv_prot/factor09_3_2.xsl,3680,641835130,f1ccfb00464777f708c6c56305062899918abcfe,9648389d368517b378708e21fff29caca7aba3362427f9ec0cbcd8b872559733,2023-08-25T09:45:18+00:00,33685504,128
3386,{app}\xsl\sv_prot\factor09_4.xsl,app/xsl/sv_prot/factor09_4.xsl,3922,641838810,ae6230ad650c252402261a1b73fe6b5b9a3932c6,ea1ee6541424860446fe6d33696cfeb92c8e10427342cb3f430a279a362d976d,2023-08-25T09:45:12+00:00,33685504,128
3387,{app}\xsl\sv_prot\factor09_4_2.xsl,app/xsl/sv_prot/factor09_4_2.xsl,4598,641842732,863c87562f216f7b3668b6767c486873576b74c5,adc1555b0269405ae7eae11a6ac79470687148d53614a200006278a3ca128142,2023-08-25T09:45:02+00:00,33685504,128
3388,{app}\xsl\sv_prot\factor0_01.xsl,app/xsl/sv_prot/factor0_01.xsl,4093,641847330,49aefb3d82a2d2959c8faf49f1e8f1e2e360803c,71f3386a01357a879537f85a2b16b48679b8fcfc5ff66957e1e813d59b3fb090,2023-08-25T09:51:00+00:00,33685504,128
3389,{app}\xsl\sv_prot\factor0_02.xsl,app/xsl/sv_prot/factor0_02.xsl,4372,641851423,b9f9a656eae5cbdba8f109a9b050cdeab5a54c26,412051b0a92f6554235262108c47b0f8d7831c851296da92298523e3f37dd922,2023-08-25T09:50:54+00:00,33685504,128
3390,{app}\xsl\sv_prot\factor10.xsl,app/xsl/sv_prot/factor10.xsl,3689,641855795,c17700c55abee3ac1fc4d9daae1ef6a7bd5705a6,06c7cfde5ada49c037005c65079b7ffdaac4a1838226f0476074242a338cc6f1,2023-08-25T09:44:56+00:00,33685504,128
3391,{app}\xsl\sv_prot\factor10009_01.xsl,app/xsl/sv_prot/factor10009_01.xsl,4115,641859484,dcaa8e5c51582a48563ef6c0c527eb83861d7631,2b521d0529fee1a5825c17c1187107b4154406e8603879d95c7d1c4e1501e794,2023-08-25T09:40:18+00:00,33685504,128
3392,{app}\xsl\sv_prot\factor10099_01.xsl,app/xsl/sv_prot/factor10099_01.xsl,3581,641863599,3b4789b42d0cbedd93191c0d92c682f408d52684,9f5af756357f048e7fbf21cf0a886435a504ca6e5a1a6f66447db21ee7451444,2025-12-03T11:47:36+00:00,33685504,128
3393,{app}\xsl\sv_prot\factor10_2.xsl,app/xsl/sv_prot/factor10_2.xsl,3911,641867180,c402ab72b5e4ea6b3c02f93b11123d723fd8b930,b46d73b47a6159138ba65bb569d1445872c02074a02d52c42bcd441aefa1d1ad,2023-08-25T09:44:50+00:00,33685504,128
3394,{app}\xsl\sv_prot\factor10_3.xsl,app/xsl/sv_prot/factor10_3.xsl,3717,641871091,109d0bccc0d6aea280fc847ca99dfec802e3b4a2,84288e675f75d6892ed5e779bc0af20ffc11f36cfade65c02dc54a449c097827,2023-08-25T09:44:42+00:00,33685504,128
3395,{app}\xsl\sv_prot\factor11.xsl,app/xsl/sv_prot/factor11.xsl,3704,641874808,f33cc5944327028bbb4757756ea60cb19ed71c12,2c7a9b23c712c76d358d6a00dcfb55269cc90171f8f736c30cbfea69e2d3bb94,2023-08-25T09:44:34+00:00,33685504,128
3396,{app}\xsl\sv_prot\factor11_2.xsl,app/xsl/sv_prot/factor11_2.xsl,3859,641878512,f722a6d911757680c2b80f3b99e049dbc9b252f9,5ec4a0b4614e6f9d99b923cc45290b43db89cf2bd841e44ec958b360dba01575,2023-08-25T09:44:28+00:00,33685504,128
3397,{app}\xsl\sv_prot\factor11_3.xsl,app/xsl/sv_prot/factor11_3.xsl,3976,641882371,7df501d1dfbca9f79559c57463ad9e85b5d431c4,0d4f3504754a72bfdac92e8308a77532716170b892bfb5970a3de6b2e4d70321,2023-08-25T09:44:20+00:00,33685504,128
3398,{app}\xsl\sv_prot\factor11_4.xsl,app/xsl/sv_prot/factor11_4.xsl,4317,641886347,1d303c0e33c9a24e434d80128cddc4e4c899ffc5,fee829497fd30fa1a2db8a7d378fb6e518f0361bdfdff53b39679c1770f0ba5e,2023-10-31T16:37:42+00:00,33685504,128
3399,{app}\xsl\sv_prot\factor12.xsl,app/xsl/sv_prot/factor12.xsl,3489,641890664,7c427987915df10660a001e966d5c5600698d107,c1d0404ef1b408576e324422424ee89072d6efedf4fcbc0b65a58609a04ea5b0,2023-08-25T09:44:14+00:00,33685504,128
3400,{app}\xsl\sv_prot\factor12_2.xsl,app/xsl/sv_prot/factor12_2.xsl,4358,641894153,86a636ac67536e2a77223aeb8532831b435f3ba3,1e3090e867748c8187b79341129a81bd33f3f997700ff9d283c487991ca54b35,2023-08-25T09:44:06+00:00,33685504,128
3401,{app}\xsl\sv_prot\factor12_3.xsl,app/xsl/sv_prot/factor12_3.xsl,4567,641898511,0ebd38a0f421416569aa6075f3497438eda4a9b8,8915534e41caa00b75d2340ad20f6c54a96fb9c3438fdd79fdb99284ae4ec729,2023-08-25T09:44:00+00:00,33685504,128
3402,{app}\xsl\sv_prot\factor12_4.xsl,app/xsl/sv_prot/factor12_4.xsl,4722,641903078,7c83617677d6e57c658a07c3042b2dbd31bc4a06,1712d148d63e6603481d8d1fcccc2ae4dabcd46ed20a0e84b632aaab474d4fc0,2023-08-25T09:43:52+00:00,33685504,128
3403,{app}\xsl\sv_prot\factor12_5.xsl,app/xsl/sv_prot/factor12_5.xsl,4839,641907800,6bd97fbbf7e6b9aaabebb2f1f8d22e37b5a934b9,98ea7724d34b9a08c76fbbedb338ae73e0b98ee7a939af608d82061b4c047fea,2023-08-25T09:43:44+00:00,33685504,128
3404,{app}\xsl\sv_prot\factor13.xsl,app/xsl/sv_prot/factor13.xsl,3970,641912639,07eff63ce6e71a8052929562aaf489ec67b151cd,46c4b5c1c9ff45d5234bba6881acf27ca2f0b61d20e56dac97cf9600564bc7b8,2025-09-29T14:10:08+00:00,33685504,128
3405,{app}\xsl\sv_prot\factor13_2.xsl,app/xsl/sv_prot/factor13_2.xsl,4301,641916609,dd148ac58f599951a22a418c32ccf4bb5a19c086,33f970f93bb60b60fcccc42c1b54ded42c2fb9ce51c616d293bca127cc9230a1,2025-09-29T14:10:48+00:00,33685504,128
3406,{app}\xsl\sv_prot\factor13_3.xsl,app/xsl/sv_prot/factor13_3.xsl,4418,641920910,48b4422f9c9ede339ca23bbe417463077f86523f,f7deba4ae8af0cee0d02d06cb724296331c0eefbd3570c94eeaa1682220f757e,2025-09-29T14:10:44+00:00,33685504,128
3407,{app}\xsl\sv_prot\factor13_4.xsl,app/xsl/sv_prot/factor13_4.xsl,4537,641925328,533716ceb9ad8baec3316fcc039ac7438a4b5add,d01fcdf32827ff473fe94f9f81794adf796baea683f76faab8af4ff44d7d2943,2025-09-29T14:10:38+00:00,33685504,128
3408,{app}\xsl\sv_prot\factor13_5.xsl,app/xsl/sv_prot/factor13_5.xsl,4344,641929865,cdab41baefb45c98309273e2a7ac78b9bc3fe46c,8f23b63434aa4948f83fe3e5522cd70e191b928af0a502f6f2a14b494fb742e3,2025-09-29T14:10:32+00:00,33685504,128
3409,{app}\xsl\sv_prot\factor13_6.xsl,app/xsl/sv_prot/factor13_6.xsl,4426,641934209,15d2e4c28d7e8987cfae5a1df2e832bf353c04f3,7738fb5d4dcfecf84f46e206b44838f1e34da5eff5d5e4facdc59e2a34cfd7c9,2025-09-29T14:10:24+00:00,33685504,128
3410,{app}\xsl\sv_prot\factor14.xsl,app/xsl/sv_prot/factor14.xsl,3485,641938635,615b1273c2f1ef3b1e9dc2827f81d1c9ca47a6aa,835ee17d2bde3d4da0e15d57b60da48fb53a0c1ef03e01f676551c3a36fda30a,2025-09-29T14:13:16+00:00,33685504,128
3411,{app}\xsl\sv_prot\factor14_2.xsl,app/xsl/sv_prot/factor14_2.xsl,3794,641942120,34f4f7b3f10fe4e79f1fabc2a0f309f1c7ccac12,75317e97441ed2db6f1f98fc2e7363fa9e616b77eaa42d0f8ed6f66b765ed216,2025-09-29T14:13:16+00:00,33685504,128
3412,{app}\xsl\sv_prot\factor14_3.xsl,app/xsl/sv_prot/factor14_3.xsl,3910,641945914,e97ae8b2146e07445ade3e0fdc3818eb8abe6d6b,0c275dc81414175944103c7983753f648d7ded54d79e661c20c7d2b57490b90c,2025-09-29T14:13:16+00:00,33685504,128
3413,{app}\xsl\sv_prot\factor14_4.xsl,app/xsl/sv_prot/factor14_4.xsl,4029,641949824,2922fe0bc4d6a0941a738230eac4a33e4c0e3d05,96dd6ebf0615a9e16304f8536d2402600633dafd4a601ed48e8bee3f1e4d9d17,2025-09-29T14:13:16+00:00,33685504,128
3414,{app}\xsl\sv_prot\factor14_5.xsl,app/xsl/sv_prot/factor14_5.xsl,3837,641953853,11a8a4bf85573c7e6d47169ab01120349fbec71c,7736488b2cbca7724e82c11cf703c3da8a41356c466582b218e58fc7832103d6,2025-09-29T14:13:16+00:00,33685504,128
3415,{app}\xsl\sv_prot\factor26.xsl,app/xsl/sv_prot/factor26.xsl,3474,641957690,7e7da8c6d40c47cb7870afaad9729f41f0ab5f56,5f1d476a4961a995ab36a9b449a0fbd875321bea850f3e40f1d1d19469769dde,2023-08-25T09:41:44+00:00,33685504,128
3416,{app}\xsl\sv_prot\factor26_2.xsl,app/xsl/sv_prot/factor26_2.xsl,3676,641961164,d4f5861d501cb49aa286a4080ea4efde797dee28,4eed745f6d8842fc1eb470d127441903b5836827acb09a2a29419ccdc0461602,2023-08-25T09:41:34+00:00,33685504,128
3417,{app}\xsl\sv_prot\factor26_2_1.xsl,app/xsl/sv_prot/factor26_2_1.xsl,3879,641964840,903f78c67d158820051b63a721cb13b082d1c502,8e8ed18960438546e2d3d5b5caec2de34ca9b80d3c865e211941d5a04b16b27a,2023-08-25T09:41:00+00:00,33685504,128
3418,{app}\xsl\sv_prot\factor26_3.xsl,app/xsl/sv_prot/factor26_3.xsl,3811,641968719,030619b30ed31f55f3b13fd1300a687b6afb7c58,a3e5c5a316c2bd3e05168b78a6c1dad4d3cd2abaf34373a669bf068db73862b1,2023-08-25T09:40:48+00:00,33685504,128
3419,{app}\xsl\sv_prot\factor41.xsl,app/xsl/sv_prot/factor41.xsl,6263,641972530,605a030bc5a3c28473330eb70633217195620c62,6c4deafba0143df947aeb1de3af6c3df44c1ff8cf106f9554b9522443829be86,2023-08-25T09:40:36+00:00,33685504,128
3420,{app}\xsl\sv_prot\factor41_2.xsl,app/xsl/sv_prot/factor41_2.xsl,6360,641978793,c00513f35e7e0f7b381a279295eb6cb46ed852ab,d1c84b099b91364a7f40312a9b77a35b3343678baa873d145ebb968b5d2cc060,2023-08-25T09:40:28+00:00,33685504,128
3421,{app}\xsl\sv_prot\nd_data1.xsl,app/xsl/sv_prot/nd_data1.xsl,1703,641985153,fdecbc6397719a2fe012e83354bb4e1d72385cb1,9e493d501c88e50a894d7b4af50f83d3baff92a6317eac3dfbc8e0c4a8fb241a,2024-02-12T10:31:58+00:00,33685504,128
3422,{app}\xsl\sv_prot\nd_data2.xsl,app/xsl/sv_prot/nd_data2.xsl,1703,641986856,8d423cac68937ac689af29540055c4a9620ec632,855bee9c949a11de8c390977c096a18bcdd163b20cdc0f0704ef2437879800f1,2024-02-12T10:32:34+00:00,33685504,128
3423,{app}\xsl\sv_prot\org_data.xsl,app/xsl/sv_prot/org_data.xsl,3519,641988559,16627d1c53369627ac2d405fe5e30e358414a810,4d37540fa5afca2758ebb88ad026958ade8f843c76c0c81a3493ac25f4de8b6c,2024-02-06T15:48:14+00:00,33685504,128
3424,{app}\xsl\sv_prot\os_params.xsl,app/xsl/sv_prot/os_params.xsl,3717,641992078,8ba8f80e8e4218349d405219dbf6a5a6f392a85f,9a549c4baa50177a112dce69244d5973838e1dad0e0ad9cf13a1178d630ac9e2,2026-02-05T14:19:50+00:00,33685504,128
3425,{app}\xsl\sv_prot\si_all_data.xsl,app/xsl/sv_prot/si_all_data.xsl,3312,641995795,3131b29a369335ac74f32c6d5626c89991fa7446,7de28887a6b9258d8b3ec93326b014a6085c2ddfc12436fac6487d4b5b7ebe54,2026-04-06T12:49:02+00:00,33685504,128
3426,{app}\xsl\sv_prot\si_data.xsl,app/xsl/sv_prot/si_data.xsl,2370,641999107,a61ffd2c03dfd904708ce7c86ea337c635b4a64c,4261518df7f9046899a28ecc6d3b4622c76ab2cd18cf4d29664fb3364386d153,2024-02-09T11:17:30+00:00,33685504,128
3427,{app}\xsl\sv_prot\si_nd_data.xsl,app/xsl/sv_prot/si_nd_data.xsl,1964,642001477,a9965c9b7fe4c44454397e2e875bd38d16c1c057,66b6d1f174a7ffecf1a305991ccf2917e96b166a29fdafd2cb4cade68d932c7d,2025-01-13T11:58:32+00:00,33685504,128
3428,{app}\xsl\sv_prot\si_os_data.xsl,app/xsl/sv_prot/si_os_data.xsl,2373,642003441,9f3fb89c29d85249ba83c26a4145f1c4a43a7967,652814d06e9beeabfb0dfa8da58622e781054f7c373d611bce9b56ea693014c9,2024-02-09T11:15:50+00:00,33685504,128
3429,{app}\xsl\sv_prot\src_data.xsl,app/xsl/sv_prot/src_data.xsl,1957,642005814,d0ce566758b7eea357684e8370a4861c9c7f82ee,a27df5a206adb8b2ed57f83c9f3ac99a300eb616d0e662170424045ffbeb1516,2026-02-20T16:32:28+00:00,33685504,128
3430,{app}\xsl\sv_prot\calc\factor01.xsl,app/xsl/sv_prot/calc/factor01.xsl,4726,642007771,25ca0d7fc536fc0f915ea9793320213fa5952614,338bba1b1a415ccf908e2d426a192c036eff8dd866017b823b4f422febb7f146,2025-01-23T11:42:24+00:00,33685504,128
3431,{app}\xsl\sv_prot\calc\factor03.xsl,app/xsl/sv_prot/calc/factor03.xsl,4718,642012497,5b6e0a192f2188550f249e7e50d555e693be1826,069e8a66208a15dd5db7faad564d2a9184e16bd62bb199022b91abdf96dfa873,2025-01-23T11:44:12+00:00,33685504,128
3432,{app}\xsl\sv_prot\calc\factor03_01.xsl,app/xsl/sv_prot/calc/factor03_01.xsl,3798,642017215,0b1cd4ac0461e7537a3e163dcf1c4fb92def2e6f,0c832d7411a41f74f248f52e8c6637377baafebcc2434b79973d4b110c1c8a4d,2025-01-10T10:59:40+00:00,33685504,128
3433,{app}\xsl\sv_prot\calc\factor11.xsl,app/xsl/sv_prot/calc/factor11.xsl,3563,642021013,6239c13111c5a195044962df28f3fff6686f06cd,e8b6b356e5ec058b0b81b04cb5935c4d1828776d3d751dc32880762165377ebc,2025-01-10T13:27:36+00:00,33685504,128
3434,{app}\xsl\sv_prot\calc\factor26.xsl,app/xsl/sv_prot/calc/factor26.xsl,3865,642024576,74379f3f29d1fa30c8d8f86fabfa11a566bd8b1f,c13e44649b6bafdd347a22ff96646e9d5e393d99b33248563b6a51447bf633cb,2025-01-10T13:25:50+00:00,33685504,128
3435,{app}\xsl\sv_prot\forms2019\factor01_01.xsl,app/xsl/sv_prot/forms2019/factor01_01.xsl,19577,642028441,6ba1a974aa05774c35981c1fe733a11f55861916,f0d00ba1739018026c436bf2ed6baffce5cd3cf7a434c2d329beb3d25cc049d7,2024-01-29T13:23:56+00:00,33685504,128
3436,{app}\xsl\sv_prot\forms2019\factor01_02.xsl,app/xsl/sv_prot/forms2019/factor01_02.xsl,20553,642048018,4191adbe6760982d6666568435f25d735278afd1,9831b7485879c225ba134f238b335d356e80e497b9e0e41238b03600acce731b,2024-01-29T13:23:50+00:00,33685504,128
3437,{app}\xsl\sv_prot\forms2019\factor01_03.xsl,app/xsl/sv_prot/forms2019/factor01_03.xsl,24425,642068571,c32cd1dae37aee22284f9096d2704b6310d74d38,f44b965ea53fd95792b7bdbcff36f077bc2dfa17a5471d31d91962d9ff7bc58a,2024-01-29T13:23:44+00:00,33685504,128
3438,{app}\xsl\sv_prot\forms2019\factor01_04.xsl,app/xsl/sv_prot/forms2019/factor01_04.xsl,21358,642092996,f4ddee6012180c3ae11a7079d4c347eeab4fbdf7,a8dced55d81f38fc33b33304c2bdeae670f004f7253716b143f99dc0089992ad,2025-03-12T11:55:52+00:00,33685504,128
3439,{app}\xsl\sv_prot\forms2019\factor01_05.xsl,app/xsl/sv_prot/forms2019/factor01_05.xsl,22241,642114354,6fc82e0d188d9771cd5751268b7575956cd73397,c7ea1361b6999ef18ce0ed6376c3f00d0fff8587b1b663194cab6833d8b058c8,2025-03-27T13:28:58+00:00,33685504,128
3440,{app}\xsl\sv_prot\forms2019\factor03_01.xsl,app/xsl/sv_prot/forms2019/factor03_01.xsl,23482,642136595,819ec2bfbf04f99527b977967a54a9ab18611256,a045727871da16d68c8d245c9a9e22ab32dab23e12b8cd299ee72a94ec5bf69d,2025-05-26T15:54:12+00:00,33685504,128
3441,{app}\xsl\sv_prot\forms2019\factor03_02.xsl,app/xsl/sv_prot/forms2019/factor03_02.xsl,24458,642160077,ff36e7de772847a8fe4a0654a9986edee5696c1c,695ac592d5440092600bb35456eed0d2b290034594f10b2a047b76404127f8bc,2025-05-26T15:54:10+00:00,33685504,128
3442,{app}\xsl\sv_prot\forms2019\factor04_01.xsl,app/xsl/sv_prot/forms2019/factor04_01.xsl,22480,642184535,49a2be2dcfbd97b7bae0fb1e6b38350e23e20d1c,dff2085fae18ea3b1640dd933dbfea31b9d3141d851cf761919e8f79ed9722a1,2024-01-29T13:23:28+00:00,33685504,128
3443,{app}\xsl\sv_prot\forms2019\factor04_02.xsl,app/xsl/sv_prot/forms2019/factor04_02.xsl,22692,642207015,33c023a358e3670e213ffd9fcf6efd267f393aed,3136d7e604a55ebbf9c9fb05b13c2aa18f1f4cbb2fea6fffe34ad6624e2d6647,2026-04-01T13:08:48+00:00,33685504,128
3444,{app}\xsl\sv_prot\forms2019\factor05_01.xsl,app/xsl/sv_prot/forms2019/factor05_01.xsl,22753,642229707,2a4109f8316bab6aba39a7f8f7423e01f38d40ab,2a68856b3e46e8b02dfc7e4f00e91af9d284ca04b7f3d1db4f09eba7510cd7d4,2024-01-29T13:23:22+00:00,33685504,128
3445,{app}\xsl\sv_prot\forms2019\factor05_02.xsl,app/xsl/sv_prot/forms2019/factor05_02.xsl,22856,642252460,cfed4907efe73a94dcf742dd3f90db5d7cbceb04,87d78b2c978bf5f12f6b25b11e5dcbae5d41deefd917313b0328395b1f8fcd68,2026-04-01T13:10:36+00:00,33685504,128
3446,{app}\xsl\sv_prot\forms2019\factor06_01.xsl,app/xsl/sv_prot/forms2019/factor06_01.xsl,24332,642275316,b1fe93ad80438d5169659415b38b38686dad6873,795f655d25ba5db7e68d5dc6c77b345b5e6267821834b33d9d30b5e7fc8c4498,2024-04-03T14:58:26+00:00,33685504,128
3447,{app}\xsl\sv_prot\forms2019\factor06_02.xsl,app/xsl/sv_prot/forms2019/factor06_02.xsl,24436,642299648,0ef3fcf5258e8c1deb1dad7bff798da222746bd9,74973e027c2ad964eff2c9a6306e31ecdc6baddbb9ba8001a7f5bc863ea57a55,2026-04-01T13:13:48+00:00,33685504,128
3448,{app}\xsl\sv_prot\forms2019\factor07_01.xsl,app/xsl/sv_prot/forms2019/factor07_01.xsl,20363,642324084,ab83a70e420eaf66ae5d88f94a6cab060f2958cc,e913032ddc3c50a99132fdfbf99554bdb9296e4862c7dac3ee6df08fc737bf10,2024-01-29T13:23:12+00:00,33685504,128
3449,{app}\xsl\sv_prot\forms2019\factor07_02.xsl,app/xsl/sv_prot/forms2019/factor07_02.xsl,20704,642344447,1827f1d07137855e07c53d89f4379a8377c7ff55,d7dc13dca4ccceb7781a4f18794034ee4e0b69873c559bf0d191e38cd02a8665,2026-05-18T11:21:24+00:00,33685504,128
3450,{app}\xsl\sv_prot\forms2019\factor08_01.xsl,app/xsl/sv_prot/forms2019/factor08_01.xsl,20379,642365151,dfd6bd9d1da889454482e7d029841e2cfc822d26,617f8ef4ebdbb55f9cd71e37e24a564ac2139c9ea121b984be5e0023a52c0785,2024-01-29T13:23:06+00:00,33685504,128
3451,{app}\xsl\sv_prot\forms2019\factor08_02.xsl,app/xsl/sv_prot/forms2019/factor08_02.xsl,20720,642385530,bd2fc104503d70739a1045d992fac7f45a24ae55,3925ac22ce95b8d3eab36d0c0e25b046b31623645a3a2d0e8c7590ea26ae479e,2026-05-18T11:21:26+00:00,33685504,128
3452,{app}\xsl\sv_prot\forms2019\factor091_01.xsl,app/xsl/sv_prot/forms2019/factor091_01.xsl,19691,642406250,8ef6e71813a5cdef9e13ca1fec5b13da64693239,bb33b90234e07d9ee85b34a42fb124b7c71aea061a568237827d157850837950,2024-01-29T13:22:06+00:00,33685504,128
3453,{app}\xsl\sv_prot\forms2019\factor092_01.xsl,app/xsl/sv_prot/forms2019/factor092_01.xsl,19717,642425941,f808531b7ca62d58075cc6aeb897f513cf8071c0,bce5609a3205a5dd4417f076b0892a97c779cc6e2835c03238782619b1202c28,2024-01-29T13:21:58+00:00,33685504,128
3454,{app}\xsl\sv_prot\forms2019\factor093_01.xsl,app/xsl/sv_prot/forms2019/factor093_01.xsl,19695,642445658,fc4bab32a69c1e06883d18999373811bdabd01b0,0fc4dbdf14efe2e4ac6f175f9cb05ba0a479a8058a1eb5619a2e7f80ba4809d8,2024-01-29T13:21:52+00:00,33685504,128
3455,{app}\xsl\sv_prot\forms2019\factor094_01.xsl,app/xsl/sv_prot/forms2019/factor094_01.xsl,22376,642465353,c41078a51a3a51b0b95f2aa26e0b9ea0862bff1c,390c835eb3e9d8f5bf2a245128cab19bcb1bc47f2b3cdbfbcd6cbe0eb27b5156,2024-01-29T13:21:46+00:00,33685504,128
3456,{app}\xsl\sv_prot\forms2019\factor10_01.xsl,app/xsl/sv_prot/forms2019/factor10_01.xsl,21558,642487729,c45828930f1502f7731a1abe19fee6d6cb354cdb,33ed7cd4be5f588fc3e70bfe6c9c81be6e770f1a92493ab122f030f3a707aa72,2024-01-29T13:23:00+00:00,33685504,128
3457,{app}\xsl\sv_prot\forms2019\factor11_01.xsl,app/xsl/sv_prot/forms2019/factor11_01.xsl,17193,642509287,7ff1510a05b362810044e959f54189b06f7f7c50,c984bf4c1dcec590ff0a3fc13111bd88dcaa012b7d75624b7d0a8042a2fe96b4,2024-01-29T13:22:56+00:00,33685504,128
3458,{app}\xsl\sv_prot\forms2019\factor12_01.xsl,app/xsl/sv_prot/forms2019/factor12_01.xsl,18871,642526480,ce9d9bf94f7839607d576d82e9af84b38d5b14aa,9f7b30fd235155c1fe0f6c0733a4bb0aef089a8f327fca66061dab0e82217235,2024-01-29T13:22:50+00:00,33685504,128
3459,{app}\xsl\sv_prot\forms2019\factor13_01.xsl,app/xsl/sv_prot/forms2019/factor13_01.xsl,16636,642545351,e060126195f6f686a929504ea57b1cc6549bb0f5,9c54d346cb8b44d8eb9e5cd72bddaf469b02be455b37614a2acd9a75cf0963b9,2024-08-06T11:18:26+00:00,33685504,128
3460,{app}\xsl\sv_prot\forms2019\factor13_02.xsl,app/xsl/sv_prot/forms2019/factor13_02.xsl,16845,642561987,a4e956e691ed956b23622e727d958771e9b0941f,2e1cab783758567d1481ab38912d28af77e12c971e4250eac22efed33fbf9cca,2024-08-06T11:18:30+00:00,33685504,128
3461,{app}\xsl\sv_prot\forms2019\factor13_03.xsl,app/xsl/sv_prot/forms2019/factor13_03.xsl,18409,642578832,5d700ac151a6501b9151310863d2ad375a798846,ea614710295b59cd4f0c3b9c8342e5654e8a4b37b80d7206aec4275da205d173,2024-09-05T16:24:14+00:00,33685504,128
3462,{app}\xsl\sv_prot\forms2019\factor14_01.xsl,app/xsl/sv_prot/forms2019/factor14_01.xsl,16296,642597241,1375d818d5a89e6da7860a40d7833f2018bfb7c3,3ecef709607698c1725726a094d2dbbd5297bac3c4f18b179cea337db40b1f67,2024-01-29T13:22:34+00:00,33685504,128
3463,{app}\xsl\sv_prot\forms2019\factor14_02.xsl,app/xsl/sv_prot/forms2019/factor14_02.xsl,16515,642613537,d38849e8f44d2cd1d5cc4f4134193f71a995a7b4,ac35a0ae846ec8f8a9dce3d75871b67a8c3a3d52291d41941eed60374093ef16,2024-01-29T13:22:26+00:00,33685504,128
3464,{app}\xsl\sv_prot\forms2019\factor14_03.xsl,app/xsl/sv_prot/forms2019/factor14_03.xsl,17872,642630052,a8a98559b0e7c98f95d8d99a5a77c1dcb2c4eab6,a2942607114106ec23127aabbda401ef8e64ab5d05a2f8040ce47b7d4c8f4f8f,2024-03-15T11:34:30+00:00,33685504,128
3465,{app}\xsl\sv_prot\forms2019\factor26_01.xsl,app/xsl/sv_prot/forms2019/factor26_01.xsl,19701,642647924,c2b1a66e1eeba453f09210087e169f7524af07db,31d0e20f06b5bfe914e82d6cb80149ed3c6b2215cd7ba24de014b9308f257d9b,2024-01-29T13:22:18+00:00,33685504,128
3466,{app}\xsl\sv_prot\forms2019\factor41_01.xsl,app/xsl/sv_prot/forms2019/factor41_01.xsl,26041,642667625,77acfc7a89f5c1951f84f45680ddfdb50168104b,fca38a21625bc09e3d6e70b83035f58baefecf563deddb8ae600e5ae7ac72ee6,2024-01-29T13:22:12+00:00,33685504,128
3467,{app}\xsl\sv_prot\forms2019\factor_dop.xsl,app/xsl/sv_prot/forms2019/factor_dop.xsl,10081,642693666,d9d5f97ba6ad8983192ae35bf3491afb17363569,e9b0b1ac442216b7db69c544f056a300949840d5637af9126c7f0869d3354bf5,2026-03-17T14:32:48+00:00,33685504,128
3468,{app}\xsl\sv_prot\forms2019\izm\factor01_01.xsl,app/xsl/sv_prot/forms2019/izm/factor01_01.xsl,19588,642703747,d3dc5f0e809c8dae2ca981c4601a508edac49320,144a0d597867aafff741bf72049a489e5377d8869bd2a13f7591bbf4f9909498,2022-05-30T09:30:04+00:00,33685504,128
3469,{app}\xsl\sv_prot\forms2019\izm\factor03_01.xsl,app/xsl/sv_prot/forms2019/izm/factor03_01.xsl,23321,642723335,f33c358519352f26838e11e58208a8ca0e0786f2,0bf3774e66ca2011bd9693ef52042b48c9d55d09851e5b5784c9e00075a95368,2026-06-10T11:48:30+00:00,33685504,128
3470,{app}\xsl\sv_prot\forms2019\izm\factor04_01.xsl,app/xsl/sv_prot/forms2019/izm/factor04_01.xsl,20611,642746656,6912d3b4590587c402d10a4433e94ce53ade4a13,5d55c4baac748b72e4efe3b508fa3bc80a869d5b28afeac2da8a1ce72f9efafb,2022-05-30T09:29:30+00:00,33685504,128
3471,{app}\xsl\sv_prot\forms2019\izm\factor04_02.xsl,app/xsl/sv_prot/forms2019/izm/factor04_02.xsl,20715,642767267,4e6d3c856b4d38982a8961948fef4b68543e3696,6f5fbf3389438e6885d3fe422389832876a5477e0de4df61f4c2f0112c7b7f48,2026-05-18T11:07:26+00:00,33685504,128
3472,{app}\xsl\sv_prot\forms2019\izm\factor05_01.xsl,app/xsl/sv_prot/forms2019/izm/factor05_01.xsl,23128,642787982,f8ed9314e59d8abd2b11d1150426151c1a09794e,4094568d9b4254dcf2d4497b897a37e9459872f101e523952dc5e567743cacb8,2022-05-30T09:29:48+00:00,33685504,128
3473,{app}\xsl\sv_prot\forms2019\izm\factor05_02.xsl,app/xsl/sv_prot/forms2019/izm/factor05_02.xsl,23231,642811110,6755f59cf5038fa0a333f37355a05aed13365949,12f66487d6d4cdfb2e845e28ea1da715bd17cfa76396ff90d9f4153f5d0b8c6c,2026-05-18T11:16:44+00:00,33685504,128
3474,{app}\xsl\sv_prot\forms2019\izm\factor06_01.xsl,app/xsl/sv_prot/forms2019/izm/factor06_01.xsl,24699,642834341,b6ea44c1db37b9f9e4578284fb97d76626a55507,b888198436ff4769e49c28f99915a52f90e8b690f054bd5516d4adaa55118287,2024-04-03T15:41:12+00:00,33685504,128
3475,{app}\xsl\sv_prot\forms2019\izm\factor06_02.xsl,app/xsl/sv_prot/forms2019/izm/factor06_02.xsl,24803,642859040,01b4b914c97b33cbe6252d9413decdebb3183329,71ce7d121002dc19fdd680aa22bb02ad5350f50675b4c5a112cab825e73742bd,2026-05-18T11:18:20+00:00,33685504,128
3476,{app}\xsl\sv_prot\forms2019\izm\factor07_01.xsl,app/xsl/sv_prot/forms2019/izm/factor07_01.xsl,20738,642883843,d7ff7fb949705059b4dc828375d46480c85c5b7d,f9e0ae00843e20ca97c4ecc65879864b0d3e6fd819ee3421d5a4840ab05d466c,2022-05-30T09:41:32+00:00,33685504,128
3477,{app}\xsl\sv_prot\forms2019\izm\factor07_02.xsl,app/xsl/sv_prot/forms2019/izm/factor07_02.xsl,21075,642904581,c606b1adf47dc55226d7ee0c7562a1729b27a349,965a76aab95d3e65a017f524f3b8eccf0f07f1788e3a1192bb604a54146794e9,2026-05-18T11:23:06+00:00,33685504,128
3478,{app}\xsl\sv_prot\forms2019\izm\factor08_01.xsl,app/xsl/sv_prot/forms2019/izm/factor08_01.xsl,20754,642925656,496bfde27cc388ac7c7662c15f0da5f071dcec1d,495fd25afb4c7932c39426906a5833f6c71e3cc0ca3f9cc25e4cac1390877f07,2022-05-30T09:42:36+00:00,33685504,128
3479,{app}\xsl\sv_prot\forms2019\izm\factor08_02.xsl,app/xsl/sv_prot/forms2019/izm/factor08_02.xsl,21095,642946410,f7897edff372b19d113e0443b7f078511f363f26,e671c835fc7f5b2411057f34ea1bb597acb4cfc62dcd90f8a0dbd1af88da11c8,2026-05-18T11:24:50+00:00,33685504,128
3480,{app}\xsl\sv_prot\forms2019\izm\factor091_01.xsl,app/xsl/sv_prot/forms2019/izm/factor091_01.xsl,20066,642967505,099e3bf36e8751a51ef7fc2c1e968a4ada94aa11,b8b25da72e62fb4a5d16d1bebb61064bd992d662537fcb413fe50b3d987bbe42,2022-05-30T11:08:36+00:00,33685504,128
3481,{app}\xsl\sv_prot\forms2019\izm\factor092_01.xsl,app/xsl/sv_prot/forms2019/izm/factor092_01.xsl,20092,642987571,696e7a1c10d4defaa6a0d322888376bfcaec80ce,b431babbb3c59599a8b5a99fe82abe630e2c6704d3460417106829ee7c3f2212,2022-05-30T10:37:00+00:00,33685504,128
3482,{app}\xsl\sv_prot\forms2019\izm\factor093_01.xsl,app/xsl/sv_prot/forms2019/izm/factor093_01.xsl,20154,643007663,dd0d7255474c9a510d4c46594c261326e690a923,6f4053c4bdfdb68b39e4a12439091cbdbe694940817591f52f1bc42d76fa0e6d,2022-05-30T10:57:26+00:00,33685504,128
3483,{app}\xsl\sv_prot\forms2019\izm\factor094_01.xsl,app/xsl/sv_prot/forms2019/izm/factor094_01.xsl,22427,643027817,e43302f04a77266485bc30f20950c633d1b8dc77,223c135861c7ec1a98b09c4cc45b3575120d46cd3fbf15118d3b6957f5ffe64c,2022-05-30T11:00:22+00:00,33685504,128
3484,{app}\xsl\sv_prot\forms2019\izm\factor10_01.xsl,app/xsl/sv_prot/forms2019/izm/factor10_01.xsl,21968,643050244,78dd17613a112b136940cfebe51598fbed91fff6,685bee62190018fa0f203373ddfe28c60f9fbf4eb1950bc62afe5e5c49c18857,2022-05-30T11:09:34+00:00,33685504,128
3485,{app}\xsl\sv_prot\forms2019\izm\factor11_01.xsl,app/xsl/sv_prot/forms2019/izm/factor11_01.xsl,17569,643072212,f89814c2ad5522115f5d1cae54da7fc6d8acef49,0ff2d21144d3c4aac075bcb67399d2016a399b65a7c97c32b8d7e82e9f7b35ca,2022-05-30T10:08:16+00:00,33685504,128
3486,{app}\xsl\sv_prot\forms2019\izm\factor12_01.xsl,app/xsl/sv_prot/forms2019/izm/factor12_01.xsl,19236,643089781,a7f6950f4c655b76e8506abf2f8661dddcea2134,69f951c840435f9118f9b375983b45152959fe874b10203c431a2ade0d3d388e,2022-05-30T10:11:02+00:00,33685504,128
3487,{app}\xsl\sv_prot\forms2019\izm\factor13_01.xsl,app/xsl/sv_prot/forms2019/izm/factor13_01.xsl,16758,643109017,f948c719158ef82515f770041998dcde74ad2370,5c990dc49deaa7e599d9d82ffa9b23aff11c074d5cbc3cd0cceb6c3a07d02ed1,2022-05-30T10:15:58+00:00,33685504,128
3488,{app}\xsl\sv_prot\forms2019\izm\factor13_02.xsl,app/xsl/sv_prot/forms2019/izm/factor13_02.xsl,18211,643125775,da6f0b21c12ba169436a2e6b31edb9d0cbc9d7f0,1bbebc193e3064b5b06333bdab85b43d669f6ace85cc295f26760bd1ad92e820,2025-05-21T14:23:02+00:00,33685504,128
3489,{app}\xsl\sv_prot\forms2019\izm\factor14_01.xsl,app/xsl/sv_prot/forms2019/izm/factor14_01.xsl,16755,643143986,91e210e07a55556d14aafe64ff0b5f114165956e,172793ad44bb33e81ac47c5ae040110373b8492775722691213e45bf1abc2f3b,2022-05-30T10:18:16+00:00,33685504,128
3490,{app}\xsl\sv_prot\forms2019\izm\factor14_02.xsl,app/xsl/sv_prot/forms2019/izm/factor14_02.xsl,18094,643160741,0c0e5608e4fe1c6d92af2cf39266a58f09576421,b3400458abc58a812915217546ce2d52a578326282e4864d28734fa834455290,2024-03-15T12:00:08+00:00,33685504,128
3491,{app}\xsl\sv_prot\forms2019\izm\factor26_01.xsl,app/xsl/sv_prot/forms2019/izm/factor26_01.xsl,20161,643178835,c0a410be63868b4215ad3d8a339a7db4aeffb6c4,82af5e1ce45fbabc52ed192abecf70be903a91e7eb5eee1f0f0480f1cce6f387,2022-05-30T10:21:40+00:00,33685504,128
3492,{app}\xsl\sv_prot\forms2019\izm\factor41_01.xsl,app/xsl/sv_prot/forms2019/izm/factor41_01.xsl,26489,643198996,da8b432871e97fac8c0c11060a330f84cc0da5d0,3409a964894322a2c07fae5eb60cff5b24dbc8237870da5a77a6b3997798f62a,2022-05-30T10:31:10+00:00,33685504,128
3493,{app}\xsl\sv_prot\forms2019\izm\factor_dop.xsl,app/xsl/sv_prot/forms2019/izm/factor_dop.xsl,10081,643225485,d9d5f97ba6ad8983192ae35bf3491afb17363569,e9b0b1ac442216b7db69c544f056a300949840d5637af9126c7f0869d3354bf5,2026-03-17T14:32:48+00:00,33685504,128
3494,{app}\xsl\sv_prot\izm\factor01.xsl,app/xsl/sv_prot/izm/factor01.xsl,3103,643235566,1164d9acdc142858b069a1d0fc05b4e63fe2fe1e,cb85f26695fd7cd77ce60349283342ad445964cb4b817e6f55ebea6245315067,2024-11-25T15:19:16+00:00,33685504,128
3495,{app}\xsl\sv_prot\izm\factor01_2.xsl,app/xsl/sv_prot/izm/factor01_2.xsl,3325,643238669,862469fd5e43e72ea27af7c0436e7f3e97900395,3f5e82202c507ca6617af5d505e2c328cc140123a174c8adeab3eb826d925c80,2024-11-25T15:28:58+00:00,33685504,128
3496,{app}\xsl\sv_prot\izm\factor01_3.xsl,app/xsl/sv_prot/izm/factor01_3.xsl,3479,643241994,527517f5d8be5fc7cf763fa55893518ad407a782,e8e40a035d5008751c20465eb8088c10cbc9b87f5b9aa752c0790a7121694db8,2024-11-25T15:28:50+00:00,33685504,128
3497,{app}\xsl\sv_prot\izm\factor01_4.xsl,app/xsl/sv_prot/izm/factor01_4.xsl,3626,643245473,012471002f1adaa09c95137cc521d198cf7d29ac,c4c13f4b90858aa1f757b74b140fcff7725b034e0c04941716e70d95cab91e69,2024-11-25T15:28:44+00:00,33685504,128
3498,{app}\xsl\sv_prot\izm\factor01_41.xsl,app/xsl/sv_prot/izm/factor01_41.xsl,3798,643249099,a8663deb93b0c27909cc47115b7ae5526e340c52,bab71c13bb810355eca5f89535bbe57cb04eb6b63a8fdd514de84bf6cf5925c4,2024-11-25T15:28:26+00:00,33685504,128
3499,{app}\xsl\sv_prot\izm\factor01_5.xsl,app/xsl/sv_prot/izm/factor01_5.xsl,2974,643252897,87f525ef7e0521f4bf12304ef458ebd37764bb2f,e4008d0abbb21ba98dd5c4a16977495dfddd990f7f3c4d50b5713f8cb03692fc,2024-11-25T15:28:38+00:00,33685504,128
3500,{app}\xsl\sv_prot\izm\factor01_6.xsl,app/xsl/sv_prot/izm/factor01_6.xsl,3457,643255871,ece8c123a06ce0100a59fbb16ec4bc5b8ee5b840,3aa529ab7bd50faf8e98a34c1019b0143a77c22ad2742e0362ddf85b0b55e022,2024-11-25T15:28:32+00:00,33685504,128
3501,{app}\xsl\sv_prot\izm\factor03.xsl,app/xsl/sv_prot/izm/factor03.xsl,3090,643259328,afbc3ebc7742e1b325bee81a414f5814ed667d7b,0cbd4124601db39a10eb1399fb5624b1eb46e339a7fa0b4d8406df393b354e24,2024-11-25T15:28:20+00:00,33685504,128
3502,{app}\xsl\sv_prot\izm\factor03_2.xsl,app/xsl/sv_prot/izm/factor03_2.xsl,3325,643262418,862469fd5e43e72ea27af7c0436e7f3e97900395,3f5e82202c507ca6617af5d505e2c328cc140123a174c8adeab3eb826d925c80,2024-11-25T15:28:12+00:00,33685504,128
3503,{app}\xsl\sv_prot\izm\factor03_3.xsl,app/xsl/sv_prot/izm/factor03_3.xsl,3477,643265743,209832ca73c17cdba06bfdf987dd10a143f8253d,74e4f9dd28a9d34a6c02d46aafe68407cf2233e8b92328eabab8b3e295975823,2024-11-25T15:28:06+00:00,33685504,128
3504,{app}\xsl\sv_prot\izm\factor03_4.xsl,app/xsl/sv_prot/izm/factor03_4.xsl,3626,643269220,012471002f1adaa09c95137cc521d198cf7d29ac,c4c13f4b90858aa1f757b74b140fcff7725b034e0c04941716e70d95cab91e69,2024-11-25T15:28:00+00:00,33685504,128
3505,{app}\xsl\sv_prot\izm\factor03_41.xsl,app/xsl/sv_prot/izm/factor03_41.xsl,3781,643272846,c6ef1e17686ee9b2b0f04026d9c74c22f5ff9105,8cbec77e86e24110023440fd32bb6391f23b99823ca9cfea02f7861d8672e296,2024-11-25T15:27:48+00:00,33685504,128
3506,{app}\xsl\sv_prot\izm\factor03_5.xsl,app/xsl/sv_prot/izm/factor03_5.xsl,2974,643276627,87f525ef7e0521f4bf12304ef458ebd37764bb2f,e4008d0abbb21ba98dd5c4a16977495dfddd990f7f3c4d50b5713f8cb03692fc,2024-11-25T15:27:54+00:00,33685504,128
3507,{app}\xsl\sv_prot\izm\factor04.xsl,app/xsl/sv_prot/izm/factor04.xsl,3166,643279601,3105b07a32acea6021bb86f5daf445fd5f5177ef,c556ae405a3cf941ff664fb57b3087ec09203085eab9d56da49674b6e702e83b,2024-11-25T15:27:40+00:00,33685504,128
3508,{app}\xsl\sv_prot\izm\factor04_2.xsl,app/xsl/sv_prot/izm/factor04_2.xsl,3401,643282767,0f9d1d9bbe7201555955fd57586ec745e0ca45b0,2aecdc30e7b5fc4efdf7084aae1f6d4d5daf4bf84545c7376651d0d5080003d4,2024-11-25T15:27:34+00:00,33685504,128
3509,{app}\xsl\sv_prot\izm\factor04_3.xsl,app/xsl/sv_prot/izm/factor04_3.xsl,3517,643286168,aa1ad5a96b0a4b08556b2b9a5cb9b782ae4ce0c7,2cd3723542de399b606613c7a245a01c6a2dbb1d5d14034cb2fbd3b5e8d4b259,2024-11-25T15:27:28+00:00,33685504,128
3510,{app}\xsl\sv_prot\izm\factor04_5.xsl,app/xsl/sv_prot/izm/factor04_5.xsl,2990,643289685,06753a4ae49e23fac0e4873cc616e0405cf0d4d7,179e3d5c9c20cc6b81bac8e69b4e4067fd75dca89e0424fd4f1e27cccc8aee93,2024-11-25T15:27:20+00:00,33685504,128
3511,{app}\xsl\sv_prot\izm\factor05.xsl,app/xsl/sv_prot/izm/factor05.xsl,2974,643292675,588b0ed57a2fc910a5e8c303f4232fe8393e4277,972cb0463672e772ba81baa25ecfe5983eed8aedb41a91cb9caefacef57f1151,2024-11-25T15:27:14+00:00,33685504,128
3512,{app}\xsl\sv_prot\izm\factor05_2.xsl,app/xsl/sv_prot/izm/factor05_2.xsl,3209,643295649,471413af07d43e8524a82941642f918215fb6c02,3fe6bc5ac2ee59012d17cf64319cfac6b0abcdcd0d39941d16282b4c3ff88305,2024-11-25T15:27:08+00:00,33685504,128
3513,{app}\xsl\sv_prot\izm\factor05_3.xsl,app/xsl/sv_prot/izm/factor05_3.xsl,3943,643298858,0a8f2eedba028dac28b411d61f6c84c5cb252c92,cc7599c9eeaa0699aca1844341db379d1916e8c416cb8e67437d61e447098b6c,2024-11-25T15:27:02+00:00,33685504,128
3514,{app}\xsl\sv_prot\izm\factor05_5.xsl,app/xsl/sv_prot/izm/factor05_5.xsl,2998,643302801,cc51d5d70f9d30b18456a21285298b03172ac45f,672b37af27bafb3771688d5d786f49c5476e63f388be39a31ae2b9643331bcc6,2024-11-25T15:26:56+00:00,33685504,128
3515,{app}\xsl\sv_prot\izm\factor05_6.xsl,app/xsl/sv_prot/izm/factor05_6.xsl,7071,643305799,4031702d50090af1f0754bbaedc8e54809a55f4d,8ec24b7e0bf2516dbbbf97cfe5219a9f940314a5906d6e47da6d43c5bcd91f5a,2024-12-12T10:23:42+00:00,33685504,128
3516,{app}\xsl\sv_prot\izm\factor06.xsl,app/xsl/sv_prot/izm/factor06.xsl,3302,643312870,b0c207b46989d45da32b540b4e98724247bd3c75,4b54f95aab6c7fe290c6f1dec300f23454ef19ab6ab8b80d3de607d7d792a885,2024-11-25T15:26:48+00:00,33685504,128
3517,{app}\xsl\sv_prot\izm\factor06_2.xsl,app/xsl/sv_prot/izm/factor06_2.xsl,3537,643316172,5d8a6ad4abe1fd1db71e33099149884442995988,412d3a6cc86e1b9dd26c02d5d42c6d7dd116515d2e7b155e6935839edbe227f5,2024-11-25T15:26:42+00:00,33685504,128
3518,{app}\xsl\sv_prot\izm\factor06_3.xsl,app/xsl/sv_prot/izm/factor06_3.xsl,3715,643319709,2fb1b75bbcf4cd7c4d2ca53e1433e12e00290d2e,ba7040ea3bf5391c5baf86da06caff3421bf4c3fa78772b55d8317dc495953c0,2024-11-25T15:26:34+00:00,33685504,128
3519,{app}\xsl\sv_prot\izm\factor06_5.xsl,app/xsl/sv_prot/izm/factor06_5.xsl,3021,643323424,2095c6c585f7fb53fcf13d9120dfb56e971ec621,102cdb388dee2f130618bb0d7025f538fe3acf91bc03006d895da1fabdb263f4,2024-11-25T15:26:28+00:00,33685504,128
3520,{app}\xsl\sv_prot\izm\factor06_6.xsl,app/xsl/sv_prot/izm/factor06_6.xsl,3882,643326445,d6d4eed27ed3b59f306dde362af7a8a51163f997,e6fab018786d982591ca47bb50ee43fbc807e63152fb172152abd3c82e4078cd,2024-11-25T15:26:22+00:00,33685504,128
3521,{app}\xsl\sv_prot\izm\factor07.xsl,app/xsl/sv_prot/izm/factor07.xsl,3447,643330327,c3d29647a77fbf409ee557dba6ab2185b36150fa,b3eec284ee7b52068a88b40f4b43cd75e0dfbb398cf2c8a01a0b753c98f80284,2024-11-25T15:26:14+00:00,33685504,128
3522,{app}\xsl\sv_prot\izm\factor07_2.xsl,app/xsl/sv_prot/izm/factor07_2.xsl,3682,643333774,19f86d2f3f1059867ab04f6ee76074e6771f46f3,a4751e6762937b1df25a5100cc9060688d3ede2d63d15b626d14b7d031d2ccac,2024-11-25T15:26:06+00:00,33685504,128
3523,{app}\xsl\sv_prot\izm\factor07_3.xsl,app/xsl/sv_prot/izm/factor07_3.xsl,3807,643337456,675a9355116f53efcc685ab164f49bbf303452d5,f40ced706da2bce525ab2a9ad5e882f0c780179ed5717e895fdaba7c365b376a,2024-11-25T15:26:00+00:00,33685504,128
3524,{app}\xsl\sv_prot\izm\factor07_5.xsl,app/xsl/sv_prot/izm/factor07_5.xsl,3021,643341263,2095c6c585f7fb53fcf13d9120dfb56e971ec621,102cdb388dee2f130618bb0d7025f538fe3acf91bc03006d895da1fabdb263f4,2024-11-25T15:25:52+00:00,33685504,128
3525,{app}\xsl\sv_prot\izm\factor08.xsl,app/xsl/sv_prot/izm/factor08.xsl,3447,643344284,c3d29647a77fbf409ee557dba6ab2185b36150fa,b3eec284ee7b52068a88b40f4b43cd75e0dfbb398cf2c8a01a0b753c98f80284,2024-11-25T15:25:44+00:00,33685504,128
3526,{app}\xsl\sv_prot\izm\factor08_2.xsl,app/xsl/sv_prot/izm/factor08_2.xsl,3682,643347731,6facd727c571827f331292f3734631e50c5fe2dc,5ffaec6840ba0d5258bb7a15bcf9ee61c3b3eaac90f2c59a573fe8821e88f70e,2024-11-25T15:25:26+00:00,33685504,128
3527,{app}\xsl\sv_prot\izm\factor08_3.xsl,app/xsl/sv_prot/izm/factor08_3.xsl,3807,643351413,675a9355116f53efcc685ab164f49bbf303452d5,f40ced706da2bce525ab2a9ad5e882f0c780179ed5717e895fdaba7c365b376a,2024-11-25T15:25:20+00:00,33685504,128
3528,{app}\xsl\sv_prot\izm\factor08_5.xsl,app/xsl/sv_prot/izm/factor08_5.xsl,3022,643355220,52ff81bb846e677714b309fb03f26919b706ce9f,d374d76b08bad1ab091ae584b962ed34df71ac324753b34b5004b897b8dff611,2024-11-25T15:25:12+00:00,33685504,128
3529,{app}\xsl\sv_prot\izm\factor09_1.xsl,app/xsl/sv_prot/izm/factor09_1.xsl,3095,643358242,880557580f66fdb610e9e9000ef1329c756049ef,2f139d9afae86023edd9355274169cc5389b736e666fe592074351993fa18b75,2024-11-25T15:25:06+00:00,33685504,128
3530,{app}\xsl\sv_prot\izm\factor09_1_2.xsl,app/xsl/sv_prot/izm/factor09_1_2.xsl,3368,643361337,111f09fb1c36fe867f8f9c6278ee61ffaac3acce,af66b4eeea3a01bf20d449de75df212cb496a04faf8c84f92519f5de217b2466,2024-11-25T15:24:58+00:00,33685504,128
3531,{app}\xsl\sv_prot\izm\factor09_1_3.xsl,app/xsl/sv_prot/izm/factor09_1_3.xsl,3648,643364705,286ced9eda3726167d9f983a503f8402863bf0e0,5a2de04ab4eace7b9b7db04ad89589acf4d70509b697288b5524602d15de282b,2024-11-25T15:24:52+00:00,33685504,128
3532,{app}\xsl\sv_prot\izm\factor09_1_5.xsl,app/xsl/sv_prot/izm/factor09_1_5.xsl,2974,643368353,87f525ef7e0521f4bf12304ef458ebd37764bb2f,e4008d0abbb21ba98dd5c4a16977495dfddd990f7f3c4d50b5713f8cb03692fc,2024-11-25T15:24:44+00:00,33685504,128
3533,{app}\xsl\sv_prot\izm\factor09_2.xsl,app/xsl/sv_prot/izm/factor09_2.xsl,3160,643371327,82a912c83b2bb547797b2ad864b8acc65d3b416c,46ff084d40ee2ff34a4cfad2acba8fa09712bb536a868ebcd0be26365d1b32d6,2024-11-25T15:24:38+00:00,33685504,128
3534,{app}\xsl\sv_prot\izm\factor09_2_2.xsl,app/xsl/sv_prot/izm/factor09_2_2.xsl,3337,643374487,8a8d77aac5eaa983541fd238c700524a0b990b79,fa7c810a8cb1e6af00c09f4c60b667beed0c81c508e6ba0a32ce9e633086a43f,2024-11-25T15:24:30+00:00,33685504,128
3535,{app}\xsl\sv_prot\izm\factor09_2_3.xsl,app/xsl/sv_prot/izm/factor09_2_3.xsl,3627,643377824,f3a75d1703649137b75f1f8467bc1f999d72e8c5,8fa6c2660ff0adf37fb778a13a8c84d24dd0abd4b37aede2c049ed82204307b2,2024-11-25T15:24:24+00:00,33685504,128
3536,{app}\xsl\sv_prot\izm\factor09_2_5.xsl,app/xsl/sv_prot/izm/factor09_2_5.xsl,2974,643381451,87f525ef7e0521f4bf12304ef458ebd37764bb2f,e4008d0abbb21ba98dd5c4a16977495dfddd990f7f3c4d50b5713f8cb03692fc,2024-11-25T15:24:18+00:00,33685504,128
3537,{app}\xsl\sv_prot\izm\factor09_3.xsl,app/xsl/sv_prot/izm/factor09_3.xsl,3095,643384425,880557580f66fdb610e9e9000ef1329c756049ef,2f139d9afae86023edd9355274169cc5389b736e666fe592074351993fa18b75,2024-11-25T15:24:12+00:00,33685504,128
3538,{app}\xsl\sv_prot\izm\factor09_3_2.xsl,app/xsl/sv_prot/izm/factor09_3_2.xsl,3368,643387520,111f09fb1c36fe867f8f9c6278ee61ffaac3acce,af66b4eeea3a01bf20d449de75df212cb496a04faf8c84f92519f5de217b2466,2024-11-25T15:24:06+00:00,33685504,128
3539,{app}\xsl\sv_prot\izm\factor09_3_3.xsl,app/xsl/sv_prot/izm/factor09_3_3.xsl,3658,643390888,e1d91c59f5d04afe22898f508cb4725aec838641,7c431a14bbd90f7a5533d94879467385ce3acf41331d9b5545c5ee57aac65ec2,2024-11-25T15:24:00+00:00,33685504,128
3540,{app}\xsl\sv_prot\izm\factor09_3_5.xsl,app/xsl/sv_prot/izm/factor09_3_5.xsl,2974,643394546,87f525ef7e0521f4bf12304ef458ebd37764bb2f,e4008d0abbb21ba98dd5c4a16977495dfddd990f7f3c4d50b5713f8cb03692fc,2024-11-25T15:23:52+00:00,33685504,128
3541,{app}\xsl\sv_prot\izm\factor09_4.xsl,app/xsl/sv_prot/izm/factor09_4.xsl,3716,643397520,ecd2e077aba49a936e590c648e95d1384379a7ba,84200699e1a152c37d880f7900ffae453b660bd3ac2d34c03ca55ec1dbef2586,2024-11-25T15:23:46+00:00,33685504,128
3542,{app}\xsl\sv_prot\izm\factor09_4_2.xsl,app/xsl/sv_prot/izm/factor09_4_2.xsl,3807,643401236,ce25450dc369758f1f4475445efb8d8a9aabd743,48e9a60f174844ee36af986ff2ee5756479177aa5ce8671b70847352fbbe1436,2024-11-25T15:23:40+00:00,33685504,128
3543,{app}\xsl\sv_prot\izm\factor09_4_3.xsl,app/xsl/sv_prot/izm/factor09_4_3.xsl,4097,643405043,97791dd1eaec06ab8022fa35eee8a10ac6dfeaef,a3bcd2dcfaabaf4ff4e1cd3cf226f6fe56241be7b65b9c91c674a0235c2a9782,2024-11-25T15:23:32+00:00,33685504,128
3544,{app}\xsl\sv_prot\izm\factor09_4_5.xsl,app/xsl/sv_prot/izm/factor09_4_5.xsl,3689,643409140,5988c073945896db18cfab7d0be35c75deccf054,a3427fe3f5ddb5ab921804f435d2a10332314f9bf1c2dccf153513016cbde60d,2024-11-25T15:23:26+00:00,33685504,128
3545,{app}\xsl\sv_prot\izm\factor10.xsl,app/xsl/sv_prot/izm/factor10.xsl,3160,643412829,82a912c83b2bb547797b2ad864b8acc65d3b416c,46ff084d40ee2ff34a4cfad2acba8fa09712bb536a868ebcd0be26365d1b32d6,2024-11-25T15:23:16+00:00,33685504,128
3546,{app}\xsl\sv_prot\izm\factor10009_01.xsl,app/xsl/sv_prot/izm/factor10009_01.xsl,3889,643415989,0ef785621bb8f2f2cb969adfc4e17d13ba5dffc9,01f7a73ace8a2284e494ad563f50fe81747ecb4b2d286e5dd39b00d8ca292533,2026-06-04T08:45:06+00:00,33685504,128
3547,{app}\xsl\sv_prot\izm\factor10_5.xsl,app/xsl/sv_prot/izm/factor10_5.xsl,2974,643419878,87f525ef7e0521f4bf12304ef458ebd37764bb2f,e4008d0abbb21ba98dd5c4a16977495dfddd990f7f3c4d50b5713f8cb03692fc,2024-11-25T15:23:08+00:00,33685504,128
3548,{app}\xsl\sv_prot\izm\factor11.xsl,app/xsl/sv_prot/izm/factor11.xsl,3220,643422852,c53d2342c58af0c557aa2e7f11996cb762973e87,b062d382e75dbb4dc63a611f8db0ba4142d09afa345704ecd7993711b09ab35d,2024-11-25T15:23:00+00:00,33685504,128
3549,{app}\xsl\sv_prot\izm\factor11_2.xsl,app/xsl/sv_prot/izm/factor11_2.xsl,3375,643426072,96933c1326e7bf96d004f60361100cf08baa5b20,1e798ae67d0fb062166812d3d5bb9a2d923a26803744cc7e032807ff6c673297,2024-11-25T15:22:54+00:00,33685504,128
3550,{app}\xsl\sv_prot\izm\factor11_3.xsl,app/xsl/sv_prot/izm/factor11_3.xsl,3488,643429447,916ded5948bd95010b75bec880c3d6de71ceea6d,95efffd5d6415b522cdc0155beae60fb9654463a4d6ed1f5290f31aee729cd8d,2024-11-25T15:22:46+00:00,33685504,128
3551,{app}\xsl\sv_prot\izm\factor11_4.xsl,app/xsl/sv_prot/izm/factor11_4.xsl,3778,643432935,ba7e52906241058928d4778032aa05b756185098,ba7abe448c620c92dbb7d3e0f0b39873fcc162a0cb86d22dbb92b36054b93233,2024-11-25T15:22:40+00:00,33685504,128
3552,{app}\xsl\sv_prot\izm\factor11_5.xsl,app/xsl/sv_prot/izm/factor11_5.xsl,2969,643436713,e2c28f111d19e5cec88084af9f24c4db1adb3b83,01ea176d1acb6b46adf2a1e099efea303637d46c7f241df32b3848759549a9f3,2024-11-25T15:22:32+00:00,33685504,128
3553,{app}\xsl\sv_prot\izm\factor12.xsl,app/xsl/sv_prot/izm/factor12.xsl,3175,643439682,330a28449b3bda377b16ddd987f860a79e607aa3,8e0f330a5be98f48ed303134bc73afb364df8e10bb2ebb4bbfada89676d27cee,2024-11-25T15:22:24+00:00,33685504,128
3554,{app}\xsl\sv_prot\izm\factor12_2.xsl,app/xsl/sv_prot/izm/factor12_2.xsl,3768,643442857,ad6bc8242a9f26f20ddac24973954da261171320,d6cef7c942f7b6b9595b22b13bae24d5ce42161841fe488d5e5ae07f92f8e2c7,2024-11-25T15:22:18+00:00,33685504,128
3555,{app}\xsl\sv_prot\izm\factor12_3.xsl,app/xsl/sv_prot/izm/factor12_3.xsl,3951,643446625,d010028544dcbea7b8b9e09b8085df52dc7c9a15,c2c913f22130b2aa77b58b3dcb579ccf9f7a3cd0b3c8e70596d41406b5cd463e,2024-11-25T15:22:08+00:00,33685504,128
3556,{app}\xsl\sv_prot\izm\factor12_4.xsl,app/xsl/sv_prot/izm/factor12_4.xsl,4106,643450576,408b9683651fbffb06e53824db85206b04984c02,963105733f0f1d3559fd27b4236974ac4e72c12b2626e0498d2f4d94eab2b00b,2024-11-25T15:22:02+00:00,33685504,128
3557,{app}\xsl\sv_prot\izm\factor12_41.xsl,app/xsl/sv_prot/izm/factor12_41.xsl,4513,643454682,08e070d8c0d87b369785d668f40c8c735e339d21,c9a2f137a00cc965287845201d148816b0bcf65c5d302f6293faa2170d98a67f,2024-11-25T15:21:44+00:00,33685504,128
3558,{app}\xsl\sv_prot\izm\factor12_5.xsl,app/xsl/sv_prot/izm/factor12_5.xsl,2974,643459195,87f525ef7e0521f4bf12304ef458ebd37764bb2f,e4008d0abbb21ba98dd5c4a16977495dfddd990f7f3c4d50b5713f8cb03692fc,2024-11-25T15:21:52+00:00,33685504,128
3559,{app}\xsl\sv_prot\izm\factor13.xsl,app/xsl/sv_prot/izm/factor13.xsl,3516,643462169,5a4f80c4dc9456f009a28a9335b55a0e90cbad54,d67b1b5935d5abf97ecdd9f65f5343fbab5db12a3bf17ca588ba87e5da69f97d,2024-11-25T15:21:36+00:00,33685504,128
3560,{app}\xsl\sv_prot\izm\factor1301_1.xsl,app/xsl/sv_prot/izm/factor1301_1.xsl,12972,643465685,c9a0a0779994dbeef8cec0379da47f2b684093c1,0dc11ef423a0801f32410b76f504591dfd154bb59efaf2c3fe238462391efcb0,2024-11-25T15:19:44+00:00,33685504,128
3561,{app}\xsl\sv_prot\izm\factor1301_2.xsl,app/xsl/sv_prot/izm/factor1301_2.xsl,19817,643478657,d7c16c1d1cfee085ee417b2bf38c44be42c0d3d1,a52af2a92aed67760ae7bf8c2a8305cc8eb2a018b822c7abb6cd0f2d8b9c1944,2024-11-25T15:19:36+00:00,33685504,128
3562,{app}\xsl\sv_prot\izm\factor1301_3.xsl,app/xsl/sv_prot/izm/factor1301_3.xsl,23050,643498474,b260491b593aae33f2cf6ba351d54b5cb3cf3d66,d4ebff818b077a4dddc3256e5efb93f987d993819448639aa4981bd07cbf2b50,2024-11-25T15:19:26+00:00,33685504,128
3563,{app}\xsl\sv_prot\izm\factor13_2.xsl,app/xsl/sv_prot/izm/factor13_2.xsl,3683,643521524,16aa7cbba484c2d0d1b20a0f2c1eecc5041cd3a9,05e0815a13c7e7e678fc9d832997c977ba33755026a4f1fb0650bf8e49b79d8c,2024-11-25T15:21:28+00:00,33685504,128
3564,{app}\xsl\sv_prot\izm\factor13_3.xsl,app/xsl/sv_prot/izm/factor13_3.xsl,3207,643525207,51bcbfd4a9217692158478b21a4f25a332755a55,57cac5f90017906287486959289a3a568b50ca2fbbc28932e7a36d24b4604001,2024-11-25T15:21:20+00:00,33685504,128
3565,{app}\xsl\sv_prot\izm\factor13_4.xsl,app/xsl/sv_prot/izm/factor13_4.xsl,3323,643528414,6152fb79dcbe094a626f4f411d2fa9b4cbd4cde0,6285650d7d626125eff352d322ad7f5c52e03b50ef96e4f456d7cfb0ec929791,2024-11-25T15:21:14+00:00,33685504,128
3566,{app}\xsl\sv_prot\izm\factor14.xsl,app/xsl/sv_prot/izm/factor14.xsl,3419,643531737,fcfcbd6eac8d55db76cbfa5fdfb3fae6b9a5be30,f321726c9163f3476b3184c934efb01c5f0333e78a259ed48295dbf2ea592951,2024-11-25T15:21:06+00:00,33685504,128
3567,{app}\xsl\sv_prot\izm\factor14_1.xsl,app/xsl/sv_prot/izm/factor14_1.xsl,3536,643535156,cb7f47ad8d3bd14c0f867581533caa940c0121d1,dd870e573e6020c0f0985be4eba3314f32d8f2fbfc172ff87db703d93596df7d,2024-11-25T15:20:58+00:00,33685504,128
3568,{app}\xsl\sv_prot\izm\factor14_2.xsl,app/xsl/sv_prot/izm/factor14_2.xsl,3586,643538692,17a76183c7f2d6640dea73b9d993753e82b23d67,483e76141170db5edbce5a82d7f120a71a63b2824590b8cda7454c63af77cf46,2024-11-25T15:20:52+00:00,33685504,128
3569,{app}\xsl\sv_prot\izm\factor14_3.xsl,app/xsl/sv_prot/izm/factor14_3.xsl,3110,643542278,819fb8bc6f3b29e989419e5208ffc634006862a3,dce60a613fa1dd411613edac65cd3c7b50575a2f0e25c5260cf90715a7d12cd3,2024-11-25T15:20:46+00:00,33685504,128
3570,{app}\xsl\sv_prot\izm\factor14_4.xsl,app/xsl/sv_prot/izm/factor14_4.xsl,3761,643545388,7821bf4746b891af4498cd055fdccc444457ec3e,be5b08623f3f1dc85b03ba05e55f99c618d4f32e150bd7a26a0ebebad677b20e,2024-11-25T15:20:38+00:00,33685504,128
3571,{app}\xsl\sv_prot\izm\factor26.xsl,app/xsl/sv_prot/izm/factor26.xsl,3160,643549149,82a912c83b2bb547797b2ad864b8acc65d3b416c,46ff084d40ee2ff34a4cfad2acba8fa09712bb536a868ebcd0be26365d1b32d6,2024-11-25T15:20:32+00:00,33685504,128
3572,{app}\xsl\sv_prot\izm\factor26_2.xsl,app/xsl/sv_prot/izm/factor26_2.xsl,3399,643552309,ddfdd9d2eb0f41187085f1f476279feee232f2b0,e31069a17eb0f00178345ddb82c09a5fa34f2585475c9d08c325cff8fa5816de,2024-11-25T15:20:24+00:00,33685504,128
3573,{app}\xsl\sv_prot\izm\factor26_3.xsl,app/xsl/sv_prot/izm/factor26_3.xsl,3689,643555708,c0d645e0e4f013895fd4426d87ffc2938c0f553e,23721f114c05a877ddda7b25b5a5f47c6079c633bb3a52791547c36e8d4773e1,2024-11-25T15:20:18+00:00,33685504,128
3574,{app}\xsl\sv_prot\izm\factor26_5.xsl,app/xsl/sv_prot/izm/factor26_5.xsl,2974,643559397,87f525ef7e0521f4bf12304ef458ebd37764bb2f,e4008d0abbb21ba98dd5c4a16977495dfddd990f7f3c4d50b5713f8cb03692fc,2024-11-25T15:20:10+00:00,33685504,128
3575,{app}\xsl\sv_prot\izm\factor41.xsl,app/xsl/sv_prot/izm/factor41.xsl,5257,643562371,9bfd02d086f37d6b3de58a2da4dfa62e2ff84975,f6137b50a6b54af2b704e9c9764fc9939f58fe4d76ceacbe63456bb552dd85a0,2024-11-25T15:19:58+00:00,33685504,128
3576,{app}\xsl\sv_prot\izm\factor41_2.xsl,app/xsl/sv_prot/izm/factor41_2.xsl,6938,643567628,a72cb20af5376fb75afe2f26cc3dab161c297845,aa3334d27bc030a0c5cfc99cd58221595da93d8569bc287f426ef1b1f0dccfa0,2026-01-27T11:09:34+00:00,33685504,128
3577,{app}\xsl\sv_prot\izm\factor41_5.xsl,app/xsl/sv_prot/izm/factor41_5.xsl,2974,643574566,87f525ef7e0521f4bf12304ef458ebd37764bb2f,e4008d0abbb21ba98dd5c4a16977495dfddd990f7f3c4d50b5713f8cb03692fc,2024-11-25T15:19:50+00:00,33685504,128
3578,{app}\xsl\sv_zakl\form312t1.xsl,app/xsl/sv_zakl/form312t1.xsl,2389,643577540,083a4fb91cc369e36ee39d755277bb0174660d5a,b371fe19c8b712e737331d40dad7d65b44520ea2ccb7c12f0e291904e848ef9d,2026-04-09T08:20:32+00:00,33685504,128
3579,{app}\xsl\sv_zakl\form312t2.xsl,app/xsl/sv_zakl/form312t2.xsl,4097,643579929,170fbc5f59d90728e1b917efc5b08b3c06e66ae7,8564f1dbcb189ef912896b29cdff1b84b2fab25609ef4b4ded31369ab8faa46b,2026-04-09T08:20:20+00:00,33685504,128
3580,{app}\xsl\sv_zakl\form313t1.xsl,app/xsl/sv_zakl/form313t1.xsl,2573,643584026,6c743c21b3b1f24a4916edc28865dd5daeaa7ae7,4aca00fd7a5e10389c938b30a677a211b286b9137e87b5df2c425b4d6348d735,2026-04-09T08:20:14+00:00,33685504,128
3581,{app}\xsl\sv_zakl\form313t2.xsl,app/xsl/sv_zakl/form313t2.xsl,3595,643586599,d7b1b2965f612e4a8be3390595e34100b5662124,db4dc4225fc3112c320484a886005377c366969a1334fa73167c4de2c630f623,2026-04-09T08:20:08+00:00,33685504,128
3582,{app}\xsl\sv_zakl\form313t3.xsl,app/xsl/sv_zakl/form313t3.xsl,3595,643590194,d7b1b2965f612e4a8be3390595e34100b5662124,db4dc4225fc3112c320484a886005377c366969a1334fa73167c4de2c630f623,2026-04-09T08:20:02+00:00,33685504,128
3583,{app}\xsl\sv_zakl\form314t1.xsl,app/xsl/sv_zakl/form314t1.xsl,2573,643593789,6c743c21b3b1f24a4916edc28865dd5daeaa7ae7,4aca00fd7a5e10389c938b30a677a211b286b9137e87b5df2c425b4d6348d735,2026-04-09T08:19:50+00:00,33685504,128
3584,{app}\xsl\sv_zakl\form314t2.xsl,app/xsl/sv_zakl/form314t2.xsl,3778,643596362,07fd954faf4191b5af560781595096f3203ed197,e40b07bbec97af95aae8d56ca72369dd8568bff740889a7c0b9516398ebcb212,2026-04-09T08:19:42+00:00,33685504,128
3585,{app}\xsl\sv_zakl\form314t3.xsl,app/xsl/sv_zakl/form314t3.xsl,3900,643600140,e194d3aaf91469dc8e55eb212a5037ae8d7c6a81,1d5828d584d0c685451b4d33055c1eb6564ec719cabe3a8c4de148afc4a5def0,2026-04-09T08:19:36+00:00,33685504,128
3586,{app}\xsl\sv_zakl\form315t1.xsl,app/xsl/sv_zakl/form315t1.xsl,2377,643604040,aad97bbe84faecb319ba34b1fa3d778fd46ca734,1c1f2c92f26c26ba630a2dee0f6869ee940cec4c153fceac81066ac2a7c8606d,2026-04-09T08:19:30+00:00,33685504,128
3587,{app}\xsl\sv_zakl\form315t2.xsl,app/xsl/sv_zakl/form315t2.xsl,3287,643606417,b3b81ea227d2b17ac382ef281767a7980dbea2eb,3b7a55232ef8d892a101280a0c17891d7621f457cf0f840a065525a6a3d3ceea,2026-04-09T08:19:22+00:00,33685504,128
3588,{app}\xsl\sv_zakl\form315t3.xsl,app/xsl/sv_zakl/form315t3.xsl,3287,643609704,b3b81ea227d2b17ac382ef281767a7980dbea2eb,3b7a55232ef8d892a101280a0c17891d7621f457cf0f840a065525a6a3d3ceea,2026-04-09T08:19:14+00:00,33685504,128
3589,{app}\xsl\sv_zakl\form321t2.xsl,app/xsl/sv_zakl/form321t2.xsl,3496,643612991,53feab6bc27fbd50fe6f7d19374318e9a5bbfa2e,b89d6c36c0295adc14df815d22e5dba74ca8b6ecbe7b1118930cee3ddebd0ae4,2026-04-09T08:19:04+00:00,33685504,128
3590,{app}\xsl\sv_zakl\form321t3.xsl,app/xsl/sv_zakl/form321t3.xsl,3762,643616487,6c969ed32eaf852b770fbbf82bcf4d8c43235515,69a756be94fade82464e89ccd5f9d18d5c4162d9af6afd200cce0a54dac6ef9a,2026-04-09T08:18:52+00:00,33685504,128
3591,{app}\xsl\sv_zakl\form32t1.xsl,app/xsl/sv_zakl/form32t1.xsl,2008,643620249,3106e03da71387ab4d89b515420c488124825706,354b8dea50d394f7af20657e7195fe2098f118991445239c441c32f0fe9334d9,2026-04-09T08:21:30+00:00,33685504,128
3592,{app}\xsl\sv_zakl\form32t2.xsl,app/xsl/sv_zakl/form32t2.xsl,3492,643622257,0f4008355a476b255b4501dc599b458554dfd612,c06bae65235fcd33a7c297ad909bdf19f4f7f8d1dece7924a7f1b5d6ebf65300,2026-04-09T08:21:20+00:00,33685504,128
3593,{app}\xsl\sv_zakl\form32t2_2.xsl,app/xsl/sv_zakl/form32t2_2.xsl,3781,643625749,7b23c0851bf89f9a35ac6a23b1133a5545a9f7e0,41fd5e3dc31b572391649241ec4292c38d81c40f62d42b66590e30ad6945e61a,2026-04-09T08:21:10+00:00,33685504,128
3594,{app}\xsl\sv_zakl\form32t3.xsl,app/xsl/sv_zakl/form32t3.xsl,3757,643629530,5f340df3d5fbe4686f5156cd320f6956d7a7e77f,18110f57e18b12202b7f1e26f3a18c6b6ada266e83bf3a20a04239c9a2746316,2026-04-09T08:21:00+00:00,33685504,128
3595,{app}\xsl\sv_zakl\form32t3_2.xsl,app/xsl/sv_zakl/form32t3_2.xsl,3990,643633287,bd2657a4e13d2b232a6bbd98e622221f96953ddf,ece2ba6bc5058a14c2fd031d88461daa3c5a23d3bc8746a7b0dbab3657582569,2026-04-09T08:20:50+00:00,33685504,128
3596,{app}\xsl\sv_zakl\form32t4.xsl,app/xsl/sv_zakl/form32t4.xsl,2009,643637277,51bda729e19c6106c94fbae4eae1bd0327c8e4c1,067473ffcdc0a0214d3ed2affe8bf9cbc428f8125f2c18ec608bb92d0d30fe54,2026-04-09T08:20:38+00:00,33685504,128
3597,{app}\xsl\sv_zakl\form3t1.xsl,app/xsl/sv_zakl/form3t1.xsl,2897,643639286,34b3263d280dbe31f21246dac485bd6be8b6b32a,e8605c3fec5612038e315d0867d07162fc23b67640e1daab6b9f739bdcd31bf2,2026-04-09T08:23:12+00:00,33685504,128
3598,{app}\xsl\sv_zakl\form3t2.xsl,app/xsl/sv_zakl/form3t2.xsl,4095,643642183,c686b394f207d9fa525c9d71c123ddb1e1cd2eee,d690163619445d07c8932e4c08b4573338ac2c357c5b48c0fb18fec96401a565,2026-04-09T08:23:02+00:00,33685504,128
3599,{app}\xsl\sv_zakl\form3t3.xsl,app/xsl/sv_zakl/form3t3.xsl,4056,643646278,2dd119402e27bd9370f79d888cfce6d7eea180ff,58ac32f62a06a3d429863cf2a7882bdc476e95b420b3d1fc9e4eb9fb156768b8,2026-04-09T08:22:52+00:00,33685504,128
3600,{app}\xsl\sv_zakl\form4t1.xsl,app/xsl/sv_zakl/form4t1.xsl,2748,643650334,cdf16332b58538d77b0d9060fbb55b6a059904e8,88b3d2b9c285e6bf1ca06d1cc4d44d2a9c1593170714a1d4b70e4a22976d930a,2026-04-09T08:22:36+00:00,33685504,128
3601,{app}\xsl\sv_zakl\form4t2.xsl,app/xsl/sv_zakl/form4t2.xsl,2542,643653082,b76e339b8d8411b06db953c1aa125b14bdc37749,ec8f2a6cb26b3bc436c9b7e41bff822ebe6affbe5795ceea61b43cfd1db38349,2026-04-09T08:22:28+00:00,33685504,128
3602,{app}\xsl\sv_zakl\form4t2_1.xsl,app/xsl/sv_zakl/form4t2_1.xsl,3081,643655624,97f26aa2f882ce67b8aaba6f74f86342384ca9d8,11902950e855ad4f8f6b94dc61600d85dd1d627a7937c8879a01acc333ee15bb,2026-04-09T08:23:52+00:00,33685504,128
3603,{app}\xsl\sv_zakl\form4t3.xsl,app/xsl/sv_zakl/form4t3.xsl,2542,643658705,b76e339b8d8411b06db953c1aa125b14bdc37749,ec8f2a6cb26b3bc436c9b7e41bff822ebe6affbe5795ceea61b43cfd1db38349,2026-04-09T08:21:52+00:00,33685504,128
3604,{app}\xsl\sv_zakl\form4t4.xsl,app/xsl/sv_zakl/form4t4.xsl,2542,643661247,b76e339b8d8411b06db953c1aa125b14bdc37749,ec8f2a6cb26b3bc436c9b7e41bff822ebe6affbe5795ceea61b43cfd1db38349,2026-04-09T08:21:44+00:00,33685504,128
3605,{app}\xsl\sv_zakl\sv_zakl_from1.xsl,app/xsl/sv_zakl/sv_zakl_from1.xsl,12978,643663789,6e775f6c8b96f1b331c575413a84149a5ba9fa02,8419f9686f5be5cb85360ed2c99a2329a16701b34e7d22b74699ffc43986a35c,2021-10-21T14:26:44+00:00,33685504,128
3606,{sys}\MSCOMCTL.OCX,sys/MSCOMCTL.OCX,1062704,643676767,ef0b7a7859caa85bbbdc9cfc1fe2b6eb10db44d4,a018a023d59bb76aef0b4dd6ff40aa16fd0783927972a9492b26a5e5d0433696,1998-07-29T05:01:56+00:00,65554,145
3607,{sys}\Msflxgrd.ocx,sys/Msflxgrd.ocx,244024,644739471,a05b720d0071ec2885ae9f27564f271808f404e4,a9cbf98dc48a5de272a5e995e3160864994163de592ef453bf935ed574509501,1998-06-24T00:00:00+00:00,4194322,145
3608,{sys}\attflxgrd.ocx,sys/attflxgrd.ocx,24576,644983495,4453efb68798c36c7250dac1758303a119716bb0,055077e90268e21f8c716d6c4088f557aa4f2a4ace4d29a46105604aaa957d59,2009-03-03T13:55:34+00:00,4194322,145
3609,{sys}\att_tree5.ocx,sys/att_tree5.ocx,65536,645008071,0fb2297dbffc4558320114b0336ce383a070355e,360c9b76db724d15b370cb9cd0dd1b68a5eb6014cd6d23d002e28a2b92563175,2011-06-29T12:58:16+00:00,4194322,145
3610,{sys}\att_npa.dll,sys/att_npa.dll,102400,645073607,60d6f1e949dc389ab821a1ad2975c9f0b7f4e183,10cffd6b7ef4613583a84071ffd23a8e1224cabfb6cbfd1152bb139d191284ea,2011-10-03T11:35:56+00:00,4194322,145
3611,{sys}\att_zlib.dll,sys/att_zlib.dll,53248,645176007,697e31d6bb0dba9d3a60efbd22f432230873c430,afc7cf5b0772b27d05d224136739cd56d1ad07647d996cad97a7e2fe29ab86f1,1998-03-25T23:12:00+00:00,65536,145
3612,{win}\att_reg\att.reg,win/att_reg/att.reg,41,645229255,45b0b97ac9bd1819c3c0e07605036be63274946a,24f1854e91d2fe1f0db83f70142af3d615e31917fc00c8c72986d0c858e85baa,2014-01-27T10:27:04+00:00,65538,130
3613,{sys}\MSCAL.OCX,sys/MSCAL.OCX,129728,645229296,7223284346e3997ccef76d955b7015a91dcfcdda,67ff9144d26708610260487876b6135a135344fdd759f40e20f4eba9ee66b039,2005-03-17T20:33:14+00:00,4194322,145
