inno_destination,size,sha1,solid_offset
{app}\aeroion_prg_sout.dot,277504,73623d867535fa85299299de49203acf40fa8fef,0
{app}\apfd_prg2019_sout.dot,849920,9b0d79e059f5a155b985a21a2e8a7b42e4dcf671,277504
{app}\apfd_prg_sout.dot,879104,53aec0f36cae5f607ec712992dee684ecf0e4287,1127424
{app}\Attestation51.dot,20122624,d5fe1f50f75dc6a1be28a333848beea93889a8e3,2006528
{app}\attstart51.exe,794624,e42d6d5a6a599eea0a4cc030c1355596549a8d96,22129152
{app}\bio.mdb,430080,48e4bb7c853ed9f5515bc2306e8efd7f1eefdb2f,22923776
{app}\biomats.xml,65182,e693dc566fe4508fc24bfa0640c1e29ee5939dfb,23353856
{app}\bio_prg2_sout.dot,223232,77cab0925b52e9b5da2ed2d1d8fa46cc6ef4e3ef,23419038
{app}\bio_prg_sout.dot,149504,bcfd3985a9551ef0086f6fd4c47ecf445cf5bbd2,23642270
{app}\card_hron_prg.dot,178176,88a96a03fb784b683fac5936a81ee0e13e9d9eba,23791774
{app}\card_hron_prg2.dot,214528,83cdedb93fd052edf10a7ecd88d6fef67db3bbbd,23969950
{app}\card_siz2023.dot,430080,59b803ae2d231f04922f21b731c1858a930f839d,24184478
{app}\critical_update_off2016.exe,707925,fd7c771f56bd605f03a259f18dad40a1fa3c2a69,24614558
{app}\critical_update_off365_16.exe,780492,9d329900591a4f27d12b5c8d586984bacc028f77,25322483
{app}\dangers.mdb,180224,245f6c4faf1d6a2669aadbad29804735929e65ec,26102975
{app}\DataBase.mdb,10477568,b7641d0c2c32172d3ba7b82bdedd319a8cb8e8bd,26283199
{app}\declare_prg.dot,35328,e32a65432b2da4650132393fb06f71d7fcd9a229,36760767
{app}\declare_prg2.dot,39936,6e61ee67933df0f03bb5b80b7adb4030850b325e,36796095
{app}\diag_att_ctls5.exe,45056,e9c5143c7f5ec44a623787b0d6aabdbc66c50ee0,36836031
{app}\dic_napr51.mdb,212992,946e07066afc7a33efd3c7a807c9013d3c727d5a,36881087
{app}\dic_siz.mdb,135168,af32f906ecd8312f020a6f7b6146049dbd4b7aaa,37094079
{app}\dic_tyag51.mdb,212992,1db0f800629aff88e37d1bfb266a2fc798d64775,37229247
{app}\dopl_prg.dot,157696,6635010cb6c5fa6b9e086abb42e2d616bd4faab9,37442239
{app}\dop_fonts.ini,119,34ae0d19fbe7ff0203e9e4edd9c142c590842963,37599935
{app}\dop_info.ini,102,0fdda39ad2ed9c3719970bc3119cbdc7c80f7eef,37600054
{app}\emp50_prg2019_sout.dot,711680,7640ffdf06088a3a97e7cc7be0ee514c52df41b6,37600156
{app}\emp50_prg_sout.dot,163328,94093c10f7032ca6c5bef945354758684bae4946,38311836
{app}\emp50_prg_sout2.dot,423424,243eea4bec91810880cf6f68efa4b95a17037bbf,38475164
{app}\emp_pk_prg_sout.dot,303616,63d2b4440f30c65ec3fddd27a56dbbfcc1ab48b0,38898588
{app}\emp_rd_prg2019_sout.dot,795648,6a4d0cbfe9cd5c1eb3c1cf4eb294afe38c599cd6,39202204
{app}\emp_rd_prg_sout.dot,156160,8118e268b1c5e470339b02e5cb331a9db114b272,39997852
{app}\emp_rd_prg_sout2.dot,453632,586ae95704d130156501aa58c6da053865529294,40154012
{app}\esp_prg2019_sout.dot,631808,3fc90120c96d439af182d1bbaa18ac68019d9b97,40607644
{app}\esp_prg_sout.dot,114688,b7bde47827e244c15824d3d3cd6bc75097822cbf,41239452
{app}\esp_prg_sout2.dot,329728,71d4e07d2438d1f7a23ee0aeb0b66043816286a2,41354140
{app}\exp_zakl_prg.dot,176128,f00763802171703cdfd42e8e419f32d26317e6ee,41683868
{app}\fgisra_big.dat,49786880,52371fa1a50e3e2e9cb2a5a7ca12746b160ce0f2,41859996
{app}\fgis_sout.dot,167936,4240f64cce323ac7b0701cffb5868c4003f88196,91646876
{app}\fileProtocolLoad_v4.xsd,42700,124ed609a7d72709519ee330d549c9c92a9b65af,91814812
{app}\himia.mdb,16060416,86caa4ba1149ebb31d9c9a8bd3594437f9832767,91857512
{app}\him_komb.mdb,237568,77d722bca557ba741ef95d09e0ee157a67c6ae70,107917928
{app}\him_prg2019_sout.dot,1028096,9e2cbb4bc20c567a138ffc17deb5d5121857b082,108155496
{app}\him_prg_sout.dot,1212928,c7f6866e309e5e086470c0a895fcbbf82fddeba1,109183592
{app}\infra_prg2_sout.dot,313856,16b7d261e89b5ca8b0c6623c815cfd2cd49bfa5e,110396520
{app}\infra_prg_sout.dot,201728,1aab665c69538cd2438c21a8f95b820b79c99546,110710376
{app}\infr_prg2019_sout.dot,632320,c58032e146acfd392cae082bac9f7a90ccaf0b10,110912104
{app}\infr_prg2019_sout2.dot,520704,0cb6648d5cb8f38d21a11e5c021301b586b87274,111544424
{app}\JETCOMP.exe,65536,bad2ea8ee5fe1c39bac6b3deacdef27fba4fefd8,112065128
{app}\karta_prg_sout.dot,1070080,7ce3fd5f4b560e0379a00507983e6251bc562da1,112130664
{app}\karta_pril_prg_sout.dot,167936,1a1e143a7f02ef6182c32710d13c847d2f6d0911,113200744
{app}\kompens.mdb,2486272,22063f1ebeb028bdac822896a28f78ecf1b08ed6,113368680
{app}\laser_prg_sout.dot,245760,1c5313b14a262990d3e05262184e32b45eae2f89,115854952
{app}\lazer_prg2019_sout.dot,1586688,24ede79918ec80d4877715f8be6acaf8d6519d22,116100712
{app}\list.dot,614400,51564ae077484ded4c8b06f93baa576b093e02bf,117687400
{app}\micro.mdb,610304,e4728a0ea1517ce4bf94de4a358bd2c2fce1c999,118301800
{app}\micro_prg2019_sout.dot,932352,ab33cf80ad7e322b72502cd485727ecbd74fa50a,118912104
{app}\micro_prg_sout.dot,454656,a29c8f60d32fa5a494b8f23fe729075bed4c5c50,119844456
{app}\micro_prg_sout2.dot,750592,de43c31f7b8d98c8b5f5ffc3358d3645d28c362a,120299112
{app}\mo_rules.xml,29508,d3e2e61d18bf955ee951a0473be70749fff30035,121049704
{app}\mscal_update.exe,348317,55f3ae4ca73d09f4f2ee2e81d27af04333d83c6f,121079212
{app}\napr_dic.dat,46352,a54dd7e5147aab136e6f4fa928da2f009be20ab0,121427529
{app}\napr_dic2.dat,46347,5d55adedf6d88591de700154f220fb979677522d,121473881
{app}\napr_prg2019_sout.dot,949760,c000f3b8850327e71cb1e44da0aa79c34e5554bb,121520228
{app}\napr_prg2_sout.dot,300032,dfeb281ad58d6a488677c8381f91d41163b4084c,122469988
{app}\napr_prg_sout.dot,306688,ed9c463cf14460447833f028cf6f963675af0b07,122770020
{app}\newsprav.mdb,1671168,7d7b63777e0532665d799b5def96b07e235c7c22,123076708
{app}\no_base.htm,1309,b034b623574e7c87cfc0d753f74280a265421650,124747876
{app}\no_user_base.htm,5048,fb4f6f02d82be6cbd6824dc168b8ba89942dc41a,124749185
{app}\options.ini,4517,4d2033268d9745d1da758cbb693f9f6fee545908,124754233
{app}\osv_prg2019_sout.dot,1100288,eae95465d9934a6cf445481b3d51eae05fe3e63a,124758750
{app}\osv_prg_sout.dot,940544,10a6080b30338d8a5f63e2fc4870a02ada2efca6,125859038
{app}\otpusk.mdb,6975488,17da82fcac5010491014f5dbd1add485fa364a81,126799582
{app}\painting_sout.dot,117760,e97decef4ac4088a6d7cb213bbaa0a00c7e07f72,133775070
{app}\pf.dat,6180864,40834140d5559c109557fa5c3e60b1f41b38af04,133892830
{app}\pmp_prg2019_sout.dot,632320,88c53fe3f5e802054ab7c1b3854b5c71cf2e98e2,140073694
{app}\pmp_prg_sout.dot,113152,63f045d5729894d2240d6d67ba0361d28f7aa80f,140706014
{app}\pmp_prg_sout2.dot,399360,1d24833c683f7f4977daff38ceb8e77ab24ffcf2,140819166
{app}\prikaz699n_prg_sout.dot,121344,c2a2540cd33c3cb1eb9bb2245264a9d1fa4dca78,141218526
{app}\print.dot,119808,05ddd2545834b91050d14bb34f9c3f9200df5911,141339870
{app}\print2.dot,137728,6a845281bcbd6ec2b39d676890271d90a8234c56,141459678
{app}\print3.dot,193536,7b5436ecdcbd70ab09e1aa5e42e477b87a921130,141597406
{app}\profrisk.mdb,1089536,a3b63feb3012d77f74ec8e67e9a36e78cf014aa2,141790942
{app}\profrisk_old.mdb,753664,00eb84d73301b3707c837ff15f602f76c6d2d80f,142880478
{app}\prot_102n_prg.dot,191488,c653d695fb51fe9b6d7eb4285bbd3ae350bd8eaf,143634142
{app}\prot_102n_prg2.dot,184320,e78f14e21b11a906d51e34f46eb729b5efeb0309,143825630
{app}\prot_96n1_prg.dot,192000,2a65981e01c29ca527ba95d593701c427d0d730d,144009950
{app}\prot_96n2_prg.dot,176640,1855ae4992f2accb5c672e0e23503a961f332896,144201950
{app}\radiation.mdb,323584,6f160c64e6df324f0e442e7bb9064100f28c0c9f,144378590
{app}\rad_prg2019_sout.dot,587264,2dc332dfee570bbfca336fd509f2d30cb8ffd83a,144702174
{app}\rad_prg_short.dot,265728,233cf2aa3c2d401d1cc090a4bca0507885d43386,145289438
{app}\rad_prg_sout.dot,402432,fe7317634f850970f733e43cd20b1208126fdb3f,145555166
{app}\raznoe.dat,6557696,ba84cd450f58b48bbf3ae00474ea42a898b9f37c,145957598
{app}\reg_num.exe,192512,b58cbb9ac52af54e221d3eff00cee9fd2bc96e67,152515294
{app}\rep_426-18_f1.dot,44032,693f83125abdfc50a445060a2a1b56b95db322c0,152707806
{app}\res_orgs.mdb,499712,4bc5668adafbd0cbf3adc884d18709a5ce5f6bf5,152751838
{app}\res_prot.dot,197120,53cdb723ac30c6ba5ba818b8ae70009d59af1a26,153251550
{app}\res_prot_napr.dot,184832,8477c1825afc219b9a7b3df369abbe6575fae740,153448670
{app}\res_prot_napr2026.dot,228864,9b376757165d3e9a957038f9324250dd0462c822,153633502
{app}\risk_data01.dot,26112,fa6cb00ba864154943e654a68f1368eef45b168f,153862366
{app}\risk_data02.dot,26112,23c63bbf111043c1f600823caa4d36938be23dc1,153888478
{app}\risk_doc_prg01.dot,588800,4302f6b608a9dc4b22913678ac3dba501b20a3eb,153914590
{app}\risk_doc_prg02.dot,553984,a45b452c4ff22d2ee9cca8d73b1435fc67418152,154503390
{app}\risk_prg_01.dot,285696,bb084ee0c783b1266497a6f77edf1753bab4fdc5,155057374
{app}\shum_prg2019_sout.dot,686080,f7f45717d802c04aeb7166ba155b076704e95e4f,155343070
{app}\shum_prg2_sout.dot,511488,c76fa297924d089920fcd9fa4a323d5136e234ec,156029150
{app}\shum_prg_sout.dot,306688,c472176e36e115aa7e1d96fab89bb215e60080c3,156540638
{app}\SIZ.mdb,77733888,f14f4bf9e917075535b959d31e3201708cc7fbe2,156847326
{app}\siz2023.mdb,17702912,c2a8e4bd86bf2e12b48803838ce0e97db668abb4,234581214
{app}\siz_eff_prg.dot,178688,7a33414312e138e6514d84368d6bc66ec7400967,252284126
{app}\siz_prg_sout.dot,495616,bd557d5511bab490c35135344eea6652eb2f4993,252462814
{app}\sout_1.xsd,810381,346e620100b48c7fa9cc7abd798d17bc320b7b67,252958430
{app}\sout_prot.xsd,6374,4e37faef90a6ac22bb88a93b98840899f1804953,253768811
{app}\start51.dot,271872,a22fb89f7011620b47dc6ce4ec0374b55904a0be,253775185
{app}\svet.mdb,1503232,fff72f1e40289ab62684a7876166ff9cdd39b45d,254047057
{app}\sv_docs.dot,26624,aeb0e79436784ff75408f651b2ca6b7d1ce714a7,255550289
{app}\sv_docs_date.dot,35840,b1ea8a4f3c49093f0b2757b280eabaeee8c254c9,255576913
{app}\sv_docs_prot.dot,32768,45d7a45d60d7aaef17105b670fa7fbfcc3dd56ce,255612753
{app}\sv_docs_renum.dot,151552,0ae1c1bb77e6362a21f4daf19eae293d3f33fcef,255645521
{app}\sv_docs_sign_date.dot,28672,4b895e148606e13a257744e80a29f50d7e535385,255797073
{app}\sv_doc_save.dot,29184,c82d1cc2643cbe992f604edf5f88bcde70417527,255825745
{app}\sv_doc_save2.dot,36864,4227284fd64ba0de0190a99e08c3ea2a285a47e6,255854929
{app}\sv_exp_zakl2_prg.dot,34816,09a3a41b740cfdd72c9dbcda71b9caf2d98ccef3,255891793
{app}\sv_exp_zakl_prg.dot,34304,08f3dcc64be734cb0f375a0580d936ba98f55b55,255926609
{app}\sv_per_rm.dot,34816,4f2e34ed81fefbca4febc90dd8913209dcc23447,255960913
{app}\sv_prot.dot,26624,425d7eb0128bf9d70037d31db045a7586bf626ee,255995729
{app}\sv_prot2.dot,34816,c1021ec1c5c8b31371cd70b106c83183b7eea959,256022353
{app}\sv_prot2019.dot,30208,557225dde2275e7dfbc115af7ca84e1044b04297,256057169
{app}\tb_prg250n_p5_sout.dot,127488,f1dc25831afa5fc957f3816d577e64c6f4e3720a,256087377
{app}\tb_prg250n_sout.dot,361472,1c7fa1a9aa82e564ca42ebb959d0a40ce0001c0e,256214865
{app}\tb_prg335n_sout.dot,354816,c2991b23ca79bb8225100466352d6b2959c55069,256576337
{app}\tb_prg664n_sout.dot,134656,1c97884e82e55029e2a0ad1607b481adb8717ad2,256931153
{app}\tb_prg_sout.dot,423936,9dd611fc15e0dad8b1fe8bce74932b90d26a4043,257065809
{app}\templates.mdb,1441792,46158c251c3367f591af9c33bdc3f071b2959558,257489745
{app}\templates.xltx,9270,3c169122ec0703e0e3185ee61d117dae61c831d0,258931537
{app}\templates2.xltx,29315,8400773a7c9161429b125657cde03b61aea9d0ab,258940807
{app}\templates2_dop.xltx,31901,7b76a7a8a0dea02030012cdd9a7f697f2256b510,258970122
{app}\tin.mdb,204800,74a77bda7c30352edf3ca51eca26bed2d2d2c75b,259002023
{app}\tin2.mdb,331776,a09cb1afefdc0c04dfcbb1d40fff332500183199,259206823
{app}\tin2019.mdb,299008,80e3be00ed76a482a2e7a8425e6e8386228899a9,259538599
{app}\tin3.mdb,495616,6bd2aa0d33c08eee43c7624db60000872f21c1d9,259837607
{app}\tjag_dic2.dat,45256,5757ba054331699e5a3ca3e37e3260ce2ab65ac2,260333223
{app}\tjag_prg_classic.dot,327168,6a93068a8801161cd6bb5f59772c47d9bea68f32,260378479
{app}\tjag_prg_niiot.dot,384000,ba3412de19e75fa30deba3c4d55b4e660ea6f5af,260705647
{app}\tjag_prg_sout.dot,314880,f55a52f720c6eb726604784de0649301e3e97dcb,261089647
{app}\tjag_prg_sout2.dot,419840,c45456631d258cf7dcb877b6a66256fdfca11690,261404527
{app}\TO_data.mdb,253952,7b8c94bcf4865afddcdca6cae1d3ada977407f02,261824367
{app}\TO_data250n.mdb,278528,ba7610d3bf975aa4c91ea486475c58def16e566a,262078319
{app}\TO_data335n — копия.mdb,278528,ba7610d3bf975aa4c91ea486475c58def16e566a,262356847
{app}\TO_data335n.mdb,278528,ba7610d3bf975aa4c91ea486475c58def16e566a,262635375
{app}\tyag_prg2019_sout.dot,1239040,9ce2d3bca52b5f4e751c1b801c56362323ccd4b6,262913903
{app}\tyag_prg2019_sout2.dot,1253376,ddf7887b80fe72b2146d6554e49f8ca859be246f,264152943
{app}\ufi_prg2019_sout.dot,659968,75b19aeb6d3435eacbed629781c04d52da7686de,265406319
{app}\ufi_prg_sout.dot,158208,1c50aeee91fed87820ee146ca9eebc0523c3ea5a,266066287
{app}\ufi_prg_sout2.dot,356864,c855d7d626719a753a2822db0bb6aad6b99276c3,266224495
{app}\ufi_prg_sout2_1.dot,238080,f99479ae9f6eb6679359f443cca8630c95307eb2,266581359
{app}\ultra_prg2_sout.dot,248320,d29f8288fec012bae9f20eeb9a7abeb2f71f4436,266819439
{app}\ultra_prg_sout.dot,136704,1aa3d4e819666cdfeb4de93c998683fcddfc96bf,267067759
{app}\ultr_prg2019_sout.dot,683008,1781c3c500c85c99d0e92fcf7655b758c9e67d6f,267204463
{app}\ultr_prg2019_sout2.dot,448512,d6740717a1c30e9d57c76409f3cedb1b0faf9e7c,267887471
{app}\uni_prg_sout.dot,96768,a4618bfcd0bb887e4d7acc3f95fb41870fbe6681,268335983
{app}\user_data.mdb,413696,1787601a8d77a74270d84dea78aaf242349d95d9,268432751
{app}\user_himia.mdb,151552,303a8044ea1e262bebf061aa5c1683cc793b4e92,268846447
{app}\v5_imp_doc_frm.frx,8216,1c94129311b4911ed67a9b9096d6c1182e21789a,268997999
{app}\vibr.mdb,385024,5b6daef742bd8a0b10af3b3155e46d325a47bb3a,269006215
{app}\vibr2022.mdb,532480,fd41dbe0819fb82b7552c462bc867495d67ffde1,269391239
{app}\vibr_loc_prg2019_sout .dot,810496,c1b9986affcb42d2fbcc00a63b2f207c8acf6b6e,269923719
{app}\vibr_prg2019_sout.dot,843776,abd1f3952f418db260eedb78548b5e26d67b73dc,270734215
{app}\vibr_prg2_sout.dot,468480,82c0a93cf2f90f669b00dcb80522cf6a0fabedfd,271577991
{app}\vibr_prg_sout.dot,257024,9391bae7b611b3edc0af80ef3f78feaa413ebc0f,272046471
{app}\Дополнительные разделы.doc,252928,1dc60ec6d06aff5cbffdea349786e012b0aef62f,272303495
{app}\Дополнительные разделы2.doc,79360,03f4d130408f96e0afc50c6fe0f1372a40a44b4e,272556423
{app}\Дополнительные разделы3.doc,60928,d9e3829b1368693bfcae61389fa1a4a2ba1c4047,272635783
{app}\Дополнительные разделы4.doc,44032,be76a5e73512141b11feed970cf18d5c6ef017b9,272696711
{app}\Дополнительные разделы5.doc,37888,4332dac341a2646dffcc72cfa62c979390ae9555,272740743
{app}\Дополнительные разделы6.doc,34816,ac5f8b6bdf901ce1d8b3b2ce3fb1c8743c71ecb4,272778631
{app}\Дополнительные разделы7.doc,31232,b5c507c109f8a11811683735215ce4443030fec0,272813447
{app}\Дополнительные разделы8.doc,31744,87c8d2970b96685ff58c3c42902f1e4be519eaed,272844679
{app}\Микроклимат.dat,0,da39a3ee5e6b4b0d3255bfef95601890afd80709,272876423
{app}\Пояснение к ТБ.doc,389120,8253a9e776c821db11120e458b20162b1b9ab5da,272876423
{app}\Руководство по регистрации программы.doc,385024,18a3ec9e018dabc84a7079b42935901bba779287,273265543
{app}\Руководство пользователя.doc,11073536,9fc312fac5e9e73614893da1245c35d0060fd8a8,273650567
{app}\fgis_ra\fsa_v02.xsd,22402,18da5d6e2c2dcbc4ad2141f5b768b25d3db51d86,284724103
{app}\fgis_ra\xsl\prot.xsl,6130,0842570190d2318c041d95cd5249059b4384ef7e,284746505
{app}\fgis_ra\xsl\prot2.xsl,7714,674367c755fd52b03d2f0f15dd9db59056191ec8,284752635
{app}\fgis_ra\xsl\prot3.xsl,25726,b4f2556b9bcd9122af9545d8fb9a29612b0a0d30,284760349
{app}\html\index.html,155,8b259ea5b7e69ddf8e7183ba6775a91762e54a8e,284786075
{app}\html\data\empty.html,0,da39a3ee5e6b4b0d3255bfef95601890afd80709,284786230
{app}\html\data\api\dtree.css,795,9f1ff0785f10b8d96d2570a056f072ce675931e7,284786230
{app}\html\data\api\dtree.js,12420,b99b53df01d0d23c954e39a72438caac7af32041,284787025
{app}\html\data\api\tree2.css,725,ceed3d49805eec564581c1ec38359b6e63230835,284799445
{app}\html\data\css\styles.css,14192,3e20217e2a4a3859e700157dd90f70ff1124cb95,284800170
{app}\html\data\img\empty.gif,62,619127e2754d2a8e77b139517717db25af6c0e01,284814362
{app}\html\data\img\folder.gif,372,f01de70c53922a47266849478aedd925fe5021fd,284814424
{app}\html\data\img\folderopen.gif,376,c4a09d54c809758e757ab6cf0f24fbc459678678,284814796
{app}\html\data\img\join.gif,69,d5016c0a2bd06e5e1faa16758bd7e71e9c9a6378,284815172
{app}\html\data\img\joinbottom.gif,66,e17624ee848ce7246b7561ac36952e036dd91c02,284815241
{app}\html\data\img\line.gif,66,d4f04e140dc5cfd49152776343a1e164ae4a577f,284815307
{app}\html\data\img\main.gif,389,df0195fe8cbe33024f507c9e837d9f2bf071647e,284815373
{app}\html\data\img\minus.gif,86,028f04efed2d8b481228f58689064f4c0b693914,284815762
{app}\html\data\img\minusbottom.gif,85,f2d705eb76b919143d3baf4e840bb21c10943d31,284815848
{app}\html\data\img\nolines_minus.gif,861,8c3f15b19a75a75bcffc5ecccb193f8974adbca7,284815933
{app}\html\data\img\nolines_plus.gif,870,eabe1d0dd520810779aef5dbbd6ea3f8ff0049d1,284816794
{app}\html\data\img\plus.gif,89,4d756eebfb98bd3524551df03f5fd2377b854118,284817664
{app}\html\data\img\plusbottom.gif,88,00bc9d8fc8ef915d0ca90ae6cca718c384d210b4,284817753
{app}\html\data\img\rm.gif,355,41a2c53a28f78cf8cb0fd7727d47551c40760603,284817841
{app}\imp_ved\import51_1.dot,46080,262f6057703760299de886ee39ff127cf9efd71c,284818196
{app}\imp_ved\import51_10.dot,36352,5f82c6605781def9ea730b6834a2e6eece0dc45b,284864276
{app}\imp_ved\import51_10_1.dot,36864,e6ebe6b9792787502e2108ed3890a57f75f9e219,284900628
{app}\imp_ved\import51_11.dot,37888,744e6b98169286921841957a0a147c1b1b021311,284937492
{app}\imp_ved\import51_12.dot,36864,03ea72ccb420accbd14088aebb711e232095663e,284975380
{app}\imp_ved\import51_12_1.dot,36864,76407f9c9ddd28ad23597ccb6d0397e45c5f10e0,285012244
{app}\imp_ved\import51_13.dot,161280,4ea1cdcd456982653a406d97b3f10b35ea93fc2b,285049108
{app}\imp_ved\import51_14.dot,36352,0d371bc1efe64048dc0736fad736bde4a6e53ac1,285210388
{app}\imp_ved\import51_14_main.dot,36352,c781c6876918e3fa4234f9a394db5cf41d004d25,285246740
{app}\imp_ved\import51_15.dot,45056,19d6111f8de3eadb0656015aff4eeb77fca54fa6,285283092
{app}\imp_ved\import51_16.dot,48640,b3b7cd693cedd8a1e670e901cfbe53c5f334a693,285328148
{app}\imp_ved\import51_17.dot,57856,56828dc98ed19207252d3aa10d43bc63a3de8ede,285376788
{app}\imp_ved\import51_18.dot,61952,4ed3cff8db14c008170de6a167d19e84473fc9b0,285434644
{app}\imp_ved\import51_2.dot,44544,c9e78ea5e7d293f1f2082d3ded5990e2bca49f61,285496596
{app}\imp_ved\import51_3.1.dot,46592,e8c4824ad693b1374f16a08f3bbbd2f523ceab93,285541140
{app}\imp_ved\import51_3.dot,44032,cf7a70e14a82f77e2171d815321f0d8e574fe4d5,285587732
{app}\imp_ved\import51_4.dot,45568,805ee3c5b74a520322d839dc038a4e2869663557,285631764
{app}\imp_ved\import51_4b.dot,48640,b48681d580777271857bd267b555daf630d64ad5,285677332
{app}\imp_ved\import51_5.dot,44544,3deb49bb38f5e504409768610c0f40eddf7994d3,285725972
{app}\imp_ved\import51_6.dot,45056,fee1a808d08d28169ffa4bb22b0212d004ef28e2,285770516
{app}\imp_ved\import51_7.dot,38400,0ac99b97065c64a7dbe77caf4d3dccb67dac5253,285815572
{app}\imp_ved\import51_8.dot,48640,5cc58ae7fb62692995ed6f18ceb2e127e70255c2,285853972
{app}\imp_ved\import51_9.dot,80384,52dce902e92cf3cce9323f2e806cc93a29448f83,285902612
{app}\imp_ved\import_f1.dot,81408,7309f3988a0052aa7ee7194b25828ef1042948a8,285982996
{app}\imp_ved\import_f11.dot,65536,f122443438839fa0255463d21d0149c83275b1e5,286064404
{app}\imp_ved\import_f12.dot,65536,84881a2f5f3f4d97b34070111af33208cea96fd4,286129940
{app}\imp_ved\import_f13.dot,34816,c64da50444512b5c30b83cebf5c5fb1e2e0a499f,286195476
{app}\imp_ved\import_f14.dot,55296,02608e8eafb01fdc73e92a523210737d8f1ca0eb,286230292
{app}\imp_ved\import_f1_02.dot,81920,ea6c72ce6230c4f7dcc529e9f69df06d40d899b2,286285588
{app}\imp_ved\import_f26.dot,75264,3ebbd8cca0fec5d85537edb8cdd8cfafa72be6be,286367508
{app}\imp_ved\import_f3.dot,80896,9c9a22501a2adc266c7a483882fa1bea66ef5226,286442772
{app}\imp_ved\import_f4.dot,54784,7da45bff149c5b80227b008e46ce4bf12ca780b0,286523668
{app}\imp_ved\import_f5.dot,69120,9e93675d695a9dbcd914ec3a9e958684301d026a,286578452
{app}\imp_ved\import_f6.dot,71680,80100aec607e8427eae6cdc825b5f6938b4b017d,286647572
{app}\imp_ved\import_f7.dot,70144,0e2e5876934009e6c1129d6c3076593df5768535,286719252
{app}\imp_ved\import_f8.dot,70144,96ac2ac182f31fa58f8899d687a48ab86f3f4f4b,286789396
{app}\imp_ved\import_f91.dot,73216,6e84118dfb17497c978b43ed85a4f416a7ce9784,286859540
{app}\imp_ved\import_f92.dot,72704,b9243ce95dc8a17bc0869c75dedbe37b76fb4c8f,286932756
{app}\imp_ved\import_f93.dot,72704,d061799918c482c985aa0e4837588c7f92a4c16a,287005460
{app}\imp_ved\import_f94.dot,74752,7fda3ba8d1b420dd6ce87fe8913b1fc199c9e8df,287078164
{app}\imp_ved\import_f_classic.dot,55808,90ee71c886faef83783a04e8c345c11ba53c553a,287152916
{app}\imp_ved\import_f_classic1_3.dot,68096,dae8825e32f7baa76d562ad6bbbc557a41072333,287208724
{app}\imp_ved\import_obuch2023.dot,102912,714c5de8e264982596839cb3181c8d7ba33ae45b,287276820
{app}\imp_ved\import_si.dot,59904,3a8c86aa8efb178c6f4952fa45f69538a8944fa5,287379732
{app}\imp_ved\import_siz2023.dot,48640,9f201d27031a461ffc6a3d8af8191d21df98b172,287439636
{app}\imp_ved\xsl\dangers.xsl,3255,73e0cacb24e5efcd8e7593c742fe0a7a88c96237,287488276
{app}\imp_ved\xsl\fac_info.xsl,6981,0bb19160ea04793b715336c534681c1d722aa43b,287491531
{app}\imp_ved\xsl\fac_info10_1.xsl,7286,37659b2de960342064e93e01ad34b123b0930fcc,287498512
{app}\imp_ved\xsl\fac_info12.xsl,3363,46acac9990d15acaccd5a27693f21b395ddae6f3,287505798
{app}\imp_ved\xsl\fac_info12_1.xsl,3234,0101d41ecc7553b688b2a18cd0bcca908d9fb8e5,287509161
{app}\imp_ved\xsl\s040.xsl,5794,89770af8c44952790e9078063fa9ef2a55843d98,287512395
{app}\imp_ved\xsl\s050.xsl,4264,57e38b78c838077066c1b5003e54cfe0b1bbbeda,287518189
{app}\imp_ved\xsl\factors\fac11_01.xsl,7446,8850cefdd92ede9973804ee000a97cd77a834003,287522453
{app}\imp_ved\xsl\factors\fac12_01.xsl,9276,152f30f198087d7fc8c1ec957b4bc0051ac9c9a5,287529899
{app}\imp_ved\xsl\factors\fac13_01.xsl,19124,d2360d5bbd56ef1397419123ca5f41a8dc4cbd2c,287539175
{app}\imp_ved\xsl\factors\fac14_01.xsl,15068,7d26732d1d1e3c905284c4c04249caa7341d1fc0,287558299
{app}\imp_ved\xsl\factors\fac1_01.xsl,7154,ad77fd7a516aba2c594234910c7979dd629f838a,287573367
{app}\imp_ved\xsl\factors\fac1_02.xsl,7603,bf1ef9ebda4e8d6d13f8c78dca556343748e1184,287580521
{app}\imp_ved\xsl\factors\fac26_01.xsl,7074,6754e25018cbbf052aba87839b5fdf3a12d30bfd,287588124
{app}\imp_ved\xsl\factors\fac3_01.xsl,6981,c405bb512203786424144c949cbf165ccc00f09f,287595198
{app}\imp_ved\xsl\factors\fac4_01.xsl,7459,f50f5b401c75f3a8a794ac16eea5c02767794451,287602179
{app}\imp_ved\xsl\factors\fac5_01.xsl,7013,d1ce4a23e6a5aad080f41df0245215b748b9a41d,287609638
{app}\imp_ved\xsl\factors\fac5_02.xsl,8527,2bfa93a1c6f92ec286beaf353a74f79a0138430a,287616651
{app}\imp_ved\xsl\factors\fac6_01.xsl,7414,396a3ba32b22d7ea39e728a8d8dcf74f0493831f,287625178
{app}\imp_ved\xsl\factors\fac7_01.xsl,6953,a8266563f77d914dbc5e479444fe7a6ecff056eb,287632592
{app}\imp_ved\xsl\factors\fac8_01.xsl,6961,482a19292aa5fbb7b9326424d2eec4399864e936,287639545
{app}\imp_ved\xsl\factors\fac91_01.xsl,8721,e9cad846cb007f3149defdd5ee0589aa166c389c,287646506
{app}\imp_ved\xsl\factors\fac92_01.xsl,6785,0e6f6f83bb52846c4247c0e66bba85945e544fe7,287655227
{app}\imp_ved\xsl\factors\fac93_01.xsl,5984,12825dcf6963b16ffa6e7df60b699ff1d20ea6c9,287662012
{app}\imp_ved\xsl\factors\fac94_01.xsl,7664,9f59c52e10a796f2e9b17bf79a4e4ebd76cdeb3d,287667996
{app}\imp_ved\xsl\factors\fac_classic1_01.xsl,7259,54dc6f7ebc299c5b6bd81db2a4958e0fc2f26b86,287675660
{app}\imp_ved\xsl\factors\fac_classic3_01.xsl,7259,54dc6f7ebc299c5b6bd81db2a4958e0fc2f26b86,287682919
{app}\imp_ved\xsl\factors\fac_classic4_03.xsl,4464,cc13d8753dbc11cf6a15c0487ff3747acea583f5,287690178
{app}\imp_ved\xsl\factors\fac_classic5_03.xsl,4537,c2854f4a72ba0ff0b4e39fd2f4f63fa07e775014,287694642
{app}\imp_ved\xsl\factors\fac_classic6_02.xsl,6184,46d1e89b340c2f577cf057b6d223e4da46a71010,287699179
{app}\imp_ved\xsl\factors\fac_classic7_04.xsl,5197,4b8541392ba3ea46dc1665aa9926a970ca3a143d,287705363
{app}\imp_ved\xsl\factors\fac_classic8_03.xsl,5237,254dafa8f6b8429c84cf2fc5b54a458f05558b37,287710560
{app}\model\ARMv51.MDB,946176,611342aa91e5708a069231f7d0c03b5ca4ee0c81,287715797
{app}\model\diag_data.at5,856064,d3b43479eb44ce76edadee1459fa37a777073de5,288661973
{app}\model\exp.a51,757760,d27b8da999c48b87ae408388eaa6d5eea8ee3157,289518037
{app}\model\exp_opt.att,856064,7655338e3f640fc55a2022d6e96b0b7e1ba25821,290275797
{app}\model\profrisk.mdb,397312,36c8d9c6c59ec14c6cec5882a0afff59bb1752da,291131861
{app}\model\ps.mdb,204800,73a63d579dee0184a682e835ef187f9bb569ded4,291529173
{app}\model\res_orgs_files\fac13\main.xml,3129,7da923b48aa905c675defed9229b13511a7dde20,291733973
{app}\model\res_orgs_files\fac14\main.xml,670,9759b9e9acd63ca66ea57175df91e416022737f0,291737102
{app}\model\res_orgs_files\fac14\mi2024.xml,949,69d0f2f26e093f4ed9374513e19715e15aba8266,291737772
{app}\NPA5\Bullet7.gif,140,feb31933a3e492293f142d6b4b4656765ea25625,291738721
{app}\NPA5\Image21.gif,32087,ab3d875f62c2a8232ad63c66956f54769d1a3c96,291738861
{app}\NPA5\Image22.gif,4699,e327c8b7369476c116e8feb9461043e8a2e7c971,291770948
{app}\NPA5\main.htm,48938,03a5055d09abad6f08048f5465a44540b028a3cd,291775647
{app}\NPA5\2023\prikaz_699n.htm,95179,da0c39ac0f895c040adb25120be25989b803ead4,291824585
{app}\NPA5\2023\prikaz_766n.htm,283353,75d5c8f21573488876553193e2c286b6c1d6a7ff,291919764
{app}\NPA5\2023\prikaz_767n.htm,5833,0e7b23dca32269ef6004f62455ecf188aa7fe9dd,292203117
{app}\NPA5\2023\prikaz_843n.htm,27634,32211a0a8348d9fb785b67a4ee751994af84b5a8,292208950
{app}\NPA5\2023\prikaz_699n.files\image001.jpg,472,c5ef22a6e549f866aa3a597f0a29220e0772d5e9,292236584
{app}\NPA5\2023\prikaz_767n\pril1.htm,42105300,3eed539d873f6b3f4d801ffcf55251d08e48e3b5,292237056
{app}\NPA5\2023\prikaz_767n\pril2.htm,812389,71e05ab334dcbea4594004adc1177e429d9e8a4a,334342356
{app}\NPA5\2023\prikaz_767n\pril3.htm,111223,4dfa0b62ddc895bbb43e2c312b8b1563656db035,335154745
{app}\NPA5\2024\prikaz_817n\prikaz_817n.htm,750797,a806b29298ef691638f9cca5b3bcc43efd00c4d9,335265968
{app}\NPA5\2024\prikaz_817n\prikaz_817n.files\image001.gif,1383,9173bb8a9434f062696bc3650a24f42b4484401f,336016765
{app}\NPA5\2024\prikaz_817n\prikaz_817n.files\image002.gif,206,6d873a8d1391bc522a795cd0acb9e5988650bc00,336018148
{app}\NPA5\2024\prikaz_817n\prikaz_817n.files\image003.gif,875,e5e75eda427aca3243dd6ea67e6a3685326e8de9,336018354
{app}\NPA5\2024\prikaz_817n\prikaz_817n.files\image004.gif,1326,48d949f421956ad921dc171c3b98c816f3db15fa,336019229
{app}\NPA5\2024\prikaz_817n\prikaz_817n.files\image005.gif,776,b5a097397c1e42248a14f694c75a70e5eb9dc9a4,336020555
{app}\NPA5\2024\prikaz_817n\prikaz_817n.files\image006.gif,198,8f0f081965b67c5e23c42973aa9afd437751396a,336021331
{app}\NPA5\2024\prikaz_817n\prikaz_817n.files\image007.gif,206,261787720919287b2a471c58f71f8037b6a23aca,336021529
{app}\NPA5\2024\prikaz_817n\prikaz_817n.files\image008.gif,1352,24d9db76e06f862ff0add94e33672a5772ee9aac,336021735
{app}\NPA5\2024\prikaz_817n\prikaz_817n.files\image009.gif,1120,92cc5d73b9441c014a85f6ab8ee8bae7795d7538,336023087
{app}\NPA5\2024\prikaz_817n\prikaz_817n.files\image010.gif,223,b2272e7647b264f515e0bd335209c5861c3c1db2,336024207
{app}\NPA5\2024\prikaz_817n\prikaz_817n.files\image011.gif,2070,3bf801adcf8b3610e8b95f1f46a85865355d8cb8,336024430
{app}\NPA5\2024\prikaz_817n\prikaz_817n.files\image012.gif,576,310f42f931020a737fe7034482bc25fd797bd7de,336026500
{app}\NPA5\2024\prikaz_817n\prikaz_817n.files\image013.gif,555,6f194d92bfc8472615a61f88ffd31a09a9bba120,336027076
{app}\NPA5\2024\prikaz_817n\prikaz_817n.files\image014.gif,553,9e04fbe612a9350524476188b5868b83b7595e1a,336027631
{app}\NPA5\2024\prikaz_817n\prikaz_817n.files\image015.gif,978,514be4a694457d52038cd15ff1302271ffb9427c,336028184
{app}\NPA5\2024\prikaz_817n\prikaz_817n.files\image016.gif,1673,617857eb9c41a72c4ad51a3dc4ff5ce592fe1a6f,336029162
{app}\NPA5\2024\prikaz_817n\prikaz_817n.files\image017.gif,276,c2ae6c09698ebf1777f9b35d7acb75f3a3c0e85e,336030835
{app}\NPA5\Attest\attest.htm,24796,5f7a1e7514c1200c659bac96519cc7f18e8c4206,336031111
{app}\NPA5\Attest\Bullet7.gif,140,feb31933a3e492293f142d6b4b4656765ea25625,336055907
{app}\NPA5\Attest\emp_evm.htm,5710,6a7a36ae557f869632c23301002f7e1afe839dc4,336056047
{app}\NPA5\Attest\mi2019_info.htm,3173,823f6dfca9525128b70d5d3cc2574c145b27f66b,336061757
{app}\NPA5\Attest\2022\prikaz291n.htm,527449,30ca2c6a701ecb9793bfd5e6f2ff9d4301aa2b0f,336064930
{app}\NPA5\Attest\2022\prikaz298n.htm,3925357,18862af2c7a5cdfa817964eca392543992617e66,336592379
{app}\NPA5\Attest\2022\prikaz291n.files\image001.gif,232,e439c473762f12d769a0185afad174e6cd767aa0,340517736
{app}\NPA5\Attest\2022\prikaz291n.files\image002.gif,216,b371260eb93ce3019eae448716e28870046faf49,340517968
{app}\NPA5\Attest\2023\Приказ 714.htm,100696,d3bf28b5d2c22ed4f6e81eec80eab843d08eb58c,340518184
{app}\NPA5\Attest\laser\snip5804.htm,492807,cdd1c5ba278854c250b10869231cc6c3b8b889c9,340618880
{app}\NPA5\Attest\medosmot\main.htm,1442,565de4029865ed7f10298eddedb238b21e3d663c,341111687
{app}\NPA5\Attest\medosmot\medocmot-1.htm,1188846,fd64a15eaae39f4f20ebc148fe1ce07c3f1207a5,341113129
{app}\NPA5\Attest\medosmot\medocmot-2.htm,167309,5af65b5279d3407a810fec3d7347151d5390d962,342301975
{app}\NPA5\Attest\medosmot\medocmot-3.htm,35206,74f987e3fe7ebd888af7d36e14291588a3082659,342469284
{app}\NPA5\Attest\medosmot\medocmot-4.htm,10440,1a3e2fc96f7ed73fdf240ae5b7728b4871a7516e,342504490
{app}\NPA5\Attest\medosmot\medocmot-5.htm,258097,2e59214a450b2fb50bf350e76dd293064cb8b777,342514930
{app}\NPA5\Attest\medosmot\medocmot-6.htm,15479,dced84b96a7ba1cd030552ce528bc54d159845c6,342773027
{app}\NPA5\Attest\medosmot\medocmot.htm,256698,a9a929cbaf534db8af15911db9faf32235fb73cd,342788506
{app}\NPA5\Attest\medosmot\medocmot95.htm,86400,e1f14aca8afcc61cd509c86ea405a218a7f6539f,343045204
{app}\NPA5\Attest\medosmot\medosmotr_90.htm,1454560,b70eb68922c3614f3278d88c14a60be5ce2d3bcd,343131604
{app}\NPA5\Attest\micro\micro.htm,6352,822ae42ae66896812c6f0eefe4c95de369b896d6,344586164
{app}\NPA5\Attest\micro\МУК 4.3.2756-10.htm,253491,7fac469558f78c7b3dc3eab5d0245a5212912816,344592516
{app}\NPA5\Attest\Osvechen\Osvechen.htm,8752,739ef497ef8078fe3cd2d0db1f97306c07f5c1e5,344846007
{app}\NPA5\Attest\Osvechen\MUOTRM\МУ ОТ РМ 01-98-1.htm,1448,6de88c4aed3cb3558e73a891ccf95cd1f1037abc,344854759
{app}\NPA5\Attest\Osvechen\MUOTRM\МУ ОТ РМ 01-98-2.htm,3901,60851522a315cac4f10c921db959060ad2a10e4e,344856207
{app}\NPA5\Attest\Osvechen\MUOTRM\МУ ОТ РМ 01-98-3.htm,13354,429a068288120a3f832571f7d6f56741cc8d13bf,344860108
{app}\NPA5\Attest\Osvechen\MUOTRM\МУ ОТ РМ 01-98-4.htm,7437,776570e9c5a658a67804e87923100f7052ac4db4,344873462
{app}\NPA5\Attest\Osvechen\MUOTRM\МУ ОТ РМ 01-98-5.htm,8296,a9d4635dceb80df4b861a93b22fa75447956fa92,344880899
{app}\NPA5\Attest\Osvechen\MUOTRM\МУ ОТ РМ 01-98-6.htm,10947,e9494abb09b37edd4958ad6a01642aae25a2e769,344889195
{app}\NPA5\Attest\Osvechen\MUOTRM\МУ ОТ РМ 01-98-п1.htm,3212,71941780905f6e49f1d260b43c9f5396a81d3aa4,344900142
{app}\NPA5\Attest\Osvechen\MUOTRM\МУ ОТ РМ 01-98-п10.htm,55530,6e48278819b91f663dba4c876a910a4ba6149b54,344903354
{app}\NPA5\Attest\Osvechen\MUOTRM\МУ ОТ РМ 01-98-п11.htm,2870,b83509df244535f177b999ad5bf960d12480424d,344958884
{app}\NPA5\Attest\Osvechen\MUOTRM\МУ ОТ РМ 01-98-п12.htm,1715,c52ada440f99116809af9f1e0d708c0950be1d9a,344961754
{app}\NPA5\Attest\Osvechen\MUOTRM\МУ ОТ РМ 01-98-п13.htm,2923,53c710a85e8ef2cc52816aea57991661687507e1,344963469
{app}\NPA5\Attest\Osvechen\MUOTRM\МУ ОТ РМ 01-98-п14.htm,5403,94a9da8831168289be6a37e8e2e0473d32aabe33,344966392
{app}\NPA5\Attest\Osvechen\MUOTRM\МУ ОТ РМ 01-98-п2.htm,4423,697cbc8156fc035f129b5d377a8f3c8a3e392189,344971795
{app}\NPA5\Attest\Osvechen\MUOTRM\МУ ОТ РМ 01-98-п3.htm,7368,446e4726b4a0241e4a563c9580dc5d049a2c048b,344976218
{app}\NPA5\Attest\Osvechen\MUOTRM\МУ ОТ РМ 01-98-п4.htm,8297,130351087241885376cbbf8be0a9da44b08c481f,344983586
{app}\NPA5\Attest\Osvechen\MUOTRM\МУ ОТ РМ 01-98-п5.htm,4076,32a7759dedd049cfe27f2df71c628a520533af38,344991883
{app}\NPA5\Attest\Osvechen\MUOTRM\МУ ОТ РМ 01-98-п6.htm,9191,2001fd25846227e87e73171333325fa3f1f06760,344995959
{app}\NPA5\Attest\Osvechen\MUOTRM\МУ ОТ РМ 01-98-п7.htm,69362,906d0e2dcf52fa5fc236fc63a168d79a5ca55290,345005150
{app}\NPA5\Attest\Osvechen\MUOTRM\МУ ОТ РМ 01-98-п8.htm,2133,27e979f3922ce11e911a5b67b473604348d6527a,345074512
{app}\NPA5\Attest\Osvechen\MUOTRM\МУ ОТ РМ 01-98-п9.htm,6183,1209baa73c361ab472c084502e54c0e8383cb7d4,345076645
{app}\NPA5\Attest\Osvechen\MUOTRM\МУ ОТ РМ 01-98.htm,8776,ed5b962428d11db38a7ad6fed72ab3b9815de9b3,345082828
{app}\NPA5\Attest\Osvechen\MUOTRM\Перечень.htm,5316,a5bfff3df320bbe9298784e95c80fb0f4f457711,345091604
{app}\NPA5\Attest\Osvechen\Spravoch\T a 6 л и ц a 17.htm,21873,d310d283baccbfb30a1511d06f444f012de9d14f,345096920
{app}\NPA5\Attest\Osvechen\Spravoch\T a б л и ц a 14.htm,24267,b861e12aa78df4cab043a6dda8e94d0d0768fff2,345118793
{app}\NPA5\Attest\Osvechen\Spravoch\T a б л и ц a 15.htm,16223,d41740a3e29c2acc5579936a8f7d3a408870983f,345143060
{app}\NPA5\Attest\Osvechen\Spravoch\T a б л и ц a 16.htm,26588,cb103e3245bf9711b0ad7a472eb9b22c7d2a3b31,345159283
{app}\NPA5\Attest\Osvechen\Spravoch\T a б л и ц a 22.htm,11346,67338d1d79cf9543a1816c1c5fb1213870cc5db9,345185871
{app}\NPA5\Attest\Osvechen\Spravoch\T a б л и ц a 23.htm,4778,3d45208bb2e91300948b3bd39c241c4c05270d0f,345197217
{app}\NPA5\Attest\Osvechen\Spravoch\T a б л и ц a 24.htm,11116,e4eae3e5c301517f2cd126c1f0466d1ca7b52afe,345201995
{app}\NPA5\Attest\Osvechen\Spravoch\T a б л и ц a 26.htm,12539,86b723339c0709c9eb453b329e35c7bff4ff206f,345213111
{app}\NPA5\Attest\Osvechen\Spravoch\Taблиua  20.htm,19587,543f5b7f9feab8ed9611ecdc5420036bbcbcddf6,345225650
{app}\NPA5\Attest\Osvechen\Spravoch\Taблицa  12.htm,7627,3688aa3f390509e6da19d1bbe7106d89a016287d,345245237
{app}\NPA5\Attest\Osvechen\Spravoch\Taблицa 10.htm,32186,18ebd917261d8e03cf625d4ae89bf1df915f1a8d,345252864
{app}\NPA5\Attest\Osvechen\Spravoch\Taблицa 11.htm,25057,7c1c013065327ad5daa29cd38af8e2b1940e8deb,345285050
{app}\NPA5\Attest\Osvechen\Spravoch\Taблицa 19.htm,18335,dc3be87d29a1a30d2a60e218a798e70dce3ea2c1,345310107
{app}\NPA5\Attest\Osvechen\Spravoch\Taблицa 21.htm,17225,4dceb5d8642ecf198c42b852bc17931bec7412cb,345328442
{app}\NPA5\Attest\Osvechen\Spravoch\Taблицa 25.htm,9777,0af380ae155660c510c6a3fd4d734396a4024237,345345667
{app}\NPA5\Attest\Osvechen\Spravoch\Taблицa 8.htm,33679,5b058f08ed40f05ed021054e47b31057eabdd2de,345355444
{app}\NPA5\Attest\Osvechen\Spravoch\Taблицa 9.htm,9988,13ef0947858251cee23d9931112279f24f8c6446,345389123
{app}\NPA5\Attest\Osvechen\Spravoch\Taблицa18.htm,7263,f9a685e20e248792643c286a72ef141910a156ce,345399111
{app}\NPA5\Attest\Osvechen\Spravoch\СОДЕРЖАНИЕ.htm,3154,e51b9c741cf64eda5b2d80cb78f53cf7c7f0b015,345406374
{app}\NPA5\Attest\Osvechen\Spravoch\Таблица 13.htm,22715,dea66fd85e034b433b5106b5845f6d03decdb3e3,345409528
{app}\NPA5\Attest\Osvechen\Spravoch\Таблица 6.htm,17316,3cabe53a56a117b11971b1d927476a2f630c7694,345432243
{app}\NPA5\Attest\Osvechen\Spravoch\Таблица 7.htm,5435,55b07a3f35997860965ea98025b199ad1e629e45,345449559
{app}\NPA5\Attest\Osvechen\МУК_4.3.2812-10\МУК 4.3.2812-10.htm,62419,bce7ea8116d074fe3b6090ca7c8b86af9f706a50,345454994
{app}\NPA5\Attest\otpusk\Постановление_298_П_22.htm,7662432,d01bffcee335db505f0e48fbfb3eac9811c38ed4,345517413
{app}\NPA5\Attest\PENS\Bullet7.gif,140,feb31933a3e492293f142d6b4b4656765ea25625,353179845
{app}\NPA5\Attest\PENS\main.htm,19290,3ef560d518b2dc7e8cf5e81193b9658c25835fc6,353179985
{app}\NPA5\Attest\PENS\pkm_26_01_91n10.htm,973480,78653fa25202b7f826e63cb741ff8ac96a8911cf,353199275
{app}\NPA5\Attest\PENS\post_781.htm,133397,1ef046d3e81da86f4abb622f320f0370f5aad3fd,354172755
{app}\NPA5\Attest\PENS\пост от 1 марта 1992 N 130.htm,7485,f0d928964fb8d8dff89ba2030a8bb2287dfcbc86,354306152
{app}\NPA5\Attest\PENS\пост от 13 сентября 1991  N 481.htm,3666,da96f763ddb1b91688cb263164999093711469a9,354313637
{app}\NPA5\Attest\PENS\пост от 18.07.2002.htm,15720,35848a8f7194a86dfd9e38576d0242c9a48b84de,354317303
{app}\NPA5\Attest\PENS\пост от 24 апреля 1992 N 272.htm,5981,0468a2f37f86679ea0ce9e15a892752ef6b19041,354333023
{app}\NPA5\Attest\PENS\пост от 24 апреля 1992 г. N 273.htm,4204,aa277cac36809c4c58698036c2c5f0b4c17c73dd,354339004
{app}\NPA5\Attest\PENS\пост от 4 сентября 1991 N 459.htm,11142,240dbc275cd19de992241a1f45e82296d8bab29d,354343208
{app}\NPA5\Attest\PENS\пост от 7 июля 1992 N 467.htm,2977,7849f64c1c64be9492b30414af35205bc7c63080,354354350
{app}\NPA5\Attest\PENS\FZ-400\FZ-400.htm,304644,9668597f9ed6026d71398eb423d2bb6d86f806ee,354357327
{app}\NPA5\Attest\PENS\FZ-400\FZ-400.files\image001.gif,910,02228a6903c119abb59a00ba5e54e037278765b5,354661971
{app}\NPA5\Attest\PENS\FZ-400\FZ-400.files\image002.gif,346,7c0ba1a2942673f7d6f40e2e5994a81107fb19b1,354662881
{app}\NPA5\Attest\PENS\FZ-400\FZ-400.files\image003.gif,1056,22a62b19d570586df6d409b35a17505ecc7f6e2c,354663227
{app}\NPA5\Attest\PENS\FZ-400\FZ-400.files\image004.gif,1027,a7bc1a8e250000227550bdbcbbcb33d03381c296,354664283
{app}\NPA5\Attest\PENS\FZ-400\FZ-400.files\image005.gif,353,fd0c7a2acc0807d1086696e608160fa2c9aff672,354665310
{app}\NPA5\Attest\PENS\FZ-400\FZ-400.files\image006.gif,1094,b9e7d59e293a1aa76ec469b316f114d7550b66c2,354665663
{app}\NPA5\Attest\PENS\FZ-400\FZ-400.files\image007.gif,531,f5b06a480da0cf682ac111e193c6512d5a9bc7ca,354666757
{app}\NPA5\Attest\PENS\FZ-400\FZ-400.files\image008.gif,1116,e4022f9a691794c476c357b76e0e7a3e57fcd32d,354667288
{app}\NPA5\Attest\PENS\FZ-400\FZ-400.files\image009.gif,512,95d6775c45e1949987d19ba3fe8ca9c0a41ce49e,354668404
{app}\NPA5\Attest\PENS\fz_173\fz_173.htm,342721,71e4d8cd2f958d870aa4b4f8c34106f6ab7a4564,354668916
{app}\NPA5\Attest\PENS\изменения\Пост Минтруда РФ от 11 июня 1992 г. N 21з.htm,5818,a06d49c4fbf44489c4da1b1c2e596348ac6f56bb,355011637
{app}\NPA5\Attest\PENS\изменения\Пост Минтруда РФ от 11 мая 1993 г. N 105.htm,468432,669cfe01cdc95c682256b03f0a0a9c0a132a3a4d,355017455
{app}\NPA5\Attest\PENS\изменения\Пост Минтруда РФ от 22 мая 1996 г. N 29.htm,24616,832b66c99086cfc059f2f6699ab981100dfdc2fc,355485887
{app}\NPA5\Attest\PENS\изменения\Пост Минтруда РФ от 23 июня 1995 г. N 34.htm,67407,92a91c770824fa0fa11203898cd4d8ba10391f8b,355510503
{app}\NPA5\Attest\PENS\изменения\Пост Минтруда РФ от 25 февраля 1994 г. N 18.htm,90255,35c49d450bdf355b777bbf1d080c9c6407b6c15a,355577910
{app}\NPA5\Attest\PENS\изменения\Пост Минтруда РФ от 30 сентября 1997 г. N 51.htm,187137,306697ce4e4749f78dc8da9252288277022b9262,355668165
{app}\NPA5\Attest\PENS\пост от 26 января 1991 г. N 10\pencia.htm,1219235,a88589077459257b3be94514ef2bc930890e0f18,355855302
{app}\NPA5\Attest\plan_mer\планир.мероприятий.htm,53365,cb15b071359e6d0aff7c51a65e0269fa8d6d04e0,357074537
{app}\NPA5\Attest\post_101\p_101.htm,61711,bcf8d574b94cb26b7ca6abd7f27ad3ee9cf8c4e4,357127902
{app}\NPA5\Attest\post_101\p_101.files\filelist.xml,161,7ff44bbe01a631fe0dce8b3cdab90fa06827db08,357189613
{app}\NPA5\Attest\post_101\p_101.files\header.htm,1942,44134f63196905c676811ab748ef85a8d506342b,357189774
{app}\NPA5\Attest\post_162\post_162.htm,138363,93707143f69670cc1357e981f4b4be678f4902ef,357191716
{app}\NPA5\Attest\post_163\post_163.htm,392946,9a5e715a106825e7a3fdde422b34edfdd4a16551,357330079
{app}\NPA5\Attest\post_191\p191.htm,11668,42fff99b3b1fd0e9ad4f87def8f068fde559dce3,357723025
{app}\NPA5\Attest\post_298_3_1990\post_298_3_1990.htm,6717,c6150d9c17354f72f7ceba9fe512939df8445b5c,357734693
{app}\NPA5\Attest\post_466\p466.htm,28756,a0a366fb4a96c2f8817f286db94c049537004779,357741410
{app}\NPA5\Attest\post_482\post_482.htm,23342,1962244e433ef51091c99cf72c9d7500ecedb098,357770166
{app}\NPA5\Attest\post_647\post_647.htm,52727,c938da14220c090ed5480ce9f4d81146d7726e5a,357793508
{app}\NPA5\Attest\post_724\p_724.htm,84330,bd1c4d8f838e86be96e998674e7650826f302aca,357846235
{app}\NPA5\Attest\post_n20\post_n20.htm,35909,4f257cd4c8c13343be8ee4d68b0b942f09064e9c,357930565
{app}\NPA5\Attest\prikaz_1601\p1601.htm,51601,c81e5e72d5a13f0cde8b4accafd38d45bdf25859,357966474
{app}\NPA5\Attest\prikaz_2009\45н.htm,306253,80b0958f9194dfc069277643d65b03a67028e361,358018075
{app}\NPA5\Attest\prikaz_2009\46н.htm,2859612,f79c3bc883e2dd965c8c416eb5acf0c7f6d2a038,358324328
{app}\NPA5\Attest\prikaz_2075\prikaz_2075.htm,19490,732d81a00473e1e81e7326a5de01cf779d1c1a5a,361183940
{app}\NPA5\Attest\prikaz_29n\prikaz_29n.htm,595603,997e204ec48edbd1386d67d6a278576ee73e6919,361203430
{app}\NPA5\Attest\prikaz_302n\prikaz_302n.htm,796790,64d1ab716985554a9f1ccaeebf06237e14782c4e,361799033
{app}\NPA5\Attest\prikaz_342n\342н.htm,321890,5569404078cb72c51805a15276e33630c9fe61f4,362595823
{app}\NPA5\Attest\prikaz_342n\АРМ_приказ_342н.htm,277025,698b6c97ff4f5ed30ea68c94dd959c0999c1944c,362917713
{app}\NPA5\Attest\prikaz_342n\АРМ_приказ_342н.ht_,438272,9fafdb650db04849f6023244aa37bf418d444f01,363194738
{app}\NPA5\Attest\prikaz_342n\АРМ_приказ_342н.files\header.ht_,0,da39a3ee5e6b4b0d3255bfef95601890afd80709,363633010
{app}\NPA5\Attest\prikaz_512\prikaz_512.htm,70213,7e30ecda434de122e19d0891ce45b9d179f29cd9,363633010
{app}\NPA5\Attest\prikaz_984n\prikaz_984n.htm,379038,d586d207e6c2086728c7f31065388f6e77ce789c,363703223
{app}\NPA5\Attest\prikaz_984n\prikaz_984n.files\image001.gif,1499,9b948dd4299cb9919f9c69ce2cd1a764f77b46be,364082261
{app}\NPA5\Attest\prikaz_998n\prikaz_998n.htm,71652,61c0d2faf9ff70382747f0acccc78fa6c3a5a801,364083760
{app}\NPA5\Attest\Доплаты\Доплаты.htm,134276,16b11f8314a6f29ee404de6434e73706057100bc,364155412
{app}\NPA5\fz-426\fz-426.htm,151695,ad1ec7009fd5db0e187e6138e8e1edb65a84e062,364289688
{app}\NPA5\fz-426\fz-426.files\image001.gif,347,5a141aea8363ca3338695ab0a6149d74e52d82e2,364441383
{app}\NPA5\GOST\ГОСТ ISO 9612-2016\ГОСТ ISO 9612-2016.htm,345582,d786a9b97a77653a9dab42409b5f5beeb77f8938,364441730
{app}\NPA5\GOST\ГОСТ ISO 9612-2016\ГОСТ ISO 9612-2016.files\image001.gif,163,cde62ee3c71fb19c6eb8809ea0ef1cb320e4c1e3,364787312
{app}\NPA5\GOST\ГОСТ ISO 9612-2016\ГОСТ ISO 9612-2016.files\image002.gif,176,845464eeb4464b91854683958f0d5ed60b826624,364787475
{app}\NPA5\GOST\ГОСТ ISO 9612-2016\ГОСТ ISO 9612-2016.files\image003.gif,91,46a395db13db04383cf9c1abe1e6c1057d22dfdf,364787651
{app}\NPA5\GOST\ГОСТ ISO 9612-2016\ГОСТ ISO 9612-2016.files\image004.gif,94,1499bf4df213747fa26c607e4123965e14ba4732,364787742
{app}\NPA5\GOST\ГОСТ ISO 9612-2016\ГОСТ ISO 9612-2016.files\image005.gif,108,1f7bb3eeba97d45ab4a08c8afd02aba0afab7059,364787836
{app}\NPA5\GOST\ГОСТ ISO 9612-2016\ГОСТ ISO 9612-2016.files\image006.gif,105,e9dd163242ff8352743a726301a3585f71e104a8,364787944
{app}\NPA5\GOST\ГОСТ ISO 9612-2016\ГОСТ ISO 9612-2016.files\image007.jpg,3302,eabcb7b4d95185435470ccc850f853c94861238c,364788049
{app}\NPA5\GOST\ГОСТ ISO 9612-2016\ГОСТ ISO 9612-2016.files\image008.jpg,2195,02882382f729e98a5ea9a7909feec5766971f5e3,364791351
{app}\NPA5\GOST\ГОСТ ISO 9612-2016\ГОСТ ISO 9612-2016.files\image009.gif,186,1380235a1830261151a3176b6556fdf2167084e2,364793546
{app}\NPA5\GOST\ГОСТ ISO 9612-2016\ГОСТ ISO 9612-2016.files\image010.gif,103,2cbfea5b514a4323a8fc361257ff03169af758d1,364793732
{app}\NPA5\GOST\ГОСТ ISO 9612-2016\ГОСТ ISO 9612-2016.files\image011.gif,105,11ae5fcb5c28b3a7742598e709f245afc9e5e198,364793835
{app}\NPA5\GOST\ГОСТ ISO 9612-2016\ГОСТ ISO 9612-2016.files\image012.gif,196,29c21ba6861d7d3cac30f7125000bf0190e496e2,364793940
{app}\NPA5\GOST\ГОСТ ISO 9612-2016\ГОСТ ISO 9612-2016.files\image013.jpg,3425,e4c9a700c594319f07d80ef3dbb1b83adf196fe9,364794136
{app}\NPA5\GOST\ГОСТ ISO 9612-2016\ГОСТ ISO 9612-2016.files\image014.gif,186,7d0267589dc7acccd508d0b79cc29deb61e86c1f,364797561
{app}\NPA5\GOST\ГОСТ ISO 9612-2016\ГОСТ ISO 9612-2016.files\image015.gif,155,eee02446cb81550c1a942dcfe5c7a78a68fa72aa,364797747
{app}\NPA5\GOST\ГОСТ ISO 9612-2016\ГОСТ ISO 9612-2016.files\image016.jpg,3332,c6d915c125a852ec13ff048506460da86b3303b1,364797902
{app}\NPA5\GOST\ГОСТ ISO 9612-2016\ГОСТ ISO 9612-2016.files\image017.jpg,21535,53b918ef9d5dec41ecf30ce81a448ca2a03d7640,364801234
{app}\NPA5\GOST\ГОСТ ISO 9612-2016\ГОСТ ISO 9612-2016.files\image018.gif,89,398f61fa8dd86e103fca9135c0dbda5f79f16b0e,364822769
{app}\NPA5\GOST\ГОСТ ISO 9612-2016\ГОСТ ISO 9612-2016.files\image019.gif,117,ad345d612203023fe18bb0092dab97a059d52c41,364822858
{app}\NPA5\GOST\ГОСТ ISO 9612-2016\ГОСТ ISO 9612-2016.files\image020.gif,118,873f4b8199e75df7682ad95f7504fdef0d769618,364822975
{app}\NPA5\GOST\ГОСТ ISO 9612-2016\ГОСТ ISO 9612-2016.files\image021.gif,148,94b15fd71586ede5ecf63f583e894b0ac4b3e892,364823093
{app}\NPA5\GOST\ГОСТ ISO 9612-2016\ГОСТ ISO 9612-2016.files\image022.gif,90,252d4fab616590f3b03bc39dc16db21080f06523,364823241
{app}\NPA5\GOST\ГОСТ ISO 9612-2016\ГОСТ ISO 9612-2016.files\image023.gif,89,edc3eff0996ad7d1225110f96ae3299b9660ef64,364823331
{app}\NPA5\GOST\ГОСТ ISO 9612-2016\ГОСТ ISO 9612-2016.files\image024.gif,112,1336df7a8421454d2be5c995653ea7c8a93337ca,364823420
{app}\NPA5\GOST\ГОСТ ISO 9612-2016\ГОСТ ISO 9612-2016.files\image025.gif,142,51efa1979a1e327f314d8677ef52398f0378f316,364823532
{app}\NPA5\GOST\ГОСТ ISO 9612-2016\ГОСТ ISO 9612-2016.files\image026.gif,149,07ede61722d1d4c1767073655aec70c2949fd9da,364823674
{app}\NPA5\GOST\ГОСТ ISO 9612-2016\ГОСТ ISO 9612-2016.files\image027.gif,154,33924a1df43f32592e39cc66938f24500246a631,364823823
{app}\NPA5\GOST\ГОСТ ISO 9612-2016\ГОСТ ISO 9612-2016.files\image028.gif,179,15a86b0cf3d9740232bf1696aa4c3f5930e8c446,364823977
{app}\NPA5\GOST\ГОСТ ISO 9612-2016\ГОСТ ISO 9612-2016.files\image029.gif,153,4b9c953ca69489b50b4fc08ecdb14790a430e044,364824156
{app}\NPA5\GOST\ГОСТ ISO 9612-2016\ГОСТ ISO 9612-2016.files\image030.gif,165,e1ee522cb2284bd339ceb9e80ece6e872b6a51dc,364824309
{app}\NPA5\GOST\ГОСТ ISO 9612-2016\ГОСТ ISO 9612-2016.files\image031.gif,174,cae783cb44bdac4bae9f9a568c57355d86d9f140,364824474
{app}\NPA5\GOST\ГОСТ ISO 9612-2016\ГОСТ ISO 9612-2016.files\image032.gif,165,2ed9cd7092a56970d78334321a022ad259f88cf5,364824648
{app}\NPA5\GOST\ГОСТ ISO 9612-2016\ГОСТ ISO 9612-2016.files\image033.gif,182,41a164ed0cbaa196aecba4f9cb780b09ebcdb14b,364824813
{app}\NPA5\GOST\ГОСТ ISO 9612-2016\ГОСТ ISO 9612-2016.files\image034.gif,156,bbc54dc205fbc407b4dea731278e9aefbb6cdef1,364824995
{app}\NPA5\GOST\ГОСТ ISO 9612-2016\ГОСТ ISO 9612-2016.files\image035.gif,98,eab9be6a62122d8b0efd645eb66c087268f49fc7,364825151
{app}\NPA5\GOST\ГОСТ ISO 9612-2016\ГОСТ ISO 9612-2016.files\image036.gif,97,997896c8b0c3d067dbae843bb6d98a596b4ffc29,364825249
{app}\NPA5\GOST\ГОСТ ISO 9612-2016\ГОСТ ISO 9612-2016.files\image037.gif,145,63e683f181fa2116f55d2e9951a6b6f91e42a0f6,364825346
{app}\NPA5\GOST\ГОСТ ISO 9612-2016\ГОСТ ISO 9612-2016.files\image038.gif,100,29cf0ba1bcc9ab8cf67b5bb0d34a051aa92d801c,364825491
{app}\NPA5\GOST\ГОСТ ISO 9612-2016\ГОСТ ISO 9612-2016.files\image039.gif,135,2a5f9289eed732f18102660b7ecc9e12a080a628,364825591
{app}\NPA5\GOST\ГОСТ ISO 9612-2016\ГОСТ ISO 9612-2016.files\image040.gif,100,da0d0c58630bd03cee5cedbf9724c97207e2617a,364825726
{app}\NPA5\GOST\ГОСТ ISO 9612-2016\ГОСТ ISO 9612-2016.files\image041.gif,101,14ef0d10aa5b3189a3abbda41d92e00246c31823,364825826
{app}\NPA5\GOST\ГОСТ ISO 9612-2016\ГОСТ ISO 9612-2016.files\image042.gif,96,450af8c02e5197b6d9453880e9cc03e7e514cd64,364825927
{app}\NPA5\GOST\ГОСТ ISO 9612-2016\ГОСТ ISO 9612-2016.files\image043.gif,95,73c31e9b545b835ee23a3400a52b7f1914f89f24,364826023
{app}\NPA5\GOST\ГОСТ ISO 9612-2016\ГОСТ ISO 9612-2016.files\image044.gif,99,036122a9f7a531530ace3bf39772c822ad25910a,364826118
{app}\NPA5\GOST\ГОСТ ISO 9612-2016\ГОСТ ISO 9612-2016.files\image045.gif,118,9cce4f14e05cde41baa73aab122c1f88e0ad6eb3,364826217
{app}\NPA5\GOST\ГОСТ ISO 9612-2016\ГОСТ ISO 9612-2016.files\image046.gif,97,31ddce37a8e2b2e830c6623a64391b1ffe92da2f,364826335
{app}\NPA5\GOST\ГОСТ ISO 9612-2016\ГОСТ ISO 9612-2016.files\image047.gif,91,4f0765e1456aef3b960a29e70807ccdb4cc54199,364826432
{app}\NPA5\GOST\ГОСТ ISO 9612-2016\ГОСТ ISO 9612-2016.files\image048.gif,92,bae448f02c1fab8a3736fbc51c34300208d02444,364826523
{app}\NPA5\GOST\ГОСТ ISO 9612-2016\ГОСТ ISO 9612-2016.files\image049.gif,107,7ce614033cfa6ab4206f03fbbad241efa4099807,364826615
{app}\NPA5\GOST\ГОСТ ISO 9612-2016\ГОСТ ISO 9612-2016.files\image050.gif,121,5aca8506505df0de60afc7cddf13ab115b59ce69,364826722
{app}\NPA5\GOST\ГОСТ ISO 9612-2016\ГОСТ ISO 9612-2016.files\image051.gif,123,f43efc41121539da8722e5eae56f446d58f29987,364826843
{app}\NPA5\GOST\ГОСТ ISO 9612-2016\ГОСТ ISO 9612-2016.files\image052.gif,92,824b6e6ee1dada532b0f8cb4b44e2ed3a20f6eaf,364826966
{app}\NPA5\GOST\ГОСТ ISO 9612-2016\ГОСТ ISO 9612-2016.files\image053.gif,114,efe5d6819dd2a58376600f093a6024428c22e0a4,364827058
{app}\NPA5\GOST\ГОСТ ISO 9612-2016\ГОСТ ISO 9612-2016.files\image054.gif,92,bebd5a1b964a2055108b853cf097a92c19e1c6e3,364827172
{app}\NPA5\GOST\ГОСТ ISO 9612-2016\ГОСТ ISO 9612-2016.files\image055.gif,111,95a556b9f37c2a198569c8b10f7295e3caf05ad5,364827264
{app}\NPA5\GOST\ГОСТ ISO 9612-2016\ГОСТ ISO 9612-2016.files\image056.gif,135,c427048626f0f86b78592dcd84e900e0ae7b9f1a,364827375
{app}\NPA5\GOST\ГОСТ ISO 9612-2016\ГОСТ ISO 9612-2016.files\image057.gif,117,b592772494a26c06f904052f2db0634605bf59a8,364827510
{app}\NPA5\GOST\ГОСТ ISO 9612-2016\ГОСТ ISO 9612-2016.files\image058.jpg,1777,0eefcd3220fad00e1783bbe3baad487f831cb8c8,364827627
{app}\NPA5\GOST\ГОСТ ISO 9612-2016\ГОСТ ISO 9612-2016.files\image059.jpg,1421,85e444ccdad9b35e699e0adf2f4ec415d8d48525,364829404
{app}\NPA5\GOST\ГОСТ ISO 9612-2016\ГОСТ ISO 9612-2016.files\image060.gif,199,16d032fa232bb4cca49cd495970e0274cc45be76,364830825
{app}\NPA5\GOST\ГОСТ ISO 9612-2016\ГОСТ ISO 9612-2016.files\image061.jpg,28647,598abe015612200cdf15187a4e742100a024e1c4,364831024
{app}\NPA5\GOST\ГОСТ ISO 9612-2016\ГОСТ ISO 9612-2016.files\image062.jpg,3084,8a4699ae61fc560e629c889d04714ca454958a7b,364859671
{app}\NPA5\GOST\ГОСТ ISO 9612-2016\ГОСТ ISO 9612-2016.files\image063.gif,203,e6066214019ed11788a64c7ad1b4fb0a9aa5d08f,364862755
{app}\NPA5\GOST\ГОСТ ISO 9612-2016\ГОСТ ISO 9612-2016.files\image064.gif,185,0d09f44fe960d2779d01bdcb87bdb64681f0c0f1,364862958
{app}\NPA5\GOST\ГОСТ ISO 9612-2016\ГОСТ ISO 9612-2016.files\image065.jpg,3059,5a3f2fbeac85767b7aa8ca6291401f5b5c0cdc92,364863143
{app}\NPA5\GOST\ГОСТ ISO 9612-2016\ГОСТ ISO 9612-2016.files\image066.jpg,3734,f09c64af0df2141d6b03716414e2909bf9e9bdeb,364866202
{app}\NPA5\GOST\ГОСТ ISO 9612-2016\ГОСТ ISO 9612-2016.files\image067.jpg,3347,9776ce02dc1a4a8acc6f482a04eb39a3db282681,364869936
{app}\NPA5\GOST\ГОСТ ISO 9612-2016\ГОСТ ISO 9612-2016.files\image068.gif,105,4cc4d342b9831a89a6948d0eb824a4c7e2c122a1,364873283
{app}\NPA5\GOST\ГОСТ ISO 9612-2016\ГОСТ ISO 9612-2016.files\image069.gif,203,fe3420371fcb75d6805dcad3636a9f2be67c7ce9,364873388
{app}\NPA5\GOST\ГОСТ ISO 9612-2016\ГОСТ ISO 9612-2016.files\image070.gif,189,a194525d76bc0f21859670b36ebb6f029155be49,364873591
{app}\NPA5\GOST\ГОСТ ISO 9612-2016\ГОСТ ISO 9612-2016.files\image071.jpg,3163,2b2c6960119dda9595b5c4c723d1f2d9fcc7608f,364873780
{app}\NPA5\GOST\ГОСТ ISO 9612-2016\ГОСТ ISO 9612-2016.files\image072.gif,197,495a4eafbadf22b2cfbe84d756159a70c4f72cd2,364876943
{app}\NPA5\GOST\ГОСТ ISO 9612-2016\ГОСТ ISO 9612-2016.files\image073.jpg,2695,a48d65daf5fb9be78fdfe989b9ab6730e94458c4,364877140
{app}\NPA5\GOST\ГОСТ ISO 9612-2016\ГОСТ ISO 9612-2016.files\image074.gif,116,1f0b9cfc7ff0e320b7b14fa31ae2a583dc8fb154,364879835
{app}\NPA5\GOST\ГОСТ ISO 9612-2016\ГОСТ ISO 9612-2016.files\image075.gif,119,c36c8107491b8511550e48c5370a2c0cc5e2330a,364879951
{app}\NPA5\GOST\ГОСТ ISO 9612-2016\ГОСТ ISO 9612-2016.files\image076.gif,93,db8fbac00ccfb9d501354cf6d4c4e4bfd01062da,364880070
{app}\NPA5\GOST\ГОСТ ISO 9612-2016\ГОСТ ISO 9612-2016.files\image077.gif,98,ebf59b0ae6c4ba93a97b48820be0b14c5667109d,364880163
{app}\NPA5\GOST\ГОСТ ISO 9612-2016\ГОСТ ISO 9612-2016.files\image078.jpg,2212,4637c19128556cfbc1138de63fcdf9e059159915,364880261
{app}\NPA5\GOST\ГОСТ ISO 9612-2016\ГОСТ ISO 9612-2016.files\image079.gif,91,5e8d34e7ec3c9c5c5fe6f0bd6d3c298c8fcf5868,364882473
{app}\NPA5\GOST\ГОСТ ISO 9612-2016\ГОСТ ISO 9612-2016.files\image080.gif,83,7b7a0a2b1f1c9b7a47351f4f17879d8735703d98,364882564
{app}\NPA5\GOST\ГОСТ ISO 9612-2016\ГОСТ ISO 9612-2016.files\image081.gif,81,51a9d3fe743db9a38db8f477b9e44d3dc8796573,364882647
{app}\NPA5\GOST\ГОСТ ISO 9612-2016\ГОСТ ISO 9612-2016.files\image082.gif,86,0951f45fd43a93594137d819e3b9bd9606b28373,364882728
{app}\NPA5\GOST\ГОСТ ISO 9612-2016\ГОСТ ISO 9612-2016.files\image083.gif,97,aa77a69aed4b2198b029817d6db6b1faa132c6a1,364882814
{app}\NPA5\GOST\ГОСТ ISO 9612-2016\ГОСТ ISO 9612-2016.files\image084.gif,89,a5f8a632620cc9a05fcdc95e037da77da7c2b38b,364882911
{app}\NPA5\GOST\ГОСТ ISO 9612-2016\ГОСТ ISO 9612-2016.files\image085.jpg,1410,79ffcf60362e83e9191a74fe5a5b5cdaddaeb305,364883000
{app}\NPA5\GOST\ГОСТ ISO 9612-2016\ГОСТ ISO 9612-2016.files\image086.jpg,3504,7bcb1fc978c215027d636777af4463c83b5d6538,364884410
{app}\NPA5\GOST\ГОСТ ISO 9612-2016\ГОСТ ISO 9612-2016.files\image087.gif,213,1f2e00223530418af533b566cc49729cd514c166,364887914
{app}\NPA5\GOST\ГОСТ ISO 9612-2016\ГОСТ ISO 9612-2016.files\image088.jpg,2269,b357765c40ffc078efa55b780b57bf90f897f55c,364888127
{app}\NPA5\GOST\ГОСТ ISO 9612-2016\ГОСТ ISO 9612-2016.files\image089.gif,110,61d0b4fa27af6c235a5d6c7b8dad832e3b0094c5,364890396
{app}\NPA5\GOST\ГОСТ ISO 9612-2016\ГОСТ ISO 9612-2016.files\image090.gif,109,4d2ad8d99f163cfe260d1eae1890dc2a1545df05,364890506
{app}\NPA5\GOST\ГОСТ ISO 9612-2016\ГОСТ ISO 9612-2016.files\image091.gif,142,7571a8dccd8359d26f3f76f7680e0a9ded14e6a5,364890615
{app}\NPA5\GOST\ГОСТ ISO 9612-2016\ГОСТ ISO 9612-2016.files\image092.jpg,5252,b4c4040b6add8f19477b21524b908b85904e8a51,364890757
{app}\NPA5\GOST\ГОСТ ISO 9612-2016\ГОСТ ISO 9612-2016.files\image093.gif,138,69019abdb773767fdfd330c73b522bb2d795de4e,364896009
{app}\NPA5\GOST\ГОСТ ISO 9612-2016\ГОСТ ISO 9612-2016.files\image094.gif,139,ddb0a84b5f12764012b464ad0ec8dfb86abb60db,364896147
{app}\NPA5\GOST\ГОСТ ISO 9612-2016\ГОСТ ISO 9612-2016.files\image095.gif,127,1e23a92e6de182f47c2a2199fa585637c8a7ef4a,364896286
{app}\NPA5\GOST\ГОСТ ISO 9612-2016\ГОСТ ISO 9612-2016.files\image096.gif,100,a68d3049f3c82593ddd971bf299c5cf0845582b5,364896413
{app}\NPA5\GOST\ГОСТ ISO 9612-2016\ГОСТ ISO 9612-2016.files\image097.gif,133,3fd8c06b30b36e8bcb42313c4c5c71e296f14bbd,364896513
{app}\NPA5\GOST\ГОСТ ISO 9612-2016\ГОСТ ISO 9612-2016.files\image098.gif,133,b99f22c0a6460c1bf8717fe984b7f7045c914a2f,364896646
{app}\NPA5\GOST\ГОСТ ISO 9612-2016\ГОСТ ISO 9612-2016.files\image099.gif,121,78839587c4e756ae2b2261cf8667df7e81811323,364896779
{app}\NPA5\GOST\ГОСТ ISO 9612-2016\ГОСТ ISO 9612-2016.files\image100.gif,121,58ca2a9004b8613c5ec13f9dc498ea521dd24677,364896900
{app}\NPA5\GOST\ГОСТ ISO 9612-2016\ГОСТ ISO 9612-2016.files\image101.gif,88,6bed38d5308fdbebfafafc04068194e7688d925b,364897021
{app}\NPA5\GOST\ГОСТ ISO 9612-2016\ГОСТ ISO 9612-2016.files\image102.gif,103,955babe5810003107b8a770fa40c20a69aa14eab,364897109
{app}\NPA5\GOST\ГОСТ ISO 9612-2016\ГОСТ ISO 9612-2016.files\image103.gif,166,9c4db10d8347e8254df3226a287825ce36234186,364897212
{app}\NPA5\GOST\ГОСТ ISO 9612-2016\ГОСТ ISO 9612-2016.files\image104.gif,160,23110828ad08ee75995929a87a6c8257d38b770b,364897378
{app}\NPA5\GOST\ГОСТ ISO 9612-2016\ГОСТ ISO 9612-2016.files\image105.gif,162,e9dda64234ce5db5d0261bca1a7f58b2d035d73f,364897538
{app}\NPA5\GOST\ГОСТ ISO 9612-2016\ГОСТ ISO 9612-2016.files\image106.gif,109,bb3f0619b7db832c0ad5c9d4136289ca924d6325,364897700
{app}\NPA5\GOST\ГОСТ ISO 9612-2016\ГОСТ ISO 9612-2016.files\image107.gif,154,ae7a1329697cbbd8976d5b0a866ec2f6c1aa863a,364897809
{app}\NPA5\GOST\ГОСТ ISO 9612-2016\ГОСТ ISO 9612-2016.files\image108.gif,109,f5645908abc4d19a7d5ff7a6e861ac8d482d6faa,364897963
{app}\NPA5\GOST\ГОСТ ISO 9612-2016\ГОСТ ISO 9612-2016.files\image109.gif,139,d9bae30bf865be129d84e7420790284a637b7c83,364898072
{app}\NPA5\GOST\ГОСТ ISO 9612-2016\ГОСТ ISO 9612-2016.files\image110.jpg,3401,8751df4ed9daf0a497d8a6afcb044e703c574b7f,364898211
{app}\NPA5\GOST\ГОСТ ISO 9612-2016\ГОСТ ISO 9612-2016.files\image111.jpg,2137,563d36b48f372698c292feb2313956b4f761b663,364901612
{app}\NPA5\GOST\ГОСТ ISO 9612-2016\ГОСТ ISO 9612-2016.files\image112.jpg,5058,02b537d327ceed12af6b18aeab1b76d32f67614c,364903749
{app}\NPA5\GOST\ГОСТ ISO 9612-2016\ГОСТ ISO 9612-2016.files\image113.gif,209,8880b2d69fedbba9bedb9d2d82eb019be4d1fea6,364908807
{app}\NPA5\GOST\ГОСТ ISO 9612-2016\ГОСТ ISO 9612-2016.files\image114.jpg,3192,3afe6fef71f3481a0e363c9296ccd50fd3cde054,364909016
{app}\NPA5\GOST\ГОСТ ISO 9612-2016\ГОСТ ISO 9612-2016.files\image115.jpg,3008,333a9230bd4455d2ed21ac1641a73e199c481059,364912208
{app}\NPA5\GOST\ГОСТ ISO 9612-2016\ГОСТ ISO 9612-2016.files\image116.gif,130,9c2354574be15b45aa4ab112e5e1dc26e3ab3636,364915216
{app}\NPA5\GOST\ГОСТ ISO 9612-2016\ГОСТ ISO 9612-2016.files\image117.gif,135,cd1e21c949228c53bf55b3ec4a3ce23cdc652fdb,364915346
{app}\NPA5\GOST\ГОСТ ISO 9612-2016\ГОСТ ISO 9612-2016.files\image118.jpg,3647,81346239f48b628b75924a177bcd29c77338948f,364915481
{app}\NPA5\GOST\ГОСТ ISO 9612-2016\ГОСТ ISO 9612-2016.files\image119.gif,208,c4a3e5597feb42322e20eec84b986d39239d8a02,364919128
{app}\NPA5\GOST\ГОСТ ISO 9612-2016\ГОСТ ISO 9612-2016.files\image120.jpg,2384,8add744a84fbc2ace2e0b4a826b482f7a46090ec,364919336
{app}\NPA5\GOST\ГОСТ ISO 9612-2016\ГОСТ ISO 9612-2016.files\image121.jpg,2593,272e9ff8765ada382b3756b85e70d0acd215b672,364921720
{app}\NPA5\GOST\ГОСТ ISO 9612-2016\ГОСТ ISO 9612-2016.files\image122.gif,118,d6e454ce07a2683cb3ff742e63e582a78ef09ba0,364924313
{app}\NPA5\GOST\ГОСТ ISO 9612-2016\ГОСТ ISO 9612-2016.files\image123.gif,96,70a18ca0fb8f94d2c9c0de7d0fc5520fcdbd8170,364924431
{app}\NPA5\GOST\ГОСТ ISO 9612-2016\ГОСТ ISO 9612-2016.files\image124.gif,95,ca3edc3dc869d48d94e564a36680309490e93dc3,364924527
{app}\NPA5\GOST\ГОСТ ISO 9612-2016\ГОСТ ISO 9612-2016.files\image125.gif,157,e370c6fdbc009b7ce8d9845f63244a8df2eb80ab,364924622
{app}\NPA5\GOST\ГОСТ ISO 9612-2016\ГОСТ ISO 9612-2016.files\image126.gif,156,ff738413d71e58bc96459f0afc69a20af3034276,364924779
{app}\NPA5\GOST\ГОСТ ISO 9612-2016\ГОСТ ISO 9612-2016.files\image127.gif,165,15c2ffa9d8df5dc6cda542230aa9b4c9fdfffc5f,364924935
{app}\NPA5\GOST\ГОСТ ISO 9612-2016\ГОСТ ISO 9612-2016.files\image128.gif,108,0d9223a0fd67d71bfed25acd9719aaabade0740c,364925100
{app}\NPA5\GOST\ГОСТ ISO 9612-2016\ГОСТ ISO 9612-2016.files\image129.gif,100,8ca3080c82feed20e900ec248e16a6af9e4e0607,364925208
{app}\NPA5\GOST\ГОСТ ISO 9612-2016\ГОСТ ISO 9612-2016.files\image130.jpg,3561,215348d9ea8c84804ead4a11aaf1311869e7700e,364925308
{app}\NPA5\GOST\ГОСТ ISO 9612-2016\ГОСТ ISO 9612-2016.files\image131.gif,205,95e045fcb3eaf768c9a8577d2757837bb594ae99,364928869
{app}\NPA5\GOST\ГОСТ ISO 9612-2016\ГОСТ ISO 9612-2016.files\image132.jpg,1862,db432c26c4ff5bc7fa045d461f51203e800881d7,364929074
{app}\NPA5\GOST\ГОСТ ISO 9612-2016\ГОСТ ISO 9612-2016.files\image133.gif,305,11a4ef38727c032f0b67bc6b5fe87a7013fd641e,364930936
{app}\NPA5\GOST\ГОСТ ISO 9612-2016\ГОСТ ISO 9612-2016.files\image134.gif,114,678ddf7d37c4bbdbb5692ae2700795a813cd854b,364931241
{app}\NPA5\GOST\ГОСТ ISO 9612-2016\ГОСТ ISO 9612-2016.files\image135.gif,360,4931ab1c46f5d165fbbb72a2e364c3bf189f3ea7,364931355
{app}\NPA5\GOST\ГОСТ ISO 9612-2016\ГОСТ ISO 9612-2016.files\image136.gif,356,5c58670263d3edef3c52db7553c466c6322ba0e8,364931715
{app}\NPA5\GOST\ГОСТ ISO 9612-2016\ГОСТ ISO 9612-2016.files\image137.jpg,2944,31949a62923cc2f7ca6ec7422b97e30109cf9453,364932071
{app}\NPA5\GOST\ГОСТ ISO 9612-2016\ГОСТ ISO 9612-2016.files\image138.jpg,3464,6ebce9ebe5207509c86e6c33ef61c9b2246686d1,364935015
{app}\NPA5\GOST\ГОСТ ISO 9612-2016\ГОСТ ISO 9612-2016.files\image139.gif,100,ad1a6d2dd0ca9732ac07b5604bec41bdc097355b,364938479
{app}\NPA5\GOST\ГОСТ ISO 9612-2016\ГОСТ ISO 9612-2016.files\image140.gif,205,bbc1495e821e4b09de001d330341a2d08d922c5c,364938579
{app}\NPA5\GOST\ГОСТ ISO 9612-2016\ГОСТ ISO 9612-2016.files\image141.gif,202,afb84f81d524d7da8fbe76c48d7fbf07ab7243ef,364938784
{app}\NPA5\GOST\ГОСТ ISO 9612-2016\ГОСТ ISO 9612-2016.files\image142.gif,208,e4529d37f8dd4af7613902ad6ba305fd5f9e7d7a,364938986
{app}\NPA5\GOST\ГОСТ ISO 9612-2016\ГОСТ ISO 9612-2016.files\image143.gif,204,e6bf043509814f491e0261d462ab3de5131a0391,364939194
{app}\NPA5\GOST\ГОСТ ISO 9612-2016\ГОСТ ISO 9612-2016.files\image144.gif,207,d098a9b5cf63f952f0bfe9e223cac008d717e366,364939398
{app}\NPA5\GOST\ГОСТ ISO 9612-2016\ГОСТ ISO 9612-2016.files\image145.jpg,3522,b2245de8ce2139990bebc26e5802c450ca61131d,364939605
{app}\NPA5\GOST\ГОСТ ISO 9612-2016\ГОСТ ISO 9612-2016.files\image146.jpg,3772,2eb0081e09a3f94950a2ec78e87c327e79fc4311,364943127
{app}\NPA5\GOST\ГОСТ ISO 9612-2016\ГОСТ ISO 9612-2016.files\image147.gif,195,1e7c26b3b5c95e255500762ad2d5ea5220b36982,364946899
{app}\NPA5\GOST\ГОСТ ISO 9612-2016\ГОСТ ISO 9612-2016.files\image148.gif,194,447c13cc7c0af2f58859059077fc4387742303db,364947094
{app}\NPA5\GOST\ГОСТ ISO 9612-2016\ГОСТ ISO 9612-2016.files\image149.jpg,2368,3e49af06db1c4f1ba0e03ef4000b5d00fcdc6628,364947288
{app}\NPA5\GOST\ГОСТ ISO 9612-2016\ГОСТ ISO 9612-2016.files\image150.jpg,2367,939f1a0ac319a99c4e81de96ad3e79268b010c0d,364949656
{app}\NPA5\GOST\ГОСТ ISO 9612-2016\ГОСТ ISO 9612-2016.files\image151.jpg,2848,3becab893bea0036a53f5cfb63a09ec02075d20d,364952023
{app}\NPA5\GOST\ГОСТ ISO 9612-2016\ГОСТ ISO 9612-2016.files\image152.jpg,3918,05f399ce181c82ddc51dd0ef727e8ec9386a274f,364954871
{app}\NPA5\GOST\ГОСТ ISO 9612-2016\ГОСТ ISO 9612-2016.files\image153.gif,133,bcbcb957711815418238885435b5934624b9071b,364958789
{app}\NPA5\GOST\ГОСТ ISO 9612-2016\ГОСТ ISO 9612-2016.files\image154.jpg,4132,a955bb282c7dee0466cc6498dd614897fc8b7d6d,364958922
{app}\NPA5\GOST\ГОСТ ISO 9612-2016\ГОСТ ISO 9612-2016.files\image155.gif,134,cc67fb34e78a12b86770847c151dd6b2e2b2ff99,364963054
{app}\NPA5\GOST\ГОСТ ISO 9612-2016\ГОСТ ISO 9612-2016.files\image156.jpg,2337,6d558fa3b7d117d5cab9c45d054986357c4ebb96,364963188
{app}\NPA5\GOST\ГОСТ ISO 9612-2016\ГОСТ ISO 9612-2016.files\image157.jpg,1982,498f17019b05aa4eef29886cb9ad35befb47c9d8,364965525
{app}\NPA5\GOST\ГОСТ ISO 9612-2016\ГОСТ ISO 9612-2016.files\image158.jpg,2035,112acf397ab9c0fa6ec3e3ed4d2dd3deae2f6c3b,364967507
{app}\NPA5\GOST\ГОСТ ISO 9612-2016\ГОСТ ISO 9612-2016.files\image159.jpg,4703,e967830934543b48478a0e99ccc95386472ebd1a,364969542
{app}\NPA5\GOST\ГОСТ ISO 9612-2016\ГОСТ ISO 9612-2016.files\image160.jpg,2139,7dfd1180de5c3d2a7c321510ac5090a5ee0668ae,364974245
{app}\NPA5\GOST\ГОСТ ISO 9612-2016\ГОСТ ISO 9612-2016.files\image161.gif,135,9a70f50825433f4ac420966936e973b4e3135cff,364976384
{app}\NPA5\GOST\ГОСТ ISO 9612-2016\ГОСТ ISO 9612-2016.files\image162.jpg,2254,0ec61346158bec299450cfa70284c26d6c093afb,364976519
{app}\NPA5\GOST\ГОСТ ISO 9612-2016\ГОСТ ISO 9612-2016.files\image163.jpg,2379,f07b5ca48d8c415747faba7930891aa873b1a3d6,364978773
{app}\NPA5\GOST\ГОСТ ISO 9612-2016\ГОСТ ISO 9612-2016.files\image164.gif,135,203622c2ca249a19ae4326727659c62c549102e7,364981152
{app}\NPA5\GOST\ГОСТ ISO 9612-2016\ГОСТ ISO 9612-2016.files\image165.gif,128,49824bdbf7567df0fdb5be3e699c494e800cd38c,364981287
{app}\NPA5\GOST\ГОСТ ISO 9612-2016\ГОСТ ISO 9612-2016.files\image166.gif,256,dc7357e52c25296e95551311608b9901cd2ad451,364981415
{app}\NPA5\GOST\ГОСТ ISO 9612-2016\ГОСТ ISO 9612-2016.files\image167.jpg,4499,0f3108b4551e00ded9c4d506809afdf134c3c14c,364981671
{app}\NPA5\GOST\ГОСТ ISO 9612-2016\ГОСТ ISO 9612-2016.files\image168.jpg,2055,e1ed45d5742ec7ad4f52237f0b03ba08013f86af,364986170
{app}\NPA5\GOST\ГОСТ ISO 9612-2016\ГОСТ ISO 9612-2016.files\image169.jpg,3498,3baea8e0311c8467855697daeb32c5f2033bea1f,364988225
{app}\NPA5\GOST\ГОСТ ISO 9612-2016\ГОСТ ISO 9612-2016.files\image170.jpg,2448,8e3d80a4af8c12ed1b093318231a2840e1d2cf8b,364991723
{app}\NPA5\GOST\ГОСТ ISO 9612-2016\ГОСТ ISO 9612-2016.files\image171.jpg,1259,87a4344a8f12ba085f8507890f3d4a171b31ccf8,364994171
{app}\NPA5\GOST\ГОСТ ISO 9612-2016\ГОСТ ISO 9612-2016.files\image172.gif,191,38d57eccc5ba2104a9fc65d191061c77378f5a24,364995430
{app}\NPA5\GOST\ГОСТ ISO 9612-2016\ГОСТ ISO 9612-2016.files\image173.jpg,2535,1c821a95a2c5c8a25efbea016385ea6212cfb1c6,364995621
{app}\NPA5\GOST\ГОСТ ISO 9612-2016\ГОСТ ISO 9612-2016.files\image174.jpg,2913,55b45fd291db7bb2ac2b6fd8941ee0e7eac88fe5,364998156
{app}\NPA5\GOST\ГОСТ ISO 9612-2016\ГОСТ ISO 9612-2016.files\image175.jpg,4786,c88e38cda809cc14f907219c5800ad2975b359c2,365001069
{app}\NPA5\GOST\ГОСТ ISO 9612-2016\ГОСТ ISO 9612-2016.files\image176.jpg,2794,3a82465051dad6b45f95f517c96e7024134d8d34,365005855
{app}\NPA5\GOST\ГОСТ ISO 9612-2016\ГОСТ ISO 9612-2016.files\image177.jpg,1574,9f2de0533896d8602136ec8f15a727142d638da2,365008649
{app}\NPA5\GOST\ГОСТ ISO 9612-2016\ГОСТ ISO 9612-2016.files\image178.gif,91,26093d09f49b5d48a46eb9375b5febcf6ecd3f86,365010223
{app}\NPA5\GOST\ГОСТ Р ИСО 9612-2013\ГОСТ Р ИСО 9612-2013.html,9195,0bc04ee6d2dca17d31b416926ba90bc3780c8641,365010314
{app}\NPA5\GOST\ГОСТ Р ИСО 9612-2013\ГОСТ Р ИСО 9612-2013_files\0.gif,18578,2bab7dbefaea694b898adb186beea4fb9e51ae98,365019509
{app}\NPA5\GOST\ГОСТ Р ИСО 9612-2013\ГОСТ Р ИСО 9612-2013_files\1.gif,55698,b82abf96026c047f34e14ddd41ae2b147efeddd3,365038087
{app}\NPA5\GOST\ГОСТ Р ИСО 9612-2013\ГОСТ Р ИСО 9612-2013_files\10.gif,56670,fb489d535f1f759e5c4f534cbcf93dc0083540a9,365093785
{app}\NPA5\GOST\ГОСТ Р ИСО 9612-2013\ГОСТ Р ИСО 9612-2013_files\11.gif,52379,86cae64a819c1df0662c393504063eb11e24137e,365150455
{app}\NPA5\GOST\ГОСТ Р ИСО 9612-2013\ГОСТ Р ИСО 9612-2013_files\12.gif,49188,a0e5f0abea59b68728a81e9e981bb3f1c8661fe3,365202834
{app}\NPA5\GOST\ГОСТ Р ИСО 9612-2013\ГОСТ Р ИСО 9612-2013_files\13.gif,60091,b7cccb01a8885fa15ae74ba6be96cc85864723ec,365252022
{app}\NPA5\GOST\ГОСТ Р ИСО 9612-2013\ГОСТ Р ИСО 9612-2013_files\14.gif,54247,b31dca8833d04b20a559a2374c47fff479ff1a31,365312113
{app}\NPA5\GOST\ГОСТ Р ИСО 9612-2013\ГОСТ Р ИСО 9612-2013_files\15.gif,48745,c6492a5b89b993d7af4fa73aaa0cff222730b016,365366360
{app}\NPA5\GOST\ГОСТ Р ИСО 9612-2013\ГОСТ Р ИСО 9612-2013_files\16.gif,44734,fc72d72115d2b863017b1e7e75065049845e0a16,365415105
{app}\NPA5\GOST\ГОСТ Р ИСО 9612-2013\ГОСТ Р ИСО 9612-2013_files\17.gif,53266,42b6bac6c6b74654cdd225fa809ab3d56c9c8699,365459839
{app}\NPA5\GOST\ГОСТ Р ИСО 9612-2013\ГОСТ Р ИСО 9612-2013_files\18.gif,34200,0b47049abc77220fc1c8d2c967a1d4ea42820087,365513105
{app}\NPA5\GOST\ГОСТ Р ИСО 9612-2013\ГОСТ Р ИСО 9612-2013_files\19.gif,41265,c1d1a6e950600fecc1b45af3208d85ce5ce05d93,365547305
{app}\NPA5\GOST\ГОСТ Р ИСО 9612-2013\ГОСТ Р ИСО 9612-2013_files\2.gif,27107,71c860b7ea04853394fdf9eb0ea663849268f325,365588570
{app}\NPA5\GOST\ГОСТ Р ИСО 9612-2013\ГОСТ Р ИСО 9612-2013_files\20.gif,41534,68db7bd7e1c31a35ce729c0447a2fb111e360646,365615677
{app}\NPA5\GOST\ГОСТ Р ИСО 9612-2013\ГОСТ Р ИСО 9612-2013_files\21.gif,49050,065f11a13ce77d41e28fbfcb76a1fdbe748b21f4,365657211
{app}\NPA5\GOST\ГОСТ Р ИСО 9612-2013\ГОСТ Р ИСО 9612-2013_files\22.gif,37853,66db1aa8dd40ff27c8930e7e6716a64ae6b74c9b,365706261
{app}\NPA5\GOST\ГОСТ Р ИСО 9612-2013\ГОСТ Р ИСО 9612-2013_files\23.gif,56360,ddd8719599b00bd9742f7f84304216763e7c00bd,365744114
{app}\NPA5\GOST\ГОСТ Р ИСО 9612-2013\ГОСТ Р ИСО 9612-2013_files\24.gif,43209,46c9899d2aad6b49f8dd38aa66759e1023c45dc1,365800474
{app}\NPA5\GOST\ГОСТ Р ИСО 9612-2013\ГОСТ Р ИСО 9612-2013_files\25.gif,62361,be86d3594baa9e8b1d1e24ccac7444fbd195062b,365843683
{app}\NPA5\GOST\ГОСТ Р ИСО 9612-2013\ГОСТ Р ИСО 9612-2013_files\26.gif,60669,cf46f0e6fb616c727e0c9fce519b8ed38ea16675,365906044
{app}\NPA5\GOST\ГОСТ Р ИСО 9612-2013\ГОСТ Р ИСО 9612-2013_files\27.gif,61040,b4e8a8026df1436b64cdeec7f2fb4c2a2a6addf9,365966713
{app}\NPA5\GOST\ГОСТ Р ИСО 9612-2013\ГОСТ Р ИСО 9612-2013_files\28.gif,57696,cc37ae75e2a6f5528020cb0aaaf560225cb2a8c5,366027753
{app}\NPA5\GOST\ГОСТ Р ИСО 9612-2013\ГОСТ Р ИСО 9612-2013_files\29.gif,56980,7a02564bed4126562b3d0f33d828ffdeb907db56,366085449
{app}\NPA5\GOST\ГОСТ Р ИСО 9612-2013\ГОСТ Р ИСО 9612-2013_files\3.gif,56280,4e65b3b7cfc66a6d8a2c9782d81db95304e5df59,366142429
{app}\NPA5\GOST\ГОСТ Р ИСО 9612-2013\ГОСТ Р ИСО 9612-2013_files\30.gif,58640,67b1dd8d84fdc0590dea5e8f1762cdf8f1d48b55,366198709
{app}\NPA5\GOST\ГОСТ Р ИСО 9612-2013\ГОСТ Р ИСО 9612-2013_files\31.gif,50377,af6707b694acbd9956f5a532312af5363f821d2e,366257349
{app}\NPA5\GOST\ГОСТ Р ИСО 9612-2013\ГОСТ Р ИСО 9612-2013_files\32.gif,45071,10ec2abefd6b8eb399f5e7c3fb78c24e2605d29f,366307726
{app}\NPA5\GOST\ГОСТ Р ИСО 9612-2013\ГОСТ Р ИСО 9612-2013_files\33.gif,42570,4b2ad2b61c7cdc28a760b6eb70ae037286f89f9a,366352797
{app}\NPA5\GOST\ГОСТ Р ИСО 9612-2013\ГОСТ Р ИСО 9612-2013_files\34.gif,27529,61dea05dbc07aaf2036620ecc89f0757f709b058,366395367
{app}\NPA5\GOST\ГОСТ Р ИСО 9612-2013\ГОСТ Р ИСО 9612-2013_files\35.gif,55446,e2ed808cffd04034e31bb240829433372476a815,366422896
{app}\NPA5\GOST\ГОСТ Р ИСО 9612-2013\ГОСТ Р ИСО 9612-2013_files\36.gif,53210,a83aa160116c382f4c654737b29f3fd433eb215b,366478342
{app}\NPA5\GOST\ГОСТ Р ИСО 9612-2013\ГОСТ Р ИСО 9612-2013_files\37.gif,55312,845926848e1fa6fdbeea37dc890658aebfdecde2,366531552
{app}\NPA5\GOST\ГОСТ Р ИСО 9612-2013\ГОСТ Р ИСО 9612-2013_files\38.gif,57862,b472181d11eac128c8436aa6d64e070ade0a69cb,366586864
{app}\NPA5\GOST\ГОСТ Р ИСО 9612-2013\ГОСТ Р ИСО 9612-2013_files\39.gif,41208,a47398bb96c046032d582d454c1aa9df8de936b9,366644726
{app}\NPA5\GOST\ГОСТ Р ИСО 9612-2013\ГОСТ Р ИСО 9612-2013_files\4.gif,46858,eef2d8cd7ae857d9e7493dec8f332aca65862729,366685934
{app}\NPA5\GOST\ГОСТ Р ИСО 9612-2013\ГОСТ Р ИСО 9612-2013_files\40.gif,49124,0e358ecfcb96ce32ac8a493328bab08321462e38,366732792
{app}\NPA5\GOST\ГОСТ Р ИСО 9612-2013\ГОСТ Р ИСО 9612-2013_files\41.gif,54937,64522c32404dddc0f4ebb8a0a272d332080b4ec0,366781916
{app}\NPA5\GOST\ГОСТ Р ИСО 9612-2013\ГОСТ Р ИСО 9612-2013_files\42.gif,48083,b4d92c454b58095e852754028e109e2522b5b5dd,366836853
{app}\NPA5\GOST\ГОСТ Р ИСО 9612-2013\ГОСТ Р ИСО 9612-2013_files\43.gif,41769,9e70ace9351cca9650fc9516a58f2d79e3c486be,366884936
{app}\NPA5\GOST\ГОСТ Р ИСО 9612-2013\ГОСТ Р ИСО 9612-2013_files\44.gif,46347,df8eb2c90466d298cb737b2ec892305376e9e468,366926705
{app}\NPA5\GOST\ГОСТ Р ИСО 9612-2013\ГОСТ Р ИСО 9612-2013_files\45.gif,33820,8e65cf755a57da9aca592af5fdb4a2928f36f17a,366973052
{app}\NPA5\GOST\ГОСТ Р ИСО 9612-2013\ГОСТ Р ИСО 9612-2013_files\46.gif,41098,7cb983e42628d86003ec7e828c44e3d22e056884,367006872
{app}\NPA5\GOST\ГОСТ Р ИСО 9612-2013\ГОСТ Р ИСО 9612-2013_files\47.gif,44124,2402f9d054d7a9b6272c2abd83b6feb249f90df6,367047970
{app}\NPA5\GOST\ГОСТ Р ИСО 9612-2013\ГОСТ Р ИСО 9612-2013_files\48.gif,46790,86aeaa694720e8703729af1578cf93a07fd66afd,367092094
{app}\NPA5\GOST\ГОСТ Р ИСО 9612-2013\ГОСТ Р ИСО 9612-2013_files\49.gif,39548,6706573478d83316ded46f02cb681ba9a7bad36d,367138884
{app}\NPA5\GOST\ГОСТ Р ИСО 9612-2013\ГОСТ Р ИСО 9612-2013_files\5.gif,39674,f1e7b29ce6de2a954398a5a086580d81ef9c8828,367178432
{app}\NPA5\GOST\ГОСТ Р ИСО 9612-2013\ГОСТ Р ИСО 9612-2013_files\50.gif,50577,15410aae9d38ee867ee980654256ff668b92fb22,367218106
{app}\NPA5\GOST\ГОСТ Р ИСО 9612-2013\ГОСТ Р ИСО 9612-2013_files\51.gif,4782,ce47de9a6ee346c3993364e4fd6709d61b0db7a1,367268683
{app}\NPA5\GOST\ГОСТ Р ИСО 9612-2013\ГОСТ Р ИСО 9612-2013_files\52.gif,41706,502ed8eedc05e53faeabe516e530570fa7cf49d9,367273465
{app}\NPA5\GOST\ГОСТ Р ИСО 9612-2013\ГОСТ Р ИСО 9612-2013_files\53.gif,49408,96bf26f908dfda18aee966477fc64b188b65c30a,367315171
{app}\NPA5\GOST\ГОСТ Р ИСО 9612-2013\ГОСТ Р ИСО 9612-2013_files\54.gif,38307,ec0812e3291c58bf60a0a8846c3b1941e11377dc,367364579
{app}\NPA5\GOST\ГОСТ Р ИСО 9612-2013\ГОСТ Р ИСО 9612-2013_files\55.gif,38398,8e8825f9cf516ebd3753c573c16b969fa2519a4e,367402886
{app}\NPA5\GOST\ГОСТ Р ИСО 9612-2013\ГОСТ Р ИСО 9612-2013_files\56.gif,36427,bbaa912d41e893408c4da2a58a0a95ebada646ab,367441284
{app}\NPA5\GOST\ГОСТ Р ИСО 9612-2013\ГОСТ Р ИСО 9612-2013_files\57.gif,6172,106e251e1305992b482f24dc55dacc95d19233cc,367477711
{app}\NPA5\GOST\ГОСТ Р ИСО 9612-2013\ГОСТ Р ИСО 9612-2013_files\58.gif,42992,9162078483ebd6eb1f7709bddd7796e2fa18b1db,367483883
{app}\NPA5\GOST\ГОСТ Р ИСО 9612-2013\ГОСТ Р ИСО 9612-2013_files\59.gif,37036,3f1895df96b00f200e748c0522e778e7d3e342b2,367526875
{app}\NPA5\GOST\ГОСТ Р ИСО 9612-2013\ГОСТ Р ИСО 9612-2013_files\6.gif,47490,cb3899393ce443aa9634b29dafe9ade9bd585a84,367563911
{app}\NPA5\GOST\ГОСТ Р ИСО 9612-2013\ГОСТ Р ИСО 9612-2013_files\60.gif,38139,c6ad2688facbbc36ef1351c5711dd1afef80ef0f,367611401
{app}\NPA5\GOST\ГОСТ Р ИСО 9612-2013\ГОСТ Р ИСО 9612-2013_files\61.gif,7008,2e80717bc10aa475ae9c90564f478096ba3177ec,367649540
{app}\NPA5\GOST\ГОСТ Р ИСО 9612-2013\ГОСТ Р ИСО 9612-2013_files\62.gif,50854,7431ada8bf21345c07d2eb8df261f269c103c309,367656548
{app}\NPA5\GOST\ГОСТ Р ИСО 9612-2013\ГОСТ Р ИСО 9612-2013_files\63.gif,50172,aa86e27030b23b99d18a3bdaae382e56451e9dad,367707402
{app}\NPA5\GOST\ГОСТ Р ИСО 9612-2013\ГОСТ Р ИСО 9612-2013_files\64.gif,42297,21a47e71d36ddc68bfaba5dcce3c19bd24ff2116,367757574
{app}\NPA5\GOST\ГОСТ Р ИСО 9612-2013\ГОСТ Р ИСО 9612-2013_files\65.gif,38431,b7e8112209f2bb27cea79d99e4bf0a781c9d7aa7,367799871
{app}\NPA5\GOST\ГОСТ Р ИСО 9612-2013\ГОСТ Р ИСО 9612-2013_files\66.gif,36762,390ce3d56726725c4c8842bdf30728063515d3df,367838302
{app}\NPA5\GOST\ГОСТ Р ИСО 9612-2013\ГОСТ Р ИСО 9612-2013_files\67.gif,53134,66b343e8fd01ca3f53425c9183f09ec00dce66f2,367875064
{app}\NPA5\GOST\ГОСТ Р ИСО 9612-2013\ГОСТ Р ИСО 9612-2013_files\68.gif,7083,3377fb6243af122cbac77973e6068ea1d8d088dc,367928198
{app}\NPA5\GOST\ГОСТ Р ИСО 9612-2013\ГОСТ Р ИСО 9612-2013_files\7.gif,44631,2c1ad3c24aae056a8a9b0e3bdc88859bea74baa4,367935281
{app}\NPA5\GOST\ГОСТ Р ИСО 9612-2013\ГОСТ Р ИСО 9612-2013_files\8.gif,54226,25cca53e7112f32fc036158f3ae20c3622df4ee1,367979912
{app}\NPA5\GOST\ГОСТ Р ИСО 9612-2013\ГОСТ Р ИСО 9612-2013_files\9.gif,55616,3db0b825dc1572fcae066e454ba5f85bc01744e3,368034138
{app}\NPA5\post_1830\post_1830.htm,21477,f7150f1857657a3a68097f1e9ea17c38d0785bb6,368089754
{app}\NPA5\prikaz-33n\Image1.gif,969,56be9710496c9ad847a9ea096c24e07fe484f7ad,368111231
{app}\NPA5\prikaz-33n\Image10.gif,937,970f37a53a71c3c12631220071ac10809089141f,368112200
{app}\NPA5\prikaz-33n\Image11.gif,1091,94fa68073e57ea0bf140d568a53518df92a732ce,368113137
{app}\NPA5\prikaz-33n\Image12.gif,886,bfbdb2a2f81ca659e7f163f316b862ec1c5ecd76,368114228
{app}\NPA5\prikaz-33n\Image13.gif,937,970f37a53a71c3c12631220071ac10809089141f,368115114
{app}\NPA5\prikaz-33n\Image14.gif,907,d1fc502a1d2d4a93a8761cf9f08d88e5c02ef5c8,368116051
{app}\NPA5\prikaz-33n\Image15.gif,1190,286915e108bfa11e31d0ad6c611243b8c3c4e445,368116958
{app}\NPA5\prikaz-33n\Image16.gif,969,8af137f396495861f7e32e2613b12c24d84f0d2b,368118148
{app}\NPA5\prikaz-33n\Image17.gif,1067,58a93e21511fd38a78d9673564819e8bbade41f7,368119117
{app}\NPA5\prikaz-33n\Image18.gif,1229,8b00542b23ecadab0726d781484dff75e58945b3,368120184
{app}\NPA5\prikaz-33n\Image19.gif,889,e2917777b3a41616a6c8ebbd507df35d3d845512,368121413
{app}\NPA5\prikaz-33n\Image2.gif,949,40cb415eb958cf6ed76343dcc54dc09ed045cdba,368122302
{app}\NPA5\prikaz-33n\Image20.gif,857,d9581d7fd4819c81c3e9a41c1e6cdbb9aaf2272a,368123251
{app}\NPA5\prikaz-33n\Image21.gif,917,85140fb02864065af0c1b3fc57729e37b140ff38,368124108
{app}\NPA5\prikaz-33n\Image22.gif,1351,d40683949c3c5c799caf5e95e2487ec1375d6ff0,368125025
{app}\NPA5\prikaz-33n\Image23.gif,899,19724c0e7599ae78a4a8f5ae439db09abda3ad37,368126376
{app}\NPA5\prikaz-33n\Image24.gif,902,8e79983343d0a99feb48802d1e2322f6b928c8d6,368127275
{app}\NPA5\prikaz-33n\Image25.gif,904,2571c248ee7549ea0b196434e7384d5b1011cbea,368128177
{app}\NPA5\prikaz-33n\Image26.gif,856,74ef5581819eec503c49b57023f13176f77573d7,368129081
{app}\NPA5\prikaz-33n\Image27.gif,860,9db68ba13265d8c960095d1ef052b94a2df742a8,368129937
{app}\NPA5\prikaz-33n\Image28.gif,862,d365cf33f7a6d32431fba2422f39614d61b691b6,368130797
{app}\NPA5\prikaz-33n\Image29.gif,922,706c4c671068b43478a3fca3120adbd93f9113a2,368131659
{app}\NPA5\prikaz-33n\Image3.gif,1358,691ab22c6ef6dcfb3f710c9849f80bd87b7f0b16,368132581
{app}\NPA5\prikaz-33n\Image30.gif,922,706c4c671068b43478a3fca3120adbd93f9113a2,368133939
{app}\NPA5\prikaz-33n\Image31.gif,1237,a48d996130f3ae8c42f5134f4177c2e2d392d257,368134861
{app}\NPA5\prikaz-33n\Image32.gif,862,c6be65ce326d683c651bff626857cc83b63c64c0,368136098
{app}\NPA5\prikaz-33n\Image33.gif,865,5d3e9f9e9b71303d12310516baaa65c51b1ab5ea,368136960
{app}\NPA5\prikaz-33n\Image34.gif,865,6c7555bbdec02f902018a61b524d83c69ff5eb9c,368137825
{app}\NPA5\prikaz-33n\Image35.gif,850,3539935c41bcadd19acaa4ec4426a0fe6d1f5e0d,368138690
{app}\NPA5\prikaz-33n\Image36.gif,1594,071a5f1741b97d4bef3ce9cbd904083e818f3470,368139540
{app}\NPA5\prikaz-33n\Image37.gif,913,218d2d7cf6e5af1005f5adc545b0f49ad1bba3ad,368141134
{app}\NPA5\prikaz-33n\Image38.gif,906,e7a8bc6be80df844c3767eb74958f833c9a60660,368142047
{app}\NPA5\prikaz-33n\Image39.gif,960,d3b215ad4a559de82b073048eae4e3d15896bb07,368142953
{app}\NPA5\prikaz-33n\Image4.gif,879,dabd0790bd774f0fde55fca72cf095bd3bb92436,368143913
{app}\NPA5\prikaz-33n\Image40.gif,884,51ffed16913e4df654551ac35e322bdaf640a6da,368144792
{app}\NPA5\prikaz-33n\Image41.gif,888,9822509d488505bddc45e500e73ffbfac6d92340,368145676
{app}\NPA5\prikaz-33n\Image42.gif,1162,d0612d2638edc512caad00331a0256e802e9216c,368146564
{app}\NPA5\prikaz-33n\Image43.gif,990,aa8a8641c9e2ac925eb27b29ff992259c0dc36ff,368147726
{app}\NPA5\prikaz-33n\Image44.gif,962,5a538e0aac43385db20ceae6fea9777b06389efe,368148716
{app}\NPA5\prikaz-33n\Image45.gif,1431,08dce0f778bc728b88142fece283fde1fcdd8933,368149678
{app}\NPA5\prikaz-33n\Image46.gif,953,c68189b32bba374b46b9610d5f1578305e76b848,368151109
{app}\NPA5\prikaz-33n\Image47.gif,884,b626d849c1998c505d099c2c13c0938b6746663e,368152062
{app}\NPA5\prikaz-33n\Image5.gif,880,9a67d84e2b8f3afae31ba6cce9e2698a77e6c071,368152946
{app}\NPA5\prikaz-33n\Image6.gif,882,1e78c95dd95bffc83b4725701a5789972c0ffe6b,368153826
{app}\NPA5\prikaz-33n\Image7.gif,941,067558b83f29bf14036b3842c55b52281c78c8da,368154708
{app}\NPA5\prikaz-33n\Image8.gif,944,b23905f893676f18815b818f1695cc0c6477269e,368155649
{app}\NPA5\prikaz-33n\Image9.gif,945,eda68df1c16c4e33d023a2ad5f27abdbe61df540,368156593
{app}\NPA5\prikaz-33n\pril1.htm,96086,97d6f3b518eca3d80edda766269c66251a5fa719,368157538
{app}\NPA5\prikaz-33n\pril2.htm,50838,5201ebaa2f415cdc0ad90cc1613a2206201ba102,368253624
{app}\NPA5\prikaz-33n\pril3.htm,273261,b962c2d63a883971c6359de91d0d4eb50e343d07,368304462
{app}\NPA5\prikaz-33n\pril4.htm,38454,8ff997e09597ef9a2061d42ee79311042a323fc5,368577723
{app}\NPA5\prikaz-33n\metod_prils\pril1.htm,44024,a35d3ab5be72c68a624fc1ff4bbd3251a49f518c,368616177
{app}\NPA5\prikaz-33n\metod_prils\pril10.htm,38201,e742496144d8aafcba23b7fc4e7cb61219a0282d,368660201
{app}\NPA5\prikaz-33n\metod_prils\pril11.htm,121357,70279b964f75da4bd348ef8655defb1b1f8e1e4a,368698402
{app}\NPA5\prikaz-33n\metod_prils\pril12.htm,78205,03afe2b8af1316b13ea845c1b5e534ffc4926d27,368819759
{app}\NPA5\prikaz-33n\metod_prils\pril13.htm,48756,44778859d04ffb92d587af30b675f65130145c29,368897964
{app}\NPA5\prikaz-33n\metod_prils\pril14.htm,68741,df22130dd7e9b8f9f51bd538f080935e926055af,368946720
{app}\NPA5\prikaz-33n\metod_prils\pril15.htm,33529,552597e9665b0c6cc3d964bbee8b334f1f1e8d4a,369015461
{app}\NPA5\prikaz-33n\metod_prils\pril16.htm,33419,d0b70406641aac27cda969b8b3586a9e44a4ef74,369048990
{app}\NPA5\prikaz-33n\metod_prils\pril17.htm,88789,e1a0bf410108a41db4d720935076756a395fee2f,369082409
{app}\NPA5\prikaz-33n\metod_prils\pril18.htm,37403,030e2855c9a5b08d48e206a4195aeb48352c0908,369171198
{app}\NPA5\prikaz-33n\metod_prils\pril19.htm,38314,b822777e43dc29a84bcf48636bbccb021eebeec0,369208601
{app}\NPA5\prikaz-33n\metod_prils\pril2.htm,290698,e0febba769af0132222a3820467913d41b2c9ea2,369246915
{app}\NPA5\prikaz-33n\metod_prils\pril20.htm,106550,0d5c66c1f0db869a83d4d70cf817b165b695670e,369537613
{app}\NPA5\prikaz-33n\metod_prils\pril21.htm,63836,5d5def44c34ac9492e69931bc022b5e808f1bae9,369644163
{app}\NPA5\prikaz-33n\metod_prils\pril22.htm,39787,f00f02e06591cb1d3fb712e7342d6e68f605c85b,369707999
{app}\NPA5\prikaz-33n\metod_prils\pril3.htm,100385,486bf3ff8173c80734b54a51bed8435f8722d8b7,369747786
{app}\NPA5\prikaz-33n\metod_prils\pril4.htm,298745,9ad1fea401704002f7bbff55552b6be8b1b7b55f,369848171
{app}\NPA5\prikaz-33n\metod_prils\pril5.htm,50112,edb106f1da270f991a082c08181df9f89fb23862,370146916
{app}\NPA5\prikaz-33n\metod_prils\pril6.htm,46106,77e7ea149a3c501d43d7d7fb1eba71ef577cbdd6,370197028
{app}\NPA5\prikaz-33n\metod_prils\pril7.htm,71708,44881029f2490385058125c71ea8d85ef36c1ba5,370243134
{app}\NPA5\prikaz-33n\metod_prils\pril8.htm,34454,dbfd9563734dc4522b8cc190ae27e7fa1ae95254,370314842
{app}\NPA5\prikaz-33n\metod_prils\pril9.htm,75452,be02ff87c14715c2b9ba221931f271fb3037e1d9,370349296
{app}\NPA5\prikaz-33n\metod_prils\pril9.files\filelist.xml,195,2e9ac702e9d4d47e6e74632f1febeccceb31b89b,370424748
{app}\NPA5\prikaz-33n\metod_prils\pril9.files\image001.wmz,444,10a0c6a3ce99a6e6691b44c13564b3fbd8cabb15,370424943
{app}\NPA5\prikaz-33n\metod_prils\pril9.files\image002.gif,141,ba204dd6cef65707ca219601bc61c2d9d2a87689,370425387
{app}\NPA5\prikaz-436n\prikaz436n.htm,17294,9e99cabe5fb7ce8028d28b7172d78896c9ee67e7,370425528
{app}\NPA5\prikaz_102n\prikaz_102n.htm,21803,d03b6f581a16c9240943eeab5c9d2205ba751594,370442822
{app}\NPA5\prikaz_186n\prikaz_186n.htm,21586,0d96dcb9c40cd7cac17d08ac7d45d0cc898aa6e4,370464625
{app}\NPA5\prikaz_187n\prikaz_187n.htm,24021,cc5d51921551603b35f26ab700dc7f59ab94e6f2,370486211
{app}\NPA5\prikaz_188n\prikaz_188n.htm,15401,a0ea52a597698b83c77e3ac52aabd2b979ccc1dc,370510232
{app}\NPA5\prikaz_189n\prikaz_189n.htm,23634,62997f84dbc744398a9496347e070bba22b8aa32,370525633
{app}\NPA5\prikaz_191n\prikaz_191n.htm,29330,16a0e892a772fee536dc36e744db48c931a32b9f,370549267
{app}\NPA5\prikaz_192n\prikaz_192n.htm,20382,6a4c4ac38ed4e9d3fc2c5bd2627a1d1272796318,370578597
{app}\NPA5\prikaz_197n\prikaz_197n.htm,46490,424431d7091aaaed8f74fe9784ccaccef69351ac,370598979
{app}\NPA5\prikaz_198n\prikaz_198n.htm,77519,c0ab42990447db553ba120ead0b5f7cff5698b90,370645469
{app}\NPA5\prikaz_250n\prikaz_250n.htm,54923,2b9366cafe08defc6f775040237df061ac9d650f,370722988
{app}\NPA5\prikaz_255n\prikaz_255n.htm,30992,faa4437416ab5fc242fa3265290b96497f775175,370777911
{app}\NPA5\prikaz_301n\prikaz_301n.htm,25760,c9cce637530f76636873ec7b3b85a089b937b69c,370808903
{app}\NPA5\prikaz_301n\prikaz_301n.files\image001.gif,141,ba204dd6cef65707ca219601bc61c2d9d2a87689,370834663
{app}\NPA5\prikaz_309n\post_85.htm,11683,71194007235e2f4949c660b017a6a8e70550c05e,370834804
{app}\NPA5\prikaz_309n\prikaz_309n.htm,15662,93863aca2860cd8d536772115adf714219956865,370846487
{app}\NPA5\prikaz_335n\prikaz_335n.htm,21875,14e0829c62c711a443df94596547ec830aec4ac3,370862149
{app}\NPA5\prikaz_406n\prikaz_406n.htm,36685,6370747fd7758c9ebc2753428fb4d56a45c370c5,370884024
{app}\NPA5\prikaz_433n\prikaz_433n.htm,33420,7a62d9b2cfad9133406b32192f1a64d201e39672,370920709
{app}\NPA5\prikaz_46n\prikaz_46n.htm,23573,bcb2d5b7d2081da79e00d929a4d8b303be55b100,370954129
{app}\NPA5\prikaz_46n\prikaz_46n.files\image001.gif,94,ae9d7a1bbcfe44d6d5c819a978102eceff3ec890,370977702
{app}\NPA5\prikaz_46n\prikaz_46n.files\image002.gif,99,7861d2314cd75965eab9b48a1764b4c9439a1cb3,370977796
{app}\NPA5\prikaz_46n\prikaz_46n.files\image003.gif,98,2858a543c02cefa0c302d63fe48f346e2d043c97,370977895
{app}\NPA5\prikaz_46n\prikaz_46n.files\image004.gif,99,ce9a1080d25d4dda9560bca97cc2ad6b66fc387e,370977993
{app}\NPA5\prikaz_46n\prikaz_46n.files\image005.gif,96,5da4c0e41722936e8e9bcbe31707e0275a5535ff,370978092
{app}\NPA5\prikaz_46n\prikaz_46n.files\image006.gif,100,3942b0dca0501d9c29379608fb5276e457cbc91e,370978188
{app}\NPA5\prikaz_543n\prikaz_543n.htm,19894,8006bc3cf631e3cded3b5998357a864a78977aac,370978288
{app}\NPA5\prikaz_664n\prikaz_664n.htm,19176,ca6d27f25c44d80752ffdb3109c834872cecc803,370998182
{app}\NPA5\prikaz_80n\prikaz_80n.htm,33570,e721e9be715f3b1f2bb3512aaad3597453a5103d,371017358
{app}\NPA5\prikaz_882n\prikaz_882n.htm,15512,2090aa4ce8302672d9a01533150fe72d2126051c,371050928
{app}\NPA5\prikaz_96n\prikaz_96n.htm,30586,8d00f35a0ea9c016df71a0655fbd035d2ec63a9a,371066440
{app}\NPA5\prikaz_976n\prikaz_976n.htm,91492,daaae4bb57e0bc44d84af2d8a87f0fe1b1df6cdb,371097026
{app}\NPA5\prikaz_976n\prikaz_976n.files\image001.gif,887,afd71466560b3c5c71d2540db78f1acf1fae092a,371188518
{app}\NPA5\prikaz_976n\prikaz_976n.files\image002.gif,882,a648442296311417a60b98a7d31051464a8bb24d,371189405
{app}\NPA5\prikaz_976n\prikaz_976n.files\image003.gif,879,fe1c1696b859caafa270af660ed3cb4710576be2,371190287
{app}\NPA5\prikaz_976n\prikaz_976n.files\image004.gif,880,d2e4adc834ed5605e959cd463bd61347af779310,371191166
{app}\NPA5\prikaz_976n\prikaz_976n.files\image005.gif,887,afd71466560b3c5c71d2540db78f1acf1fae092a,371192046
{app}\NPA5\prikaz_976n\prikaz_976n.files\image006.gif,879,7e4f7368d745d83e93f8dd5efa2f58ca9631ec69,371192933
{app}\NPA5\prikaz_976n\prikaz_976n.files\image007.gif,883,774a17b579a94eed4370423d6e4bcb0aca84042a,371193812
{app}\NPA5\prikaz_976n\prikaz_976n.files\image008.gif,889,c69a7756cbf629fc34c3b18e63e25821490cb20d,371194695
{app}\NPA5\prikaz_976n\prikaz_976n.files\image009.gif,879,92cb764ddaad3c2fc8f1d54d0d1de63e8fba8c49,371195584
{app}\NPA5\prikaz_976n\prikaz_976n.files\image010.gif,889,d54b4eafaf0061b800d4c16679f6dc8ee2c02873,371196463
{app}\NPA5\prikaz_976n\prikaz_976n.files\image011.gif,889,c69a7756cbf629fc34c3b18e63e25821490cb20d,371197352
{app}\NPA5\prikaz_976n\prikaz_976n.files\image012.gif,879,fe1c1696b859caafa270af660ed3cb4710576be2,371198241
{app}\NPA5\prikaz_976n\prikaz_976n.files\image013.gif,879,7e4f7368d745d83e93f8dd5efa2f58ca9631ec69,371199120
{app}\NPA5\prikaz_976n\prikaz_976n.files\image014.gif,879,92cb764ddaad3c2fc8f1d54d0d1de63e8fba8c49,371199999
{app}\NPA5\prikaz_976n\prikaz_976n.files\image015.gif,889,d54b4eafaf0061b800d4c16679f6dc8ee2c02873,371200878
{app}\NPA5\prikaz_996n\prikaz_996n.htm,107145,53dae251f36240a57f631a10e3b52a64b74433b9,371201767
{app}\NPA5\prikaz_996n\prikaz_996n.files\filelist.xml,167,43609f9962cb26b278e8a868a21a0edb4d08577a,371308912
{app}\NPA5\prikaz_996n\prikaz_996n.files\header.htm,693,59213d088090d4a9b630a2dcf70db88c7f28941b,371309079
{app}\NPA5\SanPin\biofactor.htm,6024,65604f8c64148ced8ea7049d211c7898e3fcc9f1,371309772
{app}\NPA5\SanPin\Bullet7.gif,140,feb31933a3e492293f142d6b4b4656765ea25625,371315796
{app}\NPA5\SanPin\САНИТАРНЫЕ.htm,20430,385cfcb8934de329e6637916d7b7e65ed072aaaf,371315936
{app}\NPA5\SanPin\CH 4557-88\CH 4557-88.htm,8418,88a166653471172b80597dd767f46bc05db105e2,371336366
{app}\NPA5\SanPin\Sanshum\body.htm,72113,ec9b6dfb23140b9f61088dddb610ec56607f1ff3,371344784
{app}\NPA5\SanPin\Sanshum\Intro.htm,10428,0b610a00ac3322c460bdb36e96e66e615bfe4ebc,371416897
{app}\NPA5\SanPin\Sanshum\body.files\filelist.xml,160,d24c59480c4ee8227c224ac104183fa51f1cdf88,371427325
{app}\NPA5\SanPin\Sanshum\body.files\header.htm,1426,89b07daffe8ce5c6558c6e0b478c4869897debef,371427485
{app}\NPA5\SanPin\Sanshum\Intro.files\filelist.xml,195,9230f8d7d837d5ff1351d3a0fa0653e4ffa4f879,371428911
{app}\NPA5\SanPin\Sanshum\Intro.files\image001.jpg,3260,9500774fa919a2318990129ae60a4c29c9816a21,371429106
{app}\NPA5\SanPin\Sanshum\Intro.files\image002.jpg,3260,9500774fa919a2318990129ae60a4c29c9816a21,371432366
{app}\NPA5\SanPin\Sanvozd\Appendix.htm,39576,ed9934103bfdea36bddff5b221b02d38985efa14,371435626
{app}\NPA5\SanPin\Sanvozd\Body.htm,39801,530f35892fc67f46541337fe3e3372bd9f0a2a1d,371475202
{app}\NPA5\SanPin\Sanvozd\Intro.htm,6579,59c41d2bc33e4ca3c4fc701da2ada1796c52115e,371515003
{app}\NPA5\SanPin\Sanvozd\Law.htm,5575,cb7eb17843ad27e40bc229c4ed9fe507d782b1fe,371521582
{app}\NPA5\SanPin\Sanvozd\Appendix.files\filelist.xml,357,f39a79146a74161f6fd5fffb310d3071c1fd2637,371527157
{app}\NPA5\SanPin\Sanvozd\Appendix.files\image001.wmz,456,5ddb2b945e8b2cb80250cdf975844acfafe263b6,371527514
{app}\NPA5\SanPin\Sanvozd\Appendix.files\image002.gif,890,90ae9ff83859544ad3ee8dd5e90e521cf05fcc10,371527970
{app}\NPA5\SanPin\Sanvozd\Appendix.files\image003.wmz,245,f3da9892884f67a94306f912dc5ab73195b6b8ec,371528860
{app}\NPA5\SanPin\Sanvozd\Appendix.files\image004.gif,172,cb5594d2e894763f5ceed186ec80d51a1fd795ea,371529105
{app}\NPA5\SanPin\Sanvozd\Appendix.files\image005.gif,172,cb5594d2e894763f5ceed186ec80d51a1fd795ea,371529277
{app}\NPA5\SanPin\Sanvozd\Appendix.files\image006.gif,172,cb5594d2e894763f5ceed186ec80d51a1fd795ea,371529449
{app}\NPA5\SanPin\Sanvozd\Body.files\filelist.xml,162,da70d91498ced2ec663c01406333f537fc02e2c3,371529621
{app}\NPA5\SanPin\Spnrch\2.1.8.055-96.htm,70015,8b0ac626abc6a5ba33cc507934fe2a576feb413c,371529783
{app}\NPA5\SanPin\Spnrch\Spnrch1.gif,10024,30d6ac6abf4e2679242388dca78c0727413510cc,371599798
{app}\NPA5\SanPin\Spnrch\Spnrch2.gif,5842,aefc5db70400f36abc971764d601d159db443082,371609822
{app}\NPA5\SanPin\Spnrch\Spnrch3.gif,874,0b44d194b9cf7cf54b04e568b4f007e0b68e73bd,371615664
{app}\NPA5\SanPin\ГН 2.2.5.1313-03\ГН 2.2.5.1313-03.htm,1266637,1be8d5cab6cd7f96b3025552336bc0319260de76,371616538
{app}\NPA5\SanPin\ГН 2.2.5.1313-03\ГН 2.2.5.1313-03.files\image001.gif,382,8cdea1e4f3fa9be50b4f4410006d69aa456ce4dd,372883175
{app}\NPA5\SanPin\ГН 2.2.5.2308-07\ГН 2.2.5.2308-07.htm,1741071,a2df8868db4e14adcbdde8e2f778a7e2a51d1968,372883557
{app}\NPA5\SanPin\ГН 2.2.5.3532-18\ГН 2.2.5.3532-18.htm,5430679,354d7721ebbc411ada7727dc27ab5ba5c2967e4a,374624628
{app}\NPA5\SanPin\ГН 2.2.5.3532-18\ГН 2.2.5.3532-18.files\image001.gif,202,0a25f00f3de3e69946e6434ea08db718f47fc6e5,380055307
{app}\NPA5\SanPin\ГН 2.2.5.3532-18\ГН 2.2.5.3532-18.files\image002.gif,148,e6e6c8c871094e314d5bd2c8d7ce2ae32b4b02b6,380055509
{app}\NPA5\SanPin\ГН 2.2.5.3532-18\ГН 2.2.5.3532-18.files\image003.gif,220,e3a19f2c6a2ad07c4d51d440bdb9a887ed1ac316,380055657
{app}\NPA5\SanPin\ГН 2.2.5.3532-18\ГН 2.2.5.3532-18.files\image004.gif,210,14b90c0efba6b079f53fd56f109191e8b204d87a,380055877
{app}\NPA5\SanPin\ГН 2.2.5.3532-18\ГН 2.2.5.3532-18.files\image005.gif,115,862d5937161e32c41cec68fdffe08637859d9b72,380056087
{app}\NPA5\SanPin\ГН 2.2.5.3532-18\ГН 2.2.5.3532-18.files\image006.gif,139,73e2f7992ba107ee58238554de7fa81f954d2e50,380056202
{app}\NPA5\SanPin\ГН 2.2.5.3532-18\ГН 2.2.5.3532-18.files\image007.gif,209,a9ee4f45f2c1b1ed7c500157a15aea7ed184f994,380056341
{app}\NPA5\SanPin\ГН 2.2.5.3532-18\ГН 2.2.5.3532-18.files\image008.gif,159,f8812d2900838f3c8d7879cee74f126c03919fb1,380056550
{app}\NPA5\SanPin\ГН 2.2.5.3532-18\ГН 2.2.5.3532-18.files\image009.gif,224,9bec176fd029fb2eeeb2bcdc9f6728a11a809672,380056709
{app}\NPA5\SanPin\ГН 2.2.5.3532-18\ГН 2.2.5.3532-18.files\image010.gif,215,0625964d5a920581bc7ae72280593c3e094558d6,380056933
{app}\NPA5\SanPin\ГН 2.2.5.3532-18\ГН 2.2.5.3532-18.files\image011.gif,202,e36230819a4503f9a501868b62dd7e9003f61566,380057148
{app}\NPA5\SanPin\ГН 2.2.5.3532-18\ГН 2.2.5.3532-18.files\image012.gif,205,aa3582750b5c4025e896428a1b6e69bec338a60a,380057350
{app}\NPA5\SanPin\ГН 2.2.5.3532-18\ГН 2.2.5.3532-18.files\image013.gif,217,840d269a9e2dce92d1f4e7168febf441b361d807,380057555
{app}\NPA5\SanPin\ГН 2.2.5.3532-18\ГН 2.2.5.3532-18.files\image014.gif,230,c1515e0b30bccf1b9d8dc915dcf75b5f74894491,380057772
{app}\NPA5\SanPin\ГН 2.2.5.3532-18\ГН 2.2.5.3532-18.files\image015.gif,148,770e2cd7b80b241cd1ffd5c1d6d0506ecd7ae3e8,380058002
{app}\NPA5\SanPin\ГН 2.2.5.3532-18\ГН 2.2.5.3532-18.files\image016.gif,138,b37ce3ab95519f7f9adfd1f120b7934da4a24c6d,380058150
{app}\NPA5\SanPin\ГН 2.2.5.3532-18\ГН 2.2.5.3532-18.files\image017.gif,337,2566fbea3e51f2fe61f6c945ee39fe93f6f6d9fd,380058288
{app}\NPA5\SanPin\ГН 2.2.5.3532-18\ГН 2.2.5.3532-18.files\image018.gif,277,53c41e6a8437a95ed10f550fc2ccca2a51537e34,380058625
{app}\NPA5\SanPin\ГН 2.2.6.1006-00\ГН 2.2.6.1006-00.htm,16665,89d564968d72c4760108442dcde58a5ec5bf80d0,380058902
{app}\NPA5\SanPin\ГН 2.2.6.2178-07\ГН 2.2.6.2178-07.htm,250303,c83c99cab16a377e3a888c2187624c0eeb4e309a,380075567
{app}\NPA5\SanPin\ГН 2.2.6.709-98\ГН 2.2.6.709-98.htm,114525,509fdf35d0688b5040affae98901699834ebdb08,380325870
{app}\NPA5\SanPin\СанПиН  2.2.2.1332-03\СанПиН  2.2.2.1332-03.htm,57630,261e79d40dc6f1c15368d1857bf20c11f39d30ec,380440395
{app}\NPA5\SanPin\СанПиН 1.2.3685-21\СанПиН 1.2.3685-21-1-t1.1.htm,1779814,8408e7f49c0979a50f02eee05ed5a4fc0a636325,380498025
{app}\NPA5\SanPin\СанПиН 1.2.3685-21\СанПиН 1.2.3685-21-1-t1.2.htm,2396374,c6cd5b93978a6152d4aea1a8171c6dab24414ceb,382277839
{app}\NPA5\SanPin\СанПиН 1.2.3685-21\СанПиН 1.2.3685-21-1-t1.3-6.htm,54060,dbe855c0d9bdc2c1405e2772045602b86ecb4349,384674213
{app}\NPA5\SanPin\СанПиН 1.2.3685-21\СанПиН 1.2.3685-21-1-t1.7-14.htm,256530,ae810c7f160cd34d41d8d099d1443a0ffa37fc5d,384728273
{app}\NPA5\SanPin\СанПиН 1.2.3685-21\СанПиН 1.2.3685-21-1-t2.1.htm,5425040,5d3b5b5f24f59c92bf9b4d3a1fa8e120980ddc1f,384984803
{app}\NPA5\SanPin\СанПиН 1.2.3685-21\СанПиН 1.2.3685-21-1-t2.2.htm,1080536,524286b041827230b7454398726bba054f709862,390409843
{app}\NPA5\SanPin\СанПиН 1.2.3685-21\СанПиН 1.2.3685-21-1-t2.3-35.htm,699195,a90b6ed9c00d0adff14de1cf63d45c4608b0715c,391490379
{app}\NPA5\SanPin\СанПиН 1.2.3685-21\СанПиН 1.2.3685-21-3-t3.1-18.htm,3868219,4e0d0d6aabdec3fafd1e7641b75dbdd5f398a86e,392189574
{app}\NPA5\SanPin\СанПиН 1.2.3685-21\СанПиН 1.2.3685-21-4.htm,248459,bfe6203389d15c310efc9ba8fdf36b7247109beb,396057793
{app}\NPA5\SanPin\СанПиН 1.2.3685-21\СанПиН 1.2.3685-21-5.htm,2814194,bc76055c00234934c3c35ad83635761e08a27eea,396306252
{app}\NPA5\SanPin\СанПиН 1.2.3685-21\СанПиН 1.2.3685-21-6.htm,565113,333ac53b52f5b0f4e931aaf9252cde1e2569dfee,399120446
{app}\NPA5\SanPin\СанПиН 1.2.3685-21\СанПиН 1.2.3685-21-7.htm,426686,c76c7d341f774ee38f9d6632f20ede56d5e3f92c,399685559
{app}\NPA5\SanPin\СанПиН 1.2.3685-21\СанПиН 1.2.3685-21-8.htm,3751,553c5efcbf712d9470504ed3fbee8a819e6fb5d7,400112245
{app}\NPA5\SanPin\СанПиН 1.2.3685-21\СанПиН 1.2.3685-21-9.htm,3095783,82162874e084297497f9bd47f0b4f08ef48f39d7,400115996
{app}\NPA5\SanPin\СанПиН 1.2.3685-21\СанПиН 1.2.3685-21.htm,60919,d0d4e736d9c6652cc06e28b143f1d96ba2ebef9d,403211779
{app}\NPA5\SanPin\СанПиН 1.2.3685-21\СанПиН 1.2.3685-21-1-t1.1.files\image001.gif,263,453975f4fa6fa12aa2654dbf3580e04908780210,403272698
{app}\NPA5\SanPin\СанПиН 1.2.3685-21\СанПиН 1.2.3685-21-1-t1.1.files\image002.gif,301,5c06677181f238fb77ba599458ee2ec9f08855a9,403272961
{app}\NPA5\SanPin\СанПиН 1.2.3685-21\СанПиН 1.2.3685-21-1-t1.1.files\image003.gif,279,cc8418066e9ef59c783814df9b55ef8d4876bed9,403273262
{app}\NPA5\SanPin\СанПиН 1.2.3685-21\СанПиН 1.2.3685-21-1-t1.1.files\image004.gif,276,b9a55a265fbf188794969e66b399974d762b561e,403273541
{app}\NPA5\SanPin\СанПиН 1.2.3685-21\СанПиН 1.2.3685-21-1-t1.1.files\image005.gif,315,582c3b6025d7c8c72a386d172912cd1bcb74e197,403273817
{app}\NPA5\SanPin\СанПиН 1.2.3685-21\СанПиН 1.2.3685-21-1-t1.1.files\image006.gif,363,dfb6c73fb7011d72c2bb370f896f210d38207d31,403274132
{app}\NPA5\SanPin\СанПиН 1.2.3685-21\СанПиН 1.2.3685-21-1-t1.1.files\image007.gif,473,e93d483053ce3861207363b6d55fe82209c14bbe,403274495
{app}\NPA5\SanPin\СанПиН 1.2.3685-21\СанПиН 1.2.3685-21-1-t1.1.files\image008.gif,218,5b075729fcdabd990e4316bc4a3aa19f1da2f5aa,403274968
{app}\NPA5\SanPin\СанПиН 1.2.3685-21\СанПиН 1.2.3685-21-1-t1.1.files\image009.gif,232,e439c473762f12d769a0185afad174e6cd767aa0,403275186
{app}\NPA5\SanPin\СанПиН 1.2.3685-21\СанПиН 1.2.3685-21-1-t1.1.files\image010.gif,262,d1414f900638d46180277a6704d23a08140da05d,403275418
{app}\NPA5\SanPin\СанПиН 1.2.3685-21\СанПиН 1.2.3685-21-1-t1.1.files\image011.gif,298,05d7aa28acb6ce4939b69e6b0d90b6dee17de7e4,403275680
{app}\NPA5\SanPin\СанПиН 1.2.3685-21\СанПиН 1.2.3685-21-1-t1.1.files\image012.gif,261,27010ef8377610fef4ed10be7130d2522092f2c9,403275978
{app}\NPA5\SanPin\СанПиН 1.2.3685-21\СанПиН 1.2.3685-21-1-t1.1.files\image013.gif,300,29dc5735043795dcb77386a3b6fe95d1fc6f164f,403276239
{app}\NPA5\SanPin\СанПиН 1.2.3685-21\СанПиН 1.2.3685-21-1-t1.1.files\image014.gif,278,978aa173362efd717c48e54097084ea968f19354,403276539
{app}\NPA5\SanPin\СанПиН 1.2.3685-21\СанПиН 1.2.3685-21-1-t1.1.files\image015.gif,323,c89ba7c1a8cda98096500a0dc24422ce20d9ef50,403276817
{app}\NPA5\SanPin\СанПиН 1.2.3685-21\СанПиН 1.2.3685-21-1-t1.1.files\image016.gif,216,b371260eb93ce3019eae448716e28870046faf49,403277140
{app}\NPA5\SanPin\СанПиН 1.2.3685-21\СанПиН 1.2.3685-21-1-t1.1.files\image017.gif,1046,c6f5cd0cd75fd063dfd72fd44bfc049789bc8dd6,403277356
{app}\NPA5\SanPin\СанПиН 1.2.3685-21\СанПиН 1.2.3685-21-1-t1.1.files\image018.gif,394,cd6ae488822ef86bd2ed639b4389f38478e4190f,403278402
{app}\NPA5\SanPin\СанПиН 1.2.3685-21\СанПиН 1.2.3685-21-1-t1.1.files\image019.gif,308,4b9a36c3c0db863d66466c8481bcc8876e0fb535,403278796
{app}\NPA5\SanPin\СанПиН 1.2.3685-21\СанПиН 1.2.3685-21-1-t1.2.files\image001.gif,216,b371260eb93ce3019eae448716e28870046faf49,403279104
{app}\NPA5\SanPin\СанПиН 1.2.3685-21\СанПиН 1.2.3685-21-1-t1.2.files\image002.gif,232,e439c473762f12d769a0185afad174e6cd767aa0,403279320
{app}\NPA5\SanPin\СанПиН 1.2.3685-21\СанПиН 1.2.3685-21-1-t1.2.files\image003.gif,216,c11f9cd9da33df6db3cdef0d804ade57bcd989e4,403279552
{app}\NPA5\SanPin\СанПиН 1.2.3685-21\СанПиН 1.2.3685-21-1-t1.2.files\image004.gif,234,156a50659a03747174cd46dc0768eb5b13829aaf,403279768
{app}\NPA5\SanPin\СанПиН 1.2.3685-21\СанПиН 1.2.3685-21-1-t1.2.files\image005.gif,220,6aa4592a239296d5742601c930e836328fbf1ca8,403280002
{app}\NPA5\SanPin\СанПиН 1.2.3685-21\СанПиН 1.2.3685-21-1-t1.2.files\image006.gif,261,268d2af7f4118719f7dbdd92093f82f2dbcf9801,403280222
{app}\NPA5\SanPin\СанПиН 1.2.3685-21\СанПиН 1.2.3685-21-1-t1.2.files\image007.gif,291,260e0a49b83c44e1b952b682efc30240607379a0,403280483
{app}\NPA5\SanPin\СанПиН 1.2.3685-21\СанПиН 1.2.3685-21-1-t1.2.files\image008.gif,263,f932f3a1a0564ceb82336cb1fa85f0ccb1b09f94,403280774
{app}\NPA5\SanPin\СанПиН 1.2.3685-21\СанПиН 1.2.3685-21-1-t1.2.files\image009.gif,338,58e28703a2379ae11046fceeab3efdd20c555a27,403281037
{app}\NPA5\SanPin\СанПиН 1.2.3685-21\СанПиН 1.2.3685-21-1-t1.2.files\image010.gif,336,0f57e38a6e5f7d39b40f72b22a60e2c167e5c434,403281375
{app}\NPA5\SanPin\СанПиН 1.2.3685-21\СанПиН 1.2.3685-21-1-t1.2.files\image011.gif,1245,755d589974c9ce0f902547825f4098a5ede736c3,403281711
{app}\NPA5\SanPin\СанПиН 1.2.3685-21\СанПиН 1.2.3685-21-1-t1.2.files\image012.gif,1318,e44dde5dd7ca05c54a7904570b0a73b43e039470,403282956
{app}\NPA5\SanPin\СанПиН 1.2.3685-21\СанПиН 1.2.3685-21-1-t1.2.files\image013.gif,1325,1065014fb874f5ab27f31a691afb805de056d711,403284274
{app}\NPA5\SanPin\СанПиН 1.2.3685-21\СанПиН 1.2.3685-21-1-t1.7-14.files\image001.gif,594,db3dc596cc01dcf265ae5d883faa0415c7d16d0f,403285599
{app}\NPA5\SanPin\СанПиН 1.2.3685-21\СанПиН 1.2.3685-21-1-t1.7-14.files\image002.gif,640,8e0ccb1eafa9c3b7f09b54801c9edf350a71d0e7,403286193
{app}\NPA5\SanPin\СанПиН 1.2.3685-21\СанПиН 1.2.3685-21-1-t1.7-14.files\image003.gif,732,f6be1328c57c07205a332e84970078ecadb3220f,403286833
{app}\NPA5\SanPin\СанПиН 1.2.3685-21\СанПиН 1.2.3685-21-1-t1.7-14.files\image004.gif,824,67e2812014f579511ca04886bf230f2982883fe4,403287565
{app}\NPA5\SanPin\СанПиН 1.2.3685-21\СанПиН 1.2.3685-21-1-t1.7-14.files\image005.gif,581,1baa692dea28cc2b2cf4049c407d733d5b9c51d2,403288389
{app}\NPA5\SanPin\СанПиН 1.2.3685-21\СанПиН 1.2.3685-21-1-t1.7-14.files\image006.gif,234,156a50659a03747174cd46dc0768eb5b13829aaf,403288970
{app}\NPA5\SanPin\СанПиН 1.2.3685-21\СанПиН 1.2.3685-21-1-t2.1.files\image001.gif,216,c11f9cd9da33df6db3cdef0d804ade57bcd989e4,403289204
{app}\NPA5\SanPin\СанПиН 1.2.3685-21\СанПиН 1.2.3685-21-1-t2.1.files\image002.gif,247,041b401a2d00bc8d7d0d9dbe3e075c0935548b96,403289420
{app}\NPA5\SanPin\СанПиН 1.2.3685-21\СанПиН 1.2.3685-21-1-t2.1.files\image003.gif,234,156a50659a03747174cd46dc0768eb5b13829aaf,403289667
{app}\NPA5\SanPin\СанПиН 1.2.3685-21\СанПиН 1.2.3685-21-1-t2.1.files\image004.gif,223,4c42358a10de6c033eb162ddfb6820342d2a591a,403289901
{app}\NPA5\SanPin\СанПиН 1.2.3685-21\СанПиН 1.2.3685-21-1-t2.1.files\image005.gif,202,c1fd011ea54a9287623a3a295f9268cf25e3f3f7,403290124
{app}\NPA5\SanPin\СанПиН 1.2.3685-21\СанПиН 1.2.3685-21-1-t2.1.files\image006.gif,267,1b0421a0166b84073bfdfdd328a5ba9791ffcb8b,403290326
{app}\NPA5\SanPin\СанПиН 1.2.3685-21\СанПиН 1.2.3685-21-1-t2.1.files\image007.gif,280,d90518cfc1c5810efd5518c7b2f661cf54065cad,403290593
{app}\NPA5\SanPin\СанПиН 1.2.3685-21\СанПиН 1.2.3685-21-1-t2.1.files\image008.gif,234,b095398594d6a060f5e1dee35a22e599f43ad44b,403290873
{app}\NPA5\SanPin\СанПиН 1.2.3685-21\СанПиН 1.2.3685-21-1-t2.1.files\image009.gif,408,5787ca8c4275a6d5a0949c39659d4c9caa74c825,403291107
{app}\NPA5\SanPin\СанПиН 1.2.3685-21\СанПиН 1.2.3685-21-1-t2.1.files\image010.gif,1064,d4f7bcd0364ec0b0af3c552eb55d5f09430b9ee1,403291515
{app}\NPA5\SanPin\СанПиН 1.2.3685-21\СанПиН 1.2.3685-21-1-t2.1.files\image011.gif,1047,1221046455dcb1445625530ba90d2b56a671ba27,403292579
{app}\NPA5\SanPin\СанПиН 1.2.3685-21\СанПиН 1.2.3685-21-1-t2.1.files\image012.gif,1035,bfab3a1fc04a433236d9bf8ed6ee8d4d97998fee,403293626
{app}\NPA5\SanPin\СанПиН 1.2.3685-21\СанПиН 1.2.3685-21-1-t2.1.files\image013.gif,1023,8592fcbf8af221a338589dc6b81cb50260ff9c76,403294661
{app}\NPA5\SanPin\СанПиН 1.2.3685-21\СанПиН 1.2.3685-21-1-t2.1.files\image014.gif,1099,24e36a007cea14eaba4a27e7e6422bb0ace620d9,403295684
{app}\NPA5\SanPin\СанПиН 1.2.3685-21\СанПиН 1.2.3685-21-1-t2.1.files\image015.gif,216,b371260eb93ce3019eae448716e28870046faf49,403296783
{app}\NPA5\SanPin\СанПиН 1.2.3685-21\СанПиН 1.2.3685-21-1-t2.1.files\image016.gif,733,241a08d0bcfe45f3c36e6a147e429cfccdd23d16,403296999
{app}\NPA5\SanPin\СанПиН 1.2.3685-21\СанПиН 1.2.3685-21-1-t2.1.files\image017.gif,1207,a2ca55a145e29f946cb6b7c32b0ddb3aff2b9276,403297732
{app}\NPA5\SanPin\СанПиН 1.2.3685-21\СанПиН 1.2.3685-21-1-t2.1.files\image018.gif,212,713124a6e72c2ef32a79085114bd3a7a275ae340,403298939
{app}\NPA5\SanPin\СанПиН 1.2.3685-21\СанПиН 1.2.3685-21-1-t2.1.files\image019.gif,925,af6b0ca671320417e2e5a922e557b27ed5b1d108,403299151
{app}\NPA5\SanPin\СанПиН 1.2.3685-21\СанПиН 1.2.3685-21-1-t2.1.files\image020.gif,621,4429db5e97d25da4918f61a0e5a184c84904bdc9,403300076
{app}\NPA5\SanPin\СанПиН 1.2.3685-21\СанПиН 1.2.3685-21-1-t2.1.files\image021.gif,1308,3ba3e0a0f82ad9bf3f0d13a6811e9ca184779fee,403300697
{app}\NPA5\SanPin\СанПиН 1.2.3685-21\СанПиН 1.2.3685-21-1-t2.1.files\image022.gif,272,383de112e02b478c39664e43a4430843d5d5fc0d,403302005
{app}\NPA5\SanPin\СанПиН 1.2.3685-21\СанПиН 1.2.3685-21-1-t2.1.files\image023.gif,1317,3a71a23f5e751ec3859f6fbaf12479f0633609cf,403302277
{app}\NPA5\SanPin\СанПиН 1.2.3685-21\СанПиН 1.2.3685-21-1-t2.1.files\image024.gif,1019,2264b7119a8ab8c615bf6e11a10479bf5a9ce446,403303594
{app}\NPA5\SanPin\СанПиН 1.2.3685-21\СанПиН 1.2.3685-21-1-t2.1.files\image025.gif,835,52044e00d673e4a5a2fa07597d94d5b07612da2a,403304613
{app}\NPA5\SanPin\СанПиН 1.2.3685-21\СанПиН 1.2.3685-21-1-t2.1.files\image026.gif,1084,73cd4bb1427849d9d577df5f1545823d435963f1,403305448
{app}\NPA5\SanPin\СанПиН 1.2.3685-21\СанПиН 1.2.3685-21-1-t2.1.files\image027.gif,521,5eba37b878442b8cae72319075efe1bfef3d3aec,403306532
{app}\NPA5\SanPin\СанПиН 1.2.3685-21\СанПиН 1.2.3685-21-1-t2.1.files\image028.gif,579,fea0e5c34b8f12ea83703f8416befd4338967f3a,403307053
{app}\NPA5\SanPin\СанПиН 1.2.3685-21\СанПиН 1.2.3685-21-1-t2.1.files\image029.gif,1036,dbb98ee1199a41ec6b30542da2f6a66e9ebd9038,403307632
{app}\NPA5\SanPin\СанПиН 1.2.3685-21\СанПиН 1.2.3685-21-1-t2.1.files\image030.gif,798,b942f069b16721b18ecd7102cbee5dcbe44b40dd,403308668
{app}\NPA5\SanPin\СанПиН 1.2.3685-21\СанПиН 1.2.3685-21-1-t2.1.files\image031.gif,830,76ca0ad16f88950bbcd9d090916085b5e20752c2,403309466
{app}\NPA5\SanPin\СанПиН 1.2.3685-21\СанПиН 1.2.3685-21-1-t2.1.files\image032.gif,1221,879898a0dad3811ce9eb141bbd3a586a014a633c,403310296
{app}\NPA5\SanPin\СанПиН 1.2.3685-21\СанПиН 1.2.3685-21-1-t2.1.files\image033.gif,1145,5d593456bdf8d5f19fb0ed113156e14990927402,403311517
{app}\NPA5\SanPin\СанПиН 1.2.3685-21\СанПиН 1.2.3685-21-1-t2.1.files\image034.gif,1154,b980c8d04842b0d04c67db55812c8f8797087aae,403312662
{app}\NPA5\SanPin\СанПиН 1.2.3685-21\СанПиН 1.2.3685-21-1-t2.1.files\image035.gif,1155,1c3850123c31484f4e4d164694787eff3768a863,403313816
{app}\NPA5\SanPin\СанПиН 1.2.3685-21\СанПиН 1.2.3685-21-1-t2.1.files\image036.gif,598,74e7c94b76567ffc32efeaccf8e5375c308b888c,403314971
{app}\NPA5\SanPin\СанПиН 1.2.3685-21\СанПиН 1.2.3685-21-1-t2.1.files\image037.gif,918,d20533c26688545f184284d2831cb63e300da07b,403315569
{app}\NPA5\SanPin\СанПиН 1.2.3685-21\СанПиН 1.2.3685-21-1-t2.1.files\image038.gif,928,de383cc735474b37960074605a1d9e62215e4517,403316487
{app}\NPA5\SanPin\СанПиН 1.2.3685-21\СанПиН 1.2.3685-21-1-t2.1.files\image039.gif,673,4d2e78f17ef3a31b3a6342e8f03089f9bf2a3976,403317415
{app}\NPA5\SanPin\СанПиН 1.2.3685-21\СанПиН 1.2.3685-21-1-t2.1.files\image040.gif,576,17e1fe3e7a42d42cafd947e8e26bccfd31b45080,403318088
{app}\NPA5\SanPin\СанПиН 1.2.3685-21\СанПиН 1.2.3685-21-1-t2.1.files\image041.gif,598,2537d2985edcc52dc19c0372523b8e13ddb3ac49,403318664
{app}\NPA5\SanPin\СанПиН 1.2.3685-21\СанПиН 1.2.3685-21-1-t2.1.files\image042.gif,914,c3b0d0445ca8d537f17ed7c5ecc84bb41abdfd7b,403319262
{app}\NPA5\SanPin\СанПиН 1.2.3685-21\СанПиН 1.2.3685-21-1-t2.1.files\image043.gif,1142,6d54fb4c4295b9425885bf06cba33b7276bd6812,403320176
{app}\NPA5\SanPin\СанПиН 1.2.3685-21\СанПиН 1.2.3685-21-1-t2.1.files\image044.gif,724,dce04a9a157eb7071fbbe4bc975254f4793f46b9,403321318
{app}\NPA5\SanPin\СанПиН 1.2.3685-21\СанПиН 1.2.3685-21-1-t2.1.files\image045.gif,723,1a97431c3969fc35431f125e3e489198f84d57c8,403322042
{app}\NPA5\SanPin\СанПиН 1.2.3685-21\СанПиН 1.2.3685-21-1-t2.1.files\image046.gif,879,ac5f38fa1721c3f4d9d0821970cde929e798df8d,403322765
{app}\NPA5\SanPin\СанПиН 1.2.3685-21\СанПиН 1.2.3685-21-1-t2.1.files\image047.gif,394,8d1e0763ee157b69613e4f55244b711b7208dd5c,403323644
{app}\NPA5\SanPin\СанПиН 1.2.3685-21\СанПиН 1.2.3685-21-1-t2.1.files\image048.gif,363,087ad31ab3041fbb2daea3d0bee790a297607907,403324038
{app}\NPA5\SanPin\СанПиН 1.2.3685-21\СанПиН 1.2.3685-21-1-t2.1.files\image049.gif,719,0c5af9f8525a34e5c6ff816c07bfeebfdff98e41,403324401
{app}\NPA5\SanPin\СанПиН 1.2.3685-21\СанПиН 1.2.3685-21-1-t2.1.files\image050.gif,1023,31f1d199b5f55c29811540256160580437136552,403325120
{app}\NPA5\SanPin\СанПиН 1.2.3685-21\СанПиН 1.2.3685-21-1-t2.1.files\image051.gif,1139,ee692a55549edb2f571d671e68696c2196ddce50,403326143
{app}\NPA5\SanPin\СанПиН 1.2.3685-21\СанПиН 1.2.3685-21-1-t2.1.files\image052.gif,854,4a827f3786a7dd68e0a03fc56fe36ba46c69b337,403327282
{app}\NPA5\SanPin\СанПиН 1.2.3685-21\СанПиН 1.2.3685-21-1-t2.1.files\image053.gif,785,7b928b545713ab52f249ff1da00a5612b8a53107,403328136
{app}\NPA5\SanPin\СанПиН 1.2.3685-21\СанПиН 1.2.3685-21-1-t2.1.files\image054.gif,805,5dee6860e3d5e38b83db41933fcfd7be66a391bd,403328921
{app}\NPA5\SanPin\СанПиН 1.2.3685-21\СанПиН 1.2.3685-21-1-t2.1.files\image055.gif,805,1c69822c7a16ab9306d076d35762c3ec3a4021c0,403329726
{app}\NPA5\SanPin\СанПиН 1.2.3685-21\СанПиН 1.2.3685-21-1-t2.1.files\image056.gif,637,c70bd24538dd79e6f5433df26519ca890a5fd602,403330531
{app}\NPA5\SanPin\СанПиН 1.2.3685-21\СанПиН 1.2.3685-21-1-t2.1.files\image057.gif,1127,da67aebb02fada91c4d78aed92f906d29a47f767,403331168
{app}\NPA5\SanPin\СанПиН 1.2.3685-21\СанПиН 1.2.3685-21-1-t2.1.files\image058.gif,1106,43ee2a7d5c3742939da814c4c6c37ae0689bf4ed,403332295
{app}\NPA5\SanPin\СанПиН 1.2.3685-21\СанПиН 1.2.3685-21-1-t2.1.files\image059.gif,1196,e35597b80b94adb46507cd450e515c733009f7d6,403333401
{app}\NPA5\SanPin\СанПиН 1.2.3685-21\СанПиН 1.2.3685-21-1-t2.1.files\image060.gif,1045,82559e1f8ae79b20ab9c098ceff0cab046403c09,403334597
{app}\NPA5\SanPin\СанПиН 1.2.3685-21\СанПиН 1.2.3685-21-1-t2.1.files\image061.gif,916,87424ab1c5744bb198ed8ea68d8413938bf2bce6,403335642
{app}\NPA5\SanPin\СанПиН 1.2.3685-21\СанПиН 1.2.3685-21-1-t2.1.files\image062.gif,1237,d9503e50e15fd14dedb5554707a17813724056fb,403336558
{app}\NPA5\SanPin\СанПиН 1.2.3685-21\СанПиН 1.2.3685-21-1-t2.1.files\image063.gif,321,9b07b3087c80b203a8e68e99f0110b15e4901ec6,403337795
{app}\NPA5\SanPin\СанПиН 1.2.3685-21\СанПиН 1.2.3685-21-1-t2.1.files\image064.gif,1282,1482865ce7370df5f2a7f3e22592b8f13af73b38,403338116
{app}\NPA5\SanPin\СанПиН 1.2.3685-21\СанПиН 1.2.3685-21-1-t2.1.files\image065.gif,865,d16e8621f776856e5d2df92267445e3192472284,403339398
{app}\NPA5\SanPin\СанПиН 1.2.3685-21\СанПиН 1.2.3685-21-1-t2.1.files\image066.gif,996,61e49602b4a4ec6f4e21ab455087361bf5f68e7f,403340263
{app}\NPA5\SanPin\СанПиН 1.2.3685-21\СанПиН 1.2.3685-21-1-t2.1.files\image067.gif,232,e439c473762f12d769a0185afad174e6cd767aa0,403341259
{app}\NPA5\SanPin\СанПиН 1.2.3685-21\СанПиН 1.2.3685-21-1-t2.2.files\image001.gif,216,b371260eb93ce3019eae448716e28870046faf49,403341491
{app}\NPA5\SanPin\СанПиН 1.2.3685-21\СанПиН 1.2.3685-21-1-t2.2.files\image002.gif,263,453975f4fa6fa12aa2654dbf3580e04908780210,403341707
{app}\NPA5\SanPin\СанПиН 1.2.3685-21\СанПиН 1.2.3685-21-1-t2.2.files\image003.gif,319,f05cffec75e580d306418aff12debd3d4c71cd4a,403341970
{app}\NPA5\SanPin\СанПиН 1.2.3685-21\СанПиН 1.2.3685-21-1-t2.2.files\image004.gif,324,58f6986ed090fa9a7f4c46ba0458feb34ebc27ba,403342289
{app}\NPA5\SanPin\СанПиН 1.2.3685-21\СанПиН 1.2.3685-21-1-t2.3-35.files\filelist.xml,258,a38965ee6f2e3c681110cc609f8cc49d5f530b0b,403342613
{app}\NPA5\SanPin\СанПиН 1.2.3685-21\СанПиН 1.2.3685-21-1-t2.3-35.files\image001.gif,216,b371260eb93ce3019eae448716e28870046faf49,403342871
{app}\NPA5\SanPin\СанПиН 1.2.3685-21\СанПиН 1.2.3685-21-1-t2.3-35.files\image002.gif,241,29a8ffe975758e8739bd43d3393ac581a7775111,403343087
{app}\NPA5\SanPin\СанПиН 1.2.3685-21\СанПиН 1.2.3685-21-1-t2.3-35.files\image003.gif,635,f1c5107412634dfcaef5b6bfb9bc4cd2e0259319,403343328
{app}\NPA5\SanPin\СанПиН 1.2.3685-21\СанПиН 1.2.3685-21-1-t2.3-35.files\image004.gif,652,322c37934d9419d9501eca63d23c3a1768776d79,403343963
{app}\NPA5\SanPin\СанПиН 1.2.3685-21\СанПиН 1.2.3685-21-1-t2.3-35.files\image005.gif,721,85b471df2aa60c43230dbd5321eb90c9c2a7551d,403344615
{app}\NPA5\SanPin\СанПиН 1.2.3685-21\СанПиН 1.2.3685-21-1-t2.3-35.files\image006.gif,765,42ab3e4e6a4aa028ff51baa6460d394ad096390f,403345336
{app}\NPA5\SanPin\СанПиН 1.2.3685-21\СанПиН 1.2.3685-21-1-t2.3-35.files\image007.gif,974,0a1e8952c1f3bf2d5c2bccae4f64c42ef1bc063e,403346101
{app}\NPA5\SanPin\СанПиН 1.2.3685-21\СанПиН 1.2.3685-21-1-t2.3-35.files\image008.gif,678,fd39894d9b130bc674e03adb25a5d92a0ef597f3,403347075
{app}\NPA5\SanPin\СанПиН 1.2.3685-21\СанПиН 1.2.3685-21-1-t2.3-35.files\image009.gif,682,f983939b2115a044d291284af2fc47d60f6210c2,403347753
{app}\NPA5\SanPin\СанПиН 1.2.3685-21\СанПиН 1.2.3685-21-1-t2.3-35.files\image010.gif,232,e439c473762f12d769a0185afad174e6cd767aa0,403348435
{app}\NPA5\SanPin\СанПиН 1.2.3685-21\СанПиН 1.2.3685-21-1-t2.3-35.files\image012.wmz,465,a79192a26ae28d93a0419d9dacff6d1313e7c18f,403348667
{app}\NPA5\SanPin\СанПиН 1.2.3685-21\СанПиН 1.2.3685-21-3-t3.1-18.files\image001.gif,223,0fc6789df339f7880312b883f46c3d4dad3fc94e,403349132
{app}\NPA5\SanPin\СанПиН 1.2.3685-21\СанПиН 1.2.3685-21-3-t3.1-18.files\image002.gif,582,d7d7659f8928d2d84328d9a5c1eda658e39fcf42,403349355
{app}\NPA5\SanPin\СанПиН 1.2.3685-21\СанПиН 1.2.3685-21-3-t3.1-18.files\image003.gif,762,549e6b45189179be515d7a8b017438ceaf0a011a,403349937
{app}\NPA5\SanPin\СанПиН 1.2.3685-21\СанПиН 1.2.3685-21-3-t3.1-18.files\image004.gif,216,c11f9cd9da33df6db3cdef0d804ade57bcd989e4,403350699
{app}\NPA5\SanPin\СанПиН 1.2.3685-21\СанПиН 1.2.3685-21-3-t3.1-18.files\image005.gif,591,060c4e8e1ad265a78083f8856dbad89c4dc1e83f,403350915
{app}\NPA5\SanPin\СанПиН 1.2.3685-21\СанПиН 1.2.3685-21-3-t3.1-18.files\image006.gif,622,bd1b31ef8a41b2d3a7f2b5a41248107958190741,403351506
{app}\NPA5\SanPin\СанПиН 1.2.3685-21\СанПиН 1.2.3685-21-3-t3.1-18.files\image007.gif,1045,338af6d20ee52d0dfd608ee9705776a152cb1476,403352128
{app}\NPA5\SanPin\СанПиН 1.2.3685-21\СанПиН 1.2.3685-21-3-t3.1-18.files\image008.gif,996,86dc3cb3eb51461f998e1b94219f6506f6225770,403353173
{app}\NPA5\SanPin\СанПиН 1.2.3685-21\СанПиН 1.2.3685-21-3-t3.1-18.files\image009.gif,223,4c42358a10de6c033eb162ddfb6820342d2a591a,403354169
{app}\NPA5\SanPin\СанПиН 1.2.3685-21\СанПиН 1.2.3685-21-3-t3.1-18.files\image010.gif,234,156a50659a03747174cd46dc0768eb5b13829aaf,403354392
{app}\NPA5\SanPin\СанПиН 1.2.3685-21\СанПиН 1.2.3685-21-4.files\image001.gif,482,9fc77dad01931ff33a821cdea503122764cb9a8d,403354626
{app}\NPA5\SanPin\СанПиН 1.2.3685-21\СанПиН 1.2.3685-21-4.files\image002.gif,616,3948e042e599f29d066e7bb7cb2092f3f3ee2913,403355108
{app}\NPA5\SanPin\СанПиН 1.2.3685-21\СанПиН 1.2.3685-21-4.files\image003.gif,981,d66a3f289676c446704ed6b11d0b646104427a66,403355724
{app}\NPA5\SanPin\СанПиН 1.2.3685-21\СанПиН 1.2.3685-21-4.files\image004.gif,234,156a50659a03747174cd46dc0768eb5b13829aaf,403356705
{app}\NPA5\SanPin\СанПиН 1.2.3685-21\СанПиН 1.2.3685-21-5.files\image001.gif,702,34f39ddc084d933ffd0a4827ac5e6f33ee6a18c3,403356939
{app}\NPA5\SanPin\СанПиН 1.2.3685-21\СанПиН 1.2.3685-21-5.files\image002.gif,232,ddee4fc33aa2e8dee75ca6a9ba71d7c4f0c804cb,403357641
{app}\NPA5\SanPin\СанПиН 1.2.3685-21\СанПиН 1.2.3685-21-5.files\image003.jpg,53328,50faeeeca2f11363de03b3cb59d25bc747161f83,403357873
{app}\NPA5\SanPin\СанПиН 1.2.3685-21\СанПиН 1.2.3685-21-5.files\image004.gif,571,72cb67bbd945ba768f8784a196df0b2d969b50e4,403411201
{app}\NPA5\SanPin\СанПиН 1.2.3685-21\СанПиН 1.2.3685-21-5.files\image005.gif,493,54ec3af699ccba5fc6fc32e21d14bff20dfe9e7d,403411772
{app}\NPA5\SanPin\СанПиН 1.2.3685-21\СанПиН 1.2.3685-21-5.files\image006.gif,664,14da294e4d33b5a56cbb8e5ceb37b4b368f476f5,403412265
{app}\NPA5\SanPin\СанПиН 1.2.3685-21\СанПиН 1.2.3685-21-5.files\image007.gif,409,0e72fe66d75695bd1b70190b07b28c730283bfd8,403412929
{app}\NPA5\SanPin\СанПиН 1.2.3685-21\СанПиН 1.2.3685-21-5.files\image008.gif,815,2063faf9b70f2a834d5ba7d32a181d39cb8fff15,403413338
{app}\NPA5\SanPin\СанПиН 1.2.3685-21\СанПиН 1.2.3685-21-5.files\image009.gif,780,8782f7c1696ab7541755462ea804e7e054a9fb77,403414153
{app}\NPA5\SanPin\СанПиН 1.2.3685-21\СанПиН 1.2.3685-21-5.files\image010.gif,773,ba76d63f38ebd521553d90707301a24e11e192eb,403414933
{app}\NPA5\SanPin\СанПиН 1.2.3685-21\СанПиН 1.2.3685-21-5.files\image011.gif,733,4859ae10d71bd8459f2d033169f09da4ffb2823c,403415706
{app}\NPA5\SanPin\СанПиН 1.2.3685-21\СанПиН 1.2.3685-21-5.files\image012.gif,861,1abf0beaf6cb3ea79a3415c83aec6a106a029b67,403416439
{app}\NPA5\SanPin\СанПиН 1.2.3685-21\СанПиН 1.2.3685-21-5.files\image013.gif,445,de165cd8e6ba4520d06a469504c130e401fb370d,403417300
{app}\NPA5\SanPin\СанПиН 1.2.3685-21\СанПиН 1.2.3685-21-5.files\image014.gif,1003,c85a92bfd0b131ac8910287a2d714ca66480736a,403417745
{app}\NPA5\SanPin\СанПиН 1.2.3685-21\СанПиН 1.2.3685-21-5.files\image015.gif,703,e3007e603e5e81ab669307ee92c9fd99e8816b19,403418748
{app}\NPA5\SanPin\СанПиН 1.2.3685-21\СанПиН 1.2.3685-21-5.files\image016.gif,676,2ae0e2ffd87d51981755448526b4eec6a1751bf6,403419451
{app}\NPA5\SanPin\СанПиН 1.2.3685-21\СанПиН 1.2.3685-21-5.files\image017.gif,725,90d093d33cce6111c5bdf26823aca2dc4502d29c,403420127
{app}\NPA5\SanPin\СанПиН 1.2.3685-21\СанПиН 1.2.3685-21-5.files\image018.gif,625,f585068e20f54596d8021c58d11b9a674016d2a5,403420852
{app}\NPA5\SanPin\СанПиН 1.2.3685-21\СанПиН 1.2.3685-21-5.files\image019.gif,848,212fca672506d7c4f052d3052f7740b44e5d228d,403421477
{app}\NPA5\SanPin\СанПиН 1.2.3685-21\СанПиН 1.2.3685-21-5.files\image020.gif,706,218b7b49bc8db58d4911069a9ea9ee94e2f98a6e,403422325
{app}\NPA5\SanPin\СанПиН 1.2.3685-21\СанПиН 1.2.3685-21-5.files\image021.gif,771,5f2c9e060863cd988507b0460cf32ef312e2b50f,403423031
{app}\NPA5\SanPin\СанПиН 1.2.3685-21\СанПиН 1.2.3685-21-5.files\image022.gif,532,c3fe2ff7f0759102004fec0d281ffe124ef6c82d,403423802
{app}\NPA5\SanPin\СанПиН 1.2.3685-21\СанПиН 1.2.3685-21-5.files\image023.gif,825,c3d7dbc124edea52dfce7ffa05332b6bb0e74dd5,403424334
{app}\NPA5\SanPin\СанПиН 1.2.3685-21\СанПиН 1.2.3685-21-5.files\image024.gif,705,daed93c114a1a365699e9257497b7fb1d34e3998,403425159
{app}\NPA5\SanPin\СанПиН 1.2.3685-21\СанПиН 1.2.3685-21-5.files\image025.gif,679,2e48d55ac4e4e8cd341bfa8e400cc8b0a39f8318,403425864
{app}\NPA5\SanPin\СанПиН 1.2.3685-21\СанПиН 1.2.3685-21-5.files\image026.gif,845,735e2980255f30f78ea41426ee1fc1534bd52818,403426543
{app}\NPA5\SanPin\СанПиН 1.2.3685-21\СанПиН 1.2.3685-21-5.files\image027.gif,789,31664f818a3c3dac81026d8768cfa7ba2197d87b,403427388
{app}\NPA5\SanPin\СанПиН 1.2.3685-21\СанПиН 1.2.3685-21-5.files\image028.gif,885,8876e000cf4e89dbe9c340bb9f68f8787fd71419,403428177
{app}\NPA5\SanPin\СанПиН 1.2.3685-21\СанПиН 1.2.3685-21-5.files\image029.gif,873,9b3e0c7b1e0afd56d44efb2371b2d126d82e468c,403429062
{app}\NPA5\SanPin\СанПиН 1.2.3685-21\СанПиН 1.2.3685-21-5.files\image030.gif,968,8cf3589c3631f225d66015d01e8a4a8ec77fd896,403429935
{app}\NPA5\SanPin\СанПиН 1.2.3685-21\СанПиН 1.2.3685-21-5.files\image031.gif,466,cc6a2ebf4bd731d4c288ddd3e86e94ff31ac174d,403430903
{app}\NPA5\SanPin\СанПиН 1.2.3685-21\СанПиН 1.2.3685-21-5.files\image032.gif,691,f53f30d3be71f09815163d4d78dc3a84bfe988ba,403431369
{app}\NPA5\SanPin\СанПиН 1.2.3685-21\СанПиН 1.2.3685-21-5.files\image033.gif,878,e5612152730b876b76bedd54886cf8bd88717b44,403432060
{app}\NPA5\SanPin\СанПиН 1.2.3685-21\СанПиН 1.2.3685-21-5.files\image034.gif,646,e0232c12dc66ecdf0a3263201ce51d8e0f68c5d6,403432938
{app}\NPA5\SanPin\СанПиН 1.2.3685-21\СанПиН 1.2.3685-21-5.files\image035.gif,692,a04596e9c4c5891cc29434580d3d74dec1e563e5,403433584
{app}\NPA5\SanPin\СанПиН 1.2.3685-21\СанПиН 1.2.3685-21-5.files\image036.gif,521,bb6aa9eff7a7e7832c9a0015741cdb4354308d77,403434276
{app}\NPA5\SanPin\СанПиН 1.2.3685-21\СанПиН 1.2.3685-21-5.files\image037.gif,644,c6ec7634e5a8145d80788ee3832914ef12b19bc1,403434797
{app}\NPA5\SanPin\СанПиН 1.2.3685-21\СанПиН 1.2.3685-21-5.files\image038.gif,520,80ccc626b704d8c7f4823800babbdc0fd3199b71,403435441
{app}\NPA5\SanPin\СанПиН 1.2.3685-21\СанПиН 1.2.3685-21-5.files\image039.gif,667,cdcc34ad8a48e3f6aa14ec16c86707e27e5cc9ad,403435961
{app}\NPA5\SanPin\СанПиН 1.2.3685-21\СанПиН 1.2.3685-21-5.files\image040.gif,553,8e3321fdb8758369957019d46785b1ea883de4bd,403436628
{app}\NPA5\SanPin\СанПиН 1.2.3685-21\СанПиН 1.2.3685-21-5.files\image041.gif,691,f645e32104862c880900fda3c46b8562b5e1ee24,403437181
{app}\NPA5\SanPin\СанПиН 1.2.3685-21\СанПиН 1.2.3685-21-5.files\image042.gif,580,b1feb7874132facbf82a7e8a862068ee5d0602a9,403437872
{app}\NPA5\SanPin\СанПиН 1.2.3685-21\СанПиН 1.2.3685-21-5.files\image043.gif,910,b24e4946c0002e3f258ea5ebbc1c7aa19afe621f,403438452
{app}\NPA5\SanPin\СанПиН 1.2.3685-21\СанПиН 1.2.3685-21-5.files\image044.gif,645,da7da994f66ed8cba4c44e8633f799b963261b1a,403439362
{app}\NPA5\SanPin\СанПиН 1.2.3685-21\СанПиН 1.2.3685-21-5.files\image045.gif,532,8d2d19b00ffc9c05146b90541f2a2a74093d397a,403440007
{app}\NPA5\SanPin\СанПиН 1.2.3685-21\СанПиН 1.2.3685-21-5.files\image046.gif,535,6e715dda44009b79e8f9ee82976dffe26feb8f4e,403440539
{app}\NPA5\SanPin\СанПиН 1.2.3685-21\СанПиН 1.2.3685-21-5.files\image047.gif,519,00d7aa34615cb345b1bcbf90b4a82edf48e16810,403441074
{app}\NPA5\SanPin\СанПиН 1.2.3685-21\СанПиН 1.2.3685-21-5.files\image048.gif,537,bafd30975a3d0c00b236d5cd321ca7771d10632c,403441593
{app}\NPA5\SanPin\СанПиН 1.2.3685-21\СанПиН 1.2.3685-21-5.files\image049.gif,389,f3a3cd3376c9c2ac7a937178aa6851ce2783f09f,403442130
{app}\NPA5\SanPin\СанПиН 1.2.3685-21\СанПиН 1.2.3685-21-5.files\image050.gif,634,37b5cd298790e53de4e9a3436694c98e337b9c05,403442519
{app}\NPA5\SanPin\СанПиН 1.2.3685-21\СанПиН 1.2.3685-21-5.files\image051.gif,518,5c3a6a3733781617ed91ac6b67a2c5da02aa7b95,403443153
{app}\NPA5\SanPin\СанПиН 1.2.3685-21\СанПиН 1.2.3685-21-5.files\image052.gif,536,018e93dce23a8ef4ba6fa6676b60abbe72205fde,403443671
{app}\NPA5\SanPin\СанПиН 1.2.3685-21\СанПиН 1.2.3685-21-5.files\image053.gif,568,cc6de0b81d634e7b97a5b9ea12681cc094eeaea9,403444207
{app}\NPA5\SanPin\СанПиН 1.2.3685-21\СанПиН 1.2.3685-21-5.files\image054.gif,216,c11f9cd9da33df6db3cdef0d804ade57bcd989e4,403444775
{app}\NPA5\SanPin\СанПиН 1.2.3685-21\СанПиН 1.2.3685-21-5.files\image055.gif,309,98277f20550a5ec785bdaa6d3e6b3056fc53a1ea,403444991
{app}\NPA5\SanPin\СанПиН 1.2.3685-21\СанПиН 1.2.3685-21-5.files\image056.gif,396,c2475d6896bd682eaf62b6ad578bced5c9889183,403445300
{app}\NPA5\SanPin\СанПиН 1.2.3685-21\СанПиН 1.2.3685-21-5.files\image057.gif,215,439157644ee17bed6a02527cdfb5d4eebb91689c,403445696
{app}\NPA5\SanPin\СанПиН 1.2.3685-21\СанПиН 1.2.3685-21-5.files\image058.gif,572,7e80f80bb1907b1e89eb95864c8d8fcd8c956fb0,403445911
{app}\NPA5\SanPin\СанПиН 1.2.3685-21\СанПиН 1.2.3685-21-5.files\image059.gif,427,f0a37a08ecf6a196a73dff728876066809a0e620,403446483
{app}\NPA5\SanPin\СанПиН 1.2.3685-21\СанПиН 1.2.3685-21-5.files\image060.gif,653,33d2c1e169c019ac2c1d391089e4b3c47944c41c,403446910
{app}\NPA5\SanPin\СанПиН 1.2.3685-21\СанПиН 1.2.3685-21-5.files\image061.gif,653,1249bbefc0ff087d3893a043029ea592819e8bf6,403447563
{app}\NPA5\SanPin\СанПиН 1.2.3685-21\СанПиН 1.2.3685-21-5.files\image062.gif,636,5ea869cec6502595aa2abd21273be84e672d3900,403448216
{app}\NPA5\SanPin\СанПиН 1.2.3685-21\СанПиН 1.2.3685-21-5.files\image063.gif,911,ff84f9aa573e269b01f7c31065ef8048b04a337f,403448852
{app}\NPA5\SanPin\СанПиН 1.2.3685-21\СанПиН 1.2.3685-21-5.files\image064.gif,801,632e76516d38d93f99c65ba6381cb0944f2061ee,403449763
{app}\NPA5\SanPin\СанПиН 1.2.3685-21\СанПиН 1.2.3685-21-5.files\image065.gif,755,2fd9df4ec87efbcc8553a500260b68a618d1189f,403450564
{app}\NPA5\SanPin\СанПиН 1.2.3685-21\СанПиН 1.2.3685-21-5.files\image066.gif,810,74cc05fa24119bf873cc340e9b0779e3534025f3,403451319
{app}\NPA5\SanPin\СанПиН 1.2.3685-21\СанПиН 1.2.3685-21-5.files\image067.gif,528,b6de5274e60ad01a45db877dba2ea589f891eec6,403452129
{app}\NPA5\SanPin\СанПиН 1.2.3685-21\СанПиН 1.2.3685-21-5.files\image068.gif,800,983a43c0f256b3b624fbd147b3daa063425ae2d3,403452657
{app}\NPA5\SanPin\СанПиН 1.2.3685-21\СанПиН 1.2.3685-21-5.files\image069.gif,673,24493c32c59bf057328abdf0c7ef3325b69aed9d,403453457
{app}\NPA5\SanPin\СанПиН 1.2.3685-21\СанПиН 1.2.3685-21-5.files\image070.gif,798,1de9d0cd2ade6ef3734f129842b5a13188920c4b,403454130
{app}\NPA5\SanPin\СанПиН 1.2.3685-21\СанПиН 1.2.3685-21-5.files\image071.gif,866,42a24069b114c147438eb90679451517da45bd69,403454928
{app}\NPA5\SanPin\СанПиН 1.2.3685-21\СанПиН 1.2.3685-21-5.files\image072.gif,904,50ccd2fcd5d88eabb8d58be5ab54fb723ca79f60,403455794
{app}\NPA5\SanPin\СанПиН 1.2.3685-21\СанПиН 1.2.3685-21-5.files\image073.gif,864,a2ee7a46734fd4aa424777a48139243281d07698,403456698
{app}\NPA5\SanPin\СанПиН 1.2.3685-21\СанПиН 1.2.3685-21-5.files\image074.gif,706,a951616a2a772a48851b696271f6aa224e546f8e,403457562
{app}\NPA5\SanPin\СанПиН 1.2.3685-21\СанПиН 1.2.3685-21-5.files\image075.gif,717,7e22ffb2d2e49b325334ef88d63cddb93052621f,403458268
{app}\NPA5\SanPin\СанПиН 1.2.3685-21\СанПиН 1.2.3685-21-5.files\image076.gif,701,fcbf16fe8f09538a6f94766d33eb394564b2f889,403458985
{app}\NPA5\SanPin\СанПиН 1.2.3685-21\СанПиН 1.2.3685-21-5.files\image077.gif,845,062b74538a9f0eccaa63f466a37c3a17c96440cc,403459686
{app}\NPA5\SanPin\СанПиН 1.2.3685-21\СанПиН 1.2.3685-21-5.files\image078.gif,820,0a24de30471f4a197cabccdceaaebc718f97081d,403460531
{app}\NPA5\SanPin\СанПиН 1.2.3685-21\СанПиН 1.2.3685-21-5.files\image079.gif,979,09775ece81ed5b2689dedada539826c5fc0e1c67,403461351
{app}\NPA5\SanPin\СанПиН 1.2.3685-21\СанПиН 1.2.3685-21-5.files\image080.gif,933,6da9a509f14fda453a7cb26d203c119c742e1246,403462330
{app}\NPA5\SanPin\СанПиН 1.2.3685-21\СанПиН 1.2.3685-21-5.files\image081.gif,958,b5fa869c2405d627cd856ff151eaddd6efefc946,403463263
{app}\NPA5\SanPin\СанПиН 1.2.3685-21\СанПиН 1.2.3685-21-5.files\image082.gif,1445,296be9bcbe37aa576e768658cab1330e9a5f71d3,403464221
{app}\NPA5\SanPin\СанПиН 1.2.3685-21\СанПиН 1.2.3685-21-5.files\image083.gif,1861,550d866be4bd717282139c2951bad4a9af82cb22,403465666
{app}\NPA5\SanPin\СанПиН 1.2.3685-21\СанПиН 1.2.3685-21-5.files\image084.jpg,39017,ac3ded4e2c580b1c50c339f29c447bb4ba1aa9fd,403467527
{app}\NPA5\SanPin\СанПиН 1.2.3685-21\СанПиН 1.2.3685-21-5.files\image085.gif,729,73aaa006f310d963dcda2eb9ed40dc2e3cdcc3fd,403506544
{app}\NPA5\SanPin\СанПиН 1.2.3685-21\СанПиН 1.2.3685-21-5.files\image086.gif,773,bab378ffe81b21ffc00041b91674134e3dc83fd9,403507273
{app}\NPA5\SanPin\СанПиН 1.2.3685-21\СанПиН 1.2.3685-21-5.files\image087.gif,221,4e4cdb2eecc2d24434903f1c933f569ff869340f,403508046
{app}\NPA5\SanPin\СанПиН 1.2.3685-21\СанПиН 1.2.3685-21-5.files\image088.gif,859,5cabe21736fc7dde281a5d68e8f871d82dddcd29,403508267
{app}\NPA5\SanPin\СанПиН 1.2.3685-21\СанПиН 1.2.3685-21-5.files\image089.gif,835,32ba6a34074d1f4e6f653d5c8c1979b57e4d5d48,403509126
{app}\NPA5\SanPin\СанПиН 1.2.3685-21\СанПиН 1.2.3685-21-5.files\image090.gif,874,ff876e155d1d8e9969fec03508bfa8b07ab3c10e,403509961
{app}\NPA5\SanPin\СанПиН 1.2.3685-21\СанПиН 1.2.3685-21-5.files\image091.gif,971,e876261e9596d688c320314acff31bec838c73da,403510835
{app}\NPA5\SanPin\СанПиН 1.2.3685-21\СанПиН 1.2.3685-21-5.files\image092.gif,839,7383b60d127491cd3e0bcad0b4e4490f3e18358a,403511806
{app}\NPA5\SanPin\СанПиН 1.2.3685-21\СанПиН 1.2.3685-21-5.files\image093.gif,745,8c798724bfcd4ec520e4e434f1b16a1f5b17f266,403512645
{app}\NPA5\SanPin\СанПиН 1.2.3685-21\СанПиН 1.2.3685-21-5.files\image094.gif,860,849f86991e586da6483786ba53c90df973bb5efb,403513390
{app}\NPA5\SanPin\СанПиН 1.2.3685-21\СанПиН 1.2.3685-21-5.files\image095.gif,1019,4481db7efb28931f3447a60dbaf43aac526eb8df,403514250
{app}\NPA5\SanPin\СанПиН 1.2.3685-21\СанПиН 1.2.3685-21-5.files\image096.gif,716,78be4537ac60eaf02369f5e5bb974aab0e9322f7,403515269
{app}\NPA5\SanPin\СанПиН 1.2.3685-21\СанПиН 1.2.3685-21-5.files\image097.gif,835,e4d2db563b18347d8e9b3925c55d9246e5942b32,403515985
{app}\NPA5\SanPin\СанПиН 1.2.3685-21\СанПиН 1.2.3685-21-5.files\image098.gif,906,a32dd1540ed39ab1c6e8c8213223fb1ec83f5e7e,403516820
{app}\NPA5\SanPin\СанПиН 1.2.3685-21\СанПиН 1.2.3685-21-5.files\image099.gif,660,1446a06eb2cdfb2da633eba97e55b576aee00d73,403517726
{app}\NPA5\SanPin\СанПиН 1.2.3685-21\СанПиН 1.2.3685-21-5.files\image100.gif,217,90d468bc6a009633b28478db597161ef3ab83e22,403518386
{app}\NPA5\SanPin\СанПиН 1.2.3685-21\СанПиН 1.2.3685-21-5.files\image101.gif,910,bc837067d35692682332e439ac7932885ce484f7,403518603
{app}\NPA5\SanPin\СанПиН 1.2.3685-21\СанПиН 1.2.3685-21-5.files\image102.gif,804,91487e7decda4afbd3f62899057a43c1ec81e797,403519513
{app}\NPA5\SanPin\СанПиН 1.2.3685-21\СанПиН 1.2.3685-21-5.files\image103.gif,757,9db142e20b2913141ad74e537f24f606cd04181e,403520317
{app}\NPA5\SanPin\СанПиН 1.2.3685-21\СанПиН 1.2.3685-21-5.files\image104.gif,813,429eb20238a9cec1c982b9bf93d275f9707ab4a2,403521074
{app}\NPA5\SanPin\СанПиН 1.2.3685-21\СанПиН 1.2.3685-21-5.files\image105.gif,810,82d2a1a34227282676f06ecbc32bd8983d83dbd1,403521887
{app}\NPA5\SanPin\СанПиН 1.2.3685-21\СанПиН 1.2.3685-21-5.files\image106.gif,810,2152976ce95c0b98f1bbb57084767bc7ea01fd02,403522697
{app}\NPA5\SanPin\СанПиН 1.2.3685-21\СанПиН 1.2.3685-21-5.files\image107.gif,875,d6ff6ac7d98bc1b1f50b7762efce21049321ba27,403523507
{app}\NPA5\SanPin\СанПиН 1.2.3685-21\СанПиН 1.2.3685-21-5.files\image108.gif,859,7871fc75f8053f6740df0abfb8e39c7ddc1e9c42,403524382
{app}\NPA5\SanPin\СанПиН 1.2.3685-21\СанПиН 1.2.3685-21-5.files\image109.gif,861,b5d0a9a3ebbbc2cc5da4ecfaaa2b55336f0679e7,403525241
{app}\NPA5\SanPin\СанПиН 1.2.3685-21\СанПиН 1.2.3685-21-5.files\image110.gif,835,04075349018afac29f89685f655ab646c0793799,403526102
{app}\NPA5\SanPin\СанПиН 1.2.3685-21\СанПиН 1.2.3685-21-5.files\image111.gif,835,8684b66ebe2ecfa055f190ad839ad5105a5bcbec,403526937
{app}\NPA5\SanPin\СанПиН 1.2.3685-21\СанПиН 1.2.3685-21-5.files\image112.gif,841,bab6662748a9e0e7c185278788269509db9d5ca6,403527772
{app}\NPA5\SanPin\СанПиН 1.2.3685-21\СанПиН 1.2.3685-21-5.files\image113.gif,811,ebd45e36aa0a1eb247646ca71e88f22c4fb32e02,403528613
{app}\NPA5\SanPin\СанПиН 1.2.3685-21\СанПиН 1.2.3685-21-5.files\image114.gif,246,4d3f1000445fbd74ffdecbdf94542396b89c41c7,403529424
{app}\NPA5\SanPin\СанПиН 1.2.3685-21\СанПиН 1.2.3685-21-5.files\image115.gif,235,4302d955249a1bac2007b6e4964e17acee87f5d6,403529670
{app}\NPA5\SanPin\СанПиН 1.2.3685-21\СанПиН 1.2.3685-21-5.files\image116.gif,213,39945d8f7cf1f29d9953e38f4632a515e40bf17c,403529905
{app}\NPA5\SanPin\СанПиН 1.2.3685-21\СанПиН 1.2.3685-21-5.files\image117.gif,426,671642a05ec32296472618a4761aefa56c1667f6,403530118
{app}\NPA5\SanPin\СанПиН 1.2.3685-21\СанПиН 1.2.3685-21-5.files\image118.gif,395,665648274e76b6bfa05a805e1a31978082b25972,403530544
{app}\NPA5\SanPin\СанПиН 1.2.3685-21\СанПиН 1.2.3685-21-5.files\image119.gif,482,25165d1e0fa16ec302d6b215c103770b881a5dc9,403530939
{app}\NPA5\SanPin\СанПиН 1.2.3685-21\СанПиН 1.2.3685-21-5.files\image120.gif,467,f254fe10744dd28d63c7245a4e7ffdc0e3c10480,403531421
{app}\NPA5\SanPin\СанПиН 1.2.3685-21\СанПиН 1.2.3685-21-7.files\image001.gif,239,d61cceb09c5c3b3d03055cc23ef0388af9314472,403531888
{app}\NPA5\SanPin\СанПиН 1.2.3685-21\СанПиН 1.2.3685-21-7.files\image002.gif,286,ff2369ea4e6227b640154b06d3bed2f8e7ccddb6,403532127
{app}\NPA5\SanPin\СанПиН 1.2.3685-21\СанПиН 1.2.3685-21-7.files\image003.gif,275,29993f7be1b7716ccfb30040d12a1d301407e84c,403532413
{app}\NPA5\SanPin\СанПиН 1.2.3685-21\СанПиН 1.2.3685-21-7.files\image004.gif,283,734449a2589923bb95a538781f17a66c731514df,403532688
{app}\NPA5\SanPin\СанПиН 1.2.3685-21\СанПиН 1.2.3685-21-7.files\image005.gif,285,0e61283e5095fa11c539fce3c5c3da50bab87e6f,403532971
{app}\NPA5\SanPin\СанПиН 1.2.3685-21\СанПиН 1.2.3685-21-7.files\image006.gif,288,9ab76f84d2a3ddbfb89a0d286a0e1654af029de9,403533256
{app}\NPA5\SanPin\СанПиН 1.2.3685-21\СанПиН 1.2.3685-21-7.files\image007.gif,273,b9bc78ad77f9884d32e4499f9e7745228b940236,403533544
{app}\NPA5\SanPin\СанПиН 1.2.3685-21\СанПиН 1.2.3685-21-7.files\image008.gif,279,b6a227b7b3ac8ad81bc092d94308e2fd04f9e169,403533817
{app}\NPA5\SanPin\СанПиН 1.2.3685-21\СанПиН 1.2.3685-21-7.files\image009.gif,267,453e230273e4ce49f8b03e1832ac39276d098089,403534096
{app}\NPA5\SanPin\СанПиН 1.2.3685-21\СанПиН 1.2.3685-21-7.files\image010.gif,269,4fc94f16a9b083b4bfa2d4ddb97da16e1bb21840,403534363
{app}\NPA5\SanPin\СанПиН 1.2.3685-21\СанПиН 1.2.3685-21-7.files\image011.gif,275,4a3f2334428b2265b3cb62b60cefae5994fa0198,403534632
{app}\NPA5\SanPin\СанПиН 1.2.3685-21\СанПиН 1.2.3685-21-7.files\image012.gif,292,7fd502cc952490ac4d2b3d11101d51ac05b2e858,403534907
{app}\NPA5\SanPin\СанПиН 1.2.3685-21\СанПиН 1.2.3685-21-7.files\image013.gif,270,cbd2e4851af76a485324286318a2b7fcda07e116,403535199
{app}\NPA5\SanPin\СанПиН 1.2.3685-21\СанПиН 1.2.3685-21-7.files\image014.gif,272,5a2473dbcdbd89adaa632e6bda47ed0d519131bf,403535469
{app}\NPA5\SanPin\СанПиН 1.2.3685-21\СанПиН 1.2.3685-21-7.files\image015.gif,289,2eb978214f41c7843efc3f0ee6644505e5d3629d,403535741
{app}\NPA5\SanPin\СанПиН 1.2.3685-21\СанПиН 1.2.3685-21-7.files\image016.gif,285,85465c7532893cd687971185a829e10b43cedb85,403536030
{app}\NPA5\SanPin\СанПиН 1.2.3685-21\СанПиН 1.2.3685-21-7.files\image017.gif,273,05295b98fe3545f45c1aa758fa40e9a522345b2e,403536315
{app}\NPA5\SanPin\СанПиН 1.2.3685-21\СанПиН 1.2.3685-21-7.files\image018.gif,234,eff7bd85c68c0ba1fb14ce8f5ae3cf412e67e026,403536588
{app}\NPA5\SanPin\СанПиН 1.2.3685-21\СанПиН 1.2.3685-21-9.files\filelist.xml,2298,0fdeef522dc30562fda6692b950f8789c45682ab,403536822
{app}\NPA5\SanPin\СанПиН 1.2.3685-21\СанПиН 1.2.3685-21-9.files\image001.gif,234,156a50659a03747174cd46dc0768eb5b13829aaf,403539120
{app}\NPA5\SanPin\СанПиН 1.2.3685-21\СанПиН 1.2.3685-21-9.files\image001.wmz,462,19b77308d21556ce20650a185c9e9bcec5776a83,403539354
{app}\NPA5\SanPin\СанПиН 1.2.3685-21\СанПиН 1.2.3685-21-9.files\image002.gif,241,29a8ffe975758e8739bd43d3393ac581a7775111,403539816
{app}\NPA5\SanPin\СанПиН 1.2.3685-21\СанПиН 1.2.3685-21-9.files\image003.gif,220,4f5dad35991832f964aebae6c33c1a2d0466633e,403540057
{app}\NPA5\SanPin\СанПиН 1.2.3685-21\СанПиН 1.2.3685-21-9.files\image003.wmz,460,ad4e5da364ad144e7ca8e2b4b1e6ec340396e0a0,403540277
{app}\NPA5\SanPin\СанПиН 1.2.3685-21\СанПиН 1.2.3685-21-9.files\image004.gif,232,e439c473762f12d769a0185afad174e6cd767aa0,403540737
{app}\NPA5\SanPin\СанПиН 1.2.3685-21\СанПиН 1.2.3685-21-9.files\image004.wmz,461,67b2a0ddd8130b150cfd5f8125ac9cec67847748,403540969
{app}\NPA5\SanPin\СанПиН 1.2.3685-21\СанПиН 1.2.3685-21-9.files\image005.gif,899,de1eadbb41c8e203abc122956af0c57c36fff14f,403541430
{app}\NPA5\SanPin\СанПиН 1.2.3685-21\СанПиН 1.2.3685-21-9.files\image005.wmz,467,525427054c6b59c2ec5defde4a402d3f22a9822d,403542329
{app}\NPA5\SanPin\СанПиН 1.2.3685-21\СанПиН 1.2.3685-21-9.files\image006.gif,220,26db82e53f7db07bfb8034bce8ad71588c93cde7,403542796
{app}\NPA5\SanPin\СанПиН 1.2.3685-21\СанПиН 1.2.3685-21-9.files\image007.gif,308,4b9a36c3c0db863d66466c8481bcc8876e0fb535,403543016
{app}\NPA5\SanPin\СанПиН 1.2.3685-21\СанПиН 1.2.3685-21-9.files\image007.wmz,467,92e7eeb20cff359b45b106d9da97956997d6a6e3,403543324
{app}\NPA5\SanPin\СанПиН 1.2.3685-21\СанПиН 1.2.3685-21-9.files\image008.gif,255,ad9e8c966ba023e75e516a1482554b7c7c6ba230,403543791
{app}\NPA5\SanPin\СанПиН 1.2.3685-21\СанПиН 1.2.3685-21-9.files\image008.wmz,466,b458830fb893ae649812f24fc04912929a8bfbcf,403544046
{app}\NPA5\SanPin\СанПиН 1.2.3685-21\СанПиН 1.2.3685-21-9.files\image009.gif,610,8c8af38f812a23a4774871c6a9be32a98224ab74,403544512
{app}\NPA5\SanPin\СанПиН 1.2.3685-21\СанПиН 1.2.3685-21-9.files\image009.wmz,467,28b3d9813d944998b54add7f6d4b482448f7451a,403545122
{app}\NPA5\SanPin\СанПиН 1.2.3685-21\СанПиН 1.2.3685-21-9.files\image010.gif,553,ec5a88acc4ee00ee27a6ee0a6d437c4383fcdd8f,403545589
{app}\NPA5\SanPin\СанПиН 1.2.3685-21\СанПиН 1.2.3685-21-9.files\image010.wmz,468,402c4b0e246ad0e304ce8bac2970694c9d92a723,403546142
{app}\NPA5\SanPin\СанПиН 1.2.3685-21\СанПиН 1.2.3685-21-9.files\image011.wmz,466,c0769fe298d340b30bd3c3c94e2d3355adfb6f05,403546610
{app}\NPA5\SanPin\СанПиН 1.2.3685-21\СанПиН 1.2.3685-21-9.files\image012.wmz,502,6e126b19b19d99f20118a2a289cf29fd351b7d02,403547076
{app}\NPA5\SanPin\СанПиН 1.2.3685-21\СанПиН 1.2.3685-21-9.files\image013.gif,358,aa2233096b6c9c9bd98d93051582977f977e8108,403547578
{app}\NPA5\SanPin\СанПиН 1.2.3685-21\СанПиН 1.2.3685-21-9.files\image014.wmz,464,461b28090188b28e71e2325f2cdd5912328b87c7,403547936
{app}\NPA5\SanPin\СанПиН 1.2.3685-21\СанПиН 1.2.3685-21-9.files\image015.wmz,466,8bc533d0e5071e97502d3a095b44d95440e96f5f,403548400
{app}\NPA5\SanPin\СанПиН 1.2.3685-21\СанПиН 1.2.3685-21-9.files\image016.wmz,571,da912410f7faa2f68a914cf065b8745475025132,403548866
{app}\NPA5\SanPin\СанПиН 1.2.3685-21\СанПиН 1.2.3685-21-9.files\image017.gif,961,3658c197ca44cf9b4acfbbb1264ccd219cce8d88,403549437
{app}\NPA5\SanPin\СанПиН 1.2.3685-21\СанПиН 1.2.3685-21-9.files\image018.wmz,466,afcf4f63797f80dbd016ea108a80d64d0fd47418,403550398
{app}\NPA5\SanPin\СанПиН 1.2.3685-21\СанПиН 1.2.3685-21-9.files\image019.wmz,500,59748224376e94f77f6c7b99bf4f48d45cefe686,403550864
{app}\NPA5\SanPin\СанПиН 1.2.3685-21\СанПиН 1.2.3685-21-9.files\image020.wmz,467,e751e22bcaafdfababdd63db47ee4cc6ba9396e8,403551364
{app}\NPA5\SanPin\СанПиН 1.2.3685-21\СанПиН 1.2.3685-21-9.files\image021.wmz,483,182346bda4619829c130665a1cad20bac357d669,403551831
{app}\NPA5\SanPin\СанПиН 1.2.3685-21\СанПиН 1.2.3685-21-9.files\image022.gif,437,03c8cf1f5ea8b791bb196db81274c3e34a8c3dd0,403552314
{app}\NPA5\SanPin\СанПиН 1.2.3685-21\СанПиН 1.2.3685-21-9.files\image023.wmz,482,2aeeb89c285ee7b0a94359ba305643f503a50f11,403552751
{app}\NPA5\SanPin\СанПиН 1.2.3685-21\СанПиН 1.2.3685-21-9.files\image024.wmz,467,cdffe02d9399e34b3304e3ac659e04e333d18c8a,403553233
{app}\NPA5\SanPin\СанПиН 1.2.3685-21\СанПиН 1.2.3685-21-9.files\image025.wmz,500,8f881df306caf478e32ebc3cf607eccdfe2c5eee,403553700
{app}\NPA5\SanPin\СанПиН 1.2.3685-21\СанПиН 1.2.3685-21-9.files\image026.gif,358,d8a9abb3c8248d389615d600123849379ec2385d,403554200
{app}\NPA5\SanPin\СанПиН 1.2.3685-21\СанПиН 1.2.3685-21-9.files\image027.wmz,499,3d68df147f4e216244676ea3a0d2e68f55c8e207,403554558
{app}\NPA5\SanPin\СанПиН 1.2.3685-21\СанПиН 1.2.3685-21-9.files\image028.wmz,465,c97c7836012614881e7864fee6c7c114cb30e777,403555057
{app}\NPA5\SanPin\СанПиН 1.2.3685-21\СанПиН 1.2.3685-21-9.files\image029.wmz,465,c4a2f0448db5027fc13b23c26b430ee4be18b30d,403555522
{app}\NPA5\SanPin\СанПиН 1.2.3685-21\СанПиН 1.2.3685-21-9.files\image030.wmz,482,7f1f648f4db17cb62391fac6f6c741b857c2088d,403555987
{app}\NPA5\SanPin\СанПиН 1.2.3685-21\СанПиН 1.2.3685-21-9.files\image031.wmz,484,0e3da88b2955151fdc5c037cf08e55512fd779d2,403556469
{app}\NPA5\SanPin\СанПиН 1.2.3685-21\СанПиН 1.2.3685-21-9.files\image032.wmz,481,31c3f9b0581ff9229593f3031e04649e998790fc,403556953
{app}\NPA5\SanPin\СанПиН 1.2.3685-21\СанПиН 1.2.3685-21-9.files\image033.wmz,483,c4180aaef3f226cdf529fb8d06854606b04645c2,403557434
{app}\NPA5\SanPin\СанПиН 1.2.3685-21\СанПиН 1.2.3685-21-9.files\image034.wmz,465,8e7ea769483e836e3841f8424fc3ee67ee5db90d,403557917
{app}\NPA5\SanPin\СанПиН 1.2.3685-21\СанПиН 1.2.3685-21-9.files\image035.wmz,467,e1dde30f1faf4bc1a1ffdaa8150d3fa432946a52,403558382
{app}\NPA5\SanPin\СанПиН 1.2.3685-21\СанПиН 1.2.3685-21-9.files\image036.wmz,466,149d3e04370f156cc50491dae19abd8253ea3a18,403558849
{app}\NPA5\SanPin\СанПиН 1.2.3685-21\СанПиН 1.2.3685-21-9.files\image037.wmz,502,25a083bdef1194990c8a7326c5c10eec81454832,403559315
{app}\NPA5\SanPin\СанПиН 1.2.3685-21\СанПиН 1.2.3685-21-9.files\image038.gif,364,dcd78b589a6dd8371d384475a1ff1c6d8fad335c,403559817
{app}\NPA5\SanPin\СанПиН 1.2.3685-21\СанПиН 1.2.3685-21-9.files\image039.wmz,468,290803d158bd79ca0c10b63e6b38040647a5c38f,403560181
{app}\NPA5\SanPin\СанПиН 1.2.3685-21\СанПиН 1.2.3685-21-9.files\image040.wmz,477,c092f23a6bd29d436dd4f09b1a319daeef76176c,403560649
{app}\NPA5\SanPin\СанПиН 1.2.3685-21\СанПиН 1.2.3685-21-9.files\image041.gif,436,b6b86b94b111a7a475f6ccd4d78b27fa6f09434c,403561126
{app}\NPA5\SanPin\СанПиН 1.2.3685-21\СанПиН 1.2.3685-21-9.files\image042.wmz,468,89fd1fff3805ad4df0a38b47f431bac463a8199f,403561562
{app}\NPA5\SanPin\СанПиН 1.2.3685-21\СанПиН 1.2.3685-21-9.files\image043.wmz,478,04c9745ab48671c4c89a27d33e1dd55ddfe20ebd,403562030
{app}\NPA5\SanPin\СанПиН 1.2.3685-21\СанПиН 1.2.3685-21-9.files\image044.wmz,471,988029508af927a5cb55d55b94581c4277ea046f,403562508
{app}\NPA5\SanPin\СанПиН 1.2.3685-21\СанПиН 1.2.3685-21-9.files\image045.wmz,509,1394b62adff00ceb260fbeace18c4ddb2e3fe3e8,403562979
{app}\NPA5\SanPin\СанПиН 1.2.3685-21\СанПиН 1.2.3685-21-9.files\image046.gif,633,4cc0742a0ad566387afbefa4dfe359dc42ee37f1,403563488
{app}\NPA5\SanPin\СанПиН 1.2.3685-21\СанПиН 1.2.3685-21-9.files\image047.wmz,501,6c246d98e31f5adde8e1bd8e004940ae01d96f87,403564121
{app}\NPA5\SanPin\СанПиН 1.2.3685-21\СанПиН 1.2.3685-21-9.files\image048.wmz,469,7aa6e2e5e0199866e0c3968f8e5258115be69559,403564622
{app}\NPA5\SanPin\СанПиН 1.2.3685-21\СанПиН 1.2.3685-21-9.files\image049.wmz,468,ebdbab9d2e61e100efe746085ebec8252fd91efb,403565091
{app}\NPA5\SanPin\СанПиН 1.2.3685-21\СанПиН 1.2.3685-21-9.files\image050.wmz,477,5fb51048bd7fedca9f2b3ea8cbb2b2dc740e0b05,403565559
{app}\NPA5\SanPin\СанПиН 1.2.3685-21\СанПиН 1.2.3685-21-9.files\image051.wmz,477,1c107899d7ce8bae6f8b4814d1a0fe5e4478f22e,403566036
{app}\NPA5\SanPin\СанПиН 1.2.3685-21\СанПиН 1.2.3685-21-9.files\image052.wmz,468,c36d74ff3312ecd32fb9f0e0cfd490ee03ae9b21,403566513
{app}\NPA5\SanPin\СанПиН 1.2.3685-21\СанПиН 1.2.3685-21-9.files\image053.wmz,466,e35569ebd3221b33b773f1a75d35d55336cb5886,403566981
{app}\NPA5\SanPin\СанПиН 1.2.3685-21\СанПиН 1.2.3685-21-9.files\image054.wmz,478,bec69dc412b0db4160b949bd6268e5f24fbfe6cb,403567447
{app}\NPA5\SanPin\СанПиН 1.2.3685-21\СанПиН 1.2.3685-21-9.files\image055.wmz,478,e5ad8d0c413564e743de29f15a9fbbd43ad36c34,403567925
{app}\NPA5\SanPin\СанПиН 1.2.3685-21\СанПиН 1.2.3685-21-9.files\image056.wmz,470,8984f4dc929889c6f661978f4a2217276bd6f5d7,403568403
{app}\NPA5\SanPin\СанПиН 1.2.3685-21\СанПиН 1.2.3685-21-9.files\image057.wmz,469,0686b30633f8e3d9ae04ed19628c23af77bdc95b,403568873
{app}\NPA5\SanPin\СанПиН 1.2.3685-21\СанПиН 1.2.3685-21-9.files\image058.wmz,478,f29798a4099051f56575fe80a7d4aae6b4325a2f,403569342
{app}\NPA5\SanPin\СанПиН 1.2.3685-21\СанПиН 1.2.3685-21-9.files\image059.wmz,467,119157886af1bd25858a3b3c00a8575ba8c87672,403569820
{app}\NPA5\SanPin\СанПиН 1.2.3685-21\СанПиН 1.2.3685-21-9.files\image060.wmz,468,8fa4489db5b45b897c4dad98ea9b0b08bcc72b69,403570287
{app}\NPA5\SanPin\СанПиН 1.2.3685-21\СанПиН 1.2.3685-21-9.files\image061.wmz,467,5a81b281355dd151d748632b5e1e551ceaa966ac,403570755
{app}\NPA5\SanPin\СанПиН 1.2.3685-21\СанПиН 1.2.3685-21-9.files\image062.wmz,469,096d037a7ad596bac7ed090ddc6f69f03c898399,403571222
{app}\NPA5\SanPin\СанПиН 1.2.3685-21\СанПиН 1.2.3685-21-9.files\image063.gif,398,926b2a55afa1375dc04c97d0eb40c76d9bf4b6c0,403571691
{app}\NPA5\SanPin\СанПиН 1.2.3685-21\СанПиН 1.2.3685-21-9.files\image064.wmz,467,a29c237feb14019e1fb7182ec833ffbc112efe83,403572089
{app}\NPA5\SanPin\СанПиН 1.2.3685-21\СанПиН 1.2.3685-21-9.files\image065.wmz,466,a38a3a14e1e72fa02f7ad640b54774f7371063bf,403572556
{app}\NPA5\SanPin\СанПиН 1.2.3685-21\СанПиН 1.2.3685-21-9.files\image066.wmz,468,7be2b753e03bf22522ca4a27b677bc9c8f9eff73,403573022
{app}\NPA5\SanPin\СанПиН 1.2.3685-21\СанПиН 1.2.3685-21-9.files\image067.wmz,501,b17dd0ccb67bab37d9c1b1c22fc3d1fd214d3612,403573490
{app}\NPA5\SanPin\СанПиН 2.1.2.2645-10\Image113.gif,854,6fc183b84a29168b1af17e8941a203a8a80f81a0,403573991
{app}\NPA5\SanPin\СанПиН 2.1.2.2645-10\Image114.gif,1132,687e0e26d0b635bb203e76dce036afd5a2cbe815,403574845
{app}\NPA5\SanPin\СанПиН 2.1.2.2645-10\САНПИН 2.1.2.2645-10.htm,72990,7eb164ee1868cda072477c86aa228a746a2237d6,403575977
{app}\NPA5\SanPin\СанПиН 2.1.3.2630-10\СанПиН 2.1.3.2630-10.htm,934392,a24b78128ef261d5f640bc656c03e4cbfefe5f80,403648967
{app}\NPA5\SanPin\СанПиН 2.1.8_2.2.4.2489-09\СанПиН 2.1.8_2.2.4.2489-09.htm,44308,e29290fbc923d6f41f20e94ca0e1b8cfbcfe0f5e,404583359
{app}\NPA5\SanPin\СанПиН 2.1.8_2.2.4.2489-09\СанПиН 2.1.8_2.2.4.2489-09.files\image001.gif,176,a2934d02c0cec1a8abf787d1e6c02b051ab88050,404627667
{app}\NPA5\SanPin\СанПиН 2.1.8_2.2.4.2489-09\СанПиН 2.1.8_2.2.4.2489-09.files\image002.gif,164,962b3a1857deafeb040a09644090e6e67f52abb7,404627843
{app}\NPA5\SanPin\СанПиН 2.1.8_2.2.4.2489-09\СанПиН 2.1.8_2.2.4.2489-09.files\image003.gif,82,80ffc807313db9a0ecb542cb06426c38a30bc607,404628007
{app}\NPA5\SanPin\СанПиН 2.1.8_2.2.4.2489-09\СанПиН 2.1.8_2.2.4.2489-09.files\image004.gif,64,0483bfe9d15e38a5c870dc5dfb1a301cb626a3ea,404628089
{app}\NPA5\SanPin\СанПиН 2.1.8_2.2.4.2489-09\СанПиН 2.1.8_2.2.4.2489-09.files\image005.gif,73,0bb5b08a016f96ff758c12ff0a94120cbca880f8,404628153
{app}\NPA5\SanPin\СанПиН 2.1.8_2.2.4.2489-09\СанПиН 2.1.8_2.2.4.2489-09.files\image006.gif,73,97f51fbcd1143e2ec3f03dbfc964000b3343ad94,404628226
{app}\NPA5\SanPin\СанПиН 2.1.8_2.2.4.2489-09\СанПиН 2.1.8_2.2.4.2489-09.files\image007.gif,91,4dfb0525a48adee5ea77443bd286d8238a758754,404628299
{app}\NPA5\SanPin\СанПиН 2.1.8_2.2.4.2489-09\СанПиН 2.1.8_2.2.4.2489-09.files\image008.gif,89,9074c074f4092218d4c13b4abb6c3af3ab12db9b,404628390
{app}\NPA5\SanPin\СанПиН 2.1.8_2.2.4.2489-09\СанПиН 2.1.8_2.2.4.2489-09.files\image009.gif,95,f136dcae6f64460b0403f91570e8699d2cad43ec,404628479
{app}\NPA5\SanPin\СанПиН 2.1.8_2.2.4.2489-09\СанПиН 2.1.8_2.2.4.2489-09.files\image010.gif,91,3ae775bc489cee027b073f9f336349d185eebf89,404628574
{app}\NPA5\SanPin\СанПиН 2.1.8_2.2.4.2489-09\СанПиН 2.1.8_2.2.4.2489-09.files\image011.gif,318,e2686d442e3d843cafea289d99eb204a703651e1,404628665
{app}\NPA5\SanPin\СанПиН 2.1.8_2.2.4.2489-09\СанПиН 2.1.8_2.2.4.2489-09.files\image012.gif,120,49433a36b8a40e7d309e849e261f5149f3089f12,404628983
{app}\NPA5\SanPin\СанПиН 2.1.8_2.2.4.2489-09\СанПиН 2.1.8_2.2.4.2489-09.files\image013.gif,123,9972abad8ed0e9ea4fef9d4c03cb3e029654ea53,404629103
{app}\NPA5\SanPin\СанПиН 2.1.8_2.2.4.2489-09\СанПиН 2.1.8_2.2.4.2489-09.files\image014.gif,310,5111d44839532861d91b4b294aed9c6f5188584a,404629226
{app}\NPA5\SanPin\СанПиН 2.1.8_2.2.4.2489-09\СанПиН 2.1.8_2.2.4.2489-09.files\image015.gif,116,6603511b7dd804426b8aac210766c0529f50fdbc,404629536
{app}\NPA5\SanPin\СанПиН 2.1.8_2.2.4.2489-09\СанПиН 2.1.8_2.2.4.2489-09.files\image016.gif,73,d154b6283ba1e3b8cbafa0f35867bdbeffc35562,404629652
{app}\NPA5\SanPin\СанПиН 2.1.8_2.2.4.2489-09\СанПиН 2.1.8_2.2.4.2489-09.files\image017.gif,256,c74ceed8ae7598d2517b157e5d63bd737c343e1b,404629725
{app}\NPA5\SanPin\СанПиН 2.1.8_2.2.4.2489-09\СанПиН 2.1.8_2.2.4.2489-09.files\image018.gif,254,f8129e29997b9d440b4f938e0812ede4fcf341bf,404629981
{app}\NPA5\SanPin\СанПиН 2.1.8_2.2.4.2489-09\СанПиН 2.1.8_2.2.4.2489-09.files\image019.gif,268,b6badc85dd5ac9cb6d70c97aaf1c4890fcedd724,404630235
{app}\NPA5\SanPin\СанПиН 2.1.8_2.2.4.2489-09\СанПиН 2.1.8_2.2.4.2489-09.files\image020.gif,64,b494a4eda1ad6e904751f9f42f1eb16d379f53fc,404630503
{app}\NPA5\SanPin\СанПиН 2.1.8_2.2.4.2489-09\СанПиН 2.1.8_2.2.4.2489-09.files\image021.gif,149,d37be2f6bcec03b2381fefeed3890209d31d120d,404630567
{app}\NPA5\SanPin\СанПиН 2.1.8_2.2.4.2489-09\СанПиН 2.1.8_2.2.4.2489-09.files\image022.gif,63,1a49b0812d2b160705b6da0023a7e1a8e30983e0,404630716
{app}\NPA5\SanPin\СанПиН 2.1.8_2.2.4.2489-09\СанПиН 2.1.8_2.2.4.2489-09.files\image023.gif,64,dacd38cbc52326001e85de0f9136c5e20a8a6abc,404630779
{app}\NPA5\SanPin\СанПиН 2.2.0.555 – 96\СанПиН 2.2.0.555 – 96.htm,85372,6cbd23517dc00540a8105e5c86f73069b0ed775d,404630843
{app}\NPA5\SanPin\СанПиН 2.2.1_2.1.1.1200-03\СанПиН 2.2.1_2.1.1.1200-03.htm,117434,84c94691c62f91ec1258f9833b592f211a67e48e,404716215
{app}\NPA5\SanPin\САНПИН 2.2.1_2.1.1.1278-03\САНПИН 2.2.1_2.1.1.htm,490258,9ed1fc63e45a4f702fc28c71c749c891da3bfa75,404833649
{app}\NPA5\SanPin\СанПиН 2.2.2_2.4.1340-03\САНПИН 2.2.2_2.4.1340-03.htm,242476,633c30438dbc8b224d5899590ff6b857db27e1ce,405323907
{app}\NPA5\SanPin\СанПиН 2.2.2_2.4.1340-03\СанПиН 2.2.2_2.4.2620-10.htm,14584,dd4274b3d887051162751d40b8557b339b14099d,405566383
{app}\NPA5\SanPin\СанПиН 2.2.4. 2.1.8.582-96\СанПиН 2.2.4. 2.1.8.htm,45291,6f3ee750e305f35a1b41d678d35cd52bdb018845,405580967
{app}\NPA5\SanPin\СанПиН 2.2.4.1191-03\СанПиН 2.2.4.1191-03.htm,130874,17d0cfef874c3b841264ef0eebfacef7d014c565,405626258
{app}\NPA5\SanPin\СанПиН 2.2.4.1294-03\СанПиН 2.2.4.1294-03.htm,9693,1934c9c50f800f39559944bb10e7c6824fafaf65,405757132
{app}\NPA5\SanPin\СанПиН 2.2.4.3359-16\СанПиН 2.2.4.3359-16.htm,1083196,2eb3ae0bd9eee508dbcf7e8543edd286a128738c,405766825
{app}\NPA5\SanPin\СанПиН 2.2.4.3359-16\СанПиН 2.2.4.3359-16.files\image001.gif,117,0d912d91afce0c2a1885283be1d1d6deca3991ac,406850021
{app}\NPA5\SanPin\СанПиН 2.2.4.3359-16\СанПиН 2.2.4.3359-16.files\image002.gif,112,fb2faf52b09946ffa24e6a77900ff593e69aa004,406850138
{app}\NPA5\SanPin\СанПиН 2.2.4.3359-16\СанПиН 2.2.4.3359-16.files\image003.gif,1652,d38c2e9f9ab7caf7e06de33c020516c824bb356e,406850250
{app}\NPA5\SanPin\СанПиН 2.2.4.3359-16\СанПиН 2.2.4.3359-16.files\image004.gif,1411,6e22fc09ab88c2305cfcf429221adec43ef0e85e,406851902
{app}\NPA5\SanPin\СанПиН 2.2.4.3359-16\СанПиН 2.2.4.3359-16.files\image005.gif,1000,66e592b49426df76daf6b80606628263fe395c80,406853313
{app}\NPA5\SanPin\СанПиН 2.2.4.3359-16\СанПиН 2.2.4.3359-16.files\image006.gif,1282,eb424e089842c35afadee10003d498c111d2fd66,406854313
{app}\NPA5\SanPin\СанПиН 2.2.4.3359-16\СанПиН 2.2.4.3359-16.files\image007.gif,1571,23fdb5ca242452518d6727c739b6f4457176cb15,406855595
{app}\NPA5\SanPin\СанПиН 2.2.4.3359-16\СанПиН 2.2.4.3359-16.files\image008.gif,1384,8889a2bd7365291246710ea8a81f3ba1be45dd50,406857166
{app}\NPA5\SanPin\СанПиН 2.2.4.3359-16\СанПиН 2.2.4.3359-16.files\image009.gif,144,ffaf38fc8c04838f9dfd0636d87f7e536da8cda3,406858550
{app}\NPA5\SanPin\СанПиН 2.2.4.3359-16\СанПиН 2.2.4.3359-16.files\image010.gif,141,fc1e30278b8ac60850044ba045be6f70e784339c,406858694
{app}\NPA5\SanPin\СанПиН 2.2.4.3359-16\СанПиН 2.2.4.3359-16.files\image011.gif,634,446be3a592ad924de919e3a386f5f482f56ed4ab,406858835
{app}\NPA5\SanPin\СанПиН 2.2.4.3359-16\СанПиН 2.2.4.3359-16.files\image012.gif,995,b869106f3e081052289b38582e74497f2c77410e,406859469
{app}\NPA5\SanPin\СанПиН 2.2.4.3359-16\СанПиН 2.2.4.3359-16.files\image013.gif,67165,979395bd3091a8568ebb724b3c28a19d6b5a51fb,406860464
{app}\NPA5\SanPin\СанПиН 2.2.4.3359-16\СанПиН 2.2.4.3359-16.files\image014.gif,539,d795002b49282e598f0159b2bd06a75e99f3ffac,406927629
{app}\NPA5\SanPin\СанПиН 2.2.4.3359-16\СанПиН 2.2.4.3359-16.files\image015.gif,141,47640602914d65152e4f308a89d86b180917ce6e,406928168
{app}\NPA5\SanPin\СанПиН 2.2.4.3359-16\СанПиН 2.2.4.3359-16.files\image016.gif,572,3701dc7e1b0a6f2d5ec8fc808d4e577fc88897ec,406928309
{app}\NPA5\SanPin\СанПиН 2.2.4.3359-16\СанПиН 2.2.4.3359-16.files\image017.gif,615,a807af5618d533c99d0137336be777706ae1c2f4,406928881
{app}\NPA5\SanPin\СанПиН 2.2.4.3359-16\СанПиН 2.2.4.3359-16.files\image018.gif,232,3a54fe59870f2839966d6c4d371de37021a1b84d,406929496
{app}\NPA5\SanPin\СанПиН 2.2.4.3359-16\СанПиН 2.2.4.3359-16.files\image019.gif,144,857a46ff860ed0fe2476d34e82c964d54da7e14b,406929728
{app}\NPA5\SanPin\СанПиН 2.2.4.3359-16\СанПиН 2.2.4.3359-16.files\image020.gif,115,862d5937161e32c41cec68fdffe08637859d9b72,406929872
{app}\NPA5\SanPin\СанПиН 2.2.4.3359-16\СанПиН 2.2.4.3359-16.files\image021.gif,398,352fc0feb1db48e055184b6c1bdb765da653d3a3,406929987
{app}\NPA5\SanPin\СанПиН 2.2.4.3359-16\СанПиН 2.2.4.3359-16.files\image022.gif,409,3f52c04eac036a684de7a6fd59cb6bf4944c552c,406930385
{app}\NPA5\SanPin\СанПиН 2.2.4.3359-16\СанПиН 2.2.4.3359-16.files\image023.gif,115,cc7035547829ae18c7548efc468ba64bc528dece,406930794
{app}\NPA5\SanPin\СанПиН 2.2.4.3359-16\СанПиН 2.2.4.3359-16.files\image024.gif,192,d2fb6769a3c5243149610db8def7330e2643c328,406930909
{app}\NPA5\SanPin\СанПиН 2.2.4.3359-16\СанПиН 2.2.4.3359-16.files\image025.gif,192,2b6c4e671050f4824ec5d211ec065afaf3c3bc23,406931101
{app}\NPA5\SanPin\СанПиН 2.2.4.3359-16\СанПиН 2.2.4.3359-16.files\image026.gif,634,9be144d0bf550f57f2f8b9d983b5dc9d3c6d82c2,406931293
{app}\NPA5\SanPin\СанПиН 2.2.4.3359-16\СанПиН 2.2.4.3359-16.files\image027.gif,658,9116df5ac75e932e2997d0edb9c7e72783b46691,406931927
{app}\NPA5\SanPin\СанПиН 2.2.4.3359-16\СанПиН 2.2.4.3359-16.files\image028.gif,697,b9e6f9376db8febc4583341f4f9ef75ea2954395,406932585
{app}\NPA5\SanPin\СанПиН 2.2.4.3359-16\СанПиН 2.2.4.3359-16.files\image029.gif,201,e94d1e2724370e96d593a2852ab834979a7437ca,406933282
{app}\NPA5\SanPin\СанПиН 2.2.4.3359-16\СанПиН 2.2.4.3359-16.files\image030.gif,555,466431d5178519482f012a8722fe0dbca80d5388,406933483
{app}\NPA5\SanPin\СанПиН 2.2.4.3359-16\СанПиН 2.2.4.3359-16.files\image031.gif,676,d45d05eb95da50ee337a8cd8fae4876954f75d02,406934038
{app}\NPA5\SanPin\СанПиН 2.2.4.3359-16\СанПиН 2.2.4.3359-16.files\image032.gif,776,e43d66dcf8a1fef238b8d29f2fde4553d4308b14,406934714
{app}\NPA5\SanPin\СанПиН 2.2.4.3359-16\СанПиН 2.2.4.3359-16.files\image033.gif,754,67068cd374a79fd9a9639323887e44d337f902bb,406935490
{app}\NPA5\SanPin\СанПиН 2.2.4.3359-16\СанПиН 2.2.4.3359-16.files\image034.gif,559,84c3740326b47ab5e5f757180043aecd657ddabc,406936244
{app}\NPA5\SanPin\СанПиН 2.2.4.3359-16\СанПиН 2.2.4.3359-16.files\image035.gif,724,440019c7f694352fdbb13b0f12710c326006a975,406936803
{app}\NPA5\SanPin\СанПиН 2.2.4.3359-16\СанПиН 2.2.4.3359-16.files\image036.gif,635,9e783ac608a073b6db9a90e9cd0144a498bd8cef,406937527
{app}\NPA5\SanPin\СанПиН 2.2.4.3359-16\СанПиН 2.2.4.3359-16.files\image037.gif,657,0e33703230b01aee39c50e72322c1534b79f6291,406938162
{app}\NPA5\SanPin\СанПиН 2.2.4.3359-16\СанПиН 2.2.4.3359-16.files\image038.gif,701,8d24ec145e0e85e0efdabdf166d56bcb91ba0732,406938819
{app}\NPA5\SanPin\СанПиН 2.2.4.3359-16\СанПиН 2.2.4.3359-16.files\image039.gif,786,06bc253f736d7eda134580b34c4625df6a73900c,406939520
{app}\NPA5\SanPin\СанПиН 2.2.4.3359-16\СанПиН 2.2.4.3359-16.files\image040.gif,863,0d152ee27455cf62d5eeff23bb060e8d77a376db,406940306
{app}\NPA5\SanPin\СанПиН 2.2.4.3359-16\СанПиН 2.2.4.3359-16.files\image041.gif,549,f3f2020d033782a51542540b5b61b1aafa00af51,406941169
{app}\NPA5\SanPin\СанПиН 2.2.4.3359-16\СанПиН 2.2.4.3359-16.files\image042.gif,720,233f8dfdbeacd607dc830ef0d2e7b9eca2399ec2,406941718
{app}\NPA5\SanPin\СанПиН 2.2.4.3359-16\СанПиН 2.2.4.3359-16.files\image043.gif,682,0366dbc60f99d41a184a3e77721c2871290e7481,406942438
{app}\NPA5\SanPin\СанПиН 2.2.4.3359-16\СанПиН 2.2.4.3359-16.files\image044.gif,630,c5ead0a1340b6ac905842165ea51958bded2fdcf,406943120
{app}\NPA5\SanPin\СанПиН 2.2.4.3359-16\СанПиН 2.2.4.3359-16.files\image045.gif,773,f12e192ce1184274724b2b73dfeea03a70c8a849,406943750
{app}\NPA5\SanPin\СанПиН 2.2.4.3359-16\СанПиН 2.2.4.3359-16.files\image046.gif,570,413f119a4bd60840b5c301e1b439a274cb8629ff,406944523
{app}\NPA5\SanPin\СанПиН 2.2.4.3359-16\СанПиН 2.2.4.3359-16.files\image047.gif,617,b5148ecaac58dfda3ab5d47c16c2a65592cefdff,406945093
{app}\NPA5\SanPin\СанПиН 2.2.4.3359-16\СанПиН 2.2.4.3359-16.files\image048.gif,461,646dc25aa954087ffec2112671ad86f014f1d85a,406945710
{app}\NPA5\SanPin\СанПиН 2.2.4.3359-16\СанПиН 2.2.4.3359-16.files\image049.gif,554,84d4d7fdcd9394dbd0c74bf7b5497103f6d0973f,406946171
{app}\NPA5\SanPin\СанПиН 2.2.4.3359-16\СанПиН 2.2.4.3359-16.files\image050.gif,463,de66349c70ac5b8a695f358f5f2be66a788d33fd,406946725
{app}\NPA5\SanPin\СанПиН 2.2.4.3359-16\СанПиН 2.2.4.3359-16.files\image051.gif,566,9963ec32756ebb280cbd40b5d1303180a196ee0d,406947188
{app}\NPA5\SanPin\СанПиН 2.2.4.3359-16\СанПиН 2.2.4.3359-16.files\image052.gif,489,08f6013e165f0c461edfb6c76bd49139305e7a46,406947754
{app}\NPA5\SanPin\СанПиН 2.2.4.3359-16\СанПиН 2.2.4.3359-16.files\image053.gif,593,0effc88d7bb6dcd05284a51df73ff2e73966aad8,406948243
{app}\NPA5\SanPin\СанПиН 2.2.4.3359-16\СанПиН 2.2.4.3359-16.files\image054.gif,516,36626b9746b16e5eed05e92b1f00c902e88b880f,406948836
{app}\NPA5\SanPin\СанПиН 2.2.4.3359-16\СанПиН 2.2.4.3359-16.files\image055.gif,558,6290d73deb08611377fbed99cab7624521e0b910,406949352
{app}\NPA5\SanPin\СанПиН 2.2.4.3359-16\СанПиН 2.2.4.3359-16.files\image056.gif,468,ae13b4df78a5da72c7a0bcd771b24de869c3c8f7,406949910
{app}\NPA5\SanPin\СанПиН 2.2.4.3359-16\СанПиН 2.2.4.3359-16.files\image057.gif,554,3f89617c0bbb9ff1d3e6a3719aeefbdc0b92660a,406950378
{app}\NPA5\SanPin\СанПиН 2.2.4.3359-16\СанПиН 2.2.4.3359-16.files\image058.gif,459,61dae498a238d75dde47ee6047e7d1af52746ac5,406950932
{app}\NPA5\SanPin\СанПиН 2.2.4.3359-16\СанПиН 2.2.4.3359-16.files\image059.gif,557,f5f212f62817ffceb6f4caa50e62eab16a3deacb,406951391
{app}\NPA5\SanPin\СанПиН 2.2.4.3359-16\СанПиН 2.2.4.3359-16.files\image060.gif,452,e7a1bf5b9be1c4e795bed767d363d840882037e2,406951948
{app}\NPA5\SanPin\СанПиН 2.2.4.3359-16\СанПиН 2.2.4.3359-16.files\image061.gif,549,e79cbd5c6d9ef415ef77fe19b4edd6dde8307b85,406952400
{app}\NPA5\SanPin\СанПиН 2.2.4.3359-16\СанПиН 2.2.4.3359-16.files\image062.gif,464,4839433fcd39e029ae81124913fd174c077baf6b,406952949
{app}\NPA5\SanPin\СанПиН 2.2.4.3359-16\СанПиН 2.2.4.3359-16.files\image063.gif,484,b32aebcbb3da934098038adb819bce6c217051a5,406953413
{app}\NPA5\SanPin\СанПиН 2.2.4.3359-16\СанПиН 2.2.4.3359-16.files\image064.gif,468,7c9cdc90503782bf1cc8a9d0273643657c6475e9,406953897
{app}\NPA5\SanPin\СанПиН 2.2.4.3359-16\СанПиН 2.2.4.3359-16.files\image065.gif,512,a4715602814edb0c5a4fc2c077a3c3c758d0825e,406954365
{app}\NPA5\SanPin\СанПиН 2.2.4.3359-16\СанПиН 2.2.4.3359-16.files\image066.gif,215,0625964d5a920581bc7ae72280593c3e094558d6,406954877
{app}\NPA5\SanPin\СанПиН 2.2.4.3359-16\СанПиН 2.2.4.3359-16.files\image067.gif,414,b88227cde8889af5205f29fc3d8b91b61fc5226a,406955092
{app}\NPA5\SanPin\СанПиН 2.2.4.3359-16\СанПиН 2.2.4.3359-16.files\image068.gif,412,d3f4dfb423cf1f78b7e3d01259cf9a7a4f019858,406955506
{app}\NPA5\SanPin\СанПиН 2.2.4.3359-16\СанПиН 2.2.4.3359-16.files\image069.gif,204,77e4be2f6118802a54cedea52c00d46e160ccd3b,406955918
{app}\NPA5\SanPin\СанПиН 2.2.4.3359-16\СанПиН 2.2.4.3359-16.files\image070.gif,485,fad0c3b0ecd6a1b982c3308386845ab3945c8b21,406956122
{app}\NPA5\SanPin\СанПиН 2.2.4.3359-16\СанПиН 2.2.4.3359-16.files\image071.gif,502,e17555ba787384eebe2ea150e7672c17e83a5aca,406956607
{app}\NPA5\SanPin\СанПиН 2.2.4.3359-16\СанПиН 2.2.4.3359-16.files\image072.gif,599,322b7c452e74f758c86c9eb76ea77db37d7c845f,406957109
{app}\NPA5\SanPin\СанПиН 2.2.4.3359-16\СанПиН 2.2.4.3359-16.files\image073.gif,598,57fb19f7a47c8fcb5aff8b3dea83fdae52c0b71f,406957708
{app}\NPA5\SanPin\СанПиН 2.2.4.3359-16\СанПиН 2.2.4.3359-16.files\image074.gif,593,6bc2cdc0186c545bb5300c3f048d34e40dfa3766,406958306
{app}\NPA5\SanPin\СанПиН 2.2.4.3359-16\СанПиН 2.2.4.3359-16.files\image075.gif,694,7aef1580609cbe8308f08188f3e20dbe3f3e558e,406958899
{app}\NPA5\SanPin\СанПиН 2.2.4.3359-16\СанПиН 2.2.4.3359-16.files\image076.gif,665,376269db434bf8c63ded3989050028d295c0c6b4,406959593
{app}\NPA5\SanPin\СанПиН 2.2.4.3359-16\СанПиН 2.2.4.3359-16.files\image077.gif,709,ab9db4a2325e1de89b346099c76f8d7195ec93e7,406960258
{app}\NPA5\SanPin\СанПиН 2.2.4.3359-16\СанПиН 2.2.4.3359-16.files\image078.gif,441,3cc332bb3e40fdd4d6144120210ea0cebf7d4843,406960967
{app}\NPA5\SanPin\СанПиН 2.2.4.3359-16\СанПиН 2.2.4.3359-16.files\image079.gif,697,c8406b13127a316bcc64d88b257b326e755a5df7,406961408
{app}\NPA5\SanPin\СанПиН 2.2.4.3359-16\СанПиН 2.2.4.3359-16.files\image080.gif,577,bbfbb839d6054ae440671e7d41ad68e50896a50e,406962105
{app}\NPA5\SanPin\СанПиН 2.2.4.3359-16\СанПиН 2.2.4.3359-16.files\image081.gif,708,a47b8e13b95d97ae2a6848d90c239ae6db2fc6ce,406962682
{app}\NPA5\SanPin\СанПиН 2.2.4.3359-16\СанПиН 2.2.4.3359-16.files\image082.gif,763,8873032b53b7752c72481e03aa1b17d8a3c8b72d,406963390
{app}\NPA5\SanPin\СанПиН 2.2.4.3359-16\СанПиН 2.2.4.3359-16.files\image083.gif,823,e99405eef59f37b8965b7959dd2ff45edd29e3a5,406964153
{app}\NPA5\SanPin\СанПиН 2.2.4.3359-16\СанПиН 2.2.4.3359-16.files\image084.gif,593,19fd3155e00dbe090aa2f9934146030d705b7be9,406964976
{app}\NPA5\SanPin\СанПиН 2.2.4.3359-16\СанПиН 2.2.4.3359-16.files\image085.gif,714,02b04d082542e088122d1d713f014e225c23ef3a,406965569
{app}\NPA5\SanPin\СанПиН 2.2.4.3359-16\СанПиН 2.2.4.3359-16.files\image086.gif,603,8eb1f4a2d2955f34337b307f11756a5020b8b12b,406966283
{app}\NPA5\SanPin\СанПиН 2.2.4.3359-16\СанПиН 2.2.4.3359-16.files\image087.gif,701,229c33cbeb5af649dc6748893d0f2774d5bee6d9,406966886
{app}\NPA5\SanPin\СанПиН 2.2.4.3359-16\СанПиН 2.2.4.3359-16.files\image088.gif,618,a27c9f43a64c3a6bc129a4257c6d932935a93595,406967587
{app}\NPA5\SanPin\СанПиН 2.2.4.3359-16\СанПиН 2.2.4.3359-16.files\image089.gif,706,646fe8ab171e8a927c22825314f8f3d3e0220444,406968205
{app}\NPA5\SanPin\СанПиН 2.2.4.3359-16\СанПиН 2.2.4.3359-16.files\image090.gif,685,83da101d17bffc7e548d8348b49c901e1a234d09,406968911
{app}\NPA5\SanPin\СанПиН 2.2.4.3359-16\СанПиН 2.2.4.3359-16.files\image091.gif,13993,f5e6ed06e0153e8f8d88d7388813a9701b6ee8a2,406969596
{app}\NPA5\SanPin\СанПиН 2.2.4.3359-16\СанПиН 2.2.4.3359-16.files\image092.gif,11655,a53fff87d08bc56b7ed2dc2853ad9c200e965682,406983589
{app}\NPA5\SanPin\СанПиН 2.2.4.3359-16\СанПиН 2.2.4.3359-16.files\image093.gif,1311,cd8d2518d850118cde3c94ef378fb1ab69364119,406995244
{app}\NPA5\SanPin\СанПиН 2.2.4.3359-16\СанПиН 2.2.4.3359-16.files\image094.gif,234,b76f141f7f5cd2e90961585fe759f32e244e785f,406996555
{app}\NPA5\SanPin\СанПиН 2.2.4.3359-16\СанПиН 2.2.4.3359-16.files\image095.gif,144,6caec9294e047bda3e360f7df874b12dd77903c2,406996789
{app}\NPA5\SanPin\СанПиН 2.2.4.3359-16\СанПиН 2.2.4.3359-16.files\image096.gif,597,c57003fb561d8e313595784481d1372b743a1e77,406996933
{app}\NPA5\SanPin\СанПиН 2.2.4.3359-16\СанПиН 2.2.4.3359-16.files\image097.gif,213,f822510733f7e9f15855a0863f76d692208613bc,406997530
{app}\NPA5\SanPin\СанПиН 2.2.4.3359-16\СанПиН 2.2.4.3359-16.files\image098.gif,709,8461d225c08e6331ec7bdcbb79e0b5c0422b210c,406997743
{app}\NPA5\SanPin\СанПиН 2.2.4.3359-16\СанПиН 2.2.4.3359-16.files\image099.gif,141,ba204dd6cef65707ca219601bc61c2d9d2a87689,406998452
{app}\NPA5\SanPin\СанПиН 2.2.4.3359-16\СанПиН 2.2.4.3359-16.files\image100.gif,835,76b122cd2d98a529af28e7d89d6458b244eb0f6c,406998593
{app}\NPA5\SanPin\СанПиН 2.2.4.3359-16\СанПиН 2.2.4.3359-16.files\image101.gif,213,8e030f22199038cadcfbc4bda5587b8bda5a8760,406999428
{app}\NPA5\SanPin\СанПиН 2.2.4.3359-16\СанПиН 2.2.4.3359-16.files\image102.gif,219,8bfc22d4bba1da54d702a5d543ef81b7815e4a45,406999641
{app}\NPA5\SanPin\СанПиН 2.2.4.3359-16\СанПиН 2.2.4.3359-16.files\image103.gif,219,8291a776327e8773113abbff3391aabfbc660939,406999860
{app}\NPA5\SanPin\СанПиН 2.2.4.3359-16\СанПиН 2.2.4.3359-16.files\image104.gif,23953,68d68ef8490779662567a0ccb580d71bc4744945,407000079
{app}\NPA5\SanPin\СанПиН 2.2.4.3359-16\СанПиН 2.2.4.3359-16.files\image105.gif,26500,479c8c2b2bf573ef6fe0ddc1620f98a308b6e543,407024032
{app}\NPA5\SanPin\СанПиН 2.2.4.3359-16\СанПиН 2.2.4.3359-16.files\image106.gif,1685,43ae3cdcae4318122a45ba181cdbdee513d5bdf4,407050532
{app}\NPA5\SanPin\СанПиН 2.2.4.3359-16\СанПиН 2.2.4.3359-16.files\image107.gif,1470,91a5a777675b252302a3d4557d4ac76967358b00,407052217
{app}\NPA5\SanPin\СанПиН 2.2.4.3359-16\СанПиН 2.2.4.3359-16.files\image108.gif,489,2a23b7d83aed88bafb07f60bcc96ca6267f4319a,407053687
{app}\NPA5\SanPin\СанПиН 2.2.4.3359-16\СанПиН 2.2.4.3359-16.files\image109.gif,447,b0c221ddb4a36cdade504882ee63c6661a78844d,407054176
{app}\NPA5\SanPin\СанПиН 2.2.4.3359-16\СанПиН 2.2.4.3359-16.files\image110.gif,1152,d22ac1804571a043e40398348a34e7ba1f1cc017,407054623
{app}\NPA5\SanPin\СанПиН 2.2.4.3359-16\СанПиН 2.2.4.3359-16.files\image111.gif,382,c95a4cda43731aca620169da9d9eb6ba0063e37f,407055775
{app}\NPA5\SanPin\СанПиН 2.2.4.3359-16\СанПиН 2.2.4.3359-16.files\image112.gif,685,c41bcabf584304fbe0a51891144b103d06157e17,407056157
{app}\NPA5\SanPin\СанПиН 2.2.4.3359-16\СанПиН 2.2.4.3359-16.files\image113.gif,714,668d8684c58a47e698bf21fd6f067702706f8501,407056842
{app}\NPA5\SanPin\СанПиН 2.2.4.3359-16\СанПиН 2.2.4.3359-16.files\image114.gif,264,fa06acede8a0941019d6b51f1f8683f9461bc4e5,407057556
{app}\NPA5\SanPin\СанПиН 2.2.4.3359-16\СанПиН 2.2.4.3359-16.files\image115.gif,209,a6cb6d3fac41c559cf2cc049ea8f10e55b7e48a1,407057820
{app}\NPA5\SanPin\СанПиН 2.2.4.3359-16\СанПиН 2.2.4.3359-16.files\image116.gif,714,7e4eeb171e842dd34a34069aa4b84e062e618f7f,407058029
{app}\NPA5\SanPin\СанПиН 2.2.4.3359-16\СанПиН 2.2.4.3359-16.files\image117.gif,266,ecf94edcb17413a9b01ae7296bde7d38d7aad8f3,407058743
{app}\NPA5\SanPin\СанПиН 2.2.4.3359-16\СанПиН 2.2.4.3359-16.files\image118.gif,263,a52a9d43ce8e47e4555524d5787444ac8e211bed,407059009
{app}\NPA5\SanPin\СанПиН 2.2.4.548-96\СанПиН 2.2.4.548-96.htm,111309,338a1aa821de66f5b796acc815a8d8cc5ce958e5,407059272
{app}\NPA5\SanPin\СанПиН 2.5.2-703-98\СанПиН 2.5.2-703-98.htm,782942,c3d7085c864b9686d7c4c3d741c8b176781aeb24,407170581
{app}\NPA5\SanPin\СанПиН 2.6.1.2523-09\СанПиН 2.6.1.2523-09.htm,875850,664c6a930dbf81783a4084fdbbaf953fea518737,407953523
{app}\NPA5\SanPin\СанПин 2152-80\СанПин 2152-80.htm,42468,7910644c5807d6b5555c6cbffafbcf10f5e6132d,408829373
{app}\NPA5\SanPin\СанПиН 3.3686-21\СанПиН 3.3686-21.htm,5138738,82e1cfdf508f36e0103492386ae14e67d9ac9230,408871841
{app}\NPA5\SanPin\СанПиН 3.3686-21\СанПиН 3.3686-21.files\image001.gif,115,4452116c23a5afc132a99734cc1e236c382e8145,414010579
{app}\NPA5\SanPin\СанПиН 3.3686-21\СанПиН 3.3686-21.files\image002.gif,118,9737f564e0305386dc31c9c97bdabcb9703c6198,414010694
{app}\NPA5\SanPin\СН 2.2.4 2.1.8.566-96\СН 2.2.4 2.1.8.566-96.htm,5824,41933f867e6c240ed79b7c759c444c840e7e6e41,414010812
{app}\NPA5\SanPin\СН 2.2.4 2.1.8.566-96\Вибр\1.htm,2947,2cbe056cd6f858d19ce098a73789c77f3101b398,414016636
{app}\NPA5\SanPin\СН 2.2.4 2.1.8.566-96\Вибр\2.htm,1617,b85e67e38a5bc52b0ac6dfe4774970fa0f7162ea,414019583
{app}\NPA5\SanPin\СН 2.2.4 2.1.8.566-96\Вибр\3.htm,1989,be3d3a8d3ceaa4da62e34087fa4ebf8a2380c4d7,414021200
{app}\NPA5\SanPin\СН 2.2.4 2.1.8.566-96\Вибр\4.htm,10206,70c4b88e3622ec5a56e69655637a7d32b2448551,414023189
{app}\NPA5\SanPin\СН 2.2.4 2.1.8.566-96\Вибр\5.htm,42621,074287899623841b553ed6d735b733e95b884f5a,414033395
{app}\NPA5\SanPin\СН 2.2.4 2.1.8.566-96\Вибр\6.htm,109860,0e80eecf127e392715efb2fb84c414904840ea15,414076016
{app}\NPA5\SanPin\СН 2.2.4 2.1.8.566-96\Вибр\Image1.gif,1131,f5fc4d5e979276b540e0c7be6822416583528331,414185876
{app}\NPA5\SanPin\СН 2.2.4 2.1.8.566-96\Вибр\Image10.gif,1858,af319f3de0360bda38bae0bf7a86c204453993fd,414187007
{app}\NPA5\SanPin\СН 2.2.4 2.1.8.566-96\Вибр\Image11.gif,1626,016c959ab7f231290a5f6605189da1145603a4dd,414188865
{app}\NPA5\SanPin\СН 2.2.4 2.1.8.566-96\Вибр\Image2.gif,842,f2ce834535611a9447576941852c7c6d417e44a7,414190491
{app}\NPA5\SanPin\СН 2.2.4 2.1.8.566-96\Вибр\Image20.gif,1444,acea0c5fb489ff4bbff690512d283157fe62e8f4,414191333
{app}\NPA5\SanPin\СН 2.2.4 2.1.8.566-96\Вибр\Image3.gif,1135,e3f16fb799dc2b9c33677ce188b9e374fb9c2f1f,414192777
{app}\NPA5\SanPin\СН 2.2.4 2.1.8.566-96\Вибр\Image4.gif,1239,b173036d53e7aa0f665b06ac4f66cf9e23c953e9,414193912
{app}\NPA5\SanPin\СН 2.2.4 2.1.8.566-96\Вибр\Image5.bmp,1214,97c0d0b69370ab257bc9afc893e9d1fadec8f0ee,414195151
{app}\NPA5\SanPin\СН 2.2.4 2.1.8.566-96\Вибр\Image5.gif,1262,384afd2aeb09f35ddb3ec568bbb61cde5fe0131b,414196365
{app}\NPA5\SanPin\СН 2.2.4 2.1.8.566-96\Вибр\Image6.gif,1280,e828fa69ddcbb9b949f75b0d02985913ee02565e,414197627
{app}\NPA5\SanPin\СН 2.2.4 2.1.8.566-96\Вибр\Image7.gif,1401,cf14c75d6744de7d5de4f1ce8e37a3bce011cbf4,414198907
{app}\NPA5\SanPin\СН 2.2.4 2.1.8.566-96\Вибр\Image8.gif,1009,7900852f9b20ddae65bd41d0b6c86a7dd35ddc39,414200308
{app}\NPA5\SanPin\СН 2.2.4 2.1.8.566-96\Вибр\Image9.gif,1244,472e4453e13e1d6b40c2f3f4238297fdec4a9b49,414201317
{app}\NPA5\SanPin\СН 2.2.4 2.1.8.566-96\Вибр\Приложение 2.htm,17711,040efd47f5ccc0d3fff0d9fded1bf4b364fa032d,414202561
{app}\NPA5\SanPin\СН 2.2.4 2.1.8.566-96\Вибр\Приложение 3.htm,14850,3de53d537c6fb25d9ac7c01b04edd053ac316251,414220272
{app}\NPA5\SanPin\СН 2.2.4 2.1.8.566-96\Вибр\Приложение 4.htm,19082,b7e5e377e2678b927d496506cee02434881c8fd2,414235122
{app}\NPA5\SanPin\СН 2.2.4 2.1.8.566-96\Вибр\Список.htm,1228,ecf16164e68dbd64c9b4273443d2a672a44a1321,414254204
{app}\NPA5\SanPin\СН 2.2.4_2.1.8.583-96\Image1.gif,1269,545e3853c66621b94cf504062fa5e6a45addaae3,414255432
{app}\NPA5\SanPin\СН 2.2.4_2.1.8.583-96\Image2.gif,1566,93a9c48ae3d9a4a786a0a46edf6be50dd7fb9250,414256701
{app}\NPA5\SanPin\СН 2.2.4_2.1.8.583-96\Image3.gif,1566,37bd44e9028ab31efbd02e48ccd9c33907d38a05,414258267
{app}\NPA5\SanPin\СН 2.2.4_2.1.8.583-96\СН 2.2.4_2.1.8.583-96.htm,17914,32c74118cc54db79f54ff547071376e91903686e,414259833
{app}\NPA5\SanPin\СН 2.5.2.047-96\СН 2.5.2.047-96.htm,139493,2778858ecae4e1a21d374e4a73f3cb5a0847ac67,414277747
{app}\NPA5\SanPin\СП 1.3.3118-13\pril3.doc,344064,14a0dff6aa174035a2b937e2a59d469bf555d6f4,414417240
{app}\NPA5\SanPin\СП 1.3.3118-13\pril3.htm,193672,d3cebdcfb2098c1dbaa6ef8779f44cecdd2adaf0,414761304
{app}\NPA5\SanPin\СП водителей\СП водителей.htm,124040,6f35cea5a93bceadb1b02684f192ee9917e5b5fb,414954976
{app}\NPA5\SNIP\2.09.02-85.htm,122644,93b56d5bdfdad9ec6df15ad3012832daecb66b5e,415079016
{app}\NPA5\SNIP\21-01-97 .htm,98309,3ea22d0fae9b6067d64b09af603ce807d4f29155,415201660
{app}\NPA5\SNIP\3.01.01-85.htm,183545,2f7a7eaa5c8132cd6f3a1a64b4bb5190e2ec23ca,415299969
{app}\NPA5\SNIP\Bullet7.gif,140,feb31933a3e492293f142d6b4b4656765ea25625,415483514
{app}\NPA5\SNIP\SNIP.htm,6549,a11f052b7bae24091a0bfe7ab32d362cde05545c,415483654
{app}\NPA5\SNIP\SnIP2-01-02-85\2-01-02-85-1.htm,29178,0e8c434021454ef945c5ff823ac698770a9b62a9,415490203
{app}\NPA5\SNIP\SnIP2-01-02-85\2-01-02-85-2.htm,10334,ecc5002873b42274401419134fae81e973ebb418,415519381
{app}\NPA5\SNIP\SnIP2-01-02-85\2-01-02-85-3.htm,19551,9ccb0dc4bfa9f7b817cc98a3b19577e95ff82d28,415529715
{app}\NPA5\SNIP\SnIP2-01-02-85\2-01-02-85-4.htm,17563,a80728350078287fa2e2da82fc480710560cc89d,415549266
{app}\NPA5\SNIP\SnIP2-01-02-85\2-01-02-85-5.htm,18164,236d10a57ca485e2141d2a62c80cb58b7f813ccd,415566829
{app}\NPA5\SNIP\SnIP2-01-02-85\2-01-02-85-6.htm,6390,d5d7b2b0565add4ad88408bb79eda00c01f8f072,415584993
{app}\NPA5\SNIP\SnIP2-01-02-85\2-01-02-85.htm,5853,0131afcadbe7161a450515aa472800399deb3ced,415591383
{app}\NPA5\SNIP\SnIP2-01-02-85\Image1.gif,17691,54a10773b09ed5b16f627ed49b7a281cdc0a382c,415597236
{app}\NPA5\SNIP\SnIP2-01-02-85\Image14.gif,17452,ea391cefc63de51f4453c1795b57d3bd79661eec,415614927
{app}\NPA5\SNIP\SnIP2-01-02-85\Image15.gif,15543,544b5929e160af7001e0c07cff0bf22bed8c6081,415632379
{app}\NPA5\SNIP\SnIP2-01-02-85\Image16.gif,17228,03b6cf9788f11bea0b18720bfdb6a533a7d7d150,415647922
{app}\NPA5\SNIP\СНИП 12-03-2001\СНиП 12-03-91.htm,221027,eda8a112fab21d861aea473f87d90be7f875e103,415665150
{app}\NPA5\SNIP\СНиП 12-04-2002\СНиП 12-04-2002.htm,135698,c9d8e6e36c1ba9276d7d8ec0e196534209c4dbc6,415886177
{app}\NPA5\SNIP\СНиП 31-06-2009\СНиП 31-06-2009.htm,339665,c3b88698e6183fef2632a15e5a5f69df4fe661f5,416021875
{app}\NPA5\SNIP\СНиП 31-06-2009\СНиП 31-06-2009.files\image001.gif,471,5626c6a322663582e5e8cf702c889d3e751b03ba,416361540
{app}\NPA5\SNIP\СНиП 31-06-2009\СНиП 31-06-2009.files\image002.gif,378,4a98b3907884600a18005aa4b7b5926f7211f1b2,416362011
{app}\NPA5\SNIP\СНиП 31-06-2009\СНиП 31-06-2009.files\image003.gif,241,b66745cc9d1e82515680cd1facd212bf9508a926,416362389
{app}\NPA5\SNIP\СНиП 31-06-2009\СНиП 31-06-2009.files\image004.gif,477,9faf8b505e4a6a0bef58b384d011eb47f4e7d575,416362630
{app}\NPA5\SNIP\СНиП 31-06-2009\СНиП 31-06-2009.files\image005.gif,1189,c740c2f61f7065d21e7510304519f3aeb76fbe7c,416363107
{app}\NPA5\SNIP\СНиП 31-06-2009\СНиП 31-06-2009.files\image006.gif,796,feb85e6c14b66d0d3d5c77f6da26c96cbf178561,416364296
{app}\NPA5\SNIP\СНиП 31-06-2009\СНиП 31-06-2009.files\image007.gif,1748,4db9ed48d4265e9e85a03cc1707d9ad6d8e3d10b,416365092
{app}\NPA5\SNIP\СНиП 31-06-2009\СНиП 31-06-2009.files\image008.gif,180,b02c1e1ca4a6c9ca5b83ff48991bdf9693518b46,416366840
{app}\NPA5\SNIP\СНиП 31-06-2009\СНиП 31-06-2009.files\image009.gif,268,2c6b2ffa8f9ef00a16317833e8a0442be296dcb4,416367020
{app}\NPA5\SNIP\СНиП 31-06-2009\СНиП 31-06-2009.files\image010.gif,229,5e0a583a05dfe595e6bf3534323c3538c642c736,416367288
{app}\NPA5\SNIP\СНиП 31-06-2009\СНиП 31-06-2009.files\image011.gif,267,df6139a313b3d3b43c303476fb4830ebeff1022f,416367517
{app}\NPA5\SNIP\СНиП 31-06-2009\СНиП 31-06-2009.files\image012.gif,218,8954c11aa6d51228ace31fce8d5e4c5d4d5be613,416367784
{app}\NPA5\SNIP\СНиП 31-06-2009\СНиП 31-06-2009.files\image013.gif,257,51d1a8b0a30bd75079e34ef4da3785cdc5105c90,416368002
{app}\NPA5\SNIP\СНиП 31-06-2009\СНиП 31-06-2009.files\image014.gif,224,e6adaed205211b3bc282c88fdbacb9feb36c0c89,416368259
{app}\NPA5\SNIP\СНиП 31-06-2009\СНиП 31-06-2009.files\image015.gif,241,7474db2727c1010c3ba9b548d51356b1e74f48de,416368483
{app}\NPA5\SNIP\СНиП 31-06-2009\СНиП 31-06-2009.files\image016.gif,244,8f7fbc552f6a683286bb14d9829438467ff3d891,416368724
{app}\NPA5\SNIP\СНиП 31-06-2009\СНиП 31-06-2009.files\image017.gif,246,1144fc719757a3020c411977a09211c371949c28,416368968
{app}\NPA5\SNIP\СНиП 31-06-2009\СНиП 31-06-2009.files\image018.gif,30750,abe6d666a2effce4e5510161a5ec8bb8505337d3,416369214
{app}\NPA5\SNIP\СНиП 31-06-2009\СНиП 31-06-2009.files\image019.gif,45649,b83c9d91bf6ce68d22488bd10205c01cdda7fd9a,416399964
{app}\NPA5\SNIP\СНиП 31-06-2009\СНиП 31-06-2009.files\image020.gif,95393,aee2e9e78efd2ab3c7c704cb95f9f382a8fa278e,416445613
{app}\NPA5\SNIP\СНиП 31-06-2009\СНиП 31-06-2009.files\image021.gif,20447,62fa972479d98a895a2475cb2d511a93a205a6b1,416541006
{app}\NPA5\SNIP\СНиП 31-06-2009\СНиП 31-06-2009.files\image022.gif,22725,5d9a7255f59c10e4a249e50e56cf0b400047c2d4,416561453
{app}\NPA5\SNIP\СНиП 31-06-2009\СНиП 31-06-2009.files\image023.gif,217,84cf0498c68fbc98c7d8a6ba90935022f4286394,416584178
{app}\NPA5\SNIP\СНиП 31-06-2009\СНиП 31-06-2009.files\image024.gif,224,82114fa16537f3de125840f975673ea5c097c128,416584395
{app}\NPA5\SNIP\СНиП_23-05-95\СНиП 23-05-95.htm,55407,2bcffedfd01f80ff945a66e5c37aaea181687272,416584619
{app}\NPA5\SNIP\СНиП_23-05-95\СНиП 23-05-95_0.htm,52562,7a75b05705d7057a641c970b09d0029a068e6b42,416640026
{app}\NPA5\SNIP\СНиП_23-05-95\СНиП 23-05-95_1_3.htm,53889,dbc658b311b30ca796f0f50e491c56c56f26aaa8,416692588
{app}\NPA5\SNIP\СНиП_23-05-95\СНиП 23-05-95_4.htm,366411,30aa29e13e372a70d5604476256768d72e4b8b35,416746477
{app}\NPA5\SNIP\СНиП_23-05-95\СНиП 23-05-95_5.htm,92617,df9d27992f11be1b5001587e72f8762e2dc0debc,417112888
{app}\NPA5\SNIP\СНиП_23-05-95\СНиП 23-05-95_6.htm,64168,4da2ff5d599f210c2a0df9f3bef1d9824736b542,417205505
{app}\NPA5\SNIP\СНиП_23-05-95\СНиП 23-05-95_7.htm,465816,5eda2266d076ad125e1ec2edc97e293ec63d8ee7,417269673
{app}\NPA5\SNIP\СНиП_23-05-95\СНиП 23-05-95_pril_А.htm,11854,f26d89e84dfc670c178fc30f3be2abc191a62462,417735489
{app}\NPA5\SNIP\СНиП_23-05-95\СНиП 23-05-95_pril_Б.htm,74774,4c24dfb5a1a8b0b178b6341639c76df2c93a72ff,417747343
{app}\NPA5\SNIP\СНиП_23-05-95\СНиП 23-05-95_pril_В.htm,19180,029b3dfed481f6a9c51ae5132c2dbe3b3c7530ad,417822117
{app}\NPA5\SNIP\СНиП_23-05-95\СНиП 23-05-95_pril_Г.htm,11905,c9d2a143c2dd3ba5e706ab8e36190dec1b4c8115,417841297
{app}\NPA5\SNIP\СНиП_23-05-95\СНиП 23-05-95_pril_Д.htm,13000,2bee9ae82a7b99167aecb6bc0604e1c21b521160,417853202
{app}\NPA5\SNIP\СНиП_23-05-95\СНиП 23-05-95_pril_Е.htm,12981,f02647875e3aed4b6f38e119cc5e107b9a6a0799,417866202
{app}\NPA5\SNIP\СНиП_23-05-95\СНиП 23-05-95_pril_Ж.htm,21053,e3fe5cccadf0e72c2a25a3813b159c63814b803e,417879183
{app}\NPA5\SNIP\СНиП_23-05-95\СНиП 23-05-95_pril_З.htm,64265,21cff42fcb3996badcd251f45dc6355e3d01fda5,417900236
{app}\NPA5\SNIP\СНиП_23-05-95\СНиП 23-05-95_pril_И.htm,33072,a48403fa3a0239f051bc531f90cd830fd636d376,417964501
{app}\NPA5\SNIP\СНиП_23-05-95\СНиП 23-05-95_pril_К.htm,632704,3c7278f7ddbc07e5e56ce466037fb858c2a05c10,417997573
{app}\NPA5\SNIP\СНиП_23-05-95\СНиП 23-05-95.files\image001.gif,116,c4afac811222ce2f15fc57db38280ef3bfba90ae,418630277
{app}\NPA5\SNIP\СНиП_23-05-95\СНиП 23-05-95.files\image002.gif,128,4543ac1fee1785b6a6796acb015dde8e179b81da,418630393
{app}\NPA5\SNIP\СНиП_23-05-95\СНиП 23-05-95.files\image003.gif,119,fe59bde43e1052e992adf99486789fd3745abd86,418630521
{app}\NPA5\SNIP\СНиП_23-05-95\СНиП 23-05-95.files\image004.gif,140,05ff513a83cdc61545f59dc2455f5c2ed0c53209,418630640
{app}\NPA5\SNIP\СНиП_23-05-95\СНиП 23-05-95.files\image005.gif,139,2da7e599fcbc3742d16d2c10a610a1b474f42dad,418630780
{app}\NPA5\SNIP\СНиП_23-05-95\СНиП 23-05-95.files\image006.gif,1177,345830a12100c648a71166a88f9ac28363ce6b88,418630919
{app}\NPA5\SNIP\СНиП_23-05-95\СНиП 23-05-95.files\image007.gif,1247,fa2de5e837cc298450e79d8835f6cc38ac7b0e54,418632096
{app}\NPA5\SNIP\СНиП_23-05-95\СНиП 23-05-95.files\image008.gif,115,7cd11066e6700e61d4e04289d1b33f34c3357e6c,418633343
{app}\NPA5\SNIP\СНиП_23-05-95\СНиП 23-05-95.files\image009.gif,141,670d140047d96a6ffbef6c4a7162b4d419881556,418633458
{app}\NPA5\SNIP\СНиП_23-05-95\СНиП 23-05-95.files\image010.gif,223,7fc262aa2c0210c426f4ed293c71a63c479dfe5e,418633599
{app}\NPA5\SNIP\СНиП_23-05-95\СНиП 23-05-95.files\image011.gif,130,6670b2cde464a4269fc5ac58eb0be59142fbbfa1,418633822
{app}\NPA5\SNIP\СНиП_23-05-95\СНиП 23-05-95.files\image012.gif,151,5e6ec8c843a53bdd2e2475afd0b1f9ae8fbdfc18,418633952
{app}\NPA5\SNIP\СНиП_23-05-95\СНиП 23-05-95.files\image013.gif,122,531764d404bb99069b1a0926659c1688b2ae476d,418634103
{app}\NPA5\SNIP\СНиП_23-05-95\СНиП 23-05-95.files\image014.gif,133,3b3a7ab04834953e794173c2336dda10e19a7fa5,418634225
{app}\NPA5\SNIP\СНиП_23-05-95\СНиП 23-05-95.files\image015.gif,136,3a5e95baa414f6407c826b5344277a28eba8aadf,418634358
{app}\NPA5\SNIP\СНиП_23-05-95\СНиП 23-05-95.files\image016.gif,145,1f07392c862f1cb2040553a3cd1296867458990a,418634494
{app}\NPA5\SNIP\СНиП_23-05-95\СНиП 23-05-95.files\image017.gif,141,9d512dea72eb7df633aed45ba4fb95850c15ee81,418634639
{app}\NPA5\SNIP\СНиП_23-05-95\СНиП 23-05-95.files\image018.gif,639,7bc2b613bfdf234546dd6e55502436467fcb622d,418634780
{app}\NPA5\SNIP\СНиП_23-05-95\СНиП 23-05-95.files\image019.gif,142,0f50df68f23c3081e74d9c5c88db075663e7be63,418635419
{app}\NPA5\SNIP\СНиП_23-05-95\СНиП 23-05-95.files\image020.gif,143,c541322c90c778121a682d4b90e9540cd0f08667,418635561
{app}\NPA5\SNIP\СНиП_23-05-95\СНиП 23-05-95.files\image021.gif,149,dbc3c2d402ae7f325422b0a639c2b4a917018f30,418635704
{app}\NPA5\SNIP\СНиП_23-05-95\СНиП 23-05-95.files\image022.gif,149,530b6493fded57317a4c41876ce029422bc4af3c,418635853
{app}\NPA5\SNIP\СНиП_23-05-95\СНиП 23-05-95.files\image023.gif,136,c6701182af9c0d3f0f7e1286749e64b16dc5aefb,418636002
{app}\NPA5\SNIP\СНиП_23-05-95\СНиП 23-05-95.files\image024.gif,159,5f9baf1853022ccd0b25e147f0bad49052d2e862,418636138
{app}\NPA5\SNIP\СНиП_23-05-95\СНиП 23-05-95.files\image025.gif,236,e87b843d33bb75362a31d708278e0f0be7d4718a,418636297
{app}\NPA5\SNIP\СНиП_23-05-95\СНиП 23-05-95.files\image026.gif,161,a69d7a741f6d7ac495d6d51f7b18f16205d6367b,418636533
{app}\NPA5\SNIP\СНиП_23-05-95\СНиП 23-05-95.files\image027.gif,125,491e4981381a4e35dcce687f9e8f1d7a17cec550,418636694
{app}\NPA5\SNIP\СНиП_23-05-95\СНиП 23-05-95.files\image028.gif,146,a0242aba746913319bb581afb50ac672469895b5,418636819
{app}\NPA5\SNIP\СНиП_23-05-95\СНиП 23-05-95.files\image029.gif,216,84e3cf841bfedd98accfc979a81889c0d5491656,418636965
{app}\NPA5\SNIP\СНиП_23-05-95\СНиП 23-05-95.files\image030.gif,228,301eeb2cfdaa7de0fcf685e9fb022c243de7cd2c,418637181
{app}\NPA5\SNIP\СНиП_23-05-95\СНиП 23-05-95.files\image031.gif,153,5255c4c2ea598d8f185bbb32a3bc92e52aecfd30,418637409
{app}\NPA5\SNIP\СНиП_23-05-95\СНиП 23-05-95.files\image032.gif,223,843a9f919adf874d0bad96dd837a16bc3331a1ea,418637562
{app}\NPA5\SNIP\СНиП_23-05-95\СНиП 23-05-95.files\image033.gif,128,54389639889dd01c25aa61836930d668b1bbebe7,418637785
{app}\NPA5\SNIP\СНиП_23-05-95\СНиП 23-05-95.files\image034.gif,143,6c267438ee6d433f6e936216ca134acea89f2dc8,418637913
{app}\NPA5\SNIP\СНиП_23-05-95\СНиП 23-05-95.files\image035.gif,148,cbe4b29dc5951fbb7173521f1d06b440e595231e,418638056
{app}\NPA5\SNIP\СНиП_23-05-95\СНиП 23-05-95.files\image036.gif,195,b47456f6a57cc3e6d7665fad669b7cf67a0bf6ba,418638204
{app}\NPA5\SNIP\СНиП_23-05-95\СНиП 23-05-95.files\image037.gif,213,a9cabc231a82b570ca2086ac5720455a23773459,418638399
{app}\NPA5\SNIP\СНиП_23-05-95\СНиП 23-05-95.files\image038.gif,137,0b400a9307f00a28de26eed3f49460fef0740c53,418638612
{app}\NPA5\SNIP\СНиП_23-05-95\СНиП 23-05-95.files\image039.gif,144,c8216e5d1328a5f4f9692012622f8f24d30ca01e,418638749
{app}\NPA5\SNIP\СНиП_23-05-95\СНиП 23-05-95.files\image040.gif,140,19ed8da59e714e78de2ebe9d08de63831b44ebc2,418638893
{app}\NPA5\SNIP\СНиП_23-05-95\СНиП 23-05-95.files\image041.gif,197,ec7637872e28b7d32cb26d570f24c7ea64da6d05,418639033
{app}\NPA5\SNIP\СНиП_23-05-95\СНиП 23-05-95.files\image042.gif,142,e298a8b8f0bd84913a1a9e38f3d7691c623622ce,418639230
{app}\NPA5\SNIP\СНиП_23-05-95\СНиП 23-05-95.files\image043.gif,221,93320185def7ab8bf172e4068a5402ad7831237d,418639372
{app}\NPA5\SNIP\СНиП_23-05-95\СНиП 23-05-95.files\image044.gif,219,616bc2afb03729a29745fc84a2608c90650e6f0e,418639593
{app}\NPA5\SNIP\СНиП_23-05-95\СНиП 23-05-95.files\image045.gif,143,2d18761a90d5ad4f28a3e7b0c45629c3ff929634,418639812
{app}\NPA5\SNIP\СНиП_23-05-95\СНиП 23-05-95.files\image046.gif,121,011dbb81c4d7e6628fab4021bce718c5ccc0f16e,418639955
{app}\NPA5\SNIP\СНиП_23-05-95\СНиП 23-05-95.files\image047.gif,144,19a190178aa3cbd576764c829ec52b705bfa2c6c,418640076
{app}\NPA5\SNIP\СНиП_23-05-95\СНиП 23-05-95.files\image048.gif,127,c671b24d9385db628e3d2ea59b70edf44ea9fb59,418640220
{app}\NPA5\SNIP\СНиП_23-05-95\СНиП 23-05-95.files\image049.gif,117,dfd5fd5b8b20cc853ba7ced67c9a5d8611df63eb,418640347
{app}\NPA5\SNIP\СНиП_23-05-95\СНиП 23-05-95.files\image050.gif,151,dfe86d69f49279bf7fb29e0a099e763e8e507946,418640464
{app}\NPA5\SNIP\СНиП_23-05-95\СНиП 23-05-95.files\image051.gif,137,de0c4e43b900a539ef34dd3d79161ee7f29d2027,418640615
{app}\NPA5\SNIP\СНиП_23-05-95\СНиП 23-05-95.files\image052.gif,122,2b93d97b4a75e2ff105c00fd4a5d0bb25be5998f,418640752
{app}\NPA5\SNIP\СНиП_23-05-95\СНиП 23-05-95.files\image053.gif,119,4098b6082577bcf44c179bf4436b99f8cc301c6a,418640874
{app}\NPA5\SNIP\СНиП_23-05-95\СНиП 23-05-95.files\image054.gif,138,c995b225bd824b8cf95998727c48c14f8bd6cc8e,418640993
{app}\NPA5\SNIP\СНиП_23-05-95\СНиП 23-05-95.files\image055.gif,113,491dd097e9449cc641c8437cb49f806716c1cc9e,418641131
{app}\NPA5\SNIP\СНиП_23-05-95\СНиП 23-05-95.files\image056.gif,153,f3874de30a59b92059a274d9b4434e0c4e082f23,418641244
{app}\NPA5\SNIP\СНиП_23-05-95\СНиП 23-05-95.files\image057.gif,136,5affd54a38c48e6f835faef40f35fcebb03fbc89,418641397
{app}\NPA5\SNIP\СНиП_23-05-95\СНиП 23-05-95.files\image058.gif,236,42b398cd80e977b36b4859385b11aa61df1a234b,418641533
{app}\NPA5\SNIP\СНиП_23-05-95\СНиП 23-05-95_pril_А.files\image001.gif,122,2842f86ff151352a45f0edf547baea35affaf262,418641769
{app}\NPA5\SNIP\СНиП_23-05-95\СНиП 23-05-95_pril_Б.files\image001.gif,123,4b12e969658afb57160b1b9c929f8cf4d0fce86f,418641891
{app}\NPA5\SNIP\СНиП_23-05-95\СНиП 23-05-95_pril_Б.files\image002.gif,139,2da7e599fcbc3742d16d2c10a610a1b474f42dad,418642014
{app}\NPA5\SNIP\СНиП_23-05-95\СНиП 23-05-95_pril_Б.files\image003.gif,140,05ff513a83cdc61545f59dc2455f5c2ed0c53209,418642153
{app}\NPA5\SNIP\СНиП_23-05-95\СНиП 23-05-95_pril_Б.files\image004.gif,435,182c2a91c5ba8814dbb4ced898e4e8817c90c25a,418642293
{app}\NPA5\SNIP\СНиП_23-05-95\СНиП 23-05-95_pril_Б.files\image005.gif,171,b3868ded6bf171ad8248ab5ed61b8cdc0161a35f,418642728
{app}\NPA5\SNIP\СНиП_23-05-95\СНиП 23-05-95_pril_Б.files\image006.gif,165,e29ed43241528716c939f645f35eb3e2b08a3566,418642899
{app}\NPA5\SNIP\СНиП_23-05-95\СНиП 23-05-95_pril_Б.files\image007.gif,153,2c1449d44a2472ffcf0ebf5f886714179d759e7a,418643064
{app}\NPA5\SNIP\СНиП_23-05-95\СНиП 23-05-95_pril_Б.files\image008.gif,122,531764d404bb99069b1a0926659c1688b2ae476d,418643217
{app}\NPA5\SNIP\СНиП_23-05-95\СНиП 23-05-95_pril_Б.files\image009.gif,119,ff9885e965242c11fb0ab9e7b042b05a56595839,418643339
{app}\NPA5\SNIP\СНиП_23-05-95\СНиП 23-05-95_pril_Б.files\image010.gif,247,3ff595857054f19f520c5430a9850b97bc7c0cff,418643458
{app}\NPA5\SNIP\СНиП_23-05-95\СНиП 23-05-95_pril_Б.files\image011.gif,673,ed9d79e1c72eaa2698d78fcbf0daad2aab4b75a5,418643705
{app}\NPA5\SNIP\СНиП_23-05-95\СНиП 23-05-95_pril_Б.files\image012.gif,127,836e46e31511cae1d297c2922b794582216e8181,418644378
{app}\NPA5\SNIP\СНиП_23-05-95\СНиП 23-05-95_pril_Б.files\image013.gif,116,c4afac811222ce2f15fc57db38280ef3bfba90ae,418644505
{app}\NPA5\SNIP\СНиП_23-05-95\СНиП 23-05-95_pril_Б.files\image014.gif,129,d193f7046266ecd4798b0781bb33b69a6dec711d,418644621
{app}\NPA5\SNIP\СНиП_23-05-95\СНиП 23-05-95_pril_Б.files\image015.gif,132,68fd50a3d67052ed039302ec16fcd6251e9284ba,418644750
{app}\NPA5\SNIP\СНиП_23-05-95\СНиП 23-05-95_pril_Б.files\image016.gif,132,82aacabd42879e9b0e5406298ab3c2ef4a9663f7,418644882
{app}\NPA5\SNIP\СНиП_23-05-95\СНиП 23-05-95_pril_Б.files\image017.gif,311,8b6be48e87f17c366b148d8a2a2fc2d7f1f73fb8,418645014
{app}\NPA5\SNIP\СНиП_23-05-95\СНиП 23-05-95_pril_Б.files\image018.gif,122,8511547ce3829ce18b5539a7544f37e3c2d65570,418645325
{app}\NPA5\SNIP\СНиП_23-05-95\СНиП 23-05-95_pril_Б.files\image019.gif,193,98a09b9b7365f37b178b9943daa54493daaf3b1a,418645447
{app}\NPA5\SNIP\СНиП_23-05-95\СНиП 23-05-95_pril_Б.files\image020.gif,185,535c439fe983d9a09c0d43bd671848197ca46085,418645640
{app}\NPA5\SNIP\СНиП_23-05-95\СНиП 23-05-95_pril_Б.files\image021.gif,135,3777cb340a0ff1f5bac7ba8ecd01dd60f23193c0,418645825
{app}\NPA5\SNIP\СНиП_23-05-95\СНиП 23-05-95_pril_Б.files\image022.gif,147,4ba00c8e6a9ccd9dfaeb48dcb1347d9cc1080a85,418645960
{app}\NPA5\SNIP\СНиП_23-05-95\СНиП 23-05-95_pril_Б.files\image023.gif,132,8be58c2239c86918e7a71872faee319e0c48b803,418646107
{app}\NPA5\SNIP\СНиП_23-05-95\СНиП 23-05-95_pril_Б.files\image024.gif,557,e6c0bd1483c82f33c8024b0cb742114531cc2f65,418646239
{app}\NPA5\SNIP\СНиП_23-05-95\СНиП 23-05-95_pril_Б.files\image025.gif,327,7894768ccdbf2c5c1b2013fa981b13cb9f1b2277,418646796
{app}\NPA5\SNIP\СНиП_23-05-95\СНиП 23-05-95_pril_Б.files\image026.gif,119,a4d3a1ed745d694d93e10703ccf73025aaf5ad45,418647123
{app}\NPA5\SNIP\СНиП_23-05-95\СНиП 23-05-95_pril_Б.files\image027.gif,241,2322a69fa60493e77d2cfa46fc1572e15d38e88c,418647242
{app}\NPA5\SNIP\СНиП_23-05-95\СНиП 23-05-95_pril_Б.files\image028.gif,122,2b93d97b4a75e2ff105c00fd4a5d0bb25be5998f,418647483
{app}\NPA5\SNIP\СНиП_23-05-95\СНиП 23-05-95_pril_Б.files\image029.gif,128,54389639889dd01c25aa61836930d668b1bbebe7,418647605
{app}\NPA5\SNIP\СНиП_23-05-95\СНиП 23-05-95_pril_Б.files\image030.gif,442,1441aeba08a69b2a088176ad4f4ce936b0c949ef,418647733
{app}\NPA5\SNIP\СНиП_23-05-95\СНиП 23-05-95_pril_Б.files\image031.gif,146,a0242aba746913319bb581afb50ac672469895b5,418648175
{app}\NPA5\SNIP\СНиП_23-05-95\СНиП 23-05-95_pril_Б.files\image032.gif,118,ea78a42664daf74552aa09f31370c939cc0b7954,418648321
{app}\NPA5\SNIP\СНиП_23-05-95\СНиП 23-05-95_pril_Б.files\image033.gif,166,ad89edcef3bc4c3dd9a22dc0b4fbd8529a8b5676,418648439
{app}\NPA5\SNIP\СНиП_23-05-95\СНиП 23-05-95_pril_Б.files\image034.gif,168,b74185afc7494834e2f54c3ca63c27c197882bfb,418648605
{app}\NPA5\SNIP\СНиП_23-05-95\СНиП 23-05-95_pril_Б.files\image035.gif,151,fb6abd9d2e539a567c8e30e071a3cb85d9348f73,418648773
{app}\NPA5\SNIP\СНиП_23-05-95\СНиП 23-05-95_pril_Б.files\image036.gif,108,0db4945cb9073e1d9c607deda159ad13a7659132,418648924
{app}\NPA5\SNIP\СНиП_23-05-95\СНиП 23-05-95_pril_Б.files\image037.gif,131,f5ba152962b251452e8bacd1d0ddd8021edcbb1a,418649032
{app}\NPA5\SNIP\СНиП_23-05-95\СНиП 23-05-95_pril_Б.files\image038.gif,115,808b37ff64b09e67ceab350bde5dd7cbaf5b9a7b,418649163
{app}\NPA5\SNIP\СНиП_23-05-95\СНиП 23-05-95_pril_Б.files\image039.gif,150,ca2b75ee420ea767afcdb490053e62961d6e3d1f,418649278
{app}\NPA5\SNIP\СНиП_23-05-95\СНиП 23-05-95_pril_Б.files\image040.gif,236,42b398cd80e977b36b4859385b11aa61df1a234b,418649428
{app}\NPA5\SNIP\СНиП_23-05-95\СНиП 23-05-95_pril_Б.files\image041.gif,160,28fe5df984e108d77fee055d277ce7b66c636a6f,418649664
{app}\NPA5\SNIP\СНиП_23-05-95\СНиП 23-05-95_pril_Б.files\image042.gif,228,301eeb2cfdaa7de0fcf685e9fb022c243de7cd2c,418649824
{app}\NPA5\SNIP\СНиП_23-05-95\СНиП 23-05-95_pril_Б.files\image043.gif,165,1f381ef67efaaade215552578a1a97f71274d7d9,418650052
{app}\NPA5\SNIP\СНиП_23-05-95\СНиП 23-05-95_pril_Б.files\image044.gif,133,3b3a7ab04834953e794173c2336dda10e19a7fa5,418650217
{app}\NPA5\SNIP\СНиП_23-05-95\СНиП 23-05-95_pril_Б.files\image045.gif,783,b4912b9d7fbde3528c78581fefe34aa0dc533829,418650350
{app}\NPA5\SNIP\СНиП_23-05-95\СНиП 23-05-95_pril_Б.files\image046.gif,649,9d55157002bcda505d622f149df9f2370109b4ca,418651133
{app}\NPA5\SNIP\СНиП_23-05-95\СНиП 23-05-95_pril_Б.files\image047.gif,255,f514f76199f69fd475774a5ac107086370262fd0,418651782
{app}\NPA5\SNIP\СНиП_23-05-95\СНиП 23-05-95_pril_Б.files\image048.gif,117,dfd5fd5b8b20cc853ba7ced67c9a5d8611df63eb,418652037
{app}\NPA5\SNIP\СНиП_23-05-95\СНиП 23-05-95_pril_Б.files\image049.gif,137,43171e6546006c1cd95bd76dc1fb9508437215b9,418652154
{app}\NPA5\SNIP\СНиП_23-05-95\СНиП 23-05-95_pril_Б.files\image050.gif,130,f1ca87009b3dfc43c34f063765115782254b0d5e,418652291
{app}\NPA5\SNIP\СНиП_23-05-95\СНиП 23-05-95_pril_Б.files\image051.gif,133,bf1860c527dc52a30116916f2455095559164870,418652421
{app}\NPA5\SNIP\СНиП_23-05-95\СНиП 23-05-95_pril_Б.files\image052.gif,148,70fd51bcd766c44989541c37efb57caee036ebaa,418652554
{app}\NPA5\SNIP\СНиП_23-05-95\СНиП 23-05-95_pril_Б.files\image053.gif,115,6417c2ed3c3d2b0b173db84ed6e3bffcb05e6508,418652702
{app}\NPA5\SNIP\СНиП_23-05-95\СНиП 23-05-95_pril_Б.files\image054.gif,151,22407481189c75d0366c10d2f3301a28ca323507,418652817
{app}\NPA5\SNIP\СНиП_23-05-95\СНиП 23-05-95_pril_Б.files\image055.gif,128,69e2cc3192c3fbac7eb541b48c7d3e49beb59791,418652968
{app}\NPA5\SNIP\СНиП_23-05-95\СНиП 23-05-95_pril_Б.files\image056.gif,152,162dbe3dcd6e438d626bafa3f53955e16871a009,418653096
{app}\NPA5\SNIP\СНиП_23-05-95\СНиП 23-05-95_pril_Б.files\image057.gif,796,0fd1514a1437997d53a8731782cb51d76e8180c1,418653248
{app}\NPA5\SNIP\СНиП_23-05-95\СНиП 23-05-95_pril_Б.files\image058.gif,159,7a54569e354f80ee7ccd1b9895b8e34dcb781cf3,418654044
{app}\NPA5\SNIP\СНиП_23-05-95\СНиП 23-05-95_pril_Б.files\image059.gif,129,5b6b8bbc35481c8c00927920ab4d63e22258ef00,418654203
{app}\NPA5\SNIP\СНиП_23-05-95\СНиП 23-05-95_pril_Б.files\image060.gif,262,d5b4b83bba632dc40ba4010a41e5c00ca5ccb0ba,418654332
{app}\NPA5\SNIP\СНиП_23-05-95\СНиП 23-05-95_pril_Б.files\image061.gif,124,515d9977f1f16b624d16e0fdbeb785abaa1eb734,418654594
{app}\NPA5\SNIP\СНиП_23-05-95\СНиП 23-05-95_pril_Б.files\image062.gif,128,d44762f1a7c0e49a34c277a660a82e3eeb9f4ad5,418654718
{app}\NPA5\SNIP\СНиП_23-05-95\СНиП 23-05-95_pril_Б.files\image063.gif,128,298f00df1d1fddb89216adf1cff9ad16fc7c68d4,418654846
{app}\NPA5\SNIP\СНиП_23-05-95\СНиП 23-05-95_pril_Б.files\image064.gif,141,477823e4fdd53f4df2c476373738ab80e6316a32,418654974
{app}\NPA5\SNIP\СНиП_23-05-95\СНиП 23-05-95_pril_Б.files\image065.gif,129,3f4843527220daa852d5434a57ca1e9a011c8a45,418655115
{app}\NPA5\SNIP\СНиП_23-05-95\СНиП 23-05-95_pril_Б.files\image066.gif,126,faa69ced51eeac2b2d38a80fd0f4abccb4eca0f1,418655244
{app}\NPA5\SNIP\СНиП_23-05-95\СНиП 23-05-95_pril_Б.files\image067.gif,118,bc896fbe1e315755dedda48777d8ba45c9607529,418655370
{app}\NPA5\SNIP\СНиП_23-05-95\СНиП 23-05-95_pril_Б.files\image068.gif,134,421a43a55d20dcf904aad658d8cab142796209fc,418655488
{app}\NPA5\SNIP\СНиП_23-05-95\СНиП 23-05-95_pril_Б.files\image069.gif,140,c26de90e9004ede2cca62302614e5a7381110bba,418655622
{app}\NPA5\SNIP\СНиП_23-05-95\СНиП 23-05-95_pril_Б.files\image070.gif,329,3135e9d280839092a5967d425a695d8a1a918cb0,418655762
{app}\NPA5\SNIP\СНиП_23-05-95\СНиП 23-05-95_pril_Б.files\image071.gif,130,6670b2cde464a4269fc5ac58eb0be59142fbbfa1,418656091
{app}\NPA5\SNIP\СНиП_23-05-95\СНиП 23-05-95_pril_Б.files\image072.gif,128,966ff6d741417c53923dd16084650de3841b6212,418656221
{app}\NPA5\SNIP\СНиП_23-05-95\СНиП 23-05-95_pril_Б.files\image073.gif,143,8ad34b837a00e1df7aaa2a073c4d45c58b57ad02,418656349
{app}\NPA5\SNIP\СНиП_23-05-95\СНиП 23-05-95_pril_Б.files\image074.gif,137,0b400a9307f00a28de26eed3f49460fef0740c53,418656492
{app}\NPA5\SNIP\СНиП_23-05-95\СНиП 23-05-95_pril_Б.files\image075.gif,143,6c267438ee6d433f6e936216ca134acea89f2dc8,418656629
{app}\NPA5\SNIP\СНиП_23-05-95\СНиП 23-05-95_pril_Б.files\image076.gif,141,435157e17e9e3e9e977aec294eef01252249ccb0,418656772
{app}\NPA5\SNIP\СНиП_23-05-95\СНиП 23-05-95_pril_Б.files\image077.gif,591,f786b25bac4d3547e349eb936b6da68c822dda3b,418656913
{app}\NPA5\SNIP\СНиП_23-05-95\СНиП 23-05-95_pril_Б.files\image078.gif,125,de9715322818aa87ada6fd5c0f9345981e25de15,418657504
{app}\NPA5\SNIP\СНиП_23-05-95\СНиП 23-05-95_pril_Б.files\image079.gif,141,670d140047d96a6ffbef6c4a7162b4d419881556,418657629
{app}\NPA5\SNIP\СНиП_23-05-95\СНиП 23-05-95_pril_Б.files\image080.gif,125,7cded6873ab18938a5bd6dc39a6b6808a1580ee7,418657770
{app}\NPA5\SNIP\СНиП_23-05-95\СНиП 23-05-95_pril_Б.files\image081.gif,121,cf9af10006d57a37f2a4b155f272fb23730b0a46,418657895
{app}\NPA5\SNIP\СНиП_23-05-95\СНиП 23-05-95_pril_Б.files\image082.gif,154,f9a4133e9dbbdd4627e1c891e86aaf96c153e167,418658016
{app}\NPA5\SNIP\СНиП_23-05-95\СНиП 23-05-95_pril_Б.files\image083.gif,134,2f24405afd26c5943b0ada75c2d2d26824761b58,418658170
{app}\NPA5\SNIP\СНиП_23-05-95\СНиП 23-05-95_pril_Б.files\image084.gif,140,fb906ee188938836b1da7a8418f8749cd967b0e5,418658304
{app}\NPA5\SNIP\СНиП_23-05-95\СНиП 23-05-95_pril_Б.files\image085.gif,148,cbe4b29dc5951fbb7173521f1d06b440e595231e,418658444
{app}\NPA5\SNIP\СНиП_23-05-95\СНиП 23-05-95_pril_В.files\image001.gif,122,e7e1c9f4a54a1c2d381d9fe3def885d9ab1321e7,418658592
{app}\NPA5\SNIP\СНиП_23-05-95\СНиП 23-05-95_pril_В.files\image002.gif,110,7610ac5ee0711b4675b4b18b015660f386f8d394,418658714
{app}\NPA5\SNIP\СНиП_23-05-95\СНиП 23-05-95_pril_В.files\image003.gif,147,f359f37a9c9509fd5581897dd1330c2d3ee7444d,418658824
{app}\NPA5\SNIP\СНиП_23-05-95\СНиП 23-05-95_pril_В.files\image004.gif,178,10f9d58648043d0f7b32bc6992c3c557ccc059f0,418658971
{app}\NPA5\SNIP\СНиП_23-05-95\СНиП 23-05-95_pril_В.files\image005.gif,119,4098b6082577bcf44c179bf4436b99f8cc301c6a,418659149
{app}\NPA5\SNIP\СНиП_23-05-95\СНиП 23-05-95_pril_В.files\image006.gif,119,ca066e9d5f0882fa7e84101e2f790bffd742d325,418659268
{app}\NPA5\SNIP\СНиП_23-05-95\СНиП 23-05-95_pril_В.files\image007.gif,10721,e2bd3afbd90c59471d0eefdba09d6b4ffe1ec924,418659387
{app}\NPA5\SNIP\СНиП_23-05-95\СНиП 23-05-95_pril_Г.files\image001.gif,168,3f8f371f7aec6bcab7c904b11141c5ab5d31e874,418670108
{app}\NPA5\SNIP\СНиП_23-05-95\СНиП 23-05-95_pril_Г.files\image002.gif,115,a539681acaa808459e599a92213162f56238a127,418670276
{app}\NPA5\SNIP\СНиП_23-05-95\СНиП 23-05-95_pril_Г.files\image003.gif,32231,ee975c919233fef59a85523865b48cd3a4eb7e38,418670391
{app}\NPA5\SNIP\СНиП_23-05-95\СНиП 23-05-95_pril_Г.files\image004.gif,30718,428ede4160805bbb22d12be629600befb1650389,418702622
{app}\NPA5\SNIP\СНиП_23-05-95\СНиП 23-05-95_pril_Г.files\image005.gif,283,5f0156b1a934dada98c14a6dd0aa71eaa11709f7,418733340
{app}\NPA5\SNIP\СНиП_23-05-95\СНиП 23-05-95_pril_Г.files\image006.gif,111,1fc806f60ccd04341d633a7967f463df89a4dc2f,418733623
{app}\NPA5\SNIP\СНиП_23-05-95\СНиП 23-05-95_pril_Г.files\image007.gif,110,7610ac5ee0711b4675b4b18b015660f386f8d394,418733734
{app}\NPA5\SNIP\СНиП_23-05-95\СНиП 23-05-95_pril_Г.files\image008.gif,257,7463c72e712b5b23ac54581f28f1beb6769dbf0f,418733844
{app}\NPA5\SNIP\СНиП_23-05-95\СНиП 23-05-95_pril_Д.files\image001.jpg,39213,2642910d0caa2e3a4e85648b8c05db5cdf6e27e9,418734101
{app}\NPA5\SNIP\СНиП_23-05-95\СНиП 23-05-95_pril_Ж.files\image001.gif,13006,c800ca0b8249b3f2b6b621b24638c9f70cfe3cf6,418773314
{app}\NPA5\SNIP\СНиП_23-05-95\СНиП 23-05-95_pril_Ж.files\image002.gif,7608,b5f0b6df494ebc851592aa8c31e03f10fe97a063,418786320
{app}\NPA5\SNIP\СНиП_23-05-95\СНиП 23-05-95_pril_Ж.files\image003.gif,148,cbe4b29dc5951fbb7173521f1d06b440e595231e,418793928
{app}\NPA5\SNIP\СНиП_23-05-95\СНиП 23-05-95_pril_Ж.files\image004.gif,364,f5dd443df83483c61892f200dd9e09e47bf03466,418794076
{app}\NPA5\SNIP\СНиП_23-05-95\СНиП 23-05-95_pril_Ж.files\image005.gif,139,89fb65ba037744d1025936f3eb29881cf3ef707e,418794440
{app}\NPA5\SNIP\СНиП_23-05-95\СНиП 23-05-95_pril_Ж.files\image006.gif,137,b4d5d9c1cd522eaab24e23731b8a163a326a2192,418794579
{app}\NPA5\SNIP\СНиП_23-05-95\СНиП 23-05-95_pril_Ж.files\image007.gif,139,b137d3b526f9d4f6eb3b40733e7bf42f1a76994c,418794716
{app}\NPA5\SNIP\СНиП_23-05-95\СНиП 23-05-95_pril_Ж.files\image008.gif,130,7e2fb3895a2ea1476815536a55102673bae0301c,418794855
{app}\NPA5\SNIP\СНиП_23-05-95\СНиП 23-05-95_pril_Ж.files\image009.gif,128,857c7e0ecdb66d1e7a649492d7c64fe211dac9a8,418794985
{app}\NPA5\SNIP\СНиП_23-05-95\СНиП 23-05-95_pril_Ж.files\image010.gif,130,74a00dad3e75bcbc2036a05e7014869b6fba4c5f,418795113
{app}\NPA5\SNIP\СНиП_23-05-95\СНиП 23-05-95_pril_Ж.files\image011.gif,116,c4afac811222ce2f15fc57db38280ef3bfba90ae,418795243
{app}\NPA5\SNIP\СНиП_23-05-95\СНиП 23-05-95_pril_Ж.files\image012.gif,137,0b400a9307f00a28de26eed3f49460fef0740c53,418795359
{app}\NPA5\SNIP\СНиП_23-05-95\СНиП 23-05-95_pril_Ж.files\image013.gif,143,6c267438ee6d433f6e936216ca134acea89f2dc8,418795496
{app}\NPA5\SNIP\СНиП_23-05-95\СНиП 23-05-95_pril_Ж.files\image014.gif,441,9e3dcf28d8c7d7ba36afa8fc1a481b2110b8cafb,418795639
{app}\NPA5\SNIP\СНиП_23-05-95\СНиП 23-05-95_pril_Ж.files\image015.gif,122,e7e1c9f4a54a1c2d381d9fe3def885d9ab1321e7,418796080
{app}\NPA5\SNIP\СНиП_23-05-95\СНиП 23-05-95_pril_Ж.files\image016.gif,111,dcfc423fc61f107df245d56bc29efe7282f7452e,418796202
{app}\NPA5\SNIP\СНиП_23-05-95\СНиП 23-05-95_pril_Ж.files\image017.gif,19095,19963d0266f1a75a96de3c0ad9bf5e5b53ca9d18,418796313
{app}\NPA5\SNIP\СНиП_23-05-95\СНиП 23-05-95_pril_З.files\image001.gif,135,eb732bc5e3540f6b1cf357179f4f1b23d585ff3b,418815408
{app}\NPA5\SNIP\СНиП_23-05-95\СНиП 23-05-95_pril_З.files\image002.gif,134,2f24405afd26c5943b0ada75c2d2d26824761b58,418815543
{app}\NPA5\SNIP\СНиП_23-05-95\СНиП 23-05-95_pril_И.files\image001.gif,135,eb732bc5e3540f6b1cf357179f4f1b23d585ff3b,418815677
{app}\NPA5\SNIP\СНиП_23-05-95\СНиП 23-05-95_pril_И.files\image002.gif,134,2f24405afd26c5943b0ada75c2d2d26824761b58,418815812
{app}\NPA5\SNIP\СНиП_23-05-95\СНиП 23-05-95_pril_К.files\image001.gif,128,4543ac1fee1785b6a6796acb015dde8e179b81da,418815946
{app}\NPA5\SNIP\СНиП_23-05-95\СНиП 23-05-95_pril_К.files\image002.gif,115,7cd11066e6700e61d4e04289d1b33f34c3357e6c,418816074
{app}\NPA5\SNIP\СНиП_23-05-95\СНиП 23-05-95_pril_К.files\image003.gif,111,687611e2565cd1c65f5483a9f6554033f16e1d5e,418816189
{app}\NPA5\SNIP\СНиП_23-05-95\СНиП 23-05-95_pril_К.files\image004.gif,116,c4afac811222ce2f15fc57db38280ef3bfba90ae,418816300
{app}\NPA5\SNIP\СНИП_23-05-95-2017\СП 52.13330.2016-0.htm,690325,ab77f8ac5e71a97a19d9104acf68a7a70c425fd8,418816416
{app}\NPA5\SNIP\СНИП_23-05-95-2017\СП 52.13330.2016-pr.htm,1472502,6d2316ad7621ecbf802b752cf209c4348405f235,419506741
{app}\NPA5\SNIP\СНИП_23-05-95-2017\СП 52.13330.2016-0.files\image001.gif,139,524de4e586b350ad68b84accd9448de0090d23b5,420979243
{app}\NPA5\SNIP\СНИП_23-05-95-2017\СП 52.13330.2016-0.files\image002.gif,251,f1301de4f79339285d2210d9fa62312dd2bfb2f5,420979382
{app}\NPA5\SNIP\СНИП_23-05-95-2017\СП 52.13330.2016-0.files\image003.gif,329,6beba9af6f7b421d7dce9b2b96853d0613190893,420979633
{app}\NPA5\SNIP\СНИП_23-05-95-2017\СП 52.13330.2016-0.files\image004.gif,1564,bd4d0d461322062685bdf326959cbefed0858f52,420979962
{app}\NPA5\SNIP\СНИП_23-05-95-2017\СП 52.13330.2016-0.files\image005.gif,204,fbabccc4e403aca7bae93a372bcd5ec9832ac007,420981526
{app}\NPA5\SNIP\СНИП_23-05-95-2017\СП 52.13330.2016-0.files\image006.gif,436,135ea3994a20f9f6a6bebdde9f3fe4070ce8568a,420981730
{app}\NPA5\SNIP\СНИП_23-05-95-2017\СП 52.13330.2016-0.files\image007.gif,349,fcf8ebc03b2ca4bb837d4a0c2fbe9257dfdecce4,420982166
{app}\NPA5\SNIP\СНИП_23-05-95-2017\СП 52.13330.2016-0.files\image008.gif,295,7949c5b7b7198cb013310159fd322a38a1bbb357,420982515
{app}\NPA5\SNIP\СНИП_23-05-95-2017\СП 52.13330.2016-0.files\image009.gif,245,02b1d98baadad20efab4a1e5e7fb997d420e2766,420982810
{app}\NPA5\SNIP\СНИП_23-05-95-2017\СП 52.13330.2016-0.files\image010.gif,960,503db5d354de0dc52149168b0a47e7ee05e0b443,420983055
{app}\NPA5\SNIP\СНИП_23-05-95-2017\СП 52.13330.2016-0.files\image011.gif,433,7f5364ac04a303e4f31c247d560d6028e0fc40e4,420984015
{app}\NPA5\SNIP\СНИП_23-05-95-2017\СП 52.13330.2016-0.files\image012.gif,406,88531c76326ab18573df59ffeb196661e4e8cc2a,420984448
{app}\NPA5\SNIP\СНИП_23-05-95-2017\СП 52.13330.2016-0.files\image013.gif,281,6b8da442599f4db9a7c65b9120c40afda8d02cf9,420984854
{app}\NPA5\SNIP\СНИП_23-05-95-2017\СП 52.13330.2016-0.files\image014.gif,378,38db54f0c97dd2c4b0b7ff09c36bc6576d9da9e7,420985135
{app}\NPA5\SNIP\СНИП_23-05-95-2017\СП 52.13330.2016-0.files\image015.gif,266,e26f44add03126aca45ecaa219b9d7ac1a668b61,420985513
{app}\NPA5\SNIP\СНИП_23-05-95-2017\СП 52.13330.2016-0.files\image016.gif,1235,4f67506e88bbc8d9c081e1b8e986d10d13933994,420985779
{app}\NPA5\SNIP\СНИП_23-05-95-2017\СП 52.13330.2016-0.files\image017.gif,360,5415b23d4a8e009aad308ea009fba11b67a2ff94,420987014
{app}\NPA5\SNIP\СНИП_23-05-95-2017\СП 52.13330.2016-0.files\image018.gif,794,dee2da963c60e36a2ea82d8af15a63fa4970a297,420987374
{app}\NPA5\SNIP\СНИП_23-05-95-2017\СП 52.13330.2016-0.files\image019.gif,466,380e3b8a5d646795150bbe6f70581394132827ec,420988168
{app}\NPA5\SNIP\СНИП_23-05-95-2017\СП 52.13330.2016-0.files\image020.gif,801,45a9287867b63c95245bd76e0d9b3aee1da56964,420988634
{app}\NPA5\SNIP\СНИП_23-05-95-2017\СП 52.13330.2016-0.files\image021.gif,407,7ccacdfeec5f6bbb87453713c6e64b86dcc0c631,420989435
{app}\NPA5\SNIP\СНИП_23-05-95-2017\СП 52.13330.2016-0.files\image022.gif,206,3eebc329f10490ad14bfb5361c89101c5ffd016d,420989842
{app}\NPA5\SNIP\СНИП_23-05-95-2017\СП 52.13330.2016-0.files\image023.gif,258,81cde82b3edf9703f95a52c06b60d0e0471a832f,420990048
{app}\NPA5\SNIP\СНИП_23-05-95-2017\СП 52.13330.2016-0.files\image024.gif,711,801a519c120eff78b3a8bf14cd0bd083a6365484,420990306
{app}\NPA5\SNIP\СНИП_23-05-95-2017\СП 52.13330.2016-0.files\image025.gif,241,d7cad4df72bad9a741db3e5413f04134fa92777b,420991017
{app}\NPA5\SNIP\СНИП_23-05-95-2017\СП 52.13330.2016-0.files\image026.gif,150,2784429941074528365b6ec1f651b21d368fdc4f,420991258
{app}\NPA5\SNIP\СНИП_23-05-95-2017\СП 52.13330.2016-0.files\image027.jpg,22928,c25544466939171178e9f9dbeae4457361f4e467,420991408
{app}\NPA5\SNIP\СНИП_23-05-95-2017\СП 52.13330.2016-0.files\image028.gif,663,4f2f0633aa9655fe87d5a69ee28287f310eaf0d3,421014336
{app}\NPA5\SNIP\СНИП_23-05-95-2017\СП 52.13330.2016-0.files\image029.gif,423,9f5e987d0127135d02deef7ebce4cd19bf6a5f66,421014999
{app}\NPA5\SNIP\СНИП_23-05-95-2017\СП 52.13330.2016-0.files\image030.gif,423,33ea506dee28a3979eeaa45e2bcd9389bfca301e,421015422
{app}\NPA5\SNIP\СНИП_23-05-95-2017\СП 52.13330.2016-0.files\image031.gif,250,9c937c4dd6779d876a389676592718ee84610ad9,421015845
{app}\NPA5\SNIP\СНИП_23-05-95-2017\СП 52.13330.2016-0.files\image032.gif,666,5054f0483c71138c76c41744bad219db07abfa21,421016095
{app}\NPA5\SNIP\СНИП_23-05-95-2017\СП 52.13330.2016-0.files\image033.gif,946,c7541b3e9d2904b25a8bea646d0f2830e613c344,421016761
{app}\NPA5\SNIP\СНИП_23-05-95-2017\СП 52.13330.2016-0.files\image034.gif,441,1638aabd826bc54f480600184b8c4d2ab410043d,421017707
{app}\NPA5\SNIP\СНИП_23-05-95-2017\СП 52.13330.2016-0.files\image035.gif,459,679f6239032af26499a9b9d060e3d11d631265d7,421018148
{app}\NPA5\SNIP\СНИП_23-05-95-2017\СП 52.13330.2016-0.files\image036.gif,452,21e7139ba77fbe8143dc8155ddc2e5bf1d923a82,421018607
{app}\NPA5\SNIP\СНИП_23-05-95-2017\СП 52.13330.2016-0.files\image037.gif,1504,25cdeea5b80077ab72545963315d54d91047d7af,421019059
{app}\NPA5\SNIP\СНИП_23-05-95-2017\СП 52.13330.2016-0.files\image038.gif,544,cf6e9e91a81a61cca9c48e125486a8a85f3a1d6a,421020563
{app}\NPA5\SNIP\СНИП_23-05-95-2017\СП 52.13330.2016-0.files\image039.gif,460,25262c277816171c212cfb269c9f18482ed27b02,421021107
{app}\NPA5\SNIP\СНИП_23-05-95-2017\СП 52.13330.2016-0.files\image040.gif,264,4640d278d3167884056828fe4db666b8a862b7bf,421021567
{app}\NPA5\SNIP\СНИП_23-05-95-2017\СП 52.13330.2016-0.files\image041.gif,629,75ec823c692952b75469182479e43adf3537ceb2,421021831
{app}\NPA5\SNIP\СНИП_23-05-95-2017\СП 52.13330.2016-0.files\image042.gif,2011,d4484d290dfefd8973e993f42f2eb73c075a3df2,421022460
{app}\NPA5\SNIP\СНИП_23-05-95-2017\СП 52.13330.2016-0.files\image043.gif,225,3e5ec8af1768bbb0583ba1c6766a9893d333e5c7,421024471
{app}\NPA5\SNIP\СНИП_23-05-95-2017\СП 52.13330.2016-0.files\image044.gif,237,98096aa94f4c6842376dc47c6407d7972c835184,421024696
{app}\NPA5\SNIP\СНИП_23-05-95-2017\СП 52.13330.2016-0.files\image045.gif,232,6f1782271fe7ed4240f4e7ea0adf0cd8ce460865,421024933
{app}\NPA5\SNIP\СНИП_23-05-95-2017\СП 52.13330.2016-0.files\image046.gif,235,debafeb52f4543a92a70340f9ddc9b3980040179,421025165
{app}\NPA5\SNIP\СНИП_23-05-95-2017\СП 52.13330.2016-0.files\image047.gif,359,948869777d69fcae9ecd334113bf5abc58b85c36,421025400
{app}\NPA5\SNIP\СНИП_23-05-95-2017\СП 52.13330.2016-0.files\image048.gif,448,091c5b5a1f500753a88de81f18d3dc398f54a6dc,421025759
{app}\NPA5\SNIP\СНИП_23-05-95-2017\СП 52.13330.2016-0.files\image049.gif,264,af16f120c329bda17b85fb6b84e61bf5b3ff7d3e,421026207
{app}\NPA5\SNIP\СНИП_23-05-95-2017\СП 52.13330.2016-0.files\image050.gif,639,7fea581a1f88df4e541e6d9a4a70ba5b884a6a93,421026471
{app}\NPA5\SNIP\СНИП_23-05-95-2017\СП 52.13330.2016-0.files\image051.gif,246,fcd3ef250a24dd3f3a0b5985c2e438351f1489c6,421027110
{app}\NPA5\SNIP\СНИП_23-05-95-2017\СП 52.13330.2016-0.files\image052.gif,361,d2bd7f2cf412bf90ea77b544a241596762a68c8a,421027356
{app}\NPA5\SNIP\СНИП_23-05-95-2017\СП 52.13330.2016-0.files\image053.gif,266,25c946d6186d10f84c793cbfa437a71683fe3795,421027717
{app}\NPA5\SNIP\СНИП_23-05-95-2017\СП 52.13330.2016-0.files\image054.gif,252,c8dba14bb9686676d8c0c9bb194b5f060d03e380,421027983
{app}\NPA5\SNIP\СНИП_23-05-95-2017\СП 52.13330.2016-0.files\image055.gif,1306,7c60176c34fde30e132f094f1036b499e52be0b7,421028235
{app}\NPA5\SNIP\СНИП_23-05-95-2017\СП 52.13330.2016-0.files\image056.gif,267,4790b23b204ed485ac70f59cc6a11f885f78a298,421029541
{app}\NPA5\SNIP\СНИП_23-05-95-2017\СП 52.13330.2016-0.files\image057.gif,323,34009e0eda25e4a71ba2f7fadd6b0ba50bf53c87,421029808
{app}\NPA5\SNIP\СНИП_23-05-95-2017\СП 52.13330.2016-0.files\image058.gif,329,53a1ca2890cf19c2f9ce5f0beef5ad3d5fa355c1,421030131
{app}\NPA5\SNIP\СНИП_23-05-95-2017\СП 52.13330.2016-0.files\image059.gif,386,ebde54e0f48db12634c60ecac9116658673c58a9,421030460
{app}\NPA5\SNIP\СНИП_23-05-95-2017\СП 52.13330.2016-0.files\image060.gif,231,32f9d7626a84979872f9f18e8e4c28fe2ef2b3fc,421030846
{app}\NPA5\SNIP\СНИП_23-05-95-2017\СП 52.13330.2016-0.files\image061.gif,532,8cc2fb94c2a9b9e047341104837d8ad35a58a411,421031077
{app}\NPA5\SNIP\СНИП_23-05-95-2017\СП 52.13330.2016-0.files\image062.gif,267,329831f4af07ef200ea10d6e5a4505559aad3463,421031609
{app}\NPA5\SNIP\СНИП_23-05-95-2017\СП 52.13330.2016-0.files\image063.gif,1099,8bb41d6e1a3dec54ab3201bb148ed3cd858228af,421031876
{app}\NPA5\SNIP\СНИП_23-05-95-2017\СП 52.13330.2016-0.files\image064.gif,245,429e6f78ba8e7d664a3035f380a03c4856cfb6c4,421032975
{app}\NPA5\SNIP\СНИП_23-05-95-2017\СП 52.13330.2016-0.files\image065.gif,387,14c2ab8cc99a7390043b42d04be4134e176dbb5e,421033220
{app}\NPA5\SNIP\СНИП_23-05-95-2017\СП 52.13330.2016-0.files\image066.gif,415,c2ec642c86411d0ab67f0d39abd5f89a84019bf1,421033607
{app}\NPA5\SNIP\СНИП_23-05-95-2017\СП 52.13330.2016-0.files\image067.gif,633,4ab73732dadd08bb2ecc55e674481f51d6bbde98,421034022
{app}\NPA5\SNIP\СНИП_23-05-95-2017\СП 52.13330.2016-0.files\image068.gif,1045,1bc0b44a8721a209be0cd45f884c064d324ae114,421034655
{app}\NPA5\SNIP\СНИП_23-05-95-2017\СП 52.13330.2016-0.files\image069.gif,236,2358eee22a2d97cdfb99467c7a8d31a8b09f2461,421035700
{app}\NPA5\SNIP\СНИП_23-05-95-2017\СП 52.13330.2016-0.files\image070.gif,2428,bef4098dd5d73237955b5b5b8035000e91aac1c7,421035936
{app}\NPA5\SNIP\СНИП_23-05-95-2017\СП 52.13330.2016-0.files\image071.gif,1614,d4190eab994adb0abf0baea52177ef45f27ed537,421038364
{app}\NPA5\SNIP\СНИП_23-05-95-2017\СП 52.13330.2016-0.files\image072.gif,584,2fff463f710a773648d023492a2279116c0995a7,421039978
{app}\NPA5\SNIP\СНИП_23-05-95-2017\СП 52.13330.2016-0.files\image073.gif,244,26569519ce7ff1b81a67c9bee0408ee6980aefa8,421040562
{app}\NPA5\SNIP\СНИП_23-05-95-2017\СП 52.13330.2016-0.files\image074.gif,226,0d3ad892a6507a1e3e4a11b069868577a3e40482,421040806
{app}\NPA5\SNIP\СНИП_23-05-95-2017\СП 52.13330.2016-0.files\image075.gif,281,3eb14901d3fe0a8c0c3cae95c8c0e299f595ac29,421041032
{app}\NPA5\SNIP\СНИП_23-05-95-2017\СП 52.13330.2016-0.files\image076.gif,285,adf7cba926443eed5769f63226a3c3599e0ec837,421041313
{app}\NPA5\SNIP\СНИП_23-05-95-2017\СП 52.13330.2016-0.files\image077.gif,223,172f37b5bedb8d7df711b82e9c06c1b7ed9e653c,421041598
{app}\NPA5\SNIP\СНИП_23-05-95-2017\СП 52.13330.2016-0.files\image078.gif,408,15eaab71847f3303952ef7ec1907de7738e3744c,421041821
{app}\NPA5\SNIP\СНИП_23-05-95-2017\СП 52.13330.2016-0.files\image079.gif,1980,c4971a83ddf8247dd358d402477350b58e415172,421042229
{app}\NPA5\SNIP\СНИП_23-05-95-2017\СП 52.13330.2016-0.files\image080.gif,396,5ecc8a4bd28f3251d315ba05ad457db12e313d32,421044209
{app}\NPA5\SNIP\СНИП_23-05-95-2017\СП 52.13330.2016-0.files\image081.gif,231,c978c3e80953ffaa4e56db4c095710dffee0c30f,421044605
{app}\NPA5\SNIP\СНИП_23-05-95-2017\СП 52.13330.2016-0.files\image082.gif,575,1f5399cedf5cb76f3d89e0fc0db0d670911b492d,421044836
{app}\NPA5\SNIP\СНИП_23-05-95-2017\СП 52.13330.2016-0.files\image083.gif,215,8bb30f841c80ad953964b8035cee0ba69b8943cb,421045411
{app}\NPA5\SNIP\СНИП_23-05-95-2017\СП 52.13330.2016-0.files\image084.gif,227,caa866053b6a8ba131e9dfdde945dbf8d9b2deec,421045626
{app}\NPA5\SNIP\СНИП_23-05-95-2017\СП 52.13330.2016-0.files\image085.gif,227,be1b26e878514750d29ffb3a322328dca36b3861,421045853
{app}\NPA5\SNIP\СНИП_23-05-95-2017\СП 52.13330.2016-0.files\image086.gif,271,5646f02250e2e880f4a20723f018f6555462ed59,421046080
{app}\NPA5\SNIP\СНИП_23-05-95-2017\СП 52.13330.2016-0.files\image087.gif,223,5ebc6f0d3750d3c5d3e85be4b26701396fdc6d8d,421046351
{app}\NPA5\SNIP\СНИП_23-05-95-2017\СП 52.13330.2016-0.files\image088.gif,227,b8338b78848ea00d3c7bab8119fb4b9c577d492a,421046574
{app}\NPA5\SNIP\СНИП_23-05-95-2017\СП 52.13330.2016-0.files\image089.gif,236,ce43ddac8c588addfee6c3f13c7b2a32f4bf03aa,421046801
{app}\NPA5\SNIP\СНИП_23-05-95-2017\СП 52.13330.2016-0.files\image090.gif,256,cad847a9504a76cdcbdd502b380882944913ddb0,421047037
{app}\NPA5\SNIP\СНИП_23-05-95-2017\СП 52.13330.2016-0.files\image091.gif,835,0889f89c9b4730e012a1f0832d4e7217eca838f6,421047293
{app}\NPA5\SNIP\СНИП_23-05-95-2017\СП 52.13330.2016-0.files\image092.gif,223,35db4d96ad11cadda2af5912158ac49fe216d011,421048128
{app}\NPA5\SNIP\СНИП_23-05-95-2017\СП 52.13330.2016-0.files\image093.gif,257,5fc3c30ffdc8d8d71f7ac0f723e4e4140a228e80,421048351
{app}\NPA5\SNIP\СНИП_23-05-95-2017\СП 52.13330.2016-0.files\image094.gif,257,7b19241c2739d0ade6fad64d7b48c7d4b570f947,421048608
{app}\NPA5\SNIP\СНИП_23-05-95-2017\СП 52.13330.2016-0.files\image095.gif,1416,1a3a7f8cf486b5f9929d57dbecd3b214285a6e16,421048865
{app}\NPA5\SNIP\СНИП_23-05-95-2017\СП 52.13330.2016-0.files\image096.gif,219,3671f56b4a4f8253cf36c7039b89da5efa223bf0,421050281
{app}\NPA5\SNIP\СНИП_23-05-95-2017\СП 52.13330.2016-0.files\image097.gif,250,642ad2035685a544719979ce12d848e6f7c84182,421050500
{app}\NPA5\SNIP\СНИП_23-05-95-2017\СП 52.13330.2016-0.files\image098.gif,355,774f552d0d00a71682ac4c8d8231206cf5e28011,421050750
{app}\NPA5\SNIP\СНИП_23-05-95-2017\СП 52.13330.2016-0.files\image099.gif,370,c61a170655f5606a4a03608618016b91a8908cf1,421051105
{app}\NPA5\SNIP\СНИП_23-05-95-2017\СП 52.13330.2016-0.files\image100.gif,464,51bc31e0c24b1692f9f101c21eb3f85f22973737,421051475
{app}\NPA5\SNIP\СНИП_23-05-95-2017\СП 52.13330.2016-0.files\image101.gif,210,a43d0ae6297f8c5eb1dd1c8ddc2d444e2d886483,421051939
{app}\NPA5\SNIP\СНИП_23-05-95-2017\СП 52.13330.2016-0.files\image102.gif,465,03e63044e45726ed28e9a1f2f56180ed86efc51e,421052149
{app}\NPA5\SNIP\СНИП_23-05-95-2017\СП 52.13330.2016-0.files\image103.gif,241,6557a3ca2caa40334f38f5fd265703b383230c7c,421052614
{app}\NPA5\SNIP\СНИП_23-05-95-2017\СП 52.13330.2016-0.files\image104.gif,249,38fa3c76e5dc705cd3742ade7887e5a97b582242,421052855
{app}\NPA5\SNIP\СНИП_23-05-95-2017\СП 52.13330.2016-0.files\image105.gif,411,718ca4442ef6f948cb7a26f3d7d7b2e95462e2c0,421053104
{app}\NPA5\SNIP\СНИП_23-05-95-2017\СП 52.13330.2016-0.files\image106.gif,273,3282f688e104224ceae8c2d249cb7e29a846c880,421053515
{app}\NPA5\SNIP\СНИП_23-05-95-2017\СП 52.13330.2016-0.files\image107.gif,883,1bf53114c27265cde568187c9c3e9368b75d78de,421053788
{app}\NPA5\SNIP\СНИП_23-05-95-2017\СП 52.13330.2016-0.files\image108.gif,371,54231465e07ede2fca0027d1d7d644b86e82a9c5,421054671
{app}\NPA5\SNIP\СНИП_23-05-95-2017\СП 52.13330.2016-0.files\image109.gif,208,860ec9710d180ebaae277ab324ba82c1fc18390f,421055042
{app}\NPA5\SNIP\СНИП_23-05-95-2017\СП 52.13330.2016-0.files\image110.gif,235,80827693c2f78310eb220720958d4027629114d8,421055250
{app}\NPA5\SNIP\СНИП_23-05-95-2017\СП 52.13330.2016-0.files\image111.gif,407,2692f4ea0385d96fb8a379085b486cb455ba3483,421055485
{app}\NPA5\SNIP\СНИП_23-05-95-2017\СП 52.13330.2016-0.files\image112.gif,235,fa846517f19d3f222645eb30d5c5ab76ac20af6e,421055892
{app}\NPA5\SNIP\СНИП_23-05-95-2017\СП 52.13330.2016-0.files\image113.gif,220,3f2a3425870e87884f1a4028b7e7892ac533c4c7,421056127
{app}\NPA5\SNIP\СНИП_23-05-95-2017\СП 52.13330.2016-0.files\image114.gif,321,0e0ec159a97ac7cc133cfe7f7d483fb2e182bb0c,421056347
{app}\NPA5\SNIP\СНИП_23-05-95-2017\СП 52.13330.2016-0.files\image115.gif,344,b168dfa04f0719341e1719a3ad031d6c47fd3384,421056668
{app}\NPA5\SNIP\СНИП_23-05-95-2017\СП 52.13330.2016-0.files\image116.gif,250,f42dc5380a97dd212148c4d30f724a06042b4b9b,421057012
{app}\NPA5\SNIP\СНИП_23-05-95-2017\СП 52.13330.2016-0.files\image117.gif,260,175c45ed168ad422715cac4cb36d91250bfc8b2b,421057262
{app}\NPA5\SNIP\СНИП_23-05-95-2017\СП 52.13330.2016-0.files\image118.gif,250,a3c7e9f0c8eadacac74ce40fec8940b6377c7fcb,421057522
{app}\NPA5\SNIP\СНИП_23-05-95-2017\СП 52.13330.2016-0.files\image119.gif,1586,efc238c8bab9f0134b8541da3343eddef081c754,421057772
{app}\NPA5\SNIP\СНИП_23-05-95-2017\СП 52.13330.2016-0.files\image120.gif,394,dab2e65fe57321c19d0a5a446869b5f2cafba00f,421059358
{app}\NPA5\SNIP\СНИП_23-05-95-2017\СП 52.13330.2016-0.files\image121.gif,405,56a2188a2a9bb516f33065cc2a40428162051551,421059752
{app}\NPA5\SNIP\СНИП_23-05-95-2017\СП 52.13330.2016-0.files\image122.gif,375,53fdf82236cb029c75fe19c10eda244776dbf79d,421060157
{app}\NPA5\SNIP\СНИП_23-05-95-2017\СП 52.13330.2016-0.files\image123.gif,250,c372d27c8b547fc4888a66e1bb6abb9efac85879,421060532
{app}\NPA5\SNIP\СНИП_23-05-95-2017\СП 52.13330.2016-0.files\image124.gif,336,f77b08d5b101a1f6e5cf48ec735b63d15663291a,421060782
{app}\NPA5\SNIP\СНИП_23-05-95-2017\СП 52.13330.2016-0.files\image125.gif,420,0c3366b9b9280b1c80cc9a5578d05f26e88c40e0,421061118
{app}\NPA5\SNIP\СНИП_23-05-95-2017\СП 52.13330.2016-0.files\image126.gif,416,8f95aa2266d2fe49961c75c5523f8717f3345aa3,421061538
{app}\NPA5\SNIP\СНИП_23-05-95-2017\СП 52.13330.2016-0.files\image127.gif,413,cc3f03fde1e870fb2298eebd0a8111cf37ca9d44,421061954
{app}\NPA5\SNIP\СНИП_23-05-95-2017\СП 52.13330.2016-0.files\image128.gif,419,65af33667b8ce04427a2498b9dfb0916e9e904e6,421062367
{app}\NPA5\SNIP\СНИП_23-05-95-2017\СП 52.13330.2016-0.files\image129.gif,412,790b80c4b977bad62bf70e7b877794e2841addea,421062786
{app}\NPA5\SNIP\СНИП_23-05-95-2017\СП 52.13330.2016-0.files\image130.gif,675,dd3cedc17b67ab86576a3da4285d0e3f7fb59905,421063198
{app}\NPA5\SNIP\СНИП_23-05-95-2017\СП 52.13330.2016-0.files\image131.gif,413,911ab4a712f7b93a1185a06c45ec500c1d04c13f,421063873
{app}\NPA5\SNIP\СНИП_23-05-95-2017\СП 52.13330.2016-0.files\image132.gif,330,bb5b36ab2c6c675204e232aac09bda4ec6cc2792,421064286
{app}\NPA5\SNIP\СНИП_23-05-95-2017\СП 52.13330.2016-0.files\image133.gif,414,12232c7b8addcccb4ae01ca2bed34b531ef9ff67,421064616
{app}\NPA5\SNIP\СНИП_23-05-95-2017\СП 52.13330.2016-0.files\image134.gif,236,977e7c3576c9b1d8b4bb375be74d6a127c2c60a3,421065030
{app}\NPA5\SNIP\СНИП_23-05-95-2017\СП 52.13330.2016-0.files\image135.gif,241,8860156af7e95cc32bb7633120e4a4edcfe81a9a,421065266
{app}\NPA5\SNIP\СНИП_23-05-95-2017\СП 52.13330.2016-0.files\image136.gif,238,b250235d35d63e4065f205682eafb6a3b75736ca,421065507
{app}\NPA5\SNIP\СНИП_23-05-95-2017\СП 52.13330.2016-0.files\image137.gif,413,991bccb64a73769678b4b0e3aed80c38216a909e,421065745
{app}\NPA5\SNIP\СНИП_23-05-95-2017\СП 52.13330.2016-0.files\image138.gif,468,449abb2b414e8f15801fea2266c3c8ecc99825f1,421066158
{app}\NPA5\SNIP\СНИП_23-05-95-2017\СП 52.13330.2016-0.files\image139.gif,265,a1d8bc394a33e208ad0a74de492b4003d502e5c4,421066626
{app}\NPA5\SNIP\СНИП_23-05-95-2017\СП 52.13330.2016-0.files\image140.gif,369,b02f965863ed967c03b3120bb955a551a5af3a32,421066891
{app}\NPA5\SNIP\СНИП_23-05-95-2017\СП 52.13330.2016-0.files\image141.gif,301,b4ea9d202464eea903982e2dea75ec4445372d1b,421067260
{app}\NPA5\SNIP\СНИП_23-05-95-2017\СП 52.13330.2016-0.files\image142.gif,235,61c608fd6c234c8364af3442fa18f4731c35f1e9,421067561
{app}\NPA5\SNIP\СНИП_23-05-95-2017\СП 52.13330.2016-0.files\image143.gif,222,5a34907d5da455f892e52c6355b8f75c21982e5c,421067796
{app}\NPA5\SNIP\СНИП_23-05-95-2017\СП 52.13330.2016-0.files\image144.gif,241,89f529dad9e5c1f512a6b1e567b531bd71ef01b7,421068018
{app}\NPA5\SNIP\СНИП_23-05-95-2017\СП 52.13330.2016-0.files\image145.gif,234,c0529bc0a35260967aed25a69386981fbb7b0574,421068259
{app}\NPA5\SNIP\СНИП_23-05-95-2017\СП 52.13330.2016-0.files\image146.gif,241,e7fc3cc36cc68277e5782d2ebf9badacb8f49482,421068493
{app}\NPA5\SNIP\СНИП_23-05-95-2017\СП 52.13330.2016-0.files\image147.gif,514,61cba406e895d790a7300e2b32c2a8b110d31f6e,421068734
{app}\NPA5\SNIP\СНИП_23-05-95-2017\СП 52.13330.2016-0.files\image148.gif,255,e8a891c298f2c0785e1b680bbf216df5399a2c81,421069248
{app}\NPA5\SNIP\СНИП_23-05-95-2017\СП 52.13330.2016-0.files\image149.gif,492,11cc62fedaa9a4d623dee102ba7779322a4b95ab,421069503
{app}\NPA5\SNIP\СНИП_23-05-95-2017\СП 52.13330.2016-0.files\image150.gif,430,5086744642ffac7740af12c8ac667d2ad4b20e1c,421069995
{app}\NPA5\SNIP\СНИП_23-05-95-2017\СП 52.13330.2016-0.files\image151.gif,549,668db3010ae55685a666cc632cbd63ea95704b36,421070425
{app}\NPA5\SNIP\СНИП_23-05-95-2017\СП 52.13330.2016-0.files\image152.gif,467,15c900ee29f3d84d9853190a3f39fbe49134cd90,421070974
{app}\NPA5\SNIP\СНИП_23-05-95-2017\СП 52.13330.2016-0.files\image153.gif,362,b08a24ef5035557e3c7d151c5633f7353f691b74,421071441
{app}\NPA5\SNIP\СНИП_23-05-95-2017\СП 52.13330.2016-0.files\image154.gif,234,18c9df2179bdf7fab91e5b5824fea9a1b61c5598,421071803
{app}\NPA5\SNIP\СНИП_23-05-95-2017\СП 52.13330.2016-0.files\image155.gif,249,e1960b250aff0b02f7901f5ccaf53d420198a2b0,421072037
{app}\NPA5\SNIP\СНИП_23-05-95-2017\СП 52.13330.2016-0.files\image156.gif,253,dd2e87966ebd43511cc2e869c19d12dd1f61f29a,421072286
{app}\NPA5\SNIP\СНИП_23-05-95-2017\СП 52.13330.2016-0.files\image157.gif,223,5a56d7b4a72cb06a283a779a87020cbf380e16ff,421072539
{app}\NPA5\SNIP\СНИП_23-05-95-2017\СП 52.13330.2016-0.files\image158.gif,230,8079aa74f2cda26c18b1e7a55c5465e49d59efc0,421072762
{app}\NPA5\SNIP\СНИП_23-05-95-2017\СП 52.13330.2016-0.files\image159.gif,525,25634da53030c1d7294536e8a3773fa4eec05bde,421072992
{app}\NPA5\SNIP\СНИП_23-05-95-2017\СП 52.13330.2016-0.files\image160.gif,269,cfe8bc1685133e188167807bd2f46db942194aff,421073517
{app}\NPA5\SNIP\СНИП_23-05-95-2017\СП 52.13330.2016-0.files\image161.gif,246,87f5e989810502c9c686ac68da747c32968670af,421073786
{app}\NPA5\SNIP\СНИП_23-05-95-2017\СП 52.13330.2016-0.files\image162.gif,225,48c64ff3ac890307aa049e06d478a229b2f2a8af,421074032
{app}\NPA5\SNIP\СНИП_23-05-95-2017\СП 52.13330.2016-0.files\image163.gif,226,b9c66efd1fd85cdf68074d1c8af88ba644eebb8c,421074257
{app}\NPA5\SNIP\СНИП_23-05-95-2017\СП 52.13330.2016-0.files\image164.gif,212,5b895e826cae6a60ff157cf776fbaf135fe7acf1,421074483
{app}\NPA5\SNIP\СНИП_23-05-95-2017\СП 52.13330.2016-0.files\image165.gif,329,15e0a7e7698f0a284d2b79b359879984e8ca8a30,421074695
{app}\NPA5\SNIP\СНИП_23-05-95-2017\СП 52.13330.2016-0.files\image166.gif,224,98a8ad626234ed9949e8b93eb62b0edac1b63af9,421075024
{app}\NPA5\SNIP\СНИП_23-05-95-2017\СП 52.13330.2016-0.files\image167.gif,367,7ce753203f230e3e81b571aedea1a442b586a5e0,421075248
{app}\NPA5\SNIP\СНИП_23-05-95-2017\СП 52.13330.2016-0.files\image168.gif,257,36f58536f2be391414e44f6a63a9883ce5e2d7f1,421075615
{app}\NPA5\SNIP\СНИП_23-05-95-2017\СП 52.13330.2016-0.files\image169.gif,419,df5f81bc150e16f1d005b1eea6b407179045df86,421075872
{app}\NPA5\SNIP\СНИП_23-05-95-2017\СП 52.13330.2016-0.files\image170.gif,437,9689c573e5c158a86bde85baa415a4b5af7c52a7,421076291
{app}\NPA5\SNIP\СНИП_23-05-95-2017\СП 52.13330.2016-0.files\image171.gif,453,dbbdd9ea4b96ebfe0886b680689011048a762136,421076728
{app}\NPA5\SNIP\СНИП_23-05-95-2017\СП 52.13330.2016-0.files\image172.jpg,21943,26406a401d6f36900fc40223bfc304c1b44afbc2,421077181
{app}\NPA5\SNIP\СНИП_23-05-95-2017\СП 52.13330.2016-0.files\image173.gif,230,6217f4122396a2760926efcdb9b3966d1878caed,421099124
{app}\NPA5\SNIP\СНИП_23-05-95-2017\СП 52.13330.2016-0.files\image174.gif,498,7d960314ef738209619a152da0d93b7ed01d9983,421099354
{app}\NPA5\SNIP\СНИП_23-05-95-2017\СП 52.13330.2016-0.files\image175.jpg,22124,eae05fe649b0c37be8aec27d180992bf0660e6bb,421099852
{app}\NPA5\SNIP\СНИП_23-05-95-2017\СП 52.13330.2016-0.files\image176.jpg,21344,623e008e24da8ddfea865148a6d2d3bdc6d829b7,421121976
{app}\NPA5\SNIP\СНИП_23-05-95-2017\СП 52.13330.2016-pr.files\image001.gif,733,63ed5b76aab4c64f52255cea5da4204725b0c4b3,421143320
{app}\NPA5\SNIP\СНИП_23-05-95-2017\СП 52.13330.2016-pr.files\image002.gif,658,bc31836200ca4db9205338ade314b66e78f19373,421144053
{app}\NPA5\SNIP\СНИП_23-05-95-2017\СП 52.13330.2016-pr.files\image003.jpg,55043,771a08c6fdbb8a021975d448d91624aa6980d9a3,421144711
{app}\NPA5\SNIP\СНИП_23-05-95-2017\СП 52.13330.2016-pr.files\image004.jpg,51977,ccf5a4e49a441fd353ec042a245dd598dbcac396,421199754
{app}\NPA5\SNIP\СНИП_23-05-95-2017\СП 52.13330.2016-pr.files\image005.jpg,18924,2e82a50971b75b1101d091dd6158b4aeda1c8874,421251731
{app}\NPA5\SNIP\СНИП_23-05-95-2017\СП 52.13330.2016-pr.files\image006.gif,1024,7daeb6cc70732074d4718e56a5811c8c2c6d6749,421270655
{app}\NPA5\SNIP\СНИП_23-05-95-2017\СП 52.13330.2016-pr.files\image007.gif,264,9ae741f919d9dd4444be4055d5bf9b656344d311,421271679
{app}\NPA5\SNIP\СНИП_23-05-95-2017\СП 52.13330.2016-pr.files\image008.gif,225,418838cb149e793c18ec3ba21ad44238e1882617,421271943
{app}\NPA5\SNIP\СНИП_23-05-95-2017\СП 52.13330.2016-pr.files\image009.gif,239,0413367b5a0fe3f2a16df41d8065ee8e8e11ede1,421272168
{app}\NPA5\SNIP\СНИП_23-05-95-2017\СП 52.13330.2016-pr.files\image010.gif,361,d2bd7f2cf412bf90ea77b544a241596762a68c8a,421272407
{app}\NPA5\SNIP\СНИП_23-05-95-2017\СП 52.13330.2016-pr.files\image011.gif,281,19e2690673cf8e32552b74f00f868b5770b70691,421272768
{app}\NPA5\SNIP\СНИП_23-05-95-2017\СП 52.13330.2016-pr.files\image012.gif,296,50a26ad601102a7c098f8ac767da88c46d74dda2,421273049
{app}\NPA5\SNIP\СНИП_23-05-95-2017\СП 52.13330.2016-pr.files\image013.jpg,1929,37c93e76b2de12d08d653354d6c3c2bfb4a8a43d,421273345
{app}\NPA5\SNIP\СНИП_23-05-95-2017\СП 52.13330.2016-pr.files\image014.jpg,1813,2ab6d473a9ee52f43ffcbd094113344f829b9915,421275274
{app}\NPA5\SNIP\СНИП_23-05-95-2017\СП 52.13330.2016-pr.files\image015.gif,6152,bc49401ee10d300d5049280be824422eae8e5694,421277087
{app}\NPA5\SNIP\СНИП_23-05-95-2017\СП 52.13330.2016-pr.files\image016.jpg,1657,0a2cd13af255a086fee4c9998557b70dabdca508,421283239
{app}\NPA5\SNIP\СНИП_23-05-95-2017\СП 52.13330.2016-pr.files\image017.jpg,1567,de9d86beb126b099b5f20261d4e4ee5de2be12d7,421284896
{app}\NPA5\SNIP\СНИП_23-05-95-2017\СП 52.13330.2016-pr.files\image018.jpg,1947,25fb71ffd5f1d83e4582d7ced828176264c33a92,421286463
{app}\NPA5\SNIP\СНИП_23-05-95-2017\СП 52.13330.2016-pr.files\image019.jpg,1319,77fa9dde0af0b92fe23a8dadd2050760f1ebf4ce,421288410
{app}\NPA5\SNIP\СНИП_23-05-95-2017\СП 52.13330.2016-pr.files\image020.jpg,2310,4a0c2d20e3006320552b632cdcc630b433de2b88,421289729
{app}\NPA5\SNIP\СНИП_23-05-95-2017\СП 52.13330.2016-pr.files\image021.jpg,2245,1d91eb086d39d80c1ab9c573847c1b91331a5d11,421292039
{app}\NPA5\SNIP\СНИП_23-05-95-2017\СП 52.13330.2016-pr.files\image022.gif,5059,27d78698cc06748c8e4b29a6bde7d73589bd5af3,421294284
{app}\NPA5\SNIP\СНИП_23-05-95-2017\СП 52.13330.2016-pr.files\image023.jpg,1627,48b5767965130c620a23ed1f4529f3a7378d60e3,421299343
{app}\NPA5\SNIP\СНИП_23-05-95-2017\СП 52.13330.2016-pr.files\image024.jpg,1594,b898b1383e7a6a045f391a8d6480d388a3be0424,421300970
{app}\NPA5\SNIP\СНИП_23-05-95-2017\СП 52.13330.2016-pr.files\image025.jpg,1956,40d119c188458b509e731d21271488dcab052aec,421302564
{app}\NPA5\SNIP\СНИП_23-05-95-2017\СП 52.13330.2016-pr.files\image026.jpg,730,3466f183e1492dd7443c98a422977764d7bc2fb1,421304520
{app}\NPA5\SNIP\СНИП_23-05-95-2017\СП 52.13330.2016-pr.files\image027.jpg,2260,7a46598eef55ce258a0bdb3903717ea5787b63a3,421305250
{app}\NPA5\SNIP\СНИП_23-05-95-2017\СП 52.13330.2016-pr.files\image028.jpg,2371,28470c0a46dff05f4eaddfb2a98dbe8e004d4329,421307510
{app}\NPA5\SNIP\СНИП_23-05-95-2017\СП 52.13330.2016-pr.files\image029.gif,4710,81b1e005dbf22015e1164d5d444d02554a99f478,421309881
{app}\NPA5\SNIP\СНИП_23-05-95-2017\СП 52.13330.2016-pr.files\image030.jpg,1628,acc6bc1975d9721f0feaedd5844c9f475ad52025,421314591
{app}\NPA5\SNIP\СНИП_23-05-95-2017\СП 52.13330.2016-pr.files\image031.jpg,927,842cf6a4a0bc9be519d924dacf83170021b200e0,421316219
{app}\NPA5\SNIP\СНИП_23-05-95-2017\СП 52.13330.2016-pr.files\image032.jpg,36035,e20ad260a026de4a5fb61089c70e71b1d6ffc335,421317146
{app}\NPA5\SNIP\СНИП_23-05-95-2017\СП 52.13330.2016-pr.files\image033.jpg,21834,9489c6f16289dc5dd1e4dd96b9b1087eb5f2fa90,421353181
{app}\NPA5\SNIP\СНИП_23-05-95-2017\СП 52.13330.2016-pr.files\image034.gif,371,54231465e07ede2fca0027d1d7d644b86e82a9c5,421375015
{app}\NPA5\SNIP\СНИП_23-05-95-2017\СП 52.13330.2016-pr.files\image035.gif,789,87d510e177f63c5cff783ed82f778130b648f8a3,421375386
{app}\NPA5\SNIP\СНИП_23-05-95-2017\СП 52.13330.2016-pr.files\image036.gif,247,811b99ea6176eb1a0cb5cbb514d8bf8f034a385d,421376175
{app}\NPA5\SNIP\СНИП_23-05-95-2017\СП 52.13330.2016-pr.files\image037.gif,357,8cc5c10971340875b26afb124b254026d64ff9be,421376422
{app}\NPA5\SNIP\СНИП_23-05-95-2017\СП 52.13330.2016-pr.files\image038.gif,254,391af1010c0ca42dfffaaf47eb5798caf755a93e,421376779
{app}\NPA5\SNIP\СНИП_23-05-95-2017\СП 52.13330.2016-pr.files\image039.gif,230,560414bc83165961aec94801cf00fdd738d6201f,421377033
{app}\NPA5\SNIP\СНИП_23-05-95-2017\СП 52.13330.2016-pr.files\image040.gif,232,e09dd06ed60388cf4448f4e08b61d6a5cb64c880,421377263
{app}\NPA5\SNIP\СНИП_23-05-95-2017\СП 52.13330.2016-pr.files\image041.gif,235,60a519ed4d97c446e5b80fce344e00540847d306,421377495
{app}\NPA5\SNIP\СНИП_23-05-95-2017\СП 52.13330.2016-pr.files\image042.gif,431,d205321e3e11433d69b1cf53537f7a51c6bb4a48,421377730
{app}\NPA5\SNIP\СНИП_23-05-95-2017\СП 52.13330.2016-pr.files\image043.gif,207,58a5b834efeeac623e4f71030f852fe863bceb0b,421378161
{app}\NPA5\SNIP\СНИП_23-05-95-2017\СП 52.13330.2016-pr.files\image044.gif,208,00e8b13198daa421f084cdf6486f8737da20a4d2,421378368
{app}\NPA5\SNIP\СНИП_23-05-95-2017\СП 52.13330.2016-pr.files\image045.gif,210,c9a66b73f607627cdfe50628d612a8da5fbc6e9f,421378576
{app}\NPA5\SNIP\СНИП_23-05-95-2017\СП 52.13330.2016-pr.files\image046.gif,355,774f552d0d00a71682ac4c8d8231206cf5e28011,421378786
{app}\NPA5\SNIP\СНИП_23-05-95-2017\СП 52.13330.2016-pr.files\image047.gif,370,c61a170655f5606a4a03608618016b91a8908cf1,421379141
{app}\NPA5\SNIP\СНИП_23-05-95-2017\СП 52.13330.2016-pr.files\image048.gif,1059,5d86914ec2c92e80f3c51bd7e3dfbcfff7ae1c4e,421379511
{app}\NPA5\SNIP\СНИП_23-05-95-2017\СП 52.13330.2016-pr.files\image049.jpg,48351,c85e85b8d9724948e7e14e92fd99a3ecd6baf34b,421380570
{app}\NPA5\SNIP\СНИП_23-05-95-2017\СП 52.13330.2016-pr.files\image050.gif,336,f77b08d5b101a1f6e5cf48ec735b63d15663291a,421428921
{app}\NPA5\SNIP\СНИП_23-05-95-2017\СП 52.13330.2016-pr.files\image051.gif,224,98a8ad626234ed9949e8b93eb62b0edac1b63af9,421429257
{app}\NPA5\SNIP\СНИП_23-05-95-2017\СП 52.13330.2016-pr.files\image052.gif,407,2713a90febdd3715e7344ade5fe72989ae661b05,421429481
{app}\NPA5\SNIP\СНИП_23-05-95-2017\СП 52.13330.2016-pr.files\image053.gif,453,b1e9091333d38a7b63859ddf434f6d21234d740a,421429888
{app}\NPA5\SNIP\СНИП_23-05-95-2017\СП 52.13330.2016-pr.files\image054.gif,208,860ec9710d180ebaae277ab324ba82c1fc18390f,421430341
{app}\NPA5\SNIP\СНИП_23-05-95-2017\СП 52.13330.2016-pr.files\image055.gif,264,af16f120c329bda17b85fb6b84e61bf5b3ff7d3e,421430549
{app}\NPA5\SNIP\СНИП_23-05-95-2017\СП 52.13330.2016-pr.files\image056.gif,456,41e2da78554a8f5e3f6b110e651522418446a265,421430813
{app}\NPA5\SNIP\СНИП_23-05-95-2017\СП 52.13330.2016-pr.files\image057.gif,259,0ffd8ed0b64d59b6e653a2c0e15cce33214ce82c,421431269
{app}\NPA5\SNIP\СНИП_23-05-95-2017\СП 52.13330.2016-pr.files\image058.gif,1096,28c1f4e8b9d6646963366dca4124ffed6ec77b58,421431528
{app}\NPA5\SNIP\СНИП_23-05-95-2017\СП 52.13330.2016-pr.files\image059.gif,247,750dae03a0cc92916cbdf04ecf8b2611ea879920,421432624
{app}\NPA5\SNIP\СНИП_23-05-95-2017\СП 52.13330.2016-pr.files\image060.gif,244,af8b621d06ef7108871e038a6436f19b17397d58,421432871
{app}\NPA5\SNIP\СНИП_23-05-95-2017\СП 52.13330.2016-pr.files\image061.gif,235,4600a086456d3def8412be5acef6b85486122cf9,421433115
{app}\NPA5\SNIP\СНИП_23-05-95-2017\СП 52.13330.2016-pr.files\image062.gif,1195,71b4866a135892541aabc7203229565232804f0a,421433350
{app}\NPA5\SNIP\СНИП_23-05-95-2017\СП 52.13330.2016-pr.files\image063.gif,256,0d8686d146aff0dbccb6a9faa93a39d405baca37,421434545
{app}\NPA5\SNIP\СНИП_23-05-95-2017\СП 52.13330.2016-pr.files\image064.gif,250,f8fd4de128f8c746fea86b5332f3d6b286ff7182,421434801
{app}\NPA5\SNIP\СНИП_23-05-95-2017\СП 52.13330.2016-pr.files\image065.gif,267,36564f553dc7ed4f72812b8d1cdcd75e5531ac43,421435051
{app}\NPA5\SNIP\СНИП_23-05-95-2017\СП 52.13330.2016-pr.files\image066.gif,393,f64f4b64350c401d71903096659b27ab70466712,421435318
{app}\NPA5\SNIP\СНИП_23-05-95-2017\СП 52.13330.2016-pr.files\image067.gif,403,6d47ec1e1a457c3b8509b438f869ee06dc387df4,421435711
{app}\NPA5\SNIP\СНИП_23-05-95-2017\СП 52.13330.2016-pr.files\image068.gif,258,08223c38a84a3f4369085e9e60a5f72f8cb3dc3c,421436114
{app}\NPA5\SNIP\СНИП_23-05-95-2017\СП 52.13330.2016-pr.files\image069.gif,383,64259908aa06046394295c20b625f23e28849bea,421436372
{app}\NPA5\SNIP\СНИП_23-05-95-2017\СП 52.13330.2016-pr.files\image070.gif,394,6aaa74040fa8081b713dff7f13793288fcbce445,421436755
{app}\NPA5\SNIP\СНИП_23-05-95-2017\СП 52.13330.2016-pr.files\image071.jpg,33248,1062b8972bf09a15eb200e3e4629ff3768d6b05e,421437149
{app}\NPA5\SNIP\СНИП_23-05-95-2017\СП 52.13330.2016-pr.files\image072.jpg,16822,acaa0d02ae33bee61a9f39d9cf64f314e52a5742,421470397
{app}\NPA5\SNIP\СНИП_23-05-95-2017\СП 52.13330.2016-pr.files\image073.jpg,39812,d96e3b9c8114dfa36de1f121993f57a2300ee37a,421487219
{app}\NPA5\SNIP\СНИП_III-_4-80_(2000)\СНИП_III-_4-80_(2000).htm,95182,70efd2f41889fc59057eec8c1424cbf3cf52d60c,421527031
{app}\NPA5\SPECOD\10.htm,626780,d9c96a92fa8935b5a92cc5690b4ea9e39622cd9f,421622213
{app}\NPA5\SPECOD\11.htm,124960,f5967d0b26fbe9833915c9677e738302bcab679d,422248993
{app}\NPA5\SPECOD\13.htm,555739,2fe9769e7c5231bdbd15df2d946e5b12c192415e,422373953
{app}\NPA5\SPECOD\14.htm,32399,88251141be6b4dee8f1362a64bd002b6ce71f46e,422929692
{app}\NPA5\SPECOD\15.htm,57465,4439f0a8ae379b1f6abae97fcf8a4919b2f7b2b4,422962091
{app}\NPA5\SPECOD\16.htm,387594,6c8cf548a5a525bd339ca411da8177fc1731aff1,423019556
{app}\NPA5\SPECOD\17.htm,136542,a8619f7d53f840b72d050e8a2f93b4f599d91912,423407150
{app}\NPA5\SPECOD\18.htm,55342,a2c00166271e4fe1bd4d057904c0935316e5cee7,423543692
{app}\NPA5\SPECOD\19.htm,39879,0122b5a7cceeddc502c6c0605bb946b0d3f7856f,423599034
{app}\NPA5\SPECOD\20.htm,13766,ad516bcd3db2d07b5b3b1bf517013546f296b215,423638913
{app}\NPA5\SPECOD\21.htm,151015,9d14ffa3396323e399a3f652c188131efce5b18e,423652679
{app}\NPA5\SPECOD\22.htm,203937,669aaba2b024d11613bfdb8acc86575238a7bbff,423803694
{app}\NPA5\SPECOD\3.htm,26517,4c1f2abb8778899987431ddb9eed7ef5ce4b6160,424007631
{app}\NPA5\SPECOD\4.htm,80709,9f35ec6b4e14903cad30d1fcc27f6e49f7b12a39,424034148
{app}\NPA5\SPECOD\8.htm,215791,63eeca65bf411add75fd9f6fb014fd21ce297104,424114857
{app}\NPA5\SPECOD\Bullet7.gif,140,feb31933a3e492293f142d6b4b4656765ea25625,424330648
{app}\NPA5\SPECOD\celpaper.htm,444428,fc84529d6ece7b03d52417cc773426bb75f4c2b6,424330788
{app}\NPA5\SPECOD\Image7.gif,4699,e327c8b7369476c116e8feb9461043e8a2e7c971,424775216
{app}\NPA5\SPECOD\legprom.htm,917611,c3a88eb672823282df69637394a5a49564d1192b,424779915
{app}\NPA5\SPECOD\main1.htm,45188,432b224c1698bc152957cc135f44565551475d43,425697526
{app}\NPA5\SPECOD\market.htm,91475,ad4415922f8ad9d5807a6103105cbe362b74dba3,425742714
{app}\NPA5\SPECOD\poyas.html,10827,bfb923677ed3410b8b9e055f1400eadfdb639178,425834189
{app}\NPA5\SPECOD\prikaz_290n.htm,59685,4b160a5fc74b764461a874ed8374810e15d534db,425845016
{app}\NPA5\SPECOD\radio.htm,305243,e9d2d4cd52b43332d9c0e39ef234a12faa9e0bea,425904701
{app}\NPA5\SPECOD\tree.htm,246451,eed97e3b100ba190f26841c9db234e272a7c4186,426209944
{app}\NPA5\SPECOD\авиационной.htm,560588,21de0ca68c65d11043b292c14b6e27432f26616c,426456395
{app}\NPA5\SPECOD\бериллий.htm,27636,53cd1195ab83c6692ec25fa378dc72dc2fd594c6,427016983
{app}\NPA5\SPECOD\БЫТ_ОБСЛ.htm,173294,fb37e8c84a71c2282a64db1ba358f6f61531d4a6,427044619
{app}\NPA5\SPECOD\геология.htm,387871,c4d7a9f7a0efe11708d5affb16f8b32e884db938,427217913
{app}\NPA5\SPECOD\ЛЕСХОЗ.htm,136009,b01d89ea7e473c96b25f217d19bcb3f3e669528e,427605784
{app}\NPA5\SPECOD\минобороны.htm,1304122,a1a9c89ae88674dc6e282dd3a4689462d8a2f1cb,427741793
{app}\NPA5\SPECOD\Приложение N 11.htm,428409,b501ad406d2cc1516f55700ccb09c07d7ebe9789,429045915
{app}\NPA5\SPECOD\РАН.htm,205448,27b505d0a32d94c98e2d76a9e3cd01bde85de3a3,429474324
{app}\NPA5\SPECOD\рыбпром.htm,755456,3621522663746880405b16e99e25b514152a71b4,429679772
{app}\NPA5\SPECOD\судостроение.htm,89106,03278f4d943c39119e29eadb92789ab845752c86,430435228
{app}\NPA5\SPECOD\торф.htm,139428,86bdb9f41bedbd14a5d30232fab60bbbb7506f31,430524334
{app}\NPA5\SPECOD\фсб.htm,130476,70315fd8531b0a5f606de0cb1805d7ad9ae0fd80,430663762
{app}\NPA5\SPECOD\химоружие.htm,822432,310258d260001d43cac492c80b35a6c33c6da5e2,430794238
{app}\NPA5\SPECOD\29_post_43\29_post_43.htm,1147842,c5c20dfe19483a21b8524d7cc7e9b6318b474b76,431616670
{app}\NPA5\SPECOD\glass\glass1.htm,1967087,33015e151d30e3dc2fd503863763e9f17719af1f,432764512
{app}\NPA5\SPECOD\glass\glass2.htm,362866,fbe28e1b5e83a5f738cd4e2cff596d22e91d5e77,434731599
{app}\NPA5\SPECOD\glass\glass3.htm,360627,7bdee349fd4af5d6f066693f0349db52e82b611a,435094465
{app}\NPA5\SPECOD\glass\glass4.htm,380111,34a3538ec68ddbc1b813832496ed4ca50be04ed3,435455092
{app}\NPA5\SPECOD\glass\glass5.htm,345446,2fec4036cfad649f2f8562ff016eb338fea2c808,435835203
{app}\NPA5\SPECOD\glass\glass6.htm,368826,057dd134fa3ef39ac9e667e07a7a72e5cb845e5a,436180649
{app}\NPA5\SPECOD\OIL\oil1.htm,987683,e072e30b773559f016dc96e4919f93cf3e641f28,436549475
{app}\NPA5\SPECOD\OIL\oil2.htm,1028593,29f2680e9971376ffba6d425111f8125abfa9c91,437537158
{app}\NPA5\SPECOD\prikaz_1022n\prikaz_1022n.htm,62745,a5b4d3da87e5cb43ce014c0ebab413bbfb40c450,438565751
{app}\NPA5\SPECOD\prikaz_1028n\prikaz_1028n-1.htm,6453817,bf0d1db1d533b54aaaf8aadbbd89ae609b3e35a4,438628496
{app}\NPA5\SPECOD\prikaz_1028n\prikaz_1028n-2.htm,2623903,f26c724f1e6197ea28ca12bd84c7e4c76b4839ae,445082313
{app}\NPA5\SPECOD\prikaz_1028n\prikaz_1028n-3.htm,1366809,2a025d8717f8d086fec72c2f6274f9c7d07a8fa2,447706216
{app}\NPA5\SPECOD\prikaz_1028n\prikaz_1028n-4.htm,263669,5ab03d93b4bc39359025b5915dc7aec0bd8b0f76,449073025
{app}\NPA5\SPECOD\prikaz_1028n\prikaz_1028n-5.htm,2006340,c0a4487821af0a15cedd957cc95041b9379f1049,449336694
{app}\NPA5\SPECOD\prikaz_1028n\prikaz_1028n-6.htm,5919030,5b80ec5e3567cc38035ab4bac088e62f8e95db66,451343034
{app}\NPA5\SPECOD\prikaz_1028n\prikaz_1028n-7.htm,579862,b478cb9b85965d6a4b30113c926d304ea596f228,457262064
{app}\NPA5\SPECOD\prikaz_1028n\prikaz_1028n-8.htm,243135,b89b89a009649db6417301fb4e55cf7e5f455f10,457841926
{app}\NPA5\SPECOD\prikaz_1028n\prikaz_1028n.htm,27198,21bf7c82730c0e4b6ca7a941edd9861b51a41f17,458085061
{app}\NPA5\SPECOD\prikaz_1077n\prikaz_1077n.htm,698543,e3babcaf6f07775f7e85a895b4e70dcf7cc78d74,458112259
{app}\NPA5\SPECOD\prikaz_1078n\prikaz_1078n.htm,952124,b83e13450ac49def9fad6d125145df7275e2042a,458810802
{app}\NPA5\SPECOD\prikaz_1104n\prikaz_1104n.htm,3219976,6d0c15a7923d0a4c943253048f5adeb7b3b85413,459762926
{app}\NPA5\SPECOD\prikaz_1110n\prikaz_1110n.htm,1242174,c5f3b0de6117e0bfa019303d4c6d3f1f7e3b7efe,462982902
{app}\NPA5\SPECOD\prikaz_1247n\prikaz_1247n.htm,1505667,c96478ac256cee394fdfef06a8e9696076bdaa3d,464225076
{app}\NPA5\SPECOD\prikaz_1988_803\prikaz_1988_803.htm,120282,e27b632de268a3dbb60314c9e58f5224bb5c7f7c,465730743
{app}\NPA5\SPECOD\prikaz_297\prikaz_297.htm,1226528,3bea9639135b39e036b78b5983edd3560401fbe4,465851025
{app}\NPA5\SPECOD\prikaz_340n\prikaz_340n.htm,1010893,38ea447585c8d2a9d6ff2a352a0b2577a893c413,467077553
{app}\NPA5\SPECOD\prikaz_341n\prikaz_341n.htm,275633,0873640ffff25edf1ba9e14f4080f389b0933121,468088446
{app}\NPA5\SPECOD\prikaz_357n\pril1.htm,166165,f15aff9d5866ec26bf407a19dd1c1b2c2d77c9e0,468364079
{app}\NPA5\SPECOD\prikaz_357n\pril2.htm,1410858,04c6512803410c73e7ba291d7adec10d4554a130,468530244
{app}\NPA5\SPECOD\prikaz_357n\pril3.htm,747109,14e2c32db240ae321051e1a41ee771bcd7a971b1,469941102
{app}\NPA5\SPECOD\prikaz_357n\pril4.htm,670860,5a984d55c89979d7350a378e713fb53adbc25f2a,470688211
{app}\NPA5\SPECOD\prikaz_357n\pril5.htm,399740,e9d230b05acfbde84f9d8b8c9ac2c677ca94d5b5,471359071
{app}\NPA5\SPECOD\prikaz_416n\prikaz_416n.htm,542813,d9e0a467204f65d76384d588b8a9f02649d98309,471758811
{app}\NPA5\SPECOD\prikaz_454n\prikaz_454n.htm,763561,c9da8b794f7e4e7e5f4d0b95fc7f4bda3d2fde35,472301624
{app}\NPA5\SPECOD\prikaz_477\prikaz477.htm,1046270,07e891991a536caa49fd7b2ea3773893b00d7bb4,473065185
{app}\NPA5\SPECOD\prikaz_507n\prikaz_507n.htm,951081,951ae9bba664df483b56091d9136e79682631d21,474111455
{app}\NPA5\SPECOD\prikaz_541n\prikaz_541n.htm,496629,622e203efbd1f4f61c9fbcc58193f5aba1cf0a8f,475062536
{app}\NPA5\SPECOD\prikaz_543n\prikaz_543n.htm,1082076,041f68ce42806a5622827de5a20ee75bf3b1a992,475559165
{app}\NPA5\SPECOD\prikaz_582n\p_582n.htm,2861245,faa5dfd16e6449a82e109cbabb53b6715a7a9b21,476641241
{app}\NPA5\SPECOD\prikaz_587n\prikaz_587n.htm,51694,b5df522ee8a9973dd5563f9b0bfe32fa9300415b,479502486
{app}\NPA5\SPECOD\prikaz_652n\652n-I.htm,1330453,08ed8f34fcc0468c76254827ff2d812eec5ffe34,479554180
{app}\NPA5\SPECOD\prikaz_652n\652n-II.htm,822065,4e35e30243a9248b08db0a12e1a8550cf1f3547b,480884633
{app}\NPA5\SPECOD\prikaz_652n\652n-III.htm,7265425,4fe304f6ac57bdc1ca21f3dd36dc143500c01f5e,481706698
{app}\NPA5\SPECOD\prikaz_652n\652n-IV.htm,5500058,5c57212cc3b12b3a7ed3e82533e18cb0308ca710,488972123
{app}\NPA5\SPECOD\prikaz_652n\652n-V.htm,45043,b3f2e96fb7a1cf705da634b1fd7d66c3e3d6fbbd,494472181
{app}\NPA5\SPECOD\prikaz_652n\652n-VI.htm,194975,a0c77cfbf4af73efcec649bcccd6175fe2c5de10,494517224
{app}\NPA5\SPECOD\prikaz_652n\652n-VII.htm,346959,0eda19a85387089b9551dbaea0987f51e1a1c78d,494712199
{app}\NPA5\SPECOD\prikaz_652n\652n-VIII.htm,940672,66f7264ce033190a7c0573041b1c0a77ccfaa3e3,495059158
{app}\NPA5\SPECOD\prikaz_652n\652n.htm,64992,badea2d48785eca0f00eb17a0b56429abf2c91d0,495999830
{app}\NPA5\SPECOD\prikaz_65_ussr\prikaz_65_ussr.htm,238041,cd121728ced2a6e9cd03865dcafb97fdbfe5509d,496064822
{app}\NPA5\SPECOD\prikaz_665n\prikaz_665n.htm,764868,352f33c27a8655133ea23215182ce257d19d5459,496302863
{app}\NPA5\SPECOD\prikaz_722\722.htm,3240510,589ec78dd8ff767bd5f941b139f53d2fa18604b8,497067731
{app}\NPA5\SPECOD\prikaz_722\Image812.gif,40971,6aeeed6b7c8a2f37b46c57631f48f84e4eed1273,500308241
{app}\NPA5\SPECOD\prikaz_722\Image813.gif,170627,381b4660e0702293f008bced0dbe8f0d0c4fc0c1,500349212
{app}\NPA5\SPECOD\prikaz_722\prikaz_722.htm,2372786,99cfbbaacfcbe3e7c265347cddc738dfc7895580,500519839
{app}\NPA5\SPECOD\prikaz_777n\prikaz_777n_pr1.htm,404935,0106e51ce086bf5ac9771492ad62a2a45a52128a,502892625
{app}\NPA5\SPECOD\prikaz_777n\prikaz_777n_pr2.htm,37083,b193206fa327e83a656858c786f01494f6d866ab,503297560
{app}\NPA5\SPECOD\prikaz_844n\prikaz_844n.htm,353321,19dbcc2236564b3c538c7cd85f59c9618dd148d3,503334643
{app}\NPA5\SPECOD\prikaz_863n\prikaz_863n.htm,212579,fcf6bfd68c12d9f1596246ce7814f1efe009fd7b,503687964
{app}\NPA5\SPECOD\prikaz_873\873.htm,11526103,ceb21451b0c0e08f5920abdfe9af49c017d87c20,503900543
{app}\NPA5\SPECOD\prikaz_882n\prikaz_882n.htm,3687337,736fb26a4716819da0f92d9ad7358aa40a4a728c,515426646
{app}\NPA5\SPECOD\prikaz_883n\prikaz_883n.htm,845580,16cbbc46fba130955874d7b749a3dd6f054ef0b2,519113983
{app}\NPA5\SPECOD\prikaz_906n\001.htm,53003,0c17d74160d24ef6b6cd8a5d1691b5e462d2374c,519959563
{app}\NPA5\SPECOD\prikaz_906n\002.htm,26797,95694036cb32a769ad3fec3d33c5682b65c4224a,520012566
{app}\NPA5\SPECOD\prikaz_906n\003.htm,255220,8e7cf46a57438303816e74b9b3771b6709a119c2,520039363
{app}\NPA5\SPECOD\prikaz_906n\004.htm,31021,e520bc36f192dd5dbf2611d42f91171b48e5b346,520294583
{app}\NPA5\SPECOD\prikaz_906n\005.htm,13133,f2e7d9bee2ae7412327a0b8f40ffe6e98966b5c8,520325604
{app}\NPA5\SPECOD\prikaz_906n\006.htm,9924,432f9a210776240b733152bad40505435a3de224,520338737
{app}\NPA5\SPECOD\prikaz_906n\007.htm,11753,72ed2d83157e275d646945ee28bd70e5057d0af2,520348661
{app}\NPA5\SPECOD\prikaz_906n\008.htm,14135,284434209f74ad0b9767f4be0ef017b92e84952a,520360414
{app}\NPA5\SPECOD\prikaz_906n\009.htm,20306,5f15d72cde8b4641071232d24c98b8c0cd436c2b,520374549
{app}\NPA5\SPECOD\prikaz_906n\010.htm,40520,c1dd9c6a18d01515650b0266638f92d03eea8bb2,520394855
{app}\NPA5\SPECOD\prikaz_906n\011.htm,11834,a4c48b267e154149b0f107c6f9f709f4acc01df4,520435375
{app}\NPA5\SPECOD\prikaz_906n\012.htm,13973,414ff1af291e2f779cc4c6946c0a1b2c67f1ad28,520447209
{app}\NPA5\SPECOD\prikaz_906n\013.htm,18266,309c304d8ec7682922a0567f00ff6490b18246ba,520461182
{app}\NPA5\SPECOD\prikaz_906n\014.htm,23050,6dccd9543a4c2eb09ebf8fa2a70a482f2aa73d39,520479448
{app}\NPA5\SPECOD\prikaz_906n\015.htm,18212,4976664c41cffa6a7341f6de14e07444f77b9e4c,520502498
{app}\NPA5\SPECOD\prikaz_906n\016.htm,20347,22b0d623fa4dafe7ed006395f839f3af4a46bc04,520520710
{app}\NPA5\SPECOD\prikaz_906n\017.htm,27231,4f226031d0fa91239020833513c1273fe4311c81,520541057
{app}\NPA5\SPECOD\prikaz_906n\018.htm,33387,defd135257276a8958b41db4013d40e46c1d0784,520568288
{app}\NPA5\SPECOD\prikaz_906n\019.htm,7661,764e7ba062eb9b4ebff6ffed52f0501b28107a39,520601675
{app}\NPA5\SPECOD\prikaz_906n\020.htm,27221,0450dbbdb569b0b343549a27b1f786b01b10d056,520609336
{app}\NPA5\SPECOD\prikaz_906n\021.htm,13167,b9f0cfff23ad3deb400d067635f5a9c8725b1464,520636557
{app}\NPA5\SPECOD\prikaz_906n\022.htm,7745,a8cc23596f073d3c77907441d5978d7028eeb7d4,520649724
{app}\NPA5\SPECOD\prikaz_906n\023.htm,216419,42c6190868a984f9c14e433ac4a0b69382af0d13,520657469
{app}\NPA5\SPECOD\prikaz_906n\024.htm,10503,433a549119306f4195e9aff2d1606818df1e31c6,520873888
{app}\NPA5\SPECOD\prikaz_906n\025.htm,45289,6d50b32bead91d5b0a01d7472871a72a04ec4838,520884391
{app}\NPA5\SPECOD\prikaz_906n\026.htm,13015,78834346b722ba1ba6afc2aa5747125a43ec1459,520929680
{app}\NPA5\SPECOD\prikaz_906n\027.htm,27371,a7f19934422f9e75a44787e9b61f78b0d1d1603e,520942695
{app}\NPA5\SPECOD\prikaz_906n\028.htm,8036,7536bfe7f6fe00d3232f5fd42544e6d5cb7575df,520970066
{app}\NPA5\SPECOD\prikaz_906n\029.htm,7185,161d1c2cc48ee62cb62f2ea5593815e22c32e3dc,520978102
{app}\NPA5\SPECOD\prikaz_906n\030.htm,56712,4557ad6accf1ddad31f8ac49fa3bf78b3e7a7b28,520985287
{app}\NPA5\SPECOD\prikaz_906n\031.htm,19643,b31d5a0c867723e06c8f18f7aa4d23e1a1406910,521041999
{app}\NPA5\SPECOD\prikaz_906n\032.htm,27588,fb87917cd1945eb65bc87f9084c3f444e2adfa40,521061642
{app}\NPA5\SPECOD\prikaz_906n\033.htm,9017,6bf5f2c0320561a2d735d7aa14618c5ef5a154bf,521089230
{app}\NPA5\SPECOD\prikaz_906n\034.htm,24931,a95b7cc4da27b3bce03440ee7e305a0d130714a9,521098247
{app}\NPA5\SPECOD\prikaz_906n\035.htm,15874,ed890906bc42ba744126613169a4e82bf9b7c996,521123178
{app}\NPA5\SPECOD\prikaz_906n\036.htm,9158,3411c0020118e331b6f5382bb937df51dbae06f3,521139052
{app}\NPA5\SPECOD\prikaz_906n\037.htm,9157,3b2fc0dddf2b8ad3e4b77d00f17f8c2a9e0a777d,521148210
{app}\NPA5\SPECOD\prikaz_906n\038.htm,54875,175e4a89c23523b11b12cdd6e04e0507279d64ea,521157367
{app}\NPA5\SPECOD\prikaz_906n\039.htm,36357,426abaa0ef97a5d4db2e5fbd759cb19e8e8ea079,521212242
{app}\NPA5\SPECOD\prikaz_906n\040.htm,51709,7263b1cc4d1cc2fe497701780b142f53dbfda46c,521248599
{app}\NPA5\SPECOD\prikaz_906n\041.htm,7448,a976492cf56b6191d0cf4d8c1d57d90375f171e1,521300308
{app}\NPA5\SPECOD\prikaz_906n\042.htm,49637,6804d137b77f68e4dbcbf5dfb5bffd010c4da9d2,521307756
{app}\NPA5\SPECOD\prikaz_906n\043.htm,41965,aff1c7177304e39cc85245bdce97cf470ade536c,521357393
{app}\NPA5\SPECOD\prikaz_906n\044.htm,23817,963f90880c1a3a72a059cbac80342456269dbf79,521399358
{app}\NPA5\SPECOD\prikaz_906n\045.htm,50676,fbf907b1f32eb1c35921cf6e49f6d6ea7adf772e,521423175
{app}\NPA5\SPECOD\prikaz_906n\046.htm,48905,1dc186a74fc6a9a0ce642337337dfc9884e97953,521473851
{app}\NPA5\SPECOD\prikaz_906n\047.htm,22418,11b21cceb2c81f7af1ebc3f74b010c74f768909a,521522756
{app}\NPA5\SPECOD\prikaz_906n\048.htm,8531,6e592d30880199068865e56ac630e3288e97e345,521545174
{app}\NPA5\SPECOD\prikaz_906n\049.htm,8669,2a3d6e31b98f5bd58de75b6c59d260edc1f5016d,521553705
{app}\NPA5\SPECOD\prikaz_906n\050.htm,34494,e7bb9217fa9ab5abc735cecac9695ba041b8fa51,521562374
{app}\NPA5\SPECOD\prikaz_906n\051.htm,39422,e93ee28c59195efaca5ca2c6b7c116c67ca940dc,521596868
{app}\NPA5\SPECOD\prikaz_906n\052.htm,6467,44f5d4e244c2e3bd50247a6859f6cd6b44e3ef59,521636290
{app}\NPA5\SPECOD\prikaz_906n\053.htm,16254,4659a3695615742143ec099788db964f00a91e57,521642757
{app}\NPA5\SPECOD\prikaz_906n\054.htm,175201,f769b5df8875c5d97b10cb8c95904516c00f5f34,521659011
{app}\NPA5\SPECOD\prikaz_906n\055.htm,6294,66bf5dc44c4494101f8e3cd73a9e25d320547b71,521834212
{app}\NPA5\SPECOD\prikaz_906n\056.htm,54978,3043b9219be81564b5c80f4b9f867adc0c56be71,521840506
{app}\NPA5\SPECOD\prikaz_906n\057.htm,14275,4764e37e97952d490ae6b4530e064ee7b60d7061,521895484
{app}\NPA5\SPECOD\prikaz_906n\058.htm,40268,ae0737c98fea0bb72cd7861f3845269c5f34f99b,521909759
{app}\NPA5\SPECOD\prikaz_906n\059.htm,38806,e856f72ce3f323c0dd7ef15b0ab9e76101e5fb57,521950027
{app}\NPA5\SPECOD\prikaz_906n\060.htm,255436,7ac1b714e2eb3ef35dfcf65319b2a93752bb0097,521988833
{app}\NPA5\SPECOD\prikaz_906n\061.htm,32520,1ac350c8e470c8a6de2a49d5d935c171235a005d,522244269
{app}\NPA5\SPECOD\prikaz_906n\062.htm,28172,281d8fc59a86824eb01e0fbffe8fcd48ab5186ac,522276789
{app}\NPA5\SPECOD\prikaz_906n\063.htm,339943,56e9e573ad7c085f7f8c2e1a974608872e28387b,522304961
{app}\NPA5\SPECOD\prikaz_906n\064.htm,7410,579b1703c2f93ea9dc499ca29edb30c574614426,522644904
{app}\NPA5\SPECOD\prikaz_906n\065.htm,362455,109a2b775192568f98671997319b784d1650f8ac,522652314
{app}\NPA5\SPECOD\prikaz_906n\066.htm,200791,e1b67490c8e07877a7be9fce88800799f6362efc,523014769
{app}\NPA5\SPECOD\prikaz_906n\067.htm,337456,96804243f2c438bfeb765f24192b5ecafe672b9a,523215560
{app}\NPA5\SPECOD\prikaz_906n\068.htm,319370,f359fe718ce375dc3a5de076bf85f07c804ca117,523553016
{app}\NPA5\SPECOD\prikaz_906n\069.htm,12800,fe9051140e12a758511441b8460c9cd3468b9a84,523872386
{app}\NPA5\SPECOD\prikaz_906n\070.htm,22134,0b8d25ab7a2a5acebf576a76f4dcbcd6ca92793e,523885186
{app}\NPA5\SPECOD\prikaz_906n\071.htm,20218,976af5992851e666309a88332b56d1484457a38b,523907320
{app}\NPA5\SPECOD\prikaz_906n\072.htm,17037,2bc37a7349ae9f7b80e27ded100483d1ba517f4b,523927538
{app}\NPA5\SPECOD\prikaz_906n\073.htm,23453,a01d99f86fa7e8ddb722dd44ab5700764f5838af,523944575
{app}\NPA5\SPECOD\prikaz_906n\074.htm,31249,f2aaccfa94aa0d29a2b9b310174b13e1c8f37f13,523968028
{app}\NPA5\SPECOD\prikaz_906n\075.htm,351011,7d3ee9ddf93a22bea9f2227a2bb2a39f9fa5f2f9,523999277
{app}\NPA5\SPECOD\prikaz_906n\076.htm,22697,ff987f262f549147be88f1723abde9482036a61e,524350288
{app}\NPA5\SPECOD\prikaz_906n\077.htm,27881,7aafe68e4403f764f6f01bb1cf2e8cee0f95e2fa,524372985
{app}\NPA5\SPECOD\prikaz_906n\078.htm,17971,77fa1a7e35da866e8d2e3030a1a33930c21214e1,524400866
{app}\NPA5\SPECOD\prikaz_906n\079.htm,41195,9f606faeb2c5182fae93218b43d7de6ea8677c01,524418837
{app}\NPA5\SPECOD\prikaz_906n\080.htm,26971,7fde05fadc1e7567f5d62aeb189fdb597f0d5529,524460032
{app}\NPA5\SPECOD\prikaz_906n\081.htm,8369,a2927d137c7305f015885864965a38722df46abb,524487003
{app}\NPA5\SPECOD\prikaz_906n\082.htm,29080,fa4aeff55211dec5a23004afa1a5324ae97cd843,524495372
{app}\NPA5\SPECOD\prikaz_906n\083.htm,125602,4d6bfdf96d8c6857b833a1dd9a6c5879774e0cba,524524452
{app}\NPA5\SPECOD\prikaz_906n\084.htm,29879,6cf055854f899cd926c7c840eab491aa8d6a97f0,524650054
{app}\NPA5\SPECOD\prikaz_906n\085.htm,186982,729df1c5df6050f0c5202aec8c78466f8e17c6d2,524679933
{app}\NPA5\SPECOD\prikaz_906n\086.htm,44202,3655ab65840b084d1ab05c60100ae6d6132fc236,524866915
{app}\NPA5\SPECOD\prikaz_906n\087.htm,51452,b523ab9bcb8966e1b954bfb9f03507fc551e6337,524911117
{app}\NPA5\SPECOD\prikaz_906n\088.htm,57010,5fa7d1065dedb82cd0f53a994c64dcc0c786cab5,524962569
{app}\NPA5\SPECOD\prikaz_906n\089.htm,256680,d4aee7a03f527d424bbcfca6669307e4ede8391f,525019579
{app}\NPA5\SPECOD\prikaz_906n\090.htm,104466,6da826c0f033030ae9eeebec8e93c78085bd9a52,525276259
{app}\NPA5\SPECOD\prikaz_906n\091.htm,63518,68e5ee037560e9ba0804426d2832b16d3ea077f8,525380725
{app}\NPA5\SPECOD\prikaz_906n\092.htm,19380,f618e0e5f421bb6446ea4d95048e4644b3a382cb,525444243
{app}\NPA5\SPECOD\prikaz_906n\093.htm,26105,254782d507e96b0db0e5134cee68db430ad43494,525463623
{app}\NPA5\SPECOD\prikaz_906n\094.htm,63539,cd991f761ce248da8a273d7cf7d146dab469a6ed,525489728
{app}\NPA5\SPECOD\prikaz_906n\095.htm,14626,bee1042e7e774c8cc52bb1d7f6385c84af305819,525553267
{app}\NPA5\SPECOD\prikaz_906n\096.htm,42229,1dc908334bf3f3fb538f22deab14d36fa563cf69,525567893
{app}\NPA5\SPECOD\prikaz_906n\097.htm,30099,0aa6dd06fb80bdd46270dd1a76ff9b0b63619090,525610122
{app}\NPA5\SPECOD\prikaz_906n\098.htm,17802,f7540330cdeefb6bbcd84ade6d4d1589ea6b819c,525640221
{app}\NPA5\SPECOD\prikaz_906n\099.htm,60785,f2a3cefe4bf936ae683a134737a26ccdebf66e6d,525658023
{app}\NPA5\SPECOD\prikaz_906n\100.htm,51857,a64cee3c165c6c6a6af3ef8a2b64dcfa6404a4c8,525718808
{app}\NPA5\SPECOD\prikaz_906n\101.htm,8383,faa4ac911fbaf6505968e14cee392bda4be1e73d,525770665
{app}\NPA5\SPECOD\prikaz_906n\102.htm,25899,cc69fa49958f447a70fdd82643428d9cfc1f9efc,525779048
{app}\NPA5\SPECOD\prikaz_906n\103.htm,14373,7cf6124fff25fc28b51389e6a0b1da5438c80053,525804947
{app}\NPA5\SPECOD\prikaz_906n\104.htm,57421,1e3d3a904d19fa1b9985d7e8e91115a1b5ba8fc6,525819320
{app}\NPA5\SPECOD\prikaz_906n\105.htm,26220,844da21dfc49a118eed778f9189616fa96ecda00,525876741
{app}\NPA5\SPECOD\prikaz_906n\106.htm,84099,82ff3d578b31af5ddc27c7bbfd07f5c5e4624971,525902961
{app}\NPA5\SPECOD\prikaz_906n\107.htm,43520,1ea1d14b21c5da925532c2cc7f690b6901a53382,525987060
{app}\NPA5\SPECOD\prikaz_906n\108.htm,27099,9b57fa6ed4f9274c4d2d4f669baf64e5eb44ad21,526030580
{app}\NPA5\SPECOD\prikaz_906n\109.htm,10870,107df79c69559e595a395541c41d4f0dc8044259,526057679
{app}\NPA5\SPECOD\prikaz_906n\110.htm,21418,05537a46bce8a4269b494a84b1c2e7a969544bc7,526068549
{app}\NPA5\SPECOD\prikaz_906n\111.htm,37906,37c6b52757dce44a862d9778803349d8289f7d88,526089967
{app}\NPA5\SPECOD\prikaz_906n\112.htm,11505,f050dbf50cde1ea4b8d3e2c77835c4fa9c1ad11e,526127873
{app}\NPA5\SPECOD\prikaz_906n\113.htm,7097,312ee649516dd3c136fd0f8f5aa224b8d27f9044,526139378
{app}\NPA5\SPECOD\prikaz_906n\114.htm,8038,85ac39b65edbd2b8f7a548bbcef6d39562ccc00f,526146475
{app}\NPA5\SPECOD\prikaz_906n\115.htm,16989,e452febd793265bddfe9cc2c0b4c97de5b3fe7cd,526154513
{app}\NPA5\SPECOD\prikaz_906n\116.htm,6911,c74ec9f9b3b6f677d3279f903df255bec81921f9,526171502
{app}\NPA5\SPECOD\prikaz_906n\117.htm,19729,ee390c81b581067546cb1d8f403a08ed155502e0,526178413
{app}\NPA5\SPECOD\prikaz_906n\118.htm,177156,e870ca12808789c421c779900b2ca7106a44ce96,526198142
{app}\NPA5\SPECOD\prikaz_906n\119.htm,18521,caae2e95a5f2fbd7580137058424c692eed5a2da,526375298
{app}\NPA5\SPECOD\prikaz_906n\120.htm,17273,1498a5987026fc20e0fde812f83aa3dfef82cb63,526393819
{app}\NPA5\SPECOD\prikaz_906n\121.htm,21607,b7f907f892020ebcf844afd366685a1eae022649,526411092
{app}\NPA5\SPECOD\prikaz_906n\122.htm,27875,28abd53d490dd8725940dcd4d72c3a22e1f84147,526432699
{app}\NPA5\SPECOD\prikaz_906n\123.htm,32621,285ea5bdc9a0fe724a564518f166bfec8a22f1c3,526460574
{app}\NPA5\SPECOD\prikaz_906n\124.htm,84709,1fdb9ada64e5be9e79671d32cc081b14085e4e21,526493195
{app}\NPA5\SPECOD\prikaz_906n\125.htm,23526,1ab0c92cd11cf57149cb829efc2582087e86ad7c,526577904
{app}\NPA5\SPECOD\prikaz_906n\126.htm,14219,89ccc3f963a048f7eec8478d7224aca28e41404c,526601430
{app}\NPA5\SPECOD\prikaz_906n\127.htm,22921,7d68df3fee761d2102a56be9eb4e00f931ea143d,526615649
{app}\NPA5\SPECOD\prikaz_906n\128.htm,6104,f242858c6111b3b90fbe543abf686f850653e7ea,526638570
{app}\NPA5\SPECOD\prikaz_906n\129.htm,21425,186c1043f2b764ef31df4644c2bea58a9a717593,526644674
{app}\NPA5\SPECOD\prikaz_906n\130.htm,19420,0336a5f4ea19ff8d1e2b0441e179e96042e74c7b,526666099
{app}\NPA5\SPECOD\prikaz_906n\131.htm,10009,173fc0ee498997ffc994984fdd78f991f2f37ac6,526685519
{app}\NPA5\SPECOD\prikaz_906n\132.htm,18217,94d626bd7a54a1cb69485a78b1e7b4fb6c94499f,526695528
{app}\NPA5\SPECOD\prikaz_906n\133.htm,35792,fdde701eac7c3190244b9e5bb4525db23ea61678,526713745
{app}\NPA5\SPECOD\prikaz_906n\134.htm,13469,2b87f9da7afef2f44a179aef52f3ceed958eb88e,526749537
{app}\NPA5\SPECOD\prikaz_906n\135.htm,49969,879e21476f3e1f662ca829359d289017e478fdde,526763006
{app}\NPA5\SPECOD\prikaz_906n\136.htm,6974,8c7afaf8ff5e4e8726def8ded64adddda5171c44,526812975
{app}\NPA5\SPECOD\prikaz_906n\137.htm,14536,17fb20f316d366cdf6a354ac4003bff0ac3c1309,526819949
{app}\NPA5\SPECOD\prikaz_906n\138.htm,7617,77e26046b3dd24bf67eabc20ecafb55083a762e6,526834485
{app}\NPA5\SPECOD\prikaz_906n\139.htm,8231,371ee857d344d4b4bbfee24c07f69ed00be7a353,526842102
{app}\NPA5\SPECOD\prikaz_906n\140.htm,28505,6a1071d92aa105ed1380541b95cb6ccf255eb878,526850333
{app}\NPA5\SPECOD\prikaz_906n\141.htm,6775,c04fe0c556ddf1bbfac0d441d3695a89940ee80a,526878838
{app}\NPA5\SPECOD\prikaz_906n\142.htm,31463,0cbbc9993bcb2c8d2d153f2ef2d1fe88cf26899f,526885613
{app}\NPA5\SPECOD\prikaz_906n\143.htm,6616,6a1b70766142aa627590258af64dceb31bac2306,526917076
{app}\NPA5\SPECOD\prikaz_906n\144.htm,7094,6b9d382b4943c65936209869c0ef4813c2fef11d,526923692
{app}\NPA5\SPECOD\prikaz_906n\145.htm,35583,c57623d278f5bff1b4e51bc4f2700b008980b650,526930786
{app}\NPA5\SPECOD\prikaz_906n\146.htm,25422,8bc51bcf59ff3040681e16d76b8914181c675494,526966369
{app}\NPA5\SPECOD\prikaz_906n\147.htm,4713,7ebdc38b00211da37541d89a18b30f9699c729e8,526991791
{app}\NPA5\SPECOD\prikaz_906n\148.htm,47429,e78028157d3632c88a8734fbd69d492746138d74,526996504
{app}\NPA5\SPECOD\prikaz_906n\149.htm,12247,25255d40c660b9994e1140909191a174f22d231e,527043933
{app}\NPA5\SPECOD\prikaz_906n\150.htm,18326,677134e69072bd399bc6cf9093f4313f3bfcfd5f,527056180
{app}\NPA5\SPECOD\prikaz_906n\151.htm,15071,37241454f7bc8f29ce3e202234a7d97b54ac1f4d,527074506
{app}\NPA5\SPECOD\prikaz_906n\152.htm,8545,f345018880c674659f8f0d47f3de43faa667c737,527089577
{app}\NPA5\SPECOD\prikaz_906n\153.htm,292533,e8314d9954c013b9500a5028cafcb8732393eaf7,527098122
{app}\NPA5\SPECOD\prikaz_906n\154.htm,42102,cbec74bf87a7cc395380397359158bdc77f470f6,527390655
{app}\NPA5\SPECOD\prikaz_906n\155.htm,12303,662033f6d002f02496cbc6b59c105a5b9863bfed,527432757
{app}\NPA5\SPECOD\prikaz_906n\156.htm,32149,e0be76419f1f49a75c398eddb194e81996d928d4,527445060
{app}\NPA5\SPECOD\prikaz_906n\157.htm,32150,cda4c4d2e991d3c52c748025040d2a8a14e75aa6,527477209
{app}\NPA5\SPECOD\prikaz_906n\158.htm,26967,e02eeb21476eca72ade383777458b6239fe7885b,527509359
{app}\NPA5\SPECOD\prikaz_906n\159.htm,364277,177d76edac6e90c3685af2f33a83eb5913717976,527536326
{app}\NPA5\SPECOD\prikaz_906n\160.htm,19044,e34a651d218600c3f252d3b36a72ddd2442bb378,527900603
{app}\NPA5\SPECOD\prikaz_906n\161.htm,11046,bad730580c9778720aa23a4a4372ae860f2cc30b,527919647
{app}\NPA5\SPECOD\prikaz_906n\162.htm,12882,2497f4239dad7ec6a9353baae824640f83a606aa,527930693
{app}\NPA5\SPECOD\prikaz_906n\163.htm,21918,a5a29a7d2a8013e6fc0c326c8b1c9e071f5aa546,527943575
{app}\NPA5\SPECOD\prikaz_906n\164.htm,18519,9fd12dbdcba26da50d488b91bd85712d3476d283,527965493
{app}\NPA5\SPECOD\prikaz_906n\165.htm,28647,d567365ac58a9784a85e4f38dc5902aec5eea22c,527984012
{app}\NPA5\SPECOD\prikaz_906n\166.htm,7605,60c96b8cfb17c0a3a1685f034ca6bb6f7aa2cb3c,528012659
{app}\NPA5\SPECOD\prikaz_906n\167.htm,34435,991567f8682bcae5a1699fb97231af396e9cd084,528020264
{app}\NPA5\SPECOD\prikaz_906n\168.htm,40984,de6ebea3585a7897acf8aa366008a254f4d1d290,528054699
{app}\NPA5\SPECOD\prikaz_906n\169.htm,16660,2bbb991f294314e9cb3c5f04fd39d9e122ef876f,528095683
{app}\NPA5\SPECOD\prikaz_906n\170.htm,29782,c7436c0aeda46a93864ff86e7058a1225527ed8a,528112343
{app}\NPA5\SPECOD\prikaz_906n\171.htm,16747,1c3a03e8ec43b824890d8c04aca6dc4540380dcd,528142125
{app}\NPA5\SPECOD\prikaz_906n\172.htm,23522,0813e31c838be6a813df0043b735b20e71078219,528158872
{app}\NPA5\SPECOD\prikaz_906n\173.htm,27968,e1e6075c75deba4432f44cbc51784d28cdcd15ac,528182394
{app}\NPA5\SPECOD\prikaz_906n\174.htm,95194,846534f80192898e861075e5a29e15b3a10f6941,528210362
{app}\NPA5\SPECOD\prikaz_906n\175.htm,6460,12f9220a435254da782bc340786a8e86ce9a86b5,528305556
{app}\NPA5\SPECOD\prikaz_906n\176.htm,6644,0c0c0e0750380f12d746f692c0f4ea8af2213679,528312016
{app}\NPA5\SPECOD\prikaz_906n\177.htm,23342,9fb5e89ab68689d8ce1d2fd0dd3072a288801078,528318660
{app}\NPA5\SPECOD\prikaz_906n\178.htm,14799,579889d32910d2defb68cf1fa57b1e77f39e1117,528342002
{app}\NPA5\SPECOD\prikaz_906n\179.htm,69463,b02896b37b69dbd6ee532e0b0881be6f64a52bdd,528356801
{app}\NPA5\SPECOD\prikaz_906n\180.htm,28388,6e29fd7eb3e372a39a951a5155238da11fc6a2ca,528426264
{app}\NPA5\SPECOD\prikaz_906n\181.htm,211345,ae92554a06ef44bdc4c91eea8aa18b33e1f53889,528454652
{app}\NPA5\SPECOD\prikaz_906n\182.htm,50545,e418380746abf83b568df3ac194a109fcf90d839,528665997
{app}\NPA5\SPECOD\prikaz_906n\183.htm,7728,04dd603e1ac60327bc11be58b0e6c85d8b40c521,528716542
{app}\NPA5\SPECOD\prikaz_906n\184.htm,16411,f2495956a4cf679fd12157a076d924cfc7bf29cd,528724270
{app}\NPA5\SPECOD\prikaz_906n\185.htm,14294,c6b3f6aa37c5d6eb62c89ae50a43e43e394cb931,528740681
{app}\NPA5\SPECOD\prikaz_906n\186.htm,16637,ada2e9a75b61ba4a31ec7ebf9c1532d459e59721,528754975
{app}\NPA5\SPECOD\prikaz_906n\187.htm,59697,bbaeef78ef77c2fe012538d903006ced2c6843a7,528771612
{app}\NPA5\SPECOD\prikaz_906n\188.htm,13994,f52b7c3b1063d9197059ed98180bf970b62aea9b,528831309
{app}\NPA5\SPECOD\prikaz_906n\189.htm,5297,47e1943cf4f26c0dcbb6e447877e8737f011af4e,528845303
{app}\NPA5\SPECOD\prikaz_906n\190.htm,12397,94fec12a2d53c1a6740b9c87407f5b920bee6439,528850600
{app}\NPA5\SPECOD\prikaz_906n\191.htm,47261,c7f835cb09781d049d5e5f2424dca5f450631cb7,528862997
{app}\NPA5\SPECOD\prikaz_906n\192.htm,12605,ddd03289e4348f15422a9bb9ec579447e1b07180,528910258
{app}\NPA5\SPECOD\prikaz_906n\193.htm,5192,ab369184ac31e7e40217d06960bc3485f4a3462a,528922863
{app}\NPA5\SPECOD\prikaz_906n\194.htm,11117,a43f6f193f4dfd925d7eb1c25f2014e25bc2e219,528928055
{app}\NPA5\SPECOD\prikaz_906n\195.htm,7833,b21e69514f502109bfb738e360509e4e463d1019,528939172
{app}\NPA5\SPECOD\prikaz_906n\196.htm,12696,9c9ba1f0bb18f8997ef175d1aae509de1a2a7cb1,528947005
{app}\NPA5\SPECOD\prikaz_906n\197.htm,18952,13c4f449b68cb14fdb2e59291d396a16e0ed1c97,528959701
{app}\NPA5\SPECOD\prikaz_906n\198.htm,4382,97226c208a26ddaf40142122c86f9ca6c6a50bcb,528978653
{app}\NPA5\SPECOD\prikaz_906n\199.htm,24917,d19346891bda5dc2cc1bd46f9cd375a5f0d31155,528983035
{app}\NPA5\SPECOD\prikaz_906n\200.htm,8261,c8eec1fa1626f2c500149a026110c371d5059cc2,529007952
{app}\NPA5\SPECOD\prikaz_906n\201.htm,24072,49f86b29fc5fabc397e71ed913c691bc977801ef,529016213
{app}\NPA5\SPECOD\prikaz_906n\202.htm,11821,ee8224247105472f5d56bf7f259e345299e15975,529040285
{app}\NPA5\SPECOD\prikaz_906n\203.htm,16031,08c1c49351b5462642580b1efc044ecae161c321,529052106
{app}\NPA5\SPECOD\prikaz_906n\204.htm,5685,b4c304f4b5b5628fe1920c48f571ea9876b0ab2b,529068137
{app}\NPA5\SPECOD\prikaz_906n\205.htm,72303,245b164043658155effb020c11545d34503d5637,529073822
{app}\NPA5\SPECOD\prikaz_906n\206.htm,34938,932d0d5ce40b9dc6f91efa663a7279bab56071d8,529146125
{app}\NPA5\SPECOD\prikaz_906n\207.htm,27967,21942afb7c0ebf9961fc3819813a97970f86a12f,529181063
{app}\NPA5\SPECOD\prikaz_906n\208.htm,16837,be5822a9c222ed160a3fc3fea301eb4932a14cd0,529209030
{app}\NPA5\SPECOD\prikaz_906n\209.htm,82529,eb365f1ab1c9c6106d3d49ab86a5842340f0db0d,529225867
{app}\NPA5\SPECOD\prikaz_906n\210.htm,6742,fd280f36dd66a07ba175339e5c4d891ff6765376,529308396
{app}\NPA5\SPECOD\prikaz_906n\211.htm,7919,d08289d6ca0bfe0379941c2838b03e467817c732,529315138
{app}\NPA5\SPECOD\prikaz_906n\212.htm,85802,2268d9b3fc5fdacefc9b001a95bb12b0586fb375,529323057
{app}\NPA5\SPECOD\prikaz_906n\213.htm,12758,b25a94428fd41cd6246850659a75cdf14ab7f254,529408859
{app}\NPA5\SPECOD\prikaz_906n\214.htm,4977,3863c035d90733411e88abcc5400de401843a3e0,529421617
{app}\NPA5\SPECOD\prikaz_906n\215.htm,7823,bad93cf5a88a6f0dccc62b7626d3a87013644a78,529426594
{app}\NPA5\SPECOD\prikaz_906n\216.htm,46785,91e33bf0d4ca9ca29af67d3ff81ba10ef318f836,529434417
{app}\NPA5\SPECOD\prikaz_906n\217.htm,29694,d3b35052254d9f3c363ee422d2838ec68e64f1ee,529481202
{app}\NPA5\SPECOD\prikaz_906n\218.htm,11352,277d80f261699746eca72b18273fe703f7cfcaa2,529510896
{app}\NPA5\SPECOD\prikaz_906n\219.htm,6326,2c73ff9a8512fc91e607cdce8006d8fd0ba2007d,529522248
{app}\NPA5\SPECOD\prikaz_906n\220.htm,306741,d814cc839c0143d403d6b0855fb32bb5e50a4974,529528574
{app}\NPA5\SPECOD\prikaz_906n\221.htm,7163,1737d8315e8445df0cbced58438069e93dc536e7,529835315
{app}\NPA5\SPECOD\prikaz_906n\222.htm,9122,8d7791414aaab54f96510fcd8027ee6e8a652f1b,529842478
{app}\NPA5\SPECOD\prikaz_906n\223.htm,7126,450d7213539bc5b56ae0f68e60a49988f578808f,529851600
{app}\NPA5\SPECOD\prikaz_906n\224.htm,8799,007782d754adb1c526ea31b713d5af5aefcb8bcb,529858726
{app}\NPA5\SPECOD\prikaz_906n\225.htm,32962,621cddd46d71dde38b689baef495bdcee0a868cb,529867525
{app}\NPA5\SPECOD\prikaz_906n\226.htm,6764,3160b73f763da0180a6eda76be81a7a41a9944e2,529900487
{app}\NPA5\SPECOD\prikaz_906n\227.htm,14446,4b67fcb1ec30a48314567aee5c3d8286c81961a0,529907251
{app}\NPA5\SPECOD\prikaz_906n\228.htm,14876,be6b8fe46677a4eae1abe0dc6737b2fb6e23aeb1,529921697
{app}\NPA5\SPECOD\prikaz_906n\229.htm,6894,f07c444dc706c2884e76ecd65cccbf39083ae834,529936573
{app}\NPA5\SPECOD\prikaz_906n\230.htm,56882,321dcffcabb3fe13affe7df302bef7583db10ebb,529943467
{app}\NPA5\SPECOD\prikaz_906n\231.htm,203717,901b7fb5778537aecadfd39844fd948c521cad52,530000349
{app}\NPA5\SPECOD\prikaz_906n\232.htm,26689,804f98d910eed54006b6956b085f4e313d3974b0,530204066
{app}\NPA5\SPECOD\prikaz_906n\233.htm,11161,bef53d9439589fd4abd6586d75de7ffb270eac61,530230755
{app}\NPA5\SPECOD\prikaz_906n\234.htm,74247,edd875c88a5a18b7909ae3f556c6ba94d9cd4fa3,530241916
{app}\NPA5\SPECOD\prikaz_906n\235.htm,11131,ad12c8415e50459e68b6a26d36d5165568b6dcdc,530316163
{app}\NPA5\SPECOD\prikaz_906n\236.htm,16869,05e6177c2575fb0922f770491df2a0f667865f9c,530327294
{app}\NPA5\SPECOD\prikaz_906n\237.htm,27084,bd3785d5bf5f839df508d379815ec533aed0ef1e,530344163
{app}\NPA5\SPECOD\prikaz_906n\238.htm,34125,535d4ca247b39b3ff6da87ceaced817b5384d8a1,530371247
{app}\NPA5\SPECOD\prikaz_906n\239.htm,7932,f71e98dbbf55a80f5b28b61d555c6d775cf60d70,530405372
{app}\NPA5\SPECOD\prikaz_906n\240.htm,39393,ebb3decde664204dca322d0ef2e403b54729c2a3,530413304
{app}\NPA5\SPECOD\prikaz_906n\241.htm,53966,5230694625a5cfd8178079ce112743c4b98db519,530452697
{app}\NPA5\SPECOD\prikaz_906n\242.htm,338322,da6b9acf67fe6ca4491a5d96e6507a30a1fbd04c,530506663
{app}\NPA5\SPECOD\prikaz_906n\243.htm,351780,f86e2184475baecb09bbb09d614b9601c7241a00,530844985
{app}\NPA5\SPECOD\prikaz_906n\244.htm,129726,7ca83c9856bbc489a230ad814883954ee0d01783,531196765
{app}\NPA5\SPECOD\prikaz_906n\245.htm,51964,61e60b75a57bf2d88e53b64dc254ff9a40c6a8d7,531326491
{app}\NPA5\SPECOD\prikaz_906n\246.htm,20510,729f176387e085064382dfb0bc33aaf10261bf70,531378455
{app}\NPA5\SPECOD\prikaz_906n\247.htm,94218,9d007d736acfe42eb63d6488eabd3bd4fd95facf,531398965
{app}\NPA5\SPECOD\prikaz_906n\248.htm,75914,6ea408ccfd8017dc500c2f43160d79b4627450f5,531493183
{app}\NPA5\SPECOD\prikaz_906n\249.htm,44300,76bdeaa59bddc2f11c7e467c49f2740722120538,531569097
{app}\NPA5\SPECOD\prikaz_906n\250.htm,9997,8da1310f6121552e4b36f42da8c18741e4434459,531613397
{app}\NPA5\SPECOD\prikaz_906n\251.htm,9820,440ea687a453274132aaef7b43e2dafcfc9ea510,531623394
{app}\NPA5\SPECOD\prikaz_906n\252.htm,62879,0ca1ab065e7f15a9c240bce27e85d9f1545d1084,531633214
{app}\NPA5\SPECOD\prikaz_906n\253.htm,43391,ea84c8be5a0c62a45d64d3352633291b6b05896d,531696093
{app}\NPA5\SPECOD\prikaz_906n\254.htm,122531,10335cba61e89f5fb308128f4802bf552b9ff60c,531739484
{app}\NPA5\SPECOD\prikaz_906n\255.htm,22518,1f3f7f7301f2ce0b2fcf38b1f70c65772cd0046f,531862015
{app}\NPA5\SPECOD\prikaz_906n\256.htm,73898,c3b062be714fcffde8e34fba9c0677d466f99824,531884533
{app}\NPA5\SPECOD\prikaz_906n\257.htm,33730,ed72f0a932996d3f513dfa0443e5db1ad3174627,531958431
{app}\NPA5\SPECOD\prikaz_906n\258.htm,52712,057eaa06501aa0371ac3839f3b74f47b696a633b,531992161
{app}\NPA5\SPECOD\prikaz_906n\259.htm,48455,c2569ca800cdc3b3aec8731252e349ca3c77f48a,532044873
{app}\NPA5\SPECOD\prikaz_906n\260.htm,16542,aa67100b1fa564cc1b7ebdc6e8831ceeb1efe9be,532093328
{app}\NPA5\SPECOD\prikaz_906n\261.htm,48564,1f034dca74f98b2676400bb0e6d86f35d9af8fa5,532109870
{app}\NPA5\SPECOD\prikaz_906n\262.htm,24825,3710c61cf2839dfd318ea2640a515d1ef4f0c21f,532158434
{app}\NPA5\SPECOD\prikaz_906n\263.htm,16502,9d73aff1e8502d172b2bb08bdc36b9ae2b7fddbe,532183259
{app}\NPA5\SPECOD\prikaz_906n\264.htm,44358,45a3061fcb41ff1a6c9445352fedfd009820ea3b,532199761
{app}\NPA5\SPECOD\prikaz_906n\265.htm,97430,42b45dc4051594cfbdd628030d88fe8853aa0771,532244119
{app}\NPA5\SPECOD\prikaz_906n\266.htm,69464,9a17a03333e735ba812dc571ce047d328eb18e18,532341549
{app}\NPA5\SPECOD\prikaz_906n\267.htm,52514,4934beb806dbef2dadffe8e257c16cfce7d23a2f,532411013
{app}\NPA5\SPECOD\prikaz_906n\268.htm,57616,9347671b5f22657163d1234730d8704c081c9164,532463527
{app}\NPA5\SPECOD\prikaz_906n\269.htm,286894,e148b431b3a632c83bf76a5c767e9f404370829e,532521143
{app}\NPA5\SPECOD\prikaz_906n\270.htm,53715,70ae3e39a89e99f96b635970001810fca664acec,532808037
{app}\NPA5\SPECOD\prikaz_906n\271.htm,9282,e34a13d3cd429c80f7676267b3cf0ecd36b65b2f,532861752
{app}\NPA5\SPECOD\prikaz_906n\272.htm,10320,fe85a4907242c195bf0661f652ba38733622d85f,532871034
{app}\NPA5\SPECOD\prikaz_906n\273.htm,150359,155b6f8d0c214e53fe0001b98293a29bd80b4f60,532881354
{app}\NPA5\SPECOD\prikaz_906n\274.htm,57382,dfce6313118e02e49b1c23c5fa8fa6b5e1861d93,533031713
{app}\NPA5\SPECOD\prikaz_906n\275.htm,58927,954aeb418a025478f0fade73bf38364d60327682,533089095
{app}\NPA5\SPECOD\prikaz_906n\276.htm,24099,657b144ab1029d39547c8f3bcd800c521d99707d,533148022
{app}\NPA5\SPECOD\prikaz_906n\277.htm,9189,2f9d92c887ae79324a02d764e13e84fea5289e49,533172121
{app}\NPA5\SPECOD\prikaz_906n\278.htm,10135,9962155a9355e8f03f39b34cb85e636350a9ff89,533181310
{app}\NPA5\SPECOD\prikaz_906n\279.htm,10937,30440de396763c7ee10170dc73cba878ce84733c,533191445
{app}\NPA5\SPECOD\prikaz_906n\280.htm,86045,aa44f4fa0f086b73b29513c7f1a0778bf5ac7372,533202382
{app}\NPA5\SPECOD\prikaz_906n\281.htm,35716,e5514e409ffd5b362a0560e48faae08d21f2cae7,533288427
{app}\NPA5\SPECOD\prikaz_906n\282.htm,67433,de585254c6699e73dec2f9b8ef04f6cffed0b5d5,533324143
{app}\NPA5\SPECOD\prikaz_906n\283.htm,79115,d7e2fef3966082a22941900fb91e8dd1c6c7cc02,533391576
{app}\NPA5\SPECOD\prikaz_906n\284.htm,17696,d44214cde64e164db13f69097132430eb4b842a0,533470691
{app}\NPA5\SPECOD\prikaz_906n\285.htm,23987,ac61e85f5bb6b5566777028a7b09d4c1e43a4a58,533488387
{app}\NPA5\SPECOD\prikaz_906n\286.htm,38421,ec6b76f89b245c2c61aa4d21863890382b1f3e11,533512374
{app}\NPA5\SPECOD\prikaz_906n\287.htm,32272,b28dd5c644d65f011a0bd69b52fe83ceb75b36d2,533550795
{app}\NPA5\SPECOD\prikaz_906n\288.htm,9503,c5a63b8d907c2a9c4fb965c38681c232fe690447,533583067
{app}\NPA5\SPECOD\prikaz_906n\289.htm,4796,6292bab59036fe4fcfc1198c4787b4bd43d63fac,533592570
{app}\NPA5\SPECOD\prikaz_906n\290.htm,27071,39f72ef3b62cbb6ed5a8aad0286bd45bf872c6f7,533597366
{app}\NPA5\SPECOD\prikaz_906n\291.htm,7631,ef56d54c53e22e83ab0b00d15b0bdd5e308dbe03,533624437
{app}\NPA5\SPECOD\prikaz_906n\292.htm,16282,ff5bbd4bac57bf8af49a046fc75a628a1fd63ad8,533632068
{app}\NPA5\SPECOD\prikaz_906n\293.htm,8110,58fc7d8dbdc29f1c693821e1ef64a2e6e464ea3d,533648350
{app}\NPA5\SPECOD\prikaz_906n\294.htm,16728,c8b12b744da2b728f7e09d7a9d7f3b8bc782315f,533656460
{app}\NPA5\SPECOD\prikaz_906n\295.htm,25266,68417eb233bcbabb89b0658d06f0ffd49299e412,533673188
{app}\NPA5\SPECOD\prikaz_906n\296.htm,30336,dec2fa34c3bda91293834db90f95ffd249ded316,533698454
{app}\NPA5\SPECOD\prikaz_906n\297.htm,39071,bd93fe7b1a052ed151735db8c2dcb66a3dfca2ee,533728790
{app}\NPA5\SPECOD\prikaz_906n\298.htm,11691,695a9dafb01a158cf77368faa1c4c43630758c41,533767861
{app}\NPA5\SPECOD\prikaz_906n\299.htm,7387,74bafb649afe8941ccbac812cf1a6fd95ead9e90,533779552
{app}\NPA5\SPECOD\prikaz_906n\300.htm,23728,faa78c8766490c847421572e265f56cc97455588,533786939
{app}\NPA5\SPECOD\prikaz_906n\301.htm,17595,65c1377082f3a19ed5438b260d5fbb55ea2abf4a,533810667
{app}\NPA5\SPECOD\prikaz_906n\302.htm,7636,7d988306db6aa5e546f15bd6463e4cbb8d23a8ce,533828262
{app}\NPA5\SPECOD\prikaz_906n\303.htm,7299,9612bd0ef87fd90529c6a1f07095b9ea33b2cd5d,533835898
{app}\NPA5\SPECOD\prikaz_906n\304.htm,26209,87b0465a0f703346b7acdbae7e638cf8f5eca7fb,533843197
{app}\NPA5\SPECOD\prikaz_906n\305.htm,24895,8297d3f7275128488dc723481e8b598643bd450f,533869406
{app}\NPA5\SPECOD\prikaz_906n\306.htm,8289,c162a6bbc150bd2a8366791e751625f7b83a1c6e,533894301
{app}\NPA5\SPECOD\prikaz_906n\307.htm,35159,47563a95272799935b395ec59093edc854363047,533902590
{app}\NPA5\SPECOD\prikaz_906n\308.htm,21379,048c49f4c5c1795fd4197fdd14d3092baf971814,533937749
{app}\NPA5\SPECOD\prikaz_906n\309.htm,41089,db1266791df663072f8958e08e29c13d22605e1b,533959128
{app}\NPA5\SPECOD\prikaz_906n\310.htm,8751,0e560d861d88391874862618a18c100bf891e498,534000217
{app}\NPA5\SPECOD\prikaz_906n\311.htm,4079,ba49cc0e10b7602d7cfe7c1fc6a26636856f310f,534008968
{app}\NPA5\SPECOD\prikaz_906n\312.htm,23873,9fa51d257aea1fd694ae2b0218a3a263b6ece856,534013047
{app}\NPA5\SPECOD\prikaz_906n\313.htm,4084,1cbae54fc152c384792fdfc94bd1f19ff1c34a3f,534036920
{app}\NPA5\SPECOD\prikaz_906n\314.htm,31755,385b272967a3c61a7a21afcb28091cc489890b56,534041004
{app}\NPA5\SPECOD\prikaz_906n\315.htm,7571,89cc4045d356a90780442641c533f23a6e8653b4,534072759
{app}\NPA5\SPECOD\prikaz_906n\316.htm,8200,fa712badcdf0781b41462a21ae2910c9d482b45d,534080330
{app}\NPA5\SPECOD\prikaz_906n\317.htm,35550,0ccc74e79577833de093c1bb6326d8612a0a8460,534088530
{app}\NPA5\SPECOD\prikaz_906n\318.htm,16242,2cf60fcbf9f2efae08826c595738f9f8a1e73ef9,534124080
{app}\NPA5\SPECOD\prikaz_906n\319.htm,15859,329e30928f38a1a1dc1cc246bc91c2cf3412e9a1,534140322
{app}\NPA5\SPECOD\prikaz_906n\320.htm,31765,6bcb227c74c594d3509de73f1e38539f24b9a42c,534156181
{app}\NPA5\SPECOD\prikaz_906n\321.htm,5660,3bb6117bb03e6069c5e24d262fbac9834a749b17,534187946
{app}\NPA5\SPECOD\prikaz_906n\322.htm,11697,c76ca1daa81bfa67dba3d1ec321dddd4066965a9,534193606
{app}\NPA5\SPECOD\prikaz_906n\323.htm,44241,261199a197ac78852d9cd5c68d1dd22ec8d81f9d,534205303
{app}\NPA5\SPECOD\prikaz_906n\324.htm,9838,9d68ddb6530cf6751411789263e1d7a620ff50f3,534249544
{app}\NPA5\SPECOD\prikaz_906n\325.htm,6781,f0bc38909fbc6a26eca4fd28f653358c243b9b5a,534259382
{app}\NPA5\SPECOD\prikaz_906n\326.htm,6606,6e976b94ef6beda2f67b111514781f6838722823,534266163
{app}\NPA5\SPECOD\prikaz_906n\327.htm,10872,c7825ffdfec0fbbc3a79cb5a8a3aa298b449c87f,534272769
{app}\NPA5\SPECOD\prikaz_906n\328.htm,26621,4d61bea47aff601ba251cce605a1ff5122d240ef,534283641
{app}\NPA5\SPECOD\prikaz_906n\329.htm,7132,613e51ba3ec371c2a23afb5a0f44f95c13310e94,534310262
{app}\NPA5\SPECOD\prikaz_906n\330.htm,11058,9f17c98ca0034089d94c8e22fa6bc687e28322ae,534317394
{app}\NPA5\SPECOD\prikaz_906n\331.htm,7884,1ba701d6913fa36a3a5c08f661cccecbc8ceb87e,534328452
{app}\NPA5\SPECOD\prikaz_906n\332.htm,24153,e65bff7964441fc36990835c8870c2cdd4469dd4,534336336
{app}\NPA5\SPECOD\prikaz_906n\333.htm,19313,c35c4004b2c1e53133eb8870668f12a64faf24e6,534360489
{app}\NPA5\SPECOD\prikaz_906n\334.htm,24575,93ed09fdc0a5f0931deb37022d7242840e4796e0,534379802
{app}\NPA5\SPECOD\prikaz_906n\335.htm,16621,2d4b56b25d1d2cbde86e342a2009b325b252363c,534404377
{app}\NPA5\SPECOD\prikaz_906n\336.htm,103714,26001f6118af94bbbc3975d3b0954678ef884f42,534420998
{app}\NPA5\SPECOD\prikaz_906n\337.htm,24326,e44fe017450ccecfe9380bcd0a80f934b0be4de9,534524712
{app}\NPA5\SPECOD\prikaz_906n\338.htm,4420,b33f288f12173a1e5da63239b71da2abe93e73f2,534549038
{app}\NPA5\SPECOD\prikaz_906n\339.htm,11649,3bd5cbf07cf1157c67178210b013073b74ec23a9,534553458
{app}\NPA5\SPECOD\prikaz_906n\340.htm,7301,53cb0fa490f14935e1a512665d4d7b309d721bf9,534565107
{app}\NPA5\SPECOD\prikaz_906n\341.htm,23059,3a057ffe7ac0bb28797d9c0d53e6bf84b8e28f9d,534572408
{app}\NPA5\SPECOD\prikaz_906n\342.htm,25166,fb0545c733db16745e9d3e4e73e1d714409f4257,534595467
{app}\NPA5\SPECOD\prikaz_906n\343.htm,13229,7bb3af36ef5a707c155cd0625729f61d211395a8,534620633
{app}\NPA5\SPECOD\prikaz_906n\344.htm,9267,012926bd46cfc570af121c3834a0ea0d55cb017f,534633862
{app}\NPA5\SPECOD\prikaz_906n\345.htm,28175,8addb2474a5dd787b0660c5b2972e81e235cfdfe,534643129
{app}\NPA5\SPECOD\prikaz_906n\346.htm,21897,43e0460bd8bbdd5c88aab6685236c962abcc6a6d,534671304
{app}\NPA5\SPECOD\prikaz_906n\347.htm,139758,4bd6d276156f362ee457f46126a81d887b4f1401,534693201
{app}\NPA5\SPECOD\prikaz_906n\348.htm,4824,3b70a6f339dacd46e053af9ecf7421e172b558d0,534832959
{app}\NPA5\SPECOD\prikaz_906n\349.htm,22035,771e5b14f6815d9d02d42f5bebf6766b3148043b,534837783
{app}\NPA5\SPECOD\prikaz_906n\350.htm,8715,e8a7ceb4cf6bfb6c6d771b8ede4f0f85f44ac9f4,534859818
{app}\NPA5\SPECOD\prikaz_906n\351.htm,28233,50cd3ee2f119da6267e3ca181771a38e261d5120,534868533
{app}\NPA5\SPECOD\prikaz_906n\352.htm,48590,c22a6befc16350f7df68ab004b913d1d18f1e161,534896766
{app}\NPA5\SPECOD\prikaz_906n\353.htm,19748,c8adcfaa5b864d0fe1718d39ba6fa212813afc71,534945356
{app}\NPA5\SPECOD\prikaz_906n\354.htm,7059,359b67d82bac9e610baf038ec9641799503559c5,534965104
{app}\NPA5\SPECOD\prikaz_906n\355.htm,18150,5d0ce56771f52c4de1fe22c8e56bcc30ee024dd7,534972163
{app}\NPA5\SPECOD\prikaz_906n\356.htm,19172,b8669a103ed27be9e85daa300c9685dce2e781c8,534990313
{app}\NPA5\SPECOD\prikaz_906n\357.htm,35171,edab19c414aa438352805675d2a83d0505915ad9,535009485
{app}\NPA5\SPECOD\prikaz_906n\358.htm,9482,08625d9937ca92df42dc85e191ade30169e2178c,535044656
{app}\NPA5\SPECOD\prikaz_906n\359.htm,9353,29d8b91da3eab144f5f5b0a4110ea985d9b5a42d,535054138
{app}\NPA5\SPECOD\prikaz_906n\360.htm,53645,d52370979b84365fe89eece4c34bd1f0ec157a75,535063491
{app}\NPA5\SPECOD\prikaz_906n\361.htm,16548,0ade86a63998f01d381a8adf4496a2afd237ceb4,535117136
{app}\NPA5\SPECOD\prikaz_906n\362.htm,12024,9e4658784b517dcd62b9ce66e5e691b69eefe902,535133684
{app}\NPA5\SPECOD\prikaz_906n\363.htm,15000,4754bbc7238cece9cadb4afa3b0d7515da3a76b8,535145708
{app}\NPA5\SPECOD\prikaz_906n\364.htm,31191,8e649b90e8941bba9605bdec907da418ad0cf481,535160708
{app}\NPA5\SPECOD\prikaz_906n\365.htm,7679,8d4a9924352cbdc6a16be6b164bb2a41096884f5,535191899
{app}\NPA5\SPECOD\prikaz_906n\366.htm,9111,a3b3f59c4c714a3bb5f0de85f8b1f24c4d3b546f,535199578
{app}\NPA5\SPECOD\prikaz_906n\367.htm,45401,3874f03c417327eee13396067c8a0e3e35b41539,535208689
{app}\NPA5\SPECOD\prikaz_906n\368.htm,24761,3cbbe7b089eb18b48d2cd6e15367ac174479b3a0,535254090
{app}\NPA5\SPECOD\prikaz_906n\369.htm,21261,eede668f3fcba5d6e679e1d840098b788300e13c,535278851
{app}\NPA5\SPECOD\prikaz_906n\370.htm,14837,8c225260b8f0025c0a69d9b828baffd10c4765b6,535300112
{app}\NPA5\SPECOD\prikaz_906n\371.htm,54545,551b9af58250337ece6b1bbb50996e3bda5c6329,535314949
{app}\NPA5\SPECOD\prikaz_906n\372.htm,17977,ee1d9aad8602b562c226ccdd20faf0dec1b97fff,535369494
{app}\NPA5\SPECOD\prikaz_906n\373.htm,51921,fa03dafffa5f121b1357c9ff8093559f704721a3,535387471
{app}\NPA5\SPECOD\prikaz_906n\374.htm,72742,f27e3b7c3f696b7d7e7b864fd506401984e15288,535439392
{app}\NPA5\SPECOD\prikaz_906n\375.htm,55789,55e1e760716b7ed96d942bbbf500c915e535bfc0,535512134
{app}\NPA5\SPECOD\prikaz_906n\376.htm,9853,991da2362bcf5cefd8b454085edd24fa737b0a2d,535567923
{app}\NPA5\SPECOD\prikaz_906n\377.htm,26719,c92b8ba9c49b400cab568ddf28caf5f482a03e1d,535577776
{app}\NPA5\SPECOD\prikaz_906n\378.htm,50231,c254f8b03a6a69d319e081f229a5831a73130d4f,535604495
{app}\NPA5\SPECOD\prikaz_906n\379.htm,9993,e665dfbea5b9123de457d662bb6ccfee3751b7f1,535654726
{app}\NPA5\SPECOD\prikaz_906n\380.htm,40084,63e90e4b00aa58c6126dd98131c527710fb9b339,535664719
{app}\NPA5\SPECOD\prikaz_906n\381.htm,10786,fde19b036abf7f57a2f30f3aa5acc9adfd06074b,535704803
{app}\NPA5\SPECOD\prikaz_906n\382.htm,9841,ed9cc1047b01600661c964166c3aa92f9b80ae1e,535715589
{app}\NPA5\SPECOD\prikaz_906n\383.htm,55796,fb4f1c96ab80257654839b1ddd0c88f806ffad44,535725430
{app}\NPA5\SPECOD\prikaz_906n\384.htm,32613,055925228b772d7ef2ff5339086e9233488349d1,535781226
{app}\NPA5\SPECOD\prikaz_906n\385.htm,77422,c484cef771510bf8be6326ab6445385ec056257d,535813839
{app}\NPA5\SPECOD\prikaz_906n\386.htm,69737,eea2d33cbced84cf79216bd17b571f906bbe0067,535891261
{app}\NPA5\SPECOD\prikaz_906n\387.htm,46760,6fd128f2c362587f940a094fbb98b1424df1fe34,535960998
{app}\NPA5\SPECOD\prikaz_906n\388.htm,39260,7e7b239daa5c257a46bc29b5a3e011880c4ce0d3,536007758
{app}\NPA5\SPECOD\prikaz_906n\389.htm,10317,5301dd930151c1692ab089d539729aed6b1cd947,536047018
{app}\NPA5\SPECOD\prikaz_906n\390.htm,60112,066e9df69cb3714356b53288356d9ff66e1ae299,536057335
{app}\NPA5\SPECOD\prikaz_906n\391.htm,32381,014b379ab928a9b53c1323acfd26a3c36085d690,536117447
{app}\NPA5\SPECOD\prikaz_906n\392.htm,109678,a3e6e7eacdfd8ffd6e6d320e1116a63668228db0,536149828
{app}\NPA5\SPECOD\prikaz_906n\393.htm,9671,7cb9a2d0038ede50d68723764905569de112b061,536259506
{app}\NPA5\SPECOD\prikaz_906n\394.htm,91252,9f271a7a9bb3578b70f0e5cfc3c084a8d57732e9,536269177
{app}\NPA5\SPECOD\prikaz_906n\395.htm,9695,0cef1a20228d82ff5a05b186c003f18539a90506,536360429
{app}\NPA5\SPECOD\prikaz_906n\396.htm,54964,cf1a657d000d8a2070959b10a9e89ec401b7a810,536370124
{app}\NPA5\SPECOD\prikaz_906n\397.htm,62179,75705076cb279f8786b6094e8f3efb87508da0a6,536425088
{app}\NPA5\SPECOD\prikaz_906n\398.htm,10171,0c72c5b255f7d991c55aaebea49b15372d53da98,536487267
{app}\NPA5\SPECOD\prikaz_906n\399.htm,25307,66e13656cfcab2a8496f5ca31328e9dc8d78146b,536497438
{app}\NPA5\SPECOD\prikaz_906n\400.htm,16826,06c5d3994b1407c245cc3aa3cbb64faa58d94232,536522745
{app}\NPA5\SPECOD\prikaz_906n\401.htm,129610,479e98168ac28deb3a50d9ae89341dc06b2d0858,536539571
{app}\NPA5\SPECOD\prikaz_906n\402.htm,9979,5b1d5de191a8ab94d2fb64cc5df2bdbac354b1bd,536669181
{app}\NPA5\SPECOD\prikaz_906n\403.htm,55996,6f3c352a01ee67775efce8c39f7827e40ae87c51,536679160
{app}\NPA5\SPECOD\prikaz_906n\404.htm,9831,5fa77c95f83a8d39d53b0a285072ef95c7ed4d7e,536735156
{app}\NPA5\SPECOD\prikaz_906n\405.htm,48168,737eeb959b892d8627ae6f370f9dadd40e16e17a,536744987
{app}\NPA5\SPECOD\prikaz_906n\406.htm,113018,d91ecdff4b74bfeb9e8a41f6f6eb157c30f0e29e,536793155
{app}\NPA5\SPECOD\prikaz_906n\407.htm,33839,5ed4a45bef7242a0d3a40fd357a72e693a2e9a77,536906173
{app}\NPA5\SPECOD\prikaz_906n\408.htm,473273,a338f20c5ea10800dfc5f2401bc7a3b02ca73856,536940012
{app}\NPA5\SPECOD\prikaz_906n\409.htm,43176,2e5b2eee4dcdfed55c97ec41d8978eaac4032fad,537413285
{app}\NPA5\SPECOD\prikaz_906n\410.htm,38608,4728386dc9b093c327b8a02bc670b6d8350432cf,537456461
{app}\NPA5\SPECOD\prikaz_906n\411.htm,362432,26b54b4617d78c4dfab21db8a57f0bbcac4b3d7f,537495069
{app}\NPA5\SPECOD\prikaz_906n\412.htm,883605,3a170e1d0d011fa1fea860d800d7c9eb6eec2b67,537857501
{app}\NPA5\SPECOD\prikaz_906n\413.htm,11397,53efa0e085e143b2a1699a55c9d69e9f1ad64a4d,538741106
{app}\NPA5\SPECOD\prikaz_906n\414.htm,15643,8d17d2fec569d63a41cc312c3c694699d5b6cc67,538752503
{app}\NPA5\SPECOD\prikaz_906n\415.htm,4198,7f56744b55b4a7409aebe1a079e95d0d26d87bfa,538768146
{app}\NPA5\SPECOD\prikaz_906n\416.htm,21070,4fedb538e5912dac30fc6459e7bacd8040a13f93,538772344
{app}\NPA5\SPECOD\prikaz_906n\417.htm,350674,2f9ffd2f41465e189f7f683c5837ead9812bb559,538793414
{app}\NPA5\SPECOD\prikaz_906n\418.htm,18093,d780b7139f5f068157912974fc18ec42361a6a7a,539144088
{app}\NPA5\SPECOD\prikaz_906n\419.htm,37468,d74eea78bab5b595345db15d1c0de38c99e68880,539162181
{app}\NPA5\SPECOD\prikaz_906n\420.htm,6933,4df04a773ca4b1b81795d2f088c7da92797981d1,539199649
{app}\NPA5\SPECOD\prikaz_906n\421.htm,35618,219a7ae0a5d595ba9ae07deda3c5ed7c6d2cb3ca,539206582
{app}\NPA5\SPECOD\prikaz_906n\422.htm,57168,f4a7d69384a958880a03654244a56d5be01e80ec,539242200
{app}\NPA5\SPECOD\prikaz_906n\423.htm,18918,2acc0ac3edf0bcec0d0ef489277db979679f3d4c,539299368
{app}\NPA5\SPECOD\prikaz_906n\424.htm,27536,8b23226892c3006e467e52d59c9df1e31b6f1751,539318286
{app}\NPA5\SPECOD\prikaz_906n\425.htm,10781,56aa54a6501c94b78fdc51722ed99c0b73f30825,539345822
{app}\NPA5\SPECOD\prikaz_906n\426.htm,55268,b8d5d12ba5e5c9439d8ff9c37718566a98e5da31,539356603
{app}\NPA5\SPECOD\prikaz_906n\427.htm,10889,5769aff4bbd92e84dbc618fc6b1b306b6293af8f,539411871
{app}\NPA5\SPECOD\prikaz_906n\428.htm,76962,bd6fcf3603b81439438975989c1e3c085a2cfa4f,539422760
{app}\NPA5\SPECOD\prikaz_906n\429.htm,74797,80843aef3ee7e04ba95dfbc2dcaa3065944050d2,539499722
{app}\NPA5\SPECOD\prikaz_906n\430.htm,29516,6a559e47841394af9bd1b42ad036c366c9b26424,539574519
{app}\NPA5\SPECOD\prikaz_906n\431.htm,77299,cfe505875a163789d3b423c074ae665500c6c8a1,539604035
{app}\NPA5\SPECOD\prikaz_906n\432.htm,15865,739431c062403812704ed083432a1ccbc45031f6,539681334
{app}\NPA5\SPECOD\prikaz_906n\433.htm,16892,1ee5df0acbd214b7953ae25ca66dcee44af3b917,539697199
{app}\NPA5\SPECOD\prikaz_906n\434.htm,4227,a71422fbd8a43eca11660490049b5e06274f42d1,539714091
{app}\NPA5\SPECOD\prikaz_906n\435.htm,44068,bb0d192da9e9a4e121d3d5de47db1cef9efe973b,539718318
{app}\NPA5\SPECOD\prikaz_906n\436.htm,39501,6ef9cce62cdee0c0fe8eb6d37e4ef3b7a5c8f8c9,539762386
{app}\NPA5\SPECOD\prikaz_906n\437.htm,60440,41d017a8dcfe75dc078664fa68d7d19675aaea47,539801887
{app}\NPA5\SPECOD\prikaz_906n\438.htm,21978,1dba123060022df72e99704ba43f4b0124a757c6,539862327
{app}\NPA5\SPECOD\prikaz_906n\439.htm,65675,d527d05fb0978bc65b5cb1581ed95bdeee046d9a,539884305
{app}\NPA5\SPECOD\prikaz_906n\440.htm,21939,95e2552db1621a1a9d7545386543162f8b27da2d,539949980
{app}\NPA5\SPECOD\prikaz_906n\441.htm,49763,e5a5cb1ee5462dd96fc88f7ff3a7cb00632b6c22,539971919
{app}\NPA5\SPECOD\prikaz_906n\442.htm,8990,ee6630c789a3b00ad18da6386a0792570539d1af,540021682
{app}\NPA5\SPECOD\prikaz_906n\443.htm,191880,29b429e7424fef12745502c2d4eafd6e1e2e7405,540030672
{app}\NPA5\SPECOD\prikaz_906n\444.htm,29193,0e03ee67116e647f33690e1dac3f83864ddd5afc,540222552
{app}\NPA5\SPECOD\prikaz_906n\445.htm,4529,3fb8b737bc94f8091c06c42643016f6754329733,540251745
{app}\NPA5\SPECOD\prikaz_906n\446.htm,24549,cba4a6c44685e265f49ba4eca946ee6e8cac93bc,540256274
{app}\NPA5\SPECOD\prikaz_906n\447.htm,11517,659ca4ea14163751492ad8e9288051c86e9dafd8,540280823
{app}\NPA5\SPECOD\prikaz_906n\448.htm,220359,1d1d014236370cbad1d3a93c382ee7e503d91e81,540292340
{app}\NPA5\SPECOD\prikaz_906n\449.htm,99503,8805d3fd17af6181dc5944181094c5fadfff9561,540512699
{app}\NPA5\SPECOD\prikaz_906n\450.htm,7125,f83e65996f4a200ff86b803324483874cfa2311f,540612202
{app}\NPA5\SPECOD\prikaz_906n\451.htm,20119,24963f6722fd3d661ccb74a66929e227ca68fc63,540619327
{app}\NPA5\SPECOD\prikaz_906n\452.htm,7136,3c717a2cb6bbcca7fd14db7339f0530860fb78b5,540639446
{app}\NPA5\SPECOD\prikaz_906n\453.htm,48195,b82bf2c47f00948d4a34817c538bc0aaf94b13a4,540646582
{app}\NPA5\SPECOD\prikaz_906n\454.htm,159716,07ba7bf1870d6e96fa292adcb5c8cc84c40b7401,540694777
{app}\NPA5\SPECOD\prikaz_906n\455.htm,6757,68631c802a7e44275815f2b20451960599ec1e05,540854493
{app}\NPA5\SPECOD\prikaz_906n\456.htm,15843,5b940965d382c824fdb0fc363b3cef1913f06343,540861250
{app}\NPA5\SPECOD\prikaz_906n\457.htm,7094,67ec6a3d109158c27332f6912a6d21689b6c5e08,540877093
{app}\NPA5\SPECOD\prikaz_906n\458.htm,7399,e8ba905067a33e84c6be0fc6734001ed3c77811c,540884187
{app}\NPA5\SPECOD\prikaz_906n\459.htm,6465,f35612f82ccfc97beffde9c515d3e94111c0dc12,540891586
{app}\NPA5\SPECOD\prikaz_906n\460.htm,19525,ab25663ef5e75385f6f5199fc976cdd378401d45,540898051
{app}\NPA5\SPECOD\prikaz_906n\461.htm,29578,984c250037b4f83f2615138a418eae73fb8eb057,540917576
{app}\NPA5\SPECOD\prikaz_906n\462.htm,15733,c9e22d3c27963a083e72d8d6bfcf448c79cf5b34,540947154
{app}\NPA5\SPECOD\prikaz_906n\463.htm,51267,79ccfdb16cecd2ec8258ee9fcdac2fda4ea06d92,540962887
{app}\NPA5\SPECOD\prikaz_906n\464.htm,27525,e6007799de554059e2850e96a3bc72745f8e548d,541014154
{app}\NPA5\SPECOD\prikaz_906n\465.htm,32036,79058b5a38995dbc23c16fb45f158732d87dedeb,541041679
{app}\NPA5\SPECOD\prikaz_906n\466.htm,8651,f9ff1cb0ebbbeefc320f39779b7ff42f604cfcf9,541073715
{app}\NPA5\SPECOD\prikaz_906n\467.htm,28336,4dfb0ab7a457213020bab49f63bfd1a8942f9c0b,541082366
{app}\NPA5\SPECOD\prikaz_906n\468.htm,12144,6e4cfafd43b55184181c5fc76789939205a3f164,541110702
{app}\NPA5\SPECOD\prikaz_906n\469.htm,12402,8a34f28d336002e97ac852b981994eb000f0bd22,541122846
{app}\NPA5\SPECOD\prikaz_906n\470.htm,30591,a09cf31068fb17c74c56c5f1131f3cd570c9b318,541135248
{app}\NPA5\SPECOD\prikaz_906n\471.htm,155374,34774d13800c761b2f322bf119ee6195d96d15b8,541165839
{app}\NPA5\SPECOD\prikaz_906n\472.htm,6938,4eb14b470a87c262596d5986ec202758f47284ac,541321213
{app}\NPA5\SPECOD\prikaz_906n\473.htm,47328,9a08f31b6ef7991785536d8f59b4df91e8c19e6f,541328151
{app}\NPA5\SPECOD\prikaz_906n\474.htm,11799,3de4559eb8e33d56431c0141eaa39728cc06dae1,541375479
{app}\NPA5\SPECOD\prikaz_906n\475.htm,7085,e768fadeb8d455d472e2a84e6e4440c65fc80fa9,541387278
{app}\NPA5\SPECOD\prikaz_906n\476.htm,101091,3b5b46544e71a823bf64808a53a01b2130bbae42,541394363
{app}\NPA5\SPECOD\prikaz_906n\477.htm,11536,84e48976e06268fed58b14c0c6e46bf43adc678e,541495454
{app}\NPA5\SPECOD\prikaz_906n\478.htm,22124,f04a97ca56e979d109134ebe27348a079007e961,541506990
{app}\NPA5\SPECOD\prikaz_906n\479.htm,13517,68a6b27f94d0c61b710fe995cee5a873c832feef,541529114
{app}\NPA5\SPECOD\prikaz_906n\480.htm,23191,16820deb61f86261ae5a6cc9f9d1683d1daebf2d,541542631
{app}\NPA5\SPECOD\prikaz_906n\481.htm,8602,5f7af4d71dedbfb604ebb9146261361efd978843,541565822
{app}\NPA5\SPECOD\prikaz_906n\482.htm,47912,c399543eb375a1432c6e92fa5f84aa5afb758450,541574424
{app}\NPA5\SPECOD\prikaz_906n\483.htm,22749,ca2b50ebc006bd0f46237e566fc2e005c859c195,541622336
{app}\NPA5\SPECOD\prikaz_906n\484.htm,30904,8aa173d8ef7065178b6a0db9581a2392df6d8833,541645085
{app}\NPA5\SPECOD\prikaz_906n\485.htm,11070,bc49fe9dce6cf8ebb76467eb2f529c3bff4f277b,541675989
{app}\NPA5\SPECOD\prikaz_906n\486.htm,84006,65f7b2572dde6d86b7fd67a0c51ef2ddf487f707,541687059
{app}\NPA5\SPECOD\prikaz_906n\487.htm,21944,17f9bfe18bc8fea7f37db8e8257d759be28379ad,541771065
{app}\NPA5\SPECOD\prikaz_906n\488.htm,29839,ab42d187f56c493e615c507a1036d4b9f3ccaf23,541793009
{app}\NPA5\SPECOD\prikaz_906n\489.htm,7410,477a0d9cf756215a2432e4f5dcde9ca4f4381696,541822848
{app}\NPA5\SPECOD\prikaz_906n\490.htm,10867,57811a4ac4a271de9a45b1077ae46d8ea84446d8,541830258
{app}\NPA5\SPECOD\prikaz_906n\491.htm,49220,b7f06c281c762adbacbd5e5ebafb305f09a0e1b8,541841125
{app}\NPA5\SPECOD\prikaz_906n\492.htm,38065,2d08f8aab43d282b2a580aecf1bb1cb0374537f3,541890345
{app}\NPA5\SPECOD\prikaz_906n\493.htm,6965,ac4bde2435b84b0a3387e0194f51f210781027ec,541928410
{app}\NPA5\SPECOD\prikaz_906n\494.htm,34202,9a761a14d940bfb857a5c8b50a4da9bc7d8d96a1,541935375
{app}\NPA5\SPECOD\prikaz_906n\495.htm,5970,1e9c7840199a8ac49f5b3838254325f67f1766fc,541969577
{app}\NPA5\SPECOD\prikaz_906n\496.htm,46890,e23cd02f553b47721d3f4385f1b4586501330cb4,541975547
{app}\NPA5\SPECOD\prikaz_906n\497.htm,8333,64dab4971ef8599d73a0cfae480713ebb0b37aa6,542022437
{app}\NPA5\SPECOD\prikaz_906n\498.htm,50547,f6bdaf21d0b1a076de28cc1c89b9e39eae3dd1e1,542030770
{app}\NPA5\SPECOD\prikaz_906n\499.htm,8735,960cdefc24151a898ab338c74fcb5581aa29d6a3,542081317
{app}\NPA5\SPECOD\prikaz_906n\500.htm,28653,9a13439341ef56a011d245b168cb97ae19aa91cb,542090052
{app}\NPA5\SPECOD\prikaz_906n\501.htm,56686,cce6b63f932d5c4822ad97d7c7e865b3f0577b82,542118705
{app}\NPA5\SPECOD\prikaz_906n\502.htm,79834,21a089cf48ac2afc72a6f4763bbcdf27d7084fed,542175391
{app}\NPA5\SPECOD\prikaz_906n\503.htm,552994,e388c6d9c3b818467e4ee84900643239c394e747,542255225
{app}\NPA5\SPECOD\prikaz_906n\504.htm,450119,d2b85b518cc14bcdead1ba7c0805c16e3af1cfad,542808219
{app}\NPA5\SPECOD\prikaz_906n\505.htm,85686,d79f9f19386b2a06b0cc235721a43987c898ad02,543258338
{app}\NPA5\SPECOD\prikaz_906n\506.htm,158946,88f4146df24dec92e009a7dac1027cfdf237f1ae,543344024
{app}\NPA5\SPECOD\prikaz_906n\507.htm,56663,fefcf00476e4238745fbc6e149f83f753af03972,543502970
{app}\NPA5\SPECOD\prikaz_906n\508.htm,48871,036a88174047cb37ee167b40b8944f94732dc284,543559633
{app}\NPA5\SPECOD\prikaz_906n\509.htm,36191,294d7a24ac1078ab3372358411985206b3183b00,543608504
{app}\NPA5\SPECOD\prikaz_906n\510.htm,21485,8eca3c36b3c559f376acfade5c139de4e790d1a3,543644695
{app}\NPA5\SPECOD\prikaz_906n\511.htm,30737,4c9daf668c575d7b6711a469c5bab887f879bda0,543666180
{app}\NPA5\SPECOD\prikaz_906n\512.htm,36055,e30b70ed2e005314a4bec19907853a4b12c0cc07,543696917
{app}\NPA5\SPECOD\prikaz_906n\513.htm,45854,b6973545905bc992f8b77cbdd2e3467e83992ac8,543732972
{app}\NPA5\SPECOD\prikaz_906n\514.htm,60173,5e311e8d6959400daec75dada41d122076075292,543778826
{app}\NPA5\SPECOD\prikaz_906n\515.htm,28637,b768339c1480e6a8403318316f249981b456421b,543838999
{app}\NPA5\SPECOD\prikaz_906n\516.htm,8097,12ffdb414d3b3491c49901a8e0b5eee22514390a,543867636
{app}\NPA5\SPECOD\prikaz_906n\517.htm,7475,48f190970cbe25743cd4bcb4f0ba5f140b6bb1e1,543875733
{app}\NPA5\SPECOD\prikaz_906n\518.htm,7081,970babac758344fb0e41aa233533c1ab35b6e5c2,543883208
{app}\NPA5\SPECOD\prikaz_906n\519.htm,23219,d3c70196bbd9814cca472a26d85242bfba1e3bf5,543890289
{app}\NPA5\SPECOD\prikaz_906n\520.htm,24793,a5b0694f8c5bbfbc96be31dad1bd9dc7550dd614,543913508
{app}\NPA5\SPECOD\prikaz_906n\521.htm,153156,7b392b1a38af382c54b5b00149513eb0bd73087b,543938301
{app}\NPA5\SPECOD\prikaz_906n\522.htm,65169,c9c85b56f3d24f3674297a9ee2ee1f88192d4ba9,544091457
{app}\NPA5\SPECOD\prikaz_906n\523.htm,47913,3664e639a25ee47f68a5d535d7ff96839f7bfea2,544156626
{app}\NPA5\SPECOD\prikaz_906n\524.htm,19349,4208d412ccf7dd69a379110b15b14109e156cdab,544204539
{app}\NPA5\SPECOD\prikaz_906n\525.htm,808491,2a70d361f95321428133836ef84fdf96ea3518bb,544223888
{app}\NPA5\SPECOD\prikaz_906n\526.htm,33714,e7c523a5f709c03ad4888203083aee488df08ccb,545032379
{app}\NPA5\SPECOD\prikaz_906n\527.htm,17740,b55c081dc9a1d8e39babbb4d7a53fc8aaa51a0b2,545066093
{app}\NPA5\SPECOD\prikaz_906n\528.htm,23118,ee816faa3684fcfd592327da5432a2299bfcc494,545083833
{app}\NPA5\SPECOD\prikaz_906n\529.htm,69949,59e304ebc68934620385ecf750d5fdb7327e484c,545106951
{app}\NPA5\SPECOD\prikaz_906n\530.htm,9535,e00f997a352f04d632ec51d6e82a5be9d86e6765,545176900
{app}\NPA5\SPECOD\prikaz_906n\531.htm,15019,2cb4d1755fd8d33871190fb540a6e87c3e27c717,545186435
{app}\NPA5\SPECOD\prikaz_906n\532.htm,68438,e93f378bf5100c7979d6e823c32fa871ed3e6edd,545201454
{app}\NPA5\SPECOD\prikaz_906n\533.htm,52190,733cbb95110f5cb26f8b771eab10db94adcbfa95,545269892
{app}\NPA5\SPECOD\prikaz_906n\534.htm,15989,7a3bf6995e5be4967c41956c6e63f65392c478ac,545322082
{app}\NPA5\SPECOD\prikaz_906n\535.htm,15670,12df9cfe6492021d8977e3ec0f71ab48651a1d29,545338071
{app}\NPA5\SPECOD\prikaz_906n\536.htm,92405,31516847435c4eb1e843dc45532e3795306663b2,545353741
{app}\NPA5\SPECOD\prikaz_906n\537.htm,31737,6341fa0e91dba385fe39fee9d259d1c8335a6ee6,545446146
{app}\NPA5\SPECOD\prikaz_906n\538.htm,11641,65a0ca2921cbecdea5c2e0fe09213fb72280bcf1,545477883
{app}\NPA5\SPECOD\prikaz_906n\539.htm,7314,08f15b8120776358ec7e1e8fd9c0c0c54e0ea1cb,545489524
{app}\NPA5\SPECOD\prikaz_906n\540.htm,5959,334d00c1757e1ada92406a38de373a56668009e8,545496838
{app}\NPA5\SPECOD\prikaz_906n\541.htm,4567,fec1e847e3ccdddfdf475ef4f49abc6ded5a34a0,545502797
{app}\NPA5\SPECOD\prikaz_906n\542.htm,24653,bb99abde009cba5ea9d31fbc7a8448dfe8e7e2be,545507364
{app}\NPA5\SPECOD\prikaz_906n\543.htm,12510,436378f25dbdf19f49fe4c771c85cca59084c770,545532017
{app}\NPA5\SPECOD\prikaz_906n\544.htm,35328,60408fc0af0ea9f335f6a7e298b0dea0ebc83bdb,545544527
{app}\NPA5\SPECOD\prikaz_906n\545.htm,16470,728f0258cdd37fe86baac4bb2928edd1edd69f88,545579855
{app}\NPA5\SPECOD\prikaz_906n\546.htm,37672,8fa17096ae4e4627d2a0e5c44ff1a2821e1d290d,545596325
{app}\NPA5\SPECOD\prikaz_906n\547.htm,12722,7365617c4496d5ccd2c689ac57758dbd2405a7bf,545633997
{app}\NPA5\SPECOD\prikaz_906n\548.htm,36025,3b3611c575953f3786be1e19f7cbf6e998350822,545646719
{app}\NPA5\SPECOD\prikaz_906n\549.htm,29153,3acd55d350f8869fe5500e9e0ac00c9d1139b3f9,545682744
{app}\NPA5\SPECOD\prikaz_906n\550.htm,19794,c1afea7252b9b64bb68370fbefb57c3779070a0e,545711897
{app}\NPA5\SPECOD\prikaz_906n\551.htm,4729,2dd38613d27873210e15ffefdfe021dd96715899,545731691
{app}\NPA5\SPECOD\prikaz_906n\552.htm,9158,ccdfd70c35d916e062dd6d3c50d9dccfb375d39f,545736420
{app}\NPA5\SPECOD\prikaz_906n\553.htm,19957,505e234a4bdc420d5d6155d22d0d06d414c00c6c,545745578
{app}\NPA5\SPECOD\prikaz_906n\554.htm,17375,a21971ae6f82184e5455e422ad38e854eb0b2c34,545765535
{app}\NPA5\SPECOD\prikaz_906n\555.htm,129902,bd7e925c12852a54249e78cad6694f8d245db204,545782910
{app}\NPA5\SPECOD\prikaz_906n\556.htm,8317,387bf34b4b0c09161413da270a69e328f9328075,545912812
{app}\NPA5\SPECOD\prikaz_906n\557.htm,6499,5298cd180fa7b6dfe9941a7f194de67f4774ce51,545921129
{app}\NPA5\SPECOD\prikaz_906n\558.htm,26889,cb2014a2f5999aa31a6b746a16c7279abb00a0a0,545927628
{app}\NPA5\SPECOD\prikaz_906n\559.htm,25039,0d74a642ee9615074e035a5594fd6708a8881fba,545954517
{app}\NPA5\SPECOD\prikaz_906n\560.htm,26271,2ec86317d0ec0fcbba72e638855465d3e2a3dbb8,545979556
{app}\NPA5\SPECOD\prikaz_906n\561.htm,24371,5f74f685b44822a018517347bdea9253b6019dad,546005827
{app}\NPA5\SPECOD\prikaz_906n\562.htm,15888,b81a144d46cffb2d80cf5d83cf94162521de8065,546030198
{app}\NPA5\SPECOD\prikaz_906n\563.htm,6665,3e859ec1408b81649075df0edad32eb5ab807cb7,546046086
{app}\NPA5\SPECOD\prikaz_906n\564.htm,29748,c5c1275a3198e1afaaf6164011a162783b968fa0,546052751
{app}\NPA5\SPECOD\prikaz_906n\565.htm,23781,1a589d95b520811b702ba9c389891fd95494c603,546082499
{app}\NPA5\SPECOD\prikaz_906n\566.htm,45732,b6dde4753611f3127278ef495d1f0efef3330313,546106280
{app}\NPA5\SPECOD\prikaz_906n\567.htm,9351,08ba73f78f1ccbf50a4456140f0bc39390e0d9dd,546152012
{app}\NPA5\SPECOD\prikaz_906n\568.htm,27027,c321a3ce547ff76d775e8c7c3666b91bb575a638,546161363
{app}\NPA5\SPECOD\prikaz_906n\569.htm,24522,d0149c11b8051deea29464b6a06bfbcf3e8ea10d,546188390
{app}\NPA5\SPECOD\prikaz_906n\570.htm,14344,23f43f907b3de554150a1e45268a9c17bd64238a,546212912
{app}\NPA5\SPECOD\prikaz_906n\571.htm,29470,c275f2533ca619936346d4b9ae1c2cdbf283c0b2,546227256
{app}\NPA5\SPECOD\prikaz_906n\572.htm,7558,2375dc332dd091bde1c049eb235cd47f751958aa,546256726
{app}\NPA5\SPECOD\prikaz_906n\573.htm,6960,bfbb8cdd97b9680ec219fe756ba652fefb99e7d4,546264284
{app}\NPA5\SPECOD\prikaz_906n\574.htm,38199,fc2b238bf0d1e7a4ef51e7b65cabcb6ac7f39139,546271244
{app}\NPA5\SPECOD\prikaz_906n\575.htm,64234,6106189629d643d642272aa4b261048d0a9244b3,546309443
{app}\NPA5\SPECOD\prikaz_906n\576.htm,7909,6d1eb4f1c37b5ef99405df3d9260b78747918ef5,546373677
{app}\NPA5\SPECOD\prikaz_906n\577.htm,17348,18b4ca7cbae4484c61021df010ca921668991445,546381586
{app}\NPA5\SPECOD\prikaz_906n\578.htm,30754,ec1b9fa6013343823ca33cf9392eaae405c36912,546398934
{app}\NPA5\SPECOD\prikaz_906n\579.htm,19913,e86dda6ace3f20b7de8df189ba09a46737732202,546429688
{app}\NPA5\SPECOD\prikaz_906n\580.htm,23618,ac6b2c26c1d6d1b26938d3859784461660bd8e3b,546449601
{app}\NPA5\SPECOD\prikaz_906n\581.htm,10181,daa03326212968433b012dd2fe0f65d4d3eecf9b,546473219
{app}\NPA5\SPECOD\prikaz_906n\582.htm,31851,940ab487149b29164c7055382e665f9058c142bd,546483400
{app}\NPA5\SPECOD\prikaz_906n\583.htm,39961,a19a75858e2e1a0ce0839aa1b51188279322b5b3,546515251
{app}\NPA5\SPECOD\prikaz_906n\584.htm,35852,106132fd94ff7dbdcf1dcf770be22af69489d098,546555212
{app}\NPA5\SPECOD\prikaz_906n\585.htm,20366,7c590c591c96af074b0d96227f67fbf256b38d45,546591064
{app}\NPA5\SPECOD\prikaz_906n\586.htm,31286,1ccc84a70b752bfa833e0470b1989fcf2cb0713d,546611430
{app}\NPA5\SPECOD\prikaz_906n\587.htm,19978,5351f79b30d1bec2aaa2a5a43b9d99d337bcdd2a,546642716
{app}\NPA5\SPECOD\prikaz_906n\588.htm,16689,d3ed7cea25e5bf518e71a697b6b0b495a9288fe6,546662694
{app}\NPA5\SPECOD\prikaz_906n\589.htm,15538,74f4f9ee1e62f003b021b8789c9f27a48042815f,546679383
{app}\NPA5\SPECOD\prikaz_906n\590.htm,13504,3f7b87ad255b2291e11c1d623894e6b02cc9baa4,546694921
{app}\NPA5\SPECOD\prikaz_906n\591.htm,24706,02b6a409d3c9abe56b2ecba46149d434dd5f5c76,546708425
{app}\NPA5\SPECOD\prikaz_906n\592.htm,16521,79550d833c912ac8a92fd1180fe02b61b1111078,546733131
{app}\NPA5\SPECOD\prikaz_906n\593.htm,12141,20f0c7bcaa4f4bf5ff11d2ad50db2de4d5245778,546749652
{app}\NPA5\SPECOD\prikaz_906n\594.htm,8946,68b2cd4bcb8139624b48298ee64a0042c57af366,546761793
{app}\NPA5\SPECOD\prikaz_906n\595.htm,28465,055fa3689d33ca11e1d2fc8f3dac768d3bfef318,546770739
{app}\NPA5\SPECOD\prikaz_906n\596.htm,6740,37c8e67597fc534cfa66124757e657f689e903b4,546799204
{app}\NPA5\SPECOD\prikaz_906n\597.htm,20048,34fbd2dc89e241053f492a9c180694ebb41db83c,546805944
{app}\NPA5\SPECOD\prikaz_906n\598.htm,6620,563998fc80fbb767f26429f83a2d30f3663ba3cb,546825992
{app}\NPA5\SPECOD\prikaz_906n\599.htm,12068,5652ee5340009450dab36e979accfe7ddb1c6546,546832612
{app}\NPA5\SPECOD\prikaz_906n\600.htm,26849,b84e73f290fa58add3b91c55b03517455275da53,546844680
{app}\NPA5\SPECOD\prikaz_906n\601.htm,11039,7dabda5e9b854b484dfec7e1fd8e650bb37561c2,546871529
{app}\NPA5\SPECOD\prikaz_906n\602.htm,11872,0be9808dd4ef95a7b4d9d653206fd0da6107fe26,546882568
{app}\NPA5\SPECOD\prikaz_906n\603.htm,23468,bd513b8d4e021cf65f212d9c0368cd06e72a7343,546894440
{app}\NPA5\SPECOD\prikaz_906n\604.htm,4392,a09e08acb9bac7718600d1217866d9eb09b74eab,546917908
{app}\NPA5\SPECOD\prikaz_906n\605.htm,7021,7066a2518db9ff0262751ef65f52c36b34411653,546922300
{app}\NPA5\SPECOD\prikaz_906n\606.htm,15763,b8e6a1a27c44b4f79dc4d6c86a6d52f427e6204e,546929321
{app}\NPA5\SPECOD\prikaz_906n\607.htm,14830,09e9311a3953dd516b8782d28fc4311ddb4045cc,546945084
{app}\NPA5\SPECOD\prikaz_906n\608.htm,23062,07435ea3cc7d5837d346a8a1da9b8a7d02fa8c62,546959914
{app}\NPA5\SPECOD\prikaz_906n\609.htm,15263,9c439a8d0181fb6181fda1ef0e9eb4e9634bbd4d,546982976
{app}\NPA5\SPECOD\prikaz_906n\610.htm,8955,321521df402a862e8dbf32d0eaf0f7c94dda0645,546998239
{app}\NPA5\SPECOD\prikaz_906n\611.htm,8307,8383629f3092b8a6b88eb4e08d7672d3ef4fd239,547007194
{app}\NPA5\SPECOD\prikaz_906n\612.htm,12418,74417a692dce3f663b485ab49d3557d459c65d29,547015501
{app}\NPA5\SPECOD\prikaz_906n\613.htm,8645,c02316c871a2cb292c521bd397c013b3d69e681b,547027919
{app}\NPA5\SPECOD\prikaz_906n\614.htm,1020604,f99c955b0d6fc509e3fbd8bfdd5c1f75721af0c9,547036564
{app}\NPA5\SPECOD\prikaz_906n\615.htm,71677,678db5af587802e87df6b9764ceddad0c9a0d187,548057168
{app}\NPA5\SPECOD\prikaz_906n\616.htm,22602,dbd880c7d5ca1ead610c78788446d523b46f1589,548128845
{app}\NPA5\SPECOD\prikaz_906n\617.htm,343229,19f52d3132b74cf7f6b940cc885d00ad470fd825,548151447
{app}\NPA5\SPECOD\prikaz_906n\618.htm,8704,f3eccdee899d6f3ebdf147853628b1bce1d5b88b,548494676
{app}\NPA5\SPECOD\prikaz_906n\619.htm,46403,262df15c410a847cdf9c9b66d48cbba57ac98502,548503380
{app}\NPA5\SPECOD\prikaz_906n\620.htm,57970,e47e3466d6a0edf908bde383758cc9ab8f3f5264,548549783
{app}\NPA5\SPECOD\prikaz_906n\621.htm,16234,430ddfa753d55993bba7d17ce766e786e9b27682,548607753
{app}\NPA5\SPECOD\prikaz_906n\622.htm,27414,e89e507405559e98ff4b9cf94ada1d2e943bdaa3,548623987
{app}\NPA5\SPECOD\prikaz_906n\623.htm,51637,d1537d225f8713631802d2e1eb37ae8e9643136b,548651401
{app}\NPA5\SPECOD\prikaz_906n\624.htm,26853,85fbaa9a6c67a5f9833f38d8ff420c3ea3454951,548703038
{app}\NPA5\SPECOD\prikaz_906n\625.htm,27248,18f18e458a490d1ca0a455ed8326f6b13938af12,548729891
{app}\NPA5\SPECOD\prikaz_906n\626.htm,2737999,8088377e720c90c419a74d4481f200ef59afcc7b,548757139
{app}\NPA5\SPECOD\prikaz_906n\627.htm,36227,6275e4b50a4fc6a258dc6cba6a69d8e59c2a0f4d,551495138
{app}\NPA5\SPECOD\prikaz_906n\628.htm,191129,8688c657056286faa0245e7f8ebc4ac8e60efec4,551531365
{app}\NPA5\SPECOD\prikaz_906n\629.htm,43522,3fb797327bcfb7d0e14e3f4217a2d520242dc549,551722494
{app}\NPA5\SPECOD\prikaz_906n\630.htm,32990,4dbb830f42e0c9fe4b3546efa3091adc711bbf71,551766016
{app}\NPA5\SPECOD\prikaz_906n\631.htm,382236,5a35fffd7f53948978ddcd488372ba11694cb0e2,551799006
{app}\NPA5\SPECOD\prikaz_906n\632.htm,5285005,c72c437f8d260738891a1ee25ecbbead05fbdc92,552181242
{app}\NPA5\SPECOD\prikaz_906n\prikaz_906n.htm,152250,93d854192ba7eeba6954443f781cdcf531b717a3,557466247
{app}\NPA5\SPECOD\prikaz_970n\prikaz_970n.htm,14025670,82a2e336200b2e340a31348bf533f8039a25b777,557618497
{app}\NPA5\SPECOD\prikaz_970n\prikaz_970n_1.htm,4488262,1fbe96ec527555a91f71084a4aac75d799910fe1,571644167
{app}\NPA5\SPECOD\prikaz_970n\prikaz_970n_10.htm,2383816,6272bbbac4b96dfa9f527589df66b3625fa1fefd,576132429
{app}\NPA5\SPECOD\prikaz_970n\prikaz_970n_11.htm,271609,1144b0e68f446011435cc0fd9473d48d53b59d49,578516245
{app}\NPA5\SPECOD\prikaz_970n\prikaz_970n_12.htm,237344,cde7b0f923bf7b1414cd44e13af0301fc2eada48,578787854
{app}\NPA5\SPECOD\prikaz_970n\prikaz_970n_13.htm,64414,dbe7418080fbb0d469eafe58dcaf2d90881a9120,579025198
{app}\NPA5\SPECOD\prikaz_970n\prikaz_970n_14.htm,152155,481ad5c94bad67bde21e1af513ae1505fd05b1af,579089612
{app}\NPA5\SPECOD\prikaz_970n\prikaz_970n_15.htm,50247,a5542f4ca5ece7e90217d0f5e1b92e09a972d291,579241767
{app}\NPA5\SPECOD\prikaz_970n\prikaz_970n_16.htm,433747,1d1aee8c9bbc40bfff4f6ff93643c9133129d7a1,579292014
{app}\NPA5\SPECOD\prikaz_970n\prikaz_970n_17.htm,307564,723de2bb61bf68020da99150a4a241763ddac136,579725761
{app}\NPA5\SPECOD\prikaz_970n\prikaz_970n_18.htm,97054,bdb453c3eaef50fb197d1da889c9557e098dd66b,580033325
{app}\NPA5\SPECOD\prikaz_970n\prikaz_970n_19.htm,82212,748205849ade08c46b4ca2e67be5179824777ece,580130379
{app}\NPA5\SPECOD\prikaz_970n\prikaz_970n_2.htm,321048,5817797d7940d6953e038ed34d70bd5cc924911e,580212591
{app}\NPA5\SPECOD\prikaz_970n\prikaz_970n_20.htm,2035073,3214df302c5ef2f43e6064f3f4052681290e1d40,580533639
{app}\NPA5\SPECOD\prikaz_970n\prikaz_970n_3.htm,2630207,250cdf1b8b0912cc8f11d90bc029a2a3cd4f1db6,582568712
{app}\NPA5\SPECOD\prikaz_970n\prikaz_970n_4.htm,58956,4df61bca0ae80dfeb2d4e539386b6ed40857f66c,585198919
{app}\NPA5\SPECOD\prikaz_970n\prikaz_970n_5.htm,73335,ebac0ad6982d5c9d9c3fd2a72ef0a5edaf7a8f3e,585257875
{app}\NPA5\SPECOD\prikaz_970n\prikaz_970n_6.htm,56764,d25281e5ceb2a50f9ae30806603326ac94231ae4,585331210
{app}\NPA5\SPECOD\prikaz_970n\prikaz_970n_7.htm,45731,239ecff9015fd125a4416c76f41e2a63874f7972,585387974
{app}\NPA5\SPECOD\prikaz_970n\prikaz_970n_8.htm,19337,0f5d49ccc97acf963af43aaae461cf3277222adb,585433705
{app}\NPA5\SPECOD\prikaz_970n\prikaz_970n_8_.htm,2630148,a0ab517ba8cb808d967de919fc335632c9e30a1e,585453042
{app}\NPA5\SPECOD\prikaz_970n\prikaz_970n_9.htm,232084,7451379832bafd575683021dfd07a815d365c05e,588083190
{app}\NPA5\SPECOD\prikaz_970n\prikaz_970n_main.htm,36246,cdd3a384cf6ba685744eb0755b49dfc268661496,588315274
{app}\NPA5\SPECOD\prikaz_970n\prikaz_970n_root.htm,14025666,60f192a089b546001c1f52583dadb937f9deb4c4,588351520
{app}\NPA5\SPECOD\prikaz_997n\997n.htm,610407,928b1c3635b66363513706ea7d34ef2fdf51095e,602377186
{app}\NPA5\SPECOD\prikaz_mchs_354\prikaz_mchs_354.doc,181248,f411eca969f7b7e8e5128d26a6a7e5c42ed44f5f,602987593
{app}\NPA5\SPECOD\prikaz_mchs_354\prikaz_mchs_354.htm,154270,e984419b1b2b6b522f2251636d354e692044fa26,603168841
{app}\NPA5\SPECOD\prikaz_MO_1755\prikaz_MO_1755.htm,68319,fc011d5a9e487118114f77e93be1f8cd31ce8bbb,603323111
{app}\NPA5\SPECOD\prikaz_MO_355\prikaz_MO_355.htm,43469,588616da12dd6a8ceddef4248cf6acbc3db54434,603391430
{app}\NPA5\SPECOD\prikaz_MO_435\prikaz_MO_435.htm,165269,a6116271057d39b5a90c56239b2f4793ad074ee0,603434899
{app}\NPA5\SPECOD\urkaliy\prikaz_799.htm,688340,ed0155e09d90262b0abfebced4fe31224eabcc35,603600168
{app}\NPA5\SPECOD\банк\СИЗ_банк.htm,88205,8adb8742dc272127c2d2da00cc11bad0db60ac16,604288508
{app}\NPA5\SPECOD\Нормы Минэкологии\Нормы Минэкологии.htm,15229,ab17ea28eac69ce7212d27495c6ce8050bcaad83,604376713
{app}\NPA5\SPECOD\ОСТ 10 286-2001\ОСТ 10-286-2001.htm,1388194,436befbd30114ef61b0909a6e28f513786962e9f,604391942
{app}\NPA5\SPECOD\повышенной видимости\hi_vision.htm,783837,738683432154ca3e747e8af4ab759ba9eea4905c,605780136
{app}\NPA5\SPECOD\пр-во препаратов\пост 68 p9.htm,3026326,ac4094d5393f3cd07fb26f3c4c3418747085d0d9,606563973
{app}\NPA5\SPECOD\сталелитейная пр-сть\Приказ МЗ 442 от 06.07.05.htm,1553742,9aaba2f5bd67d943ae7efcac60f7c8b978a39ede,609590299
{app}\NPA5\tin\ii.htm,66834,211a8289b2ed6789b6068a1a1ba93d7a55524654,611144041
{app}\NPA5\tin\napr.htm,70168,ceb9156e0f66f2094b88474497970e054582b4fd,611210875
{app}\NPA5\tin\tyag.htm,143113,b3e097d9d6b379bf2c94533c752abf3a8917a9ae,611281043
{app}\NPA5\Трудовой кодекс\tkrf.htm,1422214,2eb3f9624ccdcaa439301d8a48f94fd3ac377d17,611424156
{app}\paint\elements.doc,19968,7b77f6b9334eff84a15a6d17990d03973393ad8d,612846370
{app}\paint\paint.mdb,73728,16fd468eb8e0a911d71b21159c0ced6b269d1c8b,612866338
{app}\paint\paint_files\001.doc,20992,bf24ebe96d23c29e999fbd6fd73986fd2e76a246,612940066
{app}\paint\paint_files\002.doc,25600,d3bfc260fdc4357c0a075dc1374e385d5a5cc650,612961058
{app}\pic\01_brm.bmp,3174,633d08017e0a9b0532d91af65af96f516d3a5b15,612986658
{app}\pic\02_folder.bmp,2970,3b62c549954d06099847b000a7e1ee8fd775294f,612989832
{app}\pic\03_folder_open.bmp,2550,5cdd0d26e85bd30875b7dc63525d5492d99c66d5,612992802
{app}\pic\04_folder1.bmp,2970,9544fe3c2cfba48df550aa4988ab2ed9052ddc72,612995352
{app}\pic\05_folder2.bmp,2970,301def936230c34e4c4824c01516509587e98222,612998322
{app}\pic\06_folder3.bmp,2970,794b6a04e8126a469fa2b2f2c03e9373888cc859,613001292
{app}\pic\07_folder4.bmp,2970,2ecb05dc8941ce9bbeaaa701de176657a0f92bb9,613004262
{app}\pic\08_folder5.bmp,3078,b7e88e37d9c64f1bed5377f68114f294214bfee4,613007232
{app}\pic\09_folder6.bmp,3078,26321bad85ffd1661f262f84b7c8d448de3c7e81,613010310
{app}\pic\10_worker.bmp,2862,13c1e2b618562da13a8827532b51e46528e5b761,613013388
{app}\pic\11_folder3_plus.bmp,2862,4c0bafa445bef77024aa5e48f7a078f2658d0b0f,613016250
{app}\pic\14_workers2.bmp,2862,3f9cdcf4af877ccce0c59bf550b7bc81da49d828,613019112
{app}\pic\btns_2k\add.gif,914,878dc6c239046b01cbf92a55fafed7eb5ea66b68,613021974
{app}\pic\btns_2k\copy.gif,1736,b0c45ba0494c2de8aca3ed0505728174d0ef3342,613022888
{app}\pic\btns_2k\del.gif,934,6df71d6687b742702ef4e59aafea43ad720ca383,613024624
{app}\pic\btns_2k\doc.gif,1547,45f38cfd033854aa70b181db6a200c7fe3c33f38,613025558
{app}\pic\btns_2k\edit.gif,898,639558dad8faf97b3f22cce3c1018bf3d2d6a461,613027105
{app}\pic\btns_2k\excel.gif,1740,cfd58cfdc8481ecd21f9d0457d46e50d0743ea95,613028003
{app}\pic\btns_2k\find.gif,1510,427f72f561d1ced87b4966a5905108c98ea69d36,613029743
{app}\pic\btns_2k\folder.gif,1480,452357ea23d5b5465086bbb290c350cc9928e3d2,613031253
{app}\pic\btns_2k\open.gif,1528,578fb12453e61cf81fb3da10e34fdbb03d8f89c4,613032733
{app}\pic\btns_2k\paste.gif,1668,8bc6df3f49272b88389725d03d98cfc03fadb91b,613034261
{app}\pic\btns_2k\print.bmp,3126,b2f5c9048b88007a46c35f250884f1cca101f79b,613035929
{app}\pic\btns_2k\report.gif,1733,15d309af81101dc9f9ec1d56e67b8b423e457bce,613039055
{app}\pic\btns_2k\save.bmp,3126,22d5add933af8ec910974d930816b3b57e7929f9,613040788
{app}\restore\res_orgs.mdb,524288,73761caaafd0e24c0619c0aa09dd993585f10712,613043914
{app}\user_templates\aeroion_usr_sout.dot,54784,37261b55a329f70ba8b9d588e9f411a17e4c505d,613568202
{app}\user_templates\apfd_usr1_1_sout.dot,50688,ccc5409d4bab121639737df2ba2200a3a1aa7aca,613622986
{app}\user_templates\apfd_usr2019_sout.dot,74240,ce7f62aff288c7675751cdb1bbaab4dd64d2413c,613673674
{app}\user_templates\apfd_usr2019_sout2.dot,75776,02ffc637baef86ce10aa0a5777ea42eb1af72ccb,613747914
{app}\user_templates\apfd_usr2019_sout51.dot,75264,a7de4bdf0a001595b6e281fe7332a2f93b0a10c7,613823690
{app}\user_templates\apfd_usr2019_sout52.dot,70656,591dabb41d1375cb861d3933bee78e3e7fd20907,613898954
{app}\user_templates\apfd_usr2019_sout53.dot,72704,3da4b95982ff8c517fcf0009f373a9896b1a706f,613969610
{app}\user_templates\apfd_usr2019_sout54.dot,75776,c1da4bd175e691a659eafc570019a0ab4fc86912,614042314
{app}\user_templates\apfd_usr2_sout.dot,49664,ad71d3dd57f9614097f3644373421266b4c4d2e8,614118090
{app}\user_templates\apfd_usr3_1_sout.dot,51200,c77d48d05d3ea70edb4fd969b8eb5bd3382c85f3,614167754
{app}\user_templates\apfd_usr3_sout.dot,51200,511d802ddb68d53c09d8916e9c7fca9e92ae20c3,614218954
{app}\user_templates\apfd_usr4_1_sout.dot,51200,8d327d0783f2857e423dd3ff53714067e71d412c,614270154
{app}\user_templates\apfd_usr4_2_sout.dot,52736,e2f3fe20a4eaed12b2d2438ff677cef722c65c6c,614321354
{app}\user_templates\apfd_usr4_sout.dot,51200,3303a82bfce1295b411a09b3a92df4092a751897,614374090
{app}\user_templates\apfd_usr_sout.dot,49664,4ae1cc04baca33910de3034d82f118e57dc13377,614425290
{app}\user_templates\apfd_usr_sout_pk.dot,48128,8cce0221e395f8112ca17a020ffea2397e563a98,614474954
{app}\user_templates\bio_usr2_sout.dot,45568,a79afcdcdd280caea973ea66b7152619e45c61b8,614523082
{app}\user_templates\bio_usr31_sout.dot,45568,4e96a106e7ac567af8fe0dc9ce23e9023040ca8c,614568650
{app}\user_templates\bio_usr3_sout.dot,45056,95dbf3600b46a95bd0b1a527add9ddb8df45ca54,614614218
{app}\user_templates\bio_usr4_1_sout.dot,45568,4cedeafc40055fbe45d516c40080c2fc6e1a406e,614659274
{app}\user_templates\bio_usr4_sout.dot,45568,6df00c06f2fe9bf3025a2b2cace0007fbe1316ee,614704842
{app}\user_templates\bio_usr_sout.dot,49664,b33a09a92dd4d615b735d0e7e3af46ebf154d702,614750410
{app}\user_templates\brm_info.XLT,18432,98a00516f20cfba51d6f02e0c7add6f955f9676a,614800074
{app}\user_templates\card_hron_usr01.dot,61440,8f1e131b2e2c05aa4f48c3e8544482a437913814,614818506
{app}\user_templates\card_hron_usr02.dot,61440,fff23f9eddbf75d3be76b9884bcd6afcb8e6160f,614879946
{app}\user_templates\card_hron_usr03.dot,59392,ea943234f11b3b175b9b37311ce75ccc5379d830,614941386
{app}\user_templates\card_hron_usr04.dot,87040,fa49332d4b28ce9374c7097ed9757f79cc975a36,615000778
{app}\user_templates\card_siz_usr_sout.dot,48128,56e95c564d2b0dc39fb7284220764534ab409c0d,615087818
{app}\user_templates\docs_content.dot,34816,7842daa10a996c3bdf054ce68edf3ac603fb3b3c,615135946
{app}\user_templates\docs_content2.dot,34816,d2241b5f94dc05784f7b300260dd60d60d4b9b53,615170762
{app}\user_templates\dopl_usr.dot,47616,d53915c46eb3dbfb0b08dee18322be5f3272ac7a,615205578
{app}\user_templates\dop_rep.dot,22528,f12bca96be3c6f1a7ccdb6f99d40c94083350ef7,615253194
{app}\user_templates\dop_rep2.dot,22528,c7f2da6d2a319dfdabe6a2b2ccc10df5e097fdb7,615275722
{app}\user_templates\dop_rep47.dot,29184,ca89d22cc66ae0d2b4a1325b07e44e67e385f201,615298250
{app}\user_templates\dop_rep48.dot,29184,54a3af27206ca20ff73a4584bec2ab42127c4ef2,615327434
{app}\user_templates\dop_rep_count.dot,22528,52820a56517c533ced546a1b894b7ea5b4e13760,615356618
{app}\user_templates\dop_rep_fgis_ra.dot,22528,a6b555afd2c84e5154d626ad0fb38fa6265eff50,615379146
{app}\user_templates\dop_rep_per_mer.dot,22528,f12bca96be3c6f1a7ccdb6f99d40c94083350ef7,615401674
{app}\user_templates\dop_rep_risk.dot,22528,398611e4a7aee35c922533e5e6e24fdf23307246,615424202
{app}\user_templates\dop_rep_risk2.dot,22528,2f2aa00cb87270a57b8b8bf5f73e473fc33e6d2b,615446730
{app}\user_templates\dop_rep_si.dot,22528,c7f2da6d2a319dfdabe6a2b2ccc10df5e097fdb7,615469258
{app}\user_templates\dop_rep_si2.dot,22528,c7f2da6d2a319dfdabe6a2b2ccc10df5e097fdb7,615491786
{app}\user_templates\dop_rep_si3.dot,22528,a32e86dccde09676529e2c250982a88c47d64e6b,615514314
{app}\user_templates\dop_rep_siz.dot,22528,68176e556a1c33def7ae98624484763ddf77c9b3,615536842
{app}\user_templates\dop_rep_wb.dot,30208,283e941c06c437995b5855090e85de823c7db888,615559370
{app}\user_templates\emp50_usr2019_31_sout.dot,76288,d3fe55d4f7ebabcbad0daec1459ef5e9934f1c2b,615589578
{app}\user_templates\emp50_usr2019_sout.dot,74240,6f2ac8deb6f1abd6c14c45cc62f7fabf4052c603,615665866
{app}\user_templates\emp50_usr21_sout.dot,52224,9f09f0e7787dc8b1afffd9ea7bf4376841848b92,615740106
{app}\user_templates\emp50_usr2_sout.dot,51200,322b566a8ca7856baf64d788505ea103b72c6bc4,615792330
{app}\user_templates\emp50_usr_sout.dot,49664,05d8744e3aa1dfd3ee726bd758273c3907fe2169,615843530
{app}\user_templates\emp50_usr_sout_pk.dot,48128,6c99b1dd821d623c72e0f75846ac6dfc0fd7d686,615893194
{app}\user_templates\emp_pc_usr_sout.dot,50688,498bdcf35cd524551704a58e5bdec3e114e0eb55,615941322
{app}\user_templates\emp_rd_usr2019_sout.dot,81920,f1ba788130e15721face1d72bf4491ff25393722,615992010
{app}\user_templates\emp_rd_usr2_sout.dot,50688,e8a8980911be8ff8901ee5e6018dc49ad107daff,616073930
{app}\user_templates\emp_rd_usr_sout.dot,51200,c2bd814514a0235b91c7ec24d378d8007c6bc8af,616124618
{app}\user_templates\emp_rd_usr_sout_pk.dot,48128,60844bf63fe094abc34bd6f85c52ef806aef3c33,616175818
{app}\user_templates\esp_usr2019_sout.dot,74240,2cf53890ede0f55f2a96e892316d9c40cfa45a5c,616223946
{app}\user_templates\esp_usr2_sout.dot,51200,2df3a426707b5d68f236813fe4c652af3eb9df42,616298186
{app}\user_templates\esp_usr_sout.dot,49664,866156d9d4636234afcfe570d3d2c9d95da77a08,616349386
{app}\user_templates\esp_usr_sout_pk.dot,48128,4a1495aaf9c5b03e50301c7a0598844de77dd5a6,616399050
{app}\user_templates\exp_zakl_usr01.dot,55808,3433b5b294b610db74dc48cf33ac82a515be80e0,616447178
{app}\user_templates\exp_zakl_usr02.dot,56832,3c89ce650ac24262d4539b82c57037877f8c851a,616502986
{app}\user_templates\exp_zakl_usr03.dot,58368,f93b29c144961ef49eadf961e007de54f1c4f0fe,616559818
{app}\user_templates\exp_zakl_usr04.dot,60416,1facff6b7dc1faff86358405b0ccfd8a540f4661,616618186
{app}\user_templates\factors.xlt,19968,8ae5e3960f4fe55c4182b4cf59e92a7b297fb761,616678602
{app}\user_templates\factors_info.xlt,16384,a92833debf5b30f46d50df74d1f218f2636f7628,616698570
{app}\user_templates\fgis_ra.xlt,23040,836f26fa494dcfda0976fbd604c8660220ee6c1f,616714954
{app}\user_templates\fgis_sout_dop.dot,22528,26d26ebfc9f3fecd7e8268830ed3dacb64e78f73,616737994
{app}\user_templates\forma_80n.dot,55296,72a9c96d317189a4d8d0715e79dac72b02172a57,616760522
{app}\user_templates\forma_80n_2.dot,53760,47d93cdb115a8817ed59bfc35e373193ee74647c,616815818
{app}\user_templates\forma_80n_21.dot,53760,78c97e10899da9c797cec21272a4125f91d1d759,616869578
{app}\user_templates\forma_80n_22.dot,55296,0fb612417f475daa63c45af44379008a8ee32287,616923338
{app}\user_templates\forma_80n_22a.dot,54784,1f0060c3269cfb9924f96e43e3f033d212f2f717,616978634
{app}\user_templates\forma_decl_699n.dot,53760,e0a59365a33f381ea77627ea1daca9ef1398ce45,617033418
{app}\user_templates\fpage.dot,72192,ccdce11827ff8dbf6340ca1998b3e5e24097f9c3,617087178
{app}\user_templates\him_usr1_1_sout.dot,50688,adfcbce33475d603873a8000ce994ad95390f12a,617159370
{app}\user_templates\him_usr2019_sout.dot,74240,b319c45943127f3110bb6aa4ac8e926d9061685a,617210058
{app}\user_templates\him_usr2019_sout2.dot,75776,eb224b06b4e5cc123735c8f22e79d6550f948be3,617284298
{app}\user_templates\him_usr2019_sout51.dot,76800,f0852af731954b95dc8d78a64e8136fb28783886,617360074
{app}\user_templates\him_usr2019_sout52.dot,75264,d80ec4ddefbf5a91ebcd8a41d01ee7da7f9825b0,617436874
{app}\user_templates\him_usr2019_sout7.dot,75776,eaca95ed1276ff9394b8963c49468df570efcbce,617512138
{app}\user_templates\him_usr2_1_sout.dot,51200,74e4210a5be8ba1c9e0c47f1eb067d9f2983a4d9,617587914
{app}\user_templates\him_usr2_sout.dot,51200,d087904b4f0ff46eaf2f3bf8ef2eae1f3861e1f6,617639114
{app}\user_templates\him_usr3_1_sout.dot,50688,62aeb19e455e49fbed16e89f8d64592fa21e6d3a,617690314
{app}\user_templates\him_usr3_sout.dot,50176,c86c71ab505048fb63aaf0dab0a3904ae262cbde,617741002
{app}\user_templates\him_usr4_1_sout.dot,50688,683d557d5a55c4c4551cb949f875febc51385718,617791178
{app}\user_templates\him_usr4_2_sout.dot,50688,9f024e4f33c6e6a3681d4985bd5b039b91f8b9ab,617841866
{app}\user_templates\him_usr4_3_sout.dot,52736,93584270d760c06c966ba75a0beac6dca6bc28d9,617892554
{app}\user_templates\him_usr4_sout.dot,50176,5d23ab4a96d95c7c743ded062beb8e9e74d64678,617945290
{app}\user_templates\him_usr_sout.dot,49152,e2aebbf23d6a9c1e5f047da3825eba5bd5d90c96,617995466
{app}\user_templates\him_usr_sout_pk.dot,48128,8871f6739185b6592cd1701232d0f244248ba603,618044618
{app}\user_templates\ident_factors.dot,39936,deeee956d5fd8bbf52f41f90221dd677f2fdf13c,618092746
{app}\user_templates\ident_factors2.dot,43520,e025c28f404838b53febedb9ddc7da5c829c7376,618132682
{app}\user_templates\infra_usr2_sout.dot,52736,b0c2abfc9b21ca7a4330f9c6154407ff338e77e2,618176202
{app}\user_templates\infra_usr3_sout.dot,53248,3597dda2b7a05a125ac82131f0fe48477254ed1b,618228938
{app}\user_templates\infra_usr_sout.dot,51712,373af4a5d52db6b9ef404d77c88ef9fecf5f5ed3,618282186
{app}\user_templates\infra_usr_sout_pk.dot,48640,512e520c61ef84906e4dc8e711399af7f06636e6,618333898
{app}\user_templates\infr_usr2019_sout.dot,75264,20a163c183372ef4ed7932f541c00f013c58c1a1,618382538
{app}\user_templates\infr_usr2019_sout41.dot,75776,d2a70901f3a76a71999927fcd3ca4fa7ab8ccf2f,618457802
{app}\user_templates\infr_usr2019_sout42.dot,74752,0ce1b0e40d3b9edaaedf6a1eee7ed41ab346b976,618533578
{app}\user_templates\infr_usr2020pkf14_sout.dot,84480,810cdaa92ea6bbd7ecfbc533f9b35406362f85ac,618608330
{app}\user_templates\izm_log_gen.dot,28672,c6259cea0aa5bdcf965f57ce2b930e1dd2ff40ac,618692810
{app}\user_templates\karta_prg_sout.dot,0,da39a3ee5e6b4b0d3255bfef95601890afd80709,618721482
{app}\user_templates\karta_pril_usr.dot,28160,4638e4428420a9bf16e8a71b6cfb5e9a2ff548b6,618721482
{app}\user_templates\karta_usr2_sout.dot,105984,e5cb2a36e6747e3b1cdd2010d2a35615ec96fce3,618749642
{app}\user_templates\karta_usr3_sout.dot,106496,465e8dc143d7bd6d534f13d4658c3b045775fc3b,618855626
{app}\user_templates\karta_usr_sout.dot,105984,182af9443b968839564f0a671310226a99002969,618962122
{app}\user_templates\karta_usr_sout2024.dot,109056,10019ae84b0fdd8348b4681a8bb0581ad487f94c,619068106
{app}\user_templates\laser_usr_sout.dot,63488,b259b048474b46e81f308f11927480d76c44c552,619177162
{app}\user_templates\lazer_usr2019_sout.dot,88576,6c4f5a883486eaf62a5bcfc84859c6eab7ccb88a,619240650
{app}\user_templates\micro_usr2019_sout.dot,70656,6a13c7ac9a65eb6d05dfd351ce2b123e991c0042,619329226
{app}\user_templates\micro_usr2019_sout2.dot,72704,cb364d2cdd061384162d7b2575944ebe38816598,619399882
{app}\user_templates\micro_usr2019_sout61.dot,72192,6152a15b1e66534fd374ecf70d3188ae1b28b77d,619472586
{app}\user_templates\micro_usr2_sout.dot,50176,e9c45f92cfe45a1bcc3abe6424c4b7e9a71a3796,619544778
{app}\user_templates\micro_usr3_sout.dot,50176,a2eb8b4d1c9a986e8dc03a06e7ebf8c577939973,619594954
{app}\user_templates\micro_usr41_sout.dot,52736,3e451ed95f895fcf4c6acb4699b137a15211d056,619645130
{app}\user_templates\micro_usr4_sout.dot,51200,83bb69b573c18616da2c94fe36fbb7ae9053f66c,619697866
{app}\user_templates\micro_usr_sout.dot,49664,e77687dcb04205cac6dd75b8aa6c2438cbdd32cb,619749066
{app}\user_templates\micro_usr_sout_pk.dot,48128,e4d0175ebd5eb0be185175f3ccbe9fffbf172a60,619798730
{app}\user_templates\napr_unc_usr2019_sout.dot,374784,3f7bbc322fcac9faea226fbbdc0cfb4170f725a7,619846858
{app}\user_templates\napr_unc_usr2026_sout.dot,457216,73e220f86be66eaa11fa0f871b1b7cfdfd1ed44e,620221642
{app}\user_templates\napr_usr2019_sout.dot,95744,822cfb3572b8d930846ebb66e7f87da16410e804,620678858
{app}\user_templates\napr_usr2_sout.dot,58368,e264ebb18fb4ad2ebf018b77e322490098007b12,620774602
{app}\user_templates\napr_usr2_sout2_1.dot,61952,67c18c37c7e106279c243c433094ab6cc7c542b4,620832970
{app}\user_templates\napr_usr2_sout_250n.dot,61952,1e60053f87d6007826274c4e409f1318f7edd6f5,620894922
{app}\user_templates\napr_usr2_sout_309n.dot,60928,06e8b0337053e0461439f7ab81d8369d40f6d906,620956874
{app}\user_templates\napr_usr2_sout_433n.dot,72192,5463c3083cd34a3a7773fd93e19eabb13f28e0b9,621017802
{app}\user_templates\napr_usr_irk2022_sout.dot,95744,031c58dc4958a06abc89092bc23e66dc2d99ec76,621089994
{app}\user_templates\napr_usr_sout.dot,58368,e319804221c92b78a4e0011268eda30bbaaa9592,621185738
{app}\user_templates\napr_usr_sout1_1.dot,62464,cf956cac0253fe22124717c42d8460ee95b1a511,621244106
{app}\user_templates\napr_usr_sout_250n.dot,61440,56be4610526d4e2b3454796d2b523d8c71cb893a,621306570
{app}\user_templates\napr_usr_sout_309n.dot,60928,271914f6df4aac4d230ab837b18772573cb1a4ad,621368010
{app}\user_templates\napr_usr_sout_433n.dot,72704,00ddc5cec12e726899e0c74614764daa55e540d9,621428938
{app}\user_templates\notify_doc.dot,34304,d340ad92ea769e05eaecf51c3ebb7e73a4e69853,621501642
{app}\user_templates\osv_usr2019_sout.dot,74240,65cd1f8d6a6924b8f72a0c332f9a7ff9e25a44ae,621535946
{app}\user_templates\osv_usr2019_sout2.dot,75776,a84254b0cfa6cd69c1e381734855395c4f431b2c,621610186
{app}\user_templates\osv_usr_sout.dot,51200,aea81977f68dd180809f7c5dd8c7732894b21b92,621685962
{app}\user_templates\osv_usr_sout2.dot,51200,c0c58da6ff4d68b5ff0b37fb81018dc44e4036eb,621737162
{app}\user_templates\osv_usr_sout2_1.dot,50688,b5a7a38a5f84f690d10bb9c9d848c289823c9bb9,621788362
{app}\user_templates\osv_usr_sout3.dot,51200,39d8386c8eb077231ea580c9cec09aecdac56730,621839050
{app}\user_templates\osv_usr_sout4.dot,51200,4c6774680bdb2994c27741c4baa58568e7e68e03,621890250
{app}\user_templates\osv_usr_sout5.dot,53760,41d178384006027466298e268d386bb81fdc6795,621941450
{app}\user_templates\osv_usr_sout6.dot,52736,3bbd14df8e692f5090c18a53c5728b82000df29f,621995210
{app}\user_templates\osv_usr_sout62.dot,56320,63986d1d4322ec6b9fd414c6f62d9e5bf7aaab4d,622047946
{app}\user_templates\osv_usr_sout6_1.dot,52736,9b7051f46dfacc4ddd73d9bae96048ee76b9a9d9,622104266
{app}\user_templates\osv_usr_sout_pk.dot,48128,de8a25d4770d06c963c3c2e1bbb3978b2a48f008,622157002
{app}\user_templates\otchet_usr.dot,24576,ca2b3cf5451667bf64cec1053570f8170e2fa3de,622205130
{app}\user_templates\otchet_usr2.dot,30720,c1a312a4560ecf356d1fa81533ae374ae07c0f35,622229706
{app}\user_templates\otchet_usr3.dot,24576,cf6784d8e48418ed82d6a562eeefd398114a5c06,622260426
{app}\user_templates\otchet_usr_fgis.dot,24576,ca2b3cf5451667bf64cec1053570f8170e2fa3de,622285002
{app}\user_templates\otchet_usr_sv.dot,24576,0ccf5f68f15b92264a6da434c1bae033835a85b3,622309578
{app}\user_templates\otchet_usr_sv2019.dot,30208,1575c0b6868761ff10686085c4e891ed25e34da9,622334154
{app}\user_templates\otchet_usr_sv2019_dop.dot,31232,3efbfbfa0bb732fa01d416c51fbb6ed933c70302,622364362
{app}\user_templates\paint_usr_sout.dot,44544,5616d6ef841aa476a966455412a4b540b45774a5,622395594
{app}\user_templates\per_graf.xlt,20992,4c462ff1102043f9ad4763d7c45f8f02c74eb336,622440138
{app}\user_templates\per_graf2.xlt,23552,868300858278d6d221d6b874cb6fbb7b28b832c6,622461130
{app}\user_templates\per_rm2.dot,31232,b69e08c81496fdddbe822f82a25f821db2d25408,622484682
{app}\user_templates\per_rm2_1.dot,31232,75c8280dfa1f6771de0e59caa4185360e71552b0,622515914
{app}\user_templates\per_rm3.dot,31744,beb41ae8d7dccb8b95e616cc060aa384b807cf24,622547146
{app}\user_templates\per_rm7.dot,31744,dc8435aadb68b22062e00d1fede638a8ec98bb24,622578890
{app}\user_templates\per_zona.dot,41984,9eb5a07bac12a69ad44d1d8b039ee6f1344588b1,622610634
{app}\user_templates\pmp_usr2019_sout.dot,74240,de43e3a99dc5052e243a13401f1b1becaf655dd7,622652618
{app}\user_templates\pmp_usr2_sout.dot,51200,af9dbf8b1f7acfd9e4224ec532c9665f5e02401d,622726858
{app}\user_templates\pmp_usr_sout.dot,49664,161d208ee5a27d45361697112d6b9ee1159a273d,622778058
{app}\user_templates\pmp_usr_sout_pk.dot,48128,f3ca22908172fda05ef9e5547235eb3fadae43ee,622827722
{app}\user_templates\prikaz699n_usr_sout.dot,101888,61d83a6439f2ce645129349b111894a002835307,622875850
{app}\user_templates\prikaz817n_chron1.dot,44032,4681b68f6120c4965e91a96bff1c747c8f997b33,622977738
{app}\user_templates\prikaz817n_chron2.dot,44032,1ded0d9a140153547c121a493850ee694f141768,623021770
{app}\user_templates\prikaz817n_p91.dot,44032,e1d30f5081784aa450e385a2da72436fc2670ef7,623065802
{app}\user_templates\prikaz_329.dot,36352,e662d265bf7cf7ca04a67c4742b44f2fbbf4cdc7,623109834
{app}\user_templates\prikaz_329_2.dot,36864,8dd96a048ba3d41f7200fa1ce93ff80b0937db3c,623146186
{app}\user_templates\prikaz_329_3.dot,36864,bed709a5993bef1df296ad962daaf95ea3b3a4b0,623183050
{app}\user_templates\prikaz_329_4.dot,40448,3725bf26f7be3be803e04d8d51f85ae631782a4f,623219914
{app}\user_templates\prikaz_436n.dot,60416,7a7eef5e744cec252bd842ec7beaae22fdc3fc4b,623260362
{app}\user_templates\protocol_sout01.dot,44032,f07e3b37c1d44a1d6be6f05ad16614a0a9e2c57a,623320778
{app}\user_templates\protocol_sout02.dot,44032,f85e6ff8f545ef4e9c647bfb94c4ba5a4141ccba,623364810
{app}\user_templates\rad_usr2019_sout.dot,77312,0039ea26f455d4a1efa530a906dc7601fa2d450e,623408842
{app}\user_templates\rad_usr2019_sout2.dot,76288,dc1506b3dae4e9341b9bd7382a8c6e46ecea0269,623486154
{app}\user_templates\rad_usr_short4.dot,48640,09b173803b9c4e8a6e6a89c3fcbb1d0f36fb2b00,623562442
{app}\user_templates\rad_usr_sout.dot,49664,1ffb06ac6766f2861b6049fdd2dea0f8af05e4cd,623611082
{app}\user_templates\rad_usr_sout2.dot,50688,25ddbf89340d73366889c0f2778531e03a662c5a,623660746
{app}\user_templates\rad_usr_sout2_1.dot,51712,ed57d580427084e562229b9d236d4ed089d317a5,623711434
{app}\user_templates\rad_usr_sout2_2.dot,54784,8acac0c41ecaf02ca13259db098b77dd5205683f,623763146
{app}\user_templates\rad_usr_sout_pk.dot,47104,515e4a08fe02e440f1b5a27a074f1b9fb0014e8f,623817930
{app}\user_templates\rbtd_info.dot,35840,bd8e9d36fe3bd7903252723cea398a8c1b449bad,623865034
{app}\user_templates\report55.xlt,19456,18a869021cee40ffcf46fcf0cb60b6f08d390d15,623900874
{app}\user_templates\report5501.XLT,19456,d45667149a1b372a19c3fe3e3cf9a633aecab6cd,623920330
{app}\user_templates\report62.xlt,23552,ddd5135ac518ba7eba0489d4205df8ca32284d81,623939786
{app}\user_templates\report69.xlt,53248,fcf5f2ddb8b30d21fdd4f452fe449436caad3be6,623963338
{app}\user_templates\report73.XLT,38912,ec724f402039a243753fc0995e6fbb869f588710,624016586
{app}\user_templates\rep_per_rm.dot,54784,17b9e96e1dd60a6778184f45ab12835f747a2710,624055498
{app}\user_templates\rep_per_rm_xslt.dot,50176,37a66d113ea7aa7589aff5642b63ea23f67aacb0,624110282
{app}\user_templates\rep_sout_f1.dot,48640,a652b90548692e526afe9cdd9e683989397444f3,624160458
{app}\user_templates\res_report1.xlt,15872,000bcdac12d7a1fb916af4717fbdb02e8771bc1f,624209098
{app}\user_templates\res_report15.XLT,15872,01faedb5dd02756aef8c5699207ee47ea917e3f5,624224970
{app}\user_templates\res_report16.xlt,16384,91632ff6e3d992b563fe8d3431c54f18b7ae3106,624240842
{app}\user_templates\res_report2.xlt,15872,2cf619390483872f58581efa0f281268627d0b82,624257226
{app}\user_templates\res_report2_1.xlt,16384,2ceeb39d3d13b258f64930f101dcdcb8ddb0e60d,624273098
{app}\user_templates\res_report2_2.xlt,16384,51b0560bdc9c80eb52d3eba3beee1184e7514c4a,624289482
{app}\user_templates\res_report2_3.XLT,16896,f590a0998f744546ce004e04a2078b72aa3cb071,624305866
{app}\user_templates\risk_card_01.dot,61952,4f21c3f218b62cb2958266747da359c6dc2542b7,624322762
{app}\user_templates\risk_doc01.dot,63488,2323d72fdddbe89d834004734a0d53f5783d464d,624384714
{app}\user_templates\risk_doc02.dot,60416,dd2ca479ca0923e4f907fc2a0fa998ace5d2e2d3,624448202
{app}\user_templates\risk_doc03.dot,65536,e0b999c1f70020983c282351cfb6dffce69247e0,624508618
{app}\user_templates\risk_doc04.dot,60928,fe9b9c706d2111b5e8578ed4b2b1875fb50e94e7,624574154
{app}\user_templates\risk_doc04_01.dot,61952,0ccebf414db5278642de12a0023b0c55ad2f7be9,624635082
{app}\user_templates\risk_doc05.dot,71680,c6333283a71d22f7ad9ca8aedf05cf9b452264dc,624697034
{app}\user_templates\rm_info.xlt,12288,650c9bebc38bbe0f32f985d54cdf1bf48e254408,624768714
{app}\user_templates\sert_info.xlt,15360,bca2e48e2e4ec375122b50adab322c8a8af8b7bb,624781002
{app}\user_templates\shum_usr1_1_sout.dot,51712,0a5eeb73c679db2987d09c2de171bc13e527832f,624796362
{app}\user_templates\shum_usr2019_2_sout.dot,77312,13f116544248f0d34e7f13db6970d17a372d9afe,624848074
{app}\user_templates\shum_usr2019_3_sout.dot,78848,12c4dff0c9c476464c21d0f64f3891380f2d08f6,624925386
{app}\user_templates\shum_usr2019_44_sout.dot,79360,ace4ee266da4355b4c04b61bfc8defa25e649bcd,625004234
{app}\user_templates\shum_usr2019_4_sout.dot,77824,3b55b945bb68ac8cd6af6d8e9e01733c30edf38e,625083594
{app}\user_templates\shum_usr2019_sout.dot,77824,b81594ba91f087718fbe03b0e3923d72119ab18b,625161418
{app}\user_templates\shum_usr2_sout.dot,52736,1d109dc5c4bc3a85eb485156bcfd56336a96ea2d,625239242
{app}\user_templates\shum_usr3_03_sout.dot,56320,1a2325a2b9e10d5268d4abaaaf9bc0a29380e77e,625291978
{app}\user_templates\shum_usr3_1_sout.dot,56320,4ae9c023e996b6d45d6028b56006898b403b0ac2,625348298
{app}\user_templates\shum_usr3_2_sout.dot,59392,4e75712b784daff50a93d9e1de17c2f4a5cf2232,625404618
{app}\user_templates\shum_usr3_3_sout.dot,57344,0e05fdcf6b9d1f868711420f52a762ab5459bbca,625464010
{app}\user_templates\shum_usr3_sout.dot,55296,971f0f7be2b7d61afb71ffcb99c0dd12052da24b,625521354
{app}\user_templates\shum_usr_sout.dot,51200,4b6b04e34de78760515d5de8cc0c5a525d68231b,625576650
{app}\user_templates\shum_usr_sout_pk.dot,48640,9e3dccbbe397e3a04cc4c0081eb6dd5e379b35b0,625627850
{app}\user_templates\siz_eff_usr.dot,84992,72e8d501db434669f6e1ea973677a4d1747e9299,625676490
{app}\user_templates\siz_eff_usr2.dot,81408,abd0b1b040960fe63597f72443651077bb2372de,625761482
{app}\user_templates\siz_usr_sout.dot,51200,d5e869a82e1f78560c210bb6af365cfd9530d6a4,625842890
{app}\user_templates\sout_registry.xlt,29696,8e29d049140a0056bfc5f823dc2222368298dfe0,625894090
{app}\user_templates\spec_prot102n_sout.dot,49664,ed2d0dcfb6877d14693fa2c91560f4ba2d47c4b8,625923786
{app}\user_templates\spec_prot102n_sout2.dot,51200,ec1c8441bf04f0722fd033c7b48a72d15b2f3345,625973450
{app}\user_templates\spec_prot96n1_sout.dot,50688,53f8db4ffe25a385e27fadd2436a10a08c16b625,626024650
{app}\user_templates\spec_prot96n2_sout.dot,49664,588a0cf4d5f982866eb4e2a015ea5acdcb31ab71,626075338
{app}\user_templates\sv_aeroion.dot,59392,5c75c981c1d548062fbdaf8874eb16a1723575df,626125002
{app}\user_templates\sv_apfd.dot,56320,3aba125190872e2f428d2ff645017b0e2bda407d,626184394
{app}\user_templates\sv_apfd2.dot,56320,fb7635b15f2877e54b9d395a1f14e328a920b574,626240714
{app}\user_templates\sv_bio.dot,56320,95f042955de0b3c5fe5b4ae5c444d20345770aa8,626297034
{app}\user_templates\sv_data_fac.XLT,33792,e98002d273247d4d28fa231e873cd126721b9142,626353354
{app}\user_templates\sv_data_nd.XLT,14336,6d2f901aa1e70e7f75be048e3b516b5975d61988,626387146
{app}\user_templates\sv_data_nd_num_prot.XLT,20480,6c612cb3109c31e6ef5a056d80bebdc042ae93b9,626401482
{app}\user_templates\sv_data_pers.XLT,18944,2953cc210a7062b5026b9f515ea6e52412195393,626421962
{app}\user_templates\sv_data_pers_exp.XLT,18944,4f51a7b2a40cd348df94f2a7eb8a3055a42204da,626440906
{app}\user_templates\sv_data_rm.XLT,23040,f4583e8de54ca9f006743141c2a1761ff16d4f8c,626459850
{app}\user_templates\sv_data_si.XLT,14336,e8422c979830d9658e674feb9302a435e7ce2b61,626482890
{app}\user_templates\sv_data_si_num_prot.XLT,15872,d68e687581191ff440c5574ba39b2a76eac1f37e,626497226
{app}\user_templates\sv_emp50.dot,56320,85d2189f07dd4bce76a6cde88bdd2798d558fcf1,626513098
{app}\user_templates\sv_emp_pc.dot,54272,6ca37da1d717806306888239394e0f1618718269,626569418
{app}\user_templates\sv_emp_rd.dot,55808,2b43fc8919571c303c7b05ae2f6e46b63eaf4308,626623690
{app}\user_templates\sv_esp.dot,56320,705f6532a6830cc0b1e23fa7aaf48250cec9143c,626679498
{app}\user_templates\sv_exp_zakl_usr01.dot,57344,3dbab1bbe76a3f82a4b7f07ea3f1a879202bbb3b,626735818
{app}\user_templates\sv_exp_zakl_usr02.dot,56832,5ba3090ae8469011233dfa1e47331bc9515b208e,626793162
{app}\user_templates\sv_exp_zakl_usr03.dot,59392,2636398a6819da6f8312e0e6fb5a46a289f13086,626849994
{app}\user_templates\sv_exp_zakl_usr04.dot,66048,01c21d867e1674e840936120dfd897d03be994f5,626909386
{app}\user_templates\sv_exp_zakl_usr05.dot,58880,32c4ab2c4f983300d5e57f03521910dec8b9ec18,626975434
{app}\user_templates\sv_exp_zakl_usr06.dot,58368,16b3098017ef8cd1c8a6d89cfccaf81f8fc889c8,627034314
{app}\user_templates\sv_exp_zakl_usr07.dot,50176,b615f99641628b1ee4d53861f3a4f935e56edbea,627092682
{app}\user_templates\sv_him.dot,56320,68d3437e87c339c375c5ddc3dca7d0bd53a07eea,627142858
{app}\user_templates\sv_him2.dot,56320,daf49f71a087ccbfcc5e748d8809f3fc0b5936e1,627199178
{app}\user_templates\sv_infr.dot,56320,496202f730f30fb389aa73dca4933ef0f0f545ac,627255498
{app}\user_templates\sv_infr2.dot,56320,6ef928eab2d11dc00fd113f314c48b68f8999cfa,627311818
{app}\user_templates\sv_infr3.dot,57344,16dce2f57b82a669fe13e92b003cb210d2a817e4,627368138
{app}\user_templates\sv_izm_apfd.dot,53760,26caa6212a5b709f7fdf3e7b8eb5d96248f8b432,627425482
{app}\user_templates\sv_izm_apfd2.dot,53760,26caa6212a5b709f7fdf3e7b8eb5d96248f8b432,627479242
{app}\user_templates\sv_izm_bio.dot,53248,d1e661e9b87d2844b7939e29f1749db844343628,627533002
{app}\user_templates\sv_izm_bio2.dot,53248,d1e661e9b87d2844b7939e29f1749db844343628,627586250
{app}\user_templates\sv_izm_emp50.dot,53760,944e3a2c394deaeb762dc839662e6523465991ac,627639498
{app}\user_templates\sv_izm_emp50_2.dot,53760,944e3a2c394deaeb762dc839662e6523465991ac,627693258
{app}\user_templates\sv_izm_emp_pc.dot,54784,46470aa3c7587841577af74e94b5007eeceab5af,627747018
{app}\user_templates\sv_izm_emp_pc2.dot,54784,46470aa3c7587841577af74e94b5007eeceab5af,627801802
{app}\user_templates\sv_izm_emp_rd.dot,53760,6c864177d8b210df5b280650b4c5fae57bfefb7e,627856586
{app}\user_templates\sv_izm_emp_rd2.dot,53760,6c864177d8b210df5b280650b4c5fae57bfefb7e,627910346
{app}\user_templates\sv_izm_esp.dot,53760,a6ce52f48ee91f5e97f8e28f632998f02bb9b50f,627964106
{app}\user_templates\sv_izm_esp2.dot,53760,a6ce52f48ee91f5e97f8e28f632998f02bb9b50f,628017866
{app}\user_templates\sv_izm_him.dot,53760,bbbf214bc553e116f7cf60ef8dedfab762a5cf95,628071626
{app}\user_templates\sv_izm_him2.dot,53760,bbbf214bc553e116f7cf60ef8dedfab762a5cf95,628125386
{app}\user_templates\sv_izm_infr.dot,53760,6f52d441ce56668fa7dd0186a19224e863e1cace,628179146
{app}\user_templates\sv_izm_infr2.dot,53760,6f52d441ce56668fa7dd0186a19224e863e1cace,628232906
{app}\user_templates\sv_izm_lazer.dot,53760,8c98389c15d8dff6e898a7e1325d30e53dac2c8f,628286666
{app}\user_templates\sv_izm_lazer2.dot,53760,8c98389c15d8dff6e898a7e1325d30e53dac2c8f,628340426
{app}\user_templates\sv_izm_micro.dot,53248,d8b0d8bdfb8bddc464daa8033a80def15bc30150,628394186
{app}\user_templates\sv_izm_micro2.dot,53248,d8b0d8bdfb8bddc464daa8033a80def15bc30150,628447434
{app}\user_templates\sv_izm_napr.dot,53248,9bae393c912199acd72724d815ab844454606fdd,628500682
{app}\user_templates\sv_izm_napr2.dot,53248,9bae393c912199acd72724d815ab844454606fdd,628553930
{app}\user_templates\sv_izm_osv.dot,53760,6bd718036f2107e8456210e35bc8786888d08a71,628607178
{app}\user_templates\sv_izm_osv2.dot,53760,6bd718036f2107e8456210e35bc8786888d08a71,628660938
{app}\user_templates\sv_izm_pmp.dot,53760,ebf195d3c0bdc495bddd0258c29b9fdb636eebc4,628714698
{app}\user_templates\sv_izm_pmp2.dot,53760,ebf195d3c0bdc495bddd0258c29b9fdb636eebc4,628768458
{app}\user_templates\sv_izm_rad.dot,53760,1fb0a1c2ffd25e86130050edbb20b38c367000dd,628822218
{app}\user_templates\sv_izm_rad2.dot,53760,1fb0a1c2ffd25e86130050edbb20b38c367000dd,628875978
{app}\user_templates\sv_izm_shum.dot,53760,c4e55f57d1d15e9f798bd04d643b8e24e4702d26,628929738
{app}\user_templates\sv_izm_shum2.dot,53760,c4e55f57d1d15e9f798bd04d643b8e24e4702d26,628983498
{app}\user_templates\sv_izm_tyag.dot,53760,49d477045dd4264a4b5669a9ff3eb2186884906d,629037258
{app}\user_templates\sv_izm_tyag2.dot,53760,49d477045dd4264a4b5669a9ff3eb2186884906d,629091018
{app}\user_templates\sv_izm_ufi.dot,53760,0cedc8e5c905ba0698aee038ecb411ba083554b5,629144778
{app}\user_templates\sv_izm_ufi2.dot,53760,0cedc8e5c905ba0698aee038ecb411ba083554b5,629198538
{app}\user_templates\sv_izm_ultr.dot,53760,4e366df0002f2ed86a28768078f441f260908e89,629252298
{app}\user_templates\sv_izm_ultr2.dot,53760,4e366df0002f2ed86a28768078f441f260908e89,629306058
{app}\user_templates\sv_izm_vibr_l.dot,53760,e9e0e12ac0c2c5aebd96106c44038f7030f802db,629359818
{app}\user_templates\sv_izm_vibr_l2.dot,53760,e9e0e12ac0c2c5aebd96106c44038f7030f802db,629413578
{app}\user_templates\sv_izm_vibr_o.dot,53760,89c8729362c0a558a520944720c4979002e0302a,629467338
{app}\user_templates\sv_izm_vibr_o2.dot,53760,89c8729362c0a558a520944720c4979002e0302a,629521098
{app}\user_templates\sv_lazer.dot,56320,2475bb3054d619ca0e80ccd452d5bd3644b17919,629574858
{app}\user_templates\sv_micro.dot,56320,3cb3db648afd02c3fe2add0e8d50a53bbbd67b05,629631178
{app}\user_templates\sv_micro2.dot,56320,261f6d9d9d092bf4e7b917c404abd85d904bf3f9,629687498
{app}\user_templates\sv_napr.dot,58368,470ebf15a95661279a1242786db783b785cb233c,629743818
{app}\user_templates\sv_napr2.dot,56320,ed84f4cecfd053ffe1d43bf996761616d6b20245,629802186
{app}\user_templates\sv_osv.dot,56320,9a2c14928c61ff978182f2fdb7b0c684cb3b1782,629858506
{app}\user_templates\sv_osv2.dot,55808,52aea6993ad16569ed78478000b5a7510cf09fb9,629914826
{app}\user_templates\sv_pmp.dot,56320,f615401744e0ca360462f79a8b5dc5d3632bb7bc,629970634
{app}\user_templates\sv_rad.dot,56832,a316614169bb15bb470d80c0892c01cbf2667f0e,630026954
{app}\user_templates\sv_shum.dot,56320,39717eb121e15b927c36a95500eeb80ff819f529,630083786
{app}\user_templates\sv_shum2.dot,56320,6000697c2c38a0ee95c30f75f2e7c65ff5f3c36d,630140106
{app}\user_templates\sv_shum3.dot,56832,22f9ea62f828c99d55e7e4380d95e94402c56ccd,630196426
{app}\user_templates\sv_shum4.dot,55808,d8eef87240ef33699cfcd739668a0cd04c8a9634,630253258
{app}\user_templates\sv_shum5.dot,55808,d458f4a8a2e64a6e4e387db80477d49af40d7aab,630309066
{app}\user_templates\sv_shum6.dot,55808,d08102a411cc8c77c797d91b14304018acd9297c,630364874
{app}\user_templates\sv_tyag.dot,69632,af80a392ddfe7c3cf0458e364ae8b9ef9073e528,630420682
{app}\user_templates\sv_tyag2.dot,56832,ab9a854fba08bf55f7ae185a497d768cdb0bd90d,630490314
{app}\user_templates\sv_ufi.dot,56320,6250b5a6ba3955caccd7e7dddd6ec11a145fafcb,630547146
{app}\user_templates\sv_ultr.dot,56320,8cc30e9fc9cc4c7996bca1dd2430563768003979,630603466
{app}\user_templates\sv_ultr2.dot,56832,06545ea44b3c57233c61c066382413bdb11247ea,630659786
{app}\user_templates\sv_ved.xlt,18432,add6286d8caa81953073e4607d288685670adfd7,630716618
{app}\user_templates\sv_ved_main.xlt,26624,6cbc6671c9a8125c55ee590e25d56b4fca2d3344,630735050
{app}\user_templates\sv_vibr_l.dot,56832,8926f7135d44c4f284cb4bd30d81b24032fa84c9,630761674
{app}\user_templates\sv_vibr_l2.dot,56832,ab9b585b17ccb385978ffaf27ee0b80608e17642,630818506
{app}\user_templates\sv_vibr_l3.dot,55808,cccdffa4d741f13f19968fa4902d0b45367d9fc8,630875338
{app}\user_templates\sv_vibr_o.dot,56320,8d19975da49939e37847aec66b3af22e48221abb,630931146
{app}\user_templates\sv_vibr_o2.dot,56320,f6e3756730179fb2612a3b6422cb8e4afc695d26,630987466
{app}\user_templates\sv_vibr_o3.dot,55808,31cc8ddaa087bf333a7e8200a7163e58244eb319,631043786
{app}\user_templates\sv_zakl_ident_usr01.dot,50176,79154aa22135720848bd1fdfdddf293027c411ee,631099594
{app}\user_templates\sv_zakl_ident_usr02.dot,94208,0661d68cb231e7b597dcf3fda4df341c2382ee7d,631149770
{app}\user_templates\sv_zakl_ident_usr03.dot,81408,04d4bc780fbf690b93a8149911409b3891b8eccf,631243978
{app}\user_templates\sv_zakl_ident_usr03_1.dot,81408,6cabea013ea23f8572f3ff31c5a5e7bd26016052,631325386
{app}\user_templates\sv_zakl_ident_usr03_1_1.dot,81408,ba1a2dfc6dfcd1bd4c9da2f06ff5510583585a10,631406794
{app}\user_templates\sv_zakl_ident_usr03_1_2.dot,81408,49897e30083f8ca1d4573579929554a2df8a1787,631488202
{app}\user_templates\sv_zakl_ident_usr03_1_3.dot,81408,cc232271cf15692cf293ccef8e79e13c9fafe4f4,631569610
{app}\user_templates\sv_zakl_ident_usr03_1_4.dot,81408,b13d0f3f4a69d8f2b2b06cf4d40fe1594067ee0d,631651018
{app}\user_templates\sv_zakl_ident_usr03_1_5.dot,81408,5d93d44c36f39e70605f928bca17a891440c32ee,631732426
{app}\user_templates\sv_zakl_ident_usr03_2.dot,81920,9982474852f4a76dbb1e8a73e3aedb71deac4db0,631813834
{app}\user_templates\sv_zakl_ident_usr04.dot,60416,09b7621d8759a6e70c6d2b9d1e1c17d149b00045,631895754
{app}\user_templates\sv_zakl_ident_usr04_1.dot,61952,d1f8b52c35205ff66cf1ac4d2aaa8720b17780a5,631956170
{app}\user_templates\sv_zakl_ident_usr04_2.dot,61952,33eae4bf73661afa025160d439fe8904a708fe29,632018122
{app}\user_templates\sv_zakl_ident_usr04_3.dot,68096,b5d16e108a0648d044fe1b9b47a36e37ac98b5fc,632080074
{app}\user_templates\sv_zakl_ident_usr04_4.dot,70656,0222318faa9f5e8e5d48474570020a6435de488b,632148170
{app}\user_templates\sv_zakl_ident_usr_razd.dot,47616,2abb72705831608e7efe07a3a8129a49615789a9,632218826
{app}\user_templates\tb_usr_186n_sout.dot,64512,bfb17198e44ca25b187beb28a8a7d82483e3beb3,632266442
{app}\user_templates\tb_usr_188n_sout.dot,67072,39e98d44f2c1565d68f24160d0416b92008169e6,632330954
{app}\user_templates\tb_usr_197p1_sout.dot,70144,a7562999de9fb7afb50d43fee571ee8b7010f223,632398026
{app}\user_templates\tb_usr_197p4_sout.dot,59392,d4d6ceff844761853ca90ac0e817095899ed75b1,632468170
{app}\user_templates\tb_usr_250n2_sout.dot,70144,c81e58f5a15d9b54955d4ab2cd98cbd39408417d,632527562
{app}\user_templates\tb_usr_250n_p5_sout.dot,60416,cf6bda811dcca895b426bcaea8fdb4383a80bf21,632597706
{app}\user_templates\tb_usr_250n_sout.dot,69120,a8b5d32f557d3e48fb0d183df7638c498e555bb6,632658122
{app}\user_templates\tb_usr_335n2_sout.dot,64000,bd464b9fc8d51afa2205254c415b71243908d9af,632727242
{app}\user_templates\tb_usr_335n_sout.dot,62464,d4c0c11ebb4305c97ceccf8482b9371eb73db20d,632791242
{app}\user_templates\tb_usr_664n_sout.dot,54784,cee9d480e02012ad2a436d64d1cd2d9e5205474b,632853706
{app}\user_templates\tb_usr_882n2_sout.dot,62464,7c8aeb9b334aa1080b14e6a264f05810b4e4a1e0,632908490
{app}\user_templates\tb_usr_882n_sout.dot,65024,a5d684d00603fb220b526e72828d3bfed3c6a203,632970954
{app}\user_templates\tjag_unc_usr2019_sout.dot,1097728,8c7713be0932bc0312f2457435ea7083f34d5978,633035978
{app}\user_templates\tjag_usr2_1_sout.dot,135168,f429dd097de30f756851a8aaea0e1283d5363143,634133706
{app}\user_templates\tjag_usr2_2_sout.dot,123392,b3639d39c4ad400fc5c53151e08ef2282aa09a1b,634268874
{app}\user_templates\tjag_usr2_calc_sout.dot,134656,d7fff00e5ea8cb5a2c118718a65328320cdd59b7,634392266
{app}\user_templates\tjag_usr2_sout.dot,131072,ed4838eb8de727911489993d049d70cfd7e6f251,634526922
{app}\user_templates\tjag_usr2_sout255.dot,135168,ce64607353c0232faf4523b33aaa190d2dd46d65,634657994
{app}\user_templates\tjag_usr2_sout664.dot,142848,2d40b76331aebe27c78a2c48de83d3f37f8b70f7,634793162
{app}\user_templates\tjag_usr2_u095_sout.dot,152576,585408992cd8411d72d5695d961da500e56d3830,634936010
{app}\user_templates\tjag_usr_classic.dot,103936,27117f8755c90bc752fae41caceae59ffde6b2b6,635088586
{app}\user_templates\tjag_usr_classic255.dot,107520,014ea572d01593c750cb76d9abb4a68c04577e38,635192522
{app}\user_templates\tjag_usr_classic664.dot,115200,a5771c213d85b8ab738df5d7fcd857a5f9257774,635300042
{app}\user_templates\tjag_usr_niiot.dot,115712,598c3a6a2a158e7a3e0608391b9c30d25d6d9810,635415242
{app}\user_templates\tjag_usr_sout.dot,130560,795303abe4a7358377929a7b481d7901f634aa3b,635530954
{app}\user_templates\tyag_usr2019_sout.dot,139776,b068e38ecd1097592ede00f1dce6194f81b629f3,635661514
{app}\user_templates\tyag_usr2019_sout2.dot,141824,65bbfc9a298f4a004bb2ad57c305261b93b956ba,635801290
{app}\user_templates\tyag_usr2019_sout3.dot,144384,b8cd80d0e97d8785bf9af48fd3805ca791130d85,635943114
{app}\user_templates\tyag_usr_irk2022_sout.dot,139776,8afd6e5d45795d896187b3d6cd0fb80d994e43f7,636087498
{app}\user_templates\tyag_usr_irk2022_sout2.dot,142848,b508d8c56a9c578889072e1d482e88b1c179d850,636227274
{app}\user_templates\ufi_usr2019_sout.dot,74752,7ac9345bbcad7485b461f0e0bf402100944921b9,636370122
{app}\user_templates\ufi_usr2_1_sout.dot,51200,e816da70c248798933d4cfaf17656d65f7b23adb,636444874
{app}\user_templates\ufi_usr2_sout.dot,51200,a497913d64c49258c6d502c95fb1d67bda3ec5d2,636496074
{app}\user_templates\ufi_usr_sout.dot,48640,d0c77bc2f3430dc9891e87724e83bcd9406ba383,636547274
{app}\user_templates\ufi_usr_sout_pk.dot,47104,4f42e0a8e08f68f0280d9c77f88065ab28df5883,636595914
{app}\user_templates\ultra_usr2_sout.dot,52736,07eb649eea465eda71c0c0649476bee3aa4efcb5,636643018
{app}\user_templates\ultra_usr_sout.dot,50176,8dec123bb8980ce14e5ca2eaf91ff85d8b6528f4,636695754
{app}\user_templates\ultra_usr_sout_pk.dot,48128,5a240de52ad72baf8739f7e6c18833b18597d68c,636745930
{app}\user_templates\ultr_usr2019_sout.dot,76288,9c8b2fc5301ffb0bd1b8f913011e7ba01b877fce,636794058
{app}\user_templates\ultr_usr2019_sout2.dot,75264,5999b69825e7a5dcbd7adb9063d01bc548a8f9bc,636870346
{app}\user_templates\ultr_usr2019_sout31.dot,76288,946c5298a013afbf99c16ccf14bb513a11a24fdc,636945610
{app}\user_templates\ultr_usr2019_sout32.dot,79360,f0a9b2811bac6e7134b651389f26635db4de466e,637021898
{app}\user_templates\uni_usr_sout.dot,49664,e63e477957890374e9f681bf4f1b30944ee71a47,637101258
{app}\user_templates\ved_34rgn.xlt,33792,b547755a99d34062d63434df3cf59fcdc7a0e199,637150922
{app}\user_templates\ved_546.xlt,28672,0f68838c3ec6c31a9d00f160d31a623bc8317f16,637184714
{app}\user_templates\ved_546_2.xlt,28672,a7fa17728660f016a6b44ab4a42fefec5b16f740,637213386
{app}\user_templates\ved_DSSOOT.dot,48128,08300e4cf6b438f53ffa1f398ba8c816fd9e06a7,637242058
{app}\user_templates\ved_factors.dot,46592,6dd0eda103a370529da2e7f29b4760c150fdbb54,637290186
{app}\user_templates\ved_factors_sum.dot,62464,d85220520175f49c3e648aa89b8700e53b2b2963,637336778
{app}\user_templates\ved_irkutsk.dot,44544,90a156e3f12a9b3fd05230f8af25cc8e68e9ac0a,637399242
{app}\user_templates\ved_ivanovo.dot,39936,6f8142fc8a01eac8a0c046a083bda5fd16cb18a4,637443786
{app}\user_templates\ved_kompens.dot,44032,99a9e469253df072b49654e913eec73610a37d18,637483722
{app}\user_templates\ved_kompens.xlt,18432,de7c0a796cddd21fa71bedaafa55c722f09ed746,637527754
{app}\user_templates\ved_kompens2.dot,53760,f58032638299fc541382df57bd5457e22b8c8e19,637546186
{app}\user_templates\ved_krsnd.xlt,16896,463d1ef5b847f68a43e56fb413c74505b08cef8d,637599946
{app}\user_templates\ved_mo.XLT,16384,d701a6b18c01ceb8731d339717c8c4d9e863785a,637616842
{app}\user_templates\ved_mo2.XLT,17408,b6bebcf0fdc14256265b766b00e5086330a3b4c8,637633226
{app}\user_templates\ved_msk2.xlt,29184,70e7aa5f52ca2f3f6a07727eddd2afc1d5e5821c,637650634
{app}\user_templates\ved_nsb.xlt,18432,df0e4f3ec67bd1452bf7122ef25ef69704432478,637679818
{app}\user_templates\ved_nsb2.xlt,19968,25e73ec10b36fc7a8e4d408ca7d31e08f02e377c,637698250
{app}\user_templates\ved_rb.XLT,36352,a6650ca1cd79d1ccd3176429f400d93542acf836,637718218
{app}\user_templates\ved_siz.dot,20992,289b0c6a460cf78965e4c270ca16d17c0dfbfce4,637754570
{app}\user_templates\vibr_gen_usr2019_sout.dot,78848,361620a59fc4bdec31e7b8b41863a56270066a1a,637775562
{app}\user_templates\vibr_gen_usr2019_sout61.dot,79360,ec48ae679c541ac8b04cdb6bbede195b373fa406,637854410
{app}\user_templates\vibr_gen_usr2019_sout62.dot,79872,35d15380c9e68654cd6f397fd1f5575fb9b39ea2,637933770
{app}\user_templates\vibr_gen_usr_sout.dot,50176,f38ef290f9c1e86dae38b7c82b4be4b6f8b3adaf,638013642
{app}\user_templates\vibr_gen_usr_sout2.dot,52736,8b30b38606e62a6b7e7db879808083278b38eb06,638063818
{app}\user_templates\vibr_gen_usr_sout4.dot,57344,d5852e37354f25fcbb04cb96dbb0a18b03c3f89d,638116554
{app}\user_templates\vibr_gen_usr_sout4_1.dot,59392,4c389de1fc5a23be19e99f412def59ed011f11f7,638173898
{app}\user_templates\vibr_gen_usr_sout5.dot,58880,7051d155436bfc02a2d9c5cbbfcb1cdb98c850f4,638233290
{app}\user_templates\vibr_loc_usr2019_sout.dot,79360,b5c7a857b86108ddc192fa6964c5617df4515cd4,638292170
{app}\user_templates\vibr_loc_usr2019_sout61.dot,79360,0c8be8e831a33ff6b9d82d4d222ff0dba6ab0438,638371530
{app}\user_templates\vibr_loc_usr2019_sout62.dot,80384,5bc84e7b47fcd29100b9c2d7a31eabee4343e9ee,638450890
{app}\user_templates\vibr_loc_usr_sout.dot,50176,e157c34a6e040916d1762dcb090c6dc56991700f,638531274
{app}\user_templates\vibr_loc_usr_sout2.dot,52736,033f8ca6181bedd9a849546ba393376150e87418,638581450
{app}\user_templates\vibr_loc_usr_sout4.dot,57344,e3d0c56f0c7c1aed8a9271eea8d092bb791ea80e,638634186
{app}\user_templates\vibr_loc_usr_sout5.dot,61440,290aabcd0888a28e5be8d3481da95d736a37cd8e,638691530
{app}\user_templates\vibr_usr_sout.dot,50176,a65d698c5bd0b00efd8c02c7a4f69cd936b494ff,638752970
{app}\user_templates\vibr_usr_sout_pk.dot,48640,975aa0d49bf18b96af57f19ec209c4971dcd889d,638803146
{app}\user_templates\work_apfd.doc,21504,00be4b8558616f6c1bd1f79393806e5e05b688b5,638851786
{app}\user_templates\work_emp.doc,22528,556b6804b29f34249b1e5a314f792078f740e2a2,638873290
{app}\user_templates\work_footer.doc,25600,031505e7595775f5461789f60d45b4eaad4eab7e,638895818
{app}\user_templates\work_him.doc,21504,3793ac4a50dd390c59b34b6dfeb53340a01706e8,638921418
{app}\user_templates\work_infra.doc,21504,09c5d3cc42f255455ac5baa176235256af99c051,638942922
{app}\user_templates\work_micro.doc,22528,d4baf1edb1e6aeeed043f3e8b3de89321c31a1b1,638964426
{app}\user_templates\work_napr.doc,29184,8f51a7b67c2b373150b73de80922729c6369c5c8,638986954
{app}\user_templates\work_notebook.dot,38912,282f24b46ec7112a08e2a62142364ac35296c9d9,639016138
{app}\user_templates\work_osv.doc,21504,6a2058520d8e736cc9399eb2899bc32677e4d27e,639055050
{app}\user_templates\work_rad.doc,21504,3c020fd140e528eedfc1047eb4900d7fa572da98,639076554
{app}\user_templates\work_shum.doc,21504,35d16d38cafd8a300b1bfd93258e4a64cedea311,639098058
{app}\user_templates\work_siz.doc,27136,6196ee9a99c6fc580be47a8c4ff5bf7876da78c1,639119562
{app}\user_templates\work_tjag.doc,38400,00eb43c40df7769eb6a86891ac2c6f4128c43d7d,639146698
{app}\user_templates\work_to.doc,30208,f3712b3f01ef3733d9d23f4babd71367341268a5,639185098
{app}\user_templates\work_ufi.doc,21504,074c6952389143a890c8ec8574a39ed52bfae29a,639215306
{app}\user_templates\work_ultra.doc,21504,aa349dcb8bf5028e44dacae54940326300b07f3c,639236810
{app}\user_templates\work_vibr_l.doc,21504,96822bec8ca150e528c87b332affe528897d3662,639258314
{app}\user_templates\work_vibr_o.doc,21504,75d0617e341ec645bc094e01e58ee0dc7b2bd9fb,639279818
{app}\user_templates\work_zone_info.doc,21504,0374b6852214318dc5ef08d043b9a153c2872e98,639301322
{app}\user_templates\Ведомость.dot,62976,5c0176470ad050e33fa809240a3d575b16678ffb,639322826
{app}\user_templates\Ведомость2.dot,64512,cf266e16fae3e543fdfe5246dc825a3101b3a6fc,639385802
{app}\user_templates\Ведомость2024.dot,74752,983963ffda7c7f8df73a71fd34b4d786bb5854bf,639450314
{app}\user_templates\Ведомость3.dot,74752,78c485e3620cd0c9aedec27ea890c234a6b5c8a0,639525066
{app}\user_templates\Мероприятия.dot,47616,0e3bfadf742d7872c6cf3078d35f58d4fe7c36ae,639599818
{app}\user_templates\Мероприятия2.dot,49664,a12f094d1a3f9ebbe5e069a73643c43122daaf7c,639647434
{app}\user_templates\Перечень1.dot,40960,98debba5300b3b03a7a2453e16423f5a1aceb03c,639697098
{app}\user_templates\Перечень2.dot,40960,7383d8227892ec15b61a23cf9ffd45c7ca7151fc,639738058
{app}\user_templates\Перечень_1.dot,45568,f6eca8c754d6ac64de8447319bc920b12daf8334,639779018
{app}\user_templates\Перечень_1_2.dot,43520,aabaa4f76a48b8ac684ce1b46c04fccbf605ae60,639824586
{app}\user_templates\Перечень_1_3.dot,46592,8557b20667ce1dfeb00db2d80de1b8534a50816b,639868106
{app}\user_templates\Перечень_2.dot,44544,4d98acd7738c5ea32e1c3e02569f91e8c4b84115,639914698
{app}\user_templates\Перечень_2b.dot,45056,3cebb43bc3067994d1a6c6734d0351ccee69eab9,639959242
{app}\user_templates\Перечень_РМ3.XLT,26624,24d11516d3fd8a84816610318b84783a59cd8fb6,640004298
{app}\user_templates\Перечень_РМ4.XLT,26624,e0da7e72d58bb8565bd64ee7f4bfda65c635ef33,640030922
{app}\user_templates\Перечень_соут.dot,52736,60774192ac812048fc6d1a20fb5f397b34d913ce,640057546
{app}\user_templates\Перечень_соут2.dot,55296,24c5338005d8c1243fa8327b0784b6e80eec939a,640110282
{app}\user_templates\Перечень_соут2024.dot,57344,40141835060c71d7e6bc43e9311c55af9dd42a64,640165578
{app}\user_templates\Смета.XLT,22528,f32e014fb65e7b5e41068ce3267dd4739a4bd3df,640222922
{app}\user_templates\Форма2.dot,44032,38ab38b0bb3561865650edaad2a3fd1b86aa2bb0,640245450
{app}\user_templates\Форма2_2024.dot,45056,3f8909f62a953415b6426ed27710dade0ec3dbcd,640289482
{app}\xsl\factors.xsl,2277,b60a72a32827f37fe860c232f82017d40edce4cf,640334538
{app}\xsl\fgis_sout.xsl,6830,8174445490957d0b87c73cc6807555623533a636,640336815
{app}\xsl\form2_p7.xsl,2871,8ee9dee66378e74e88aa4f89c4f9b818ed8a454a,640343645
{app}\xsl\form2_p8.xsl,5891,d3db572954b072097cb5208b8933bb359e9cb7e3,640346516
{app}\xsl\karta_pril.xsl,59173,5cafdbca40b57244dc0895e004e4fe9af06dadd4,640352407
{app}\xsl\karta_pril2.xsl,56002,3956b34347089c79d4d014f9fb607bb785fe0d6a,640411580
{app}\xsl\rm_info.xsl,2097,ad4b0bcd3c5ac14250128e1a3463bfb0edc41fa0,640467582
{app}\xsl\rm_info2.xsl,2457,2c4ed14ea94cde0b12278084f2c327048b7b4fd4,640469679
{app}\xsl\siz.xsl,2338,191883df0aee63d9385ab7920c3815050dbd4dd1,640472136
{app}\xsl\dop_rep\dop_siz_rep01.xsl,4201,7646be16a295534ac50331efc85533343a51025b,640474474
{app}\xsl\dop_rep\dop_siz_rep02.xsl,4826,c372603ab3b3467d70601921d20b33ee54395025,640478675
{app}\xsl\dop_rep\report201.xsl,5911,64806575f9fd7efa73a7e55f17e2a018dc6ff1b2,640483501
{app}\xsl\dop_rep\report30.xsl,22828,59c6af6e3de1a1968b10d3aa483d59ad890e6b82,640489412
{app}\xsl\dop_rep\report31.xsl,2143,1c936982e94c17e787e54e79c197fff3fd0d2271,640512240
{app}\xsl\dop_rep\report32.xsl,11734,d6188cf9a95db22464bf8068cc1104c1c82988b5,640514383
{app}\xsl\dop_rep\report3201.xsl,11837,5d60005c960d5fd6291536c7be02339548f851c0,640526117
{app}\xsl\dop_rep\report33.xsl,2774,653ef7d42a3ce0c7d9edd30005ac66319ce8db9f,640537954
{app}\xsl\dop_rep\report34.xsl,2770,42f3202cd8893591b97979c7743d0cccb97bb186,640540728
{app}\xsl\dop_rep\report35.xsl,5531,730f7d18d86241929a6ace09762b403dacd6780d,640543498
{app}\xsl\dop_rep\report37.xsl,5608,694f55e3d1eedd73b3730b73828906c44b43a6a9,640549029
{app}\xsl\dop_rep\report38.xsl,3211,ef13b2a54ba8816ff247241f434398f0b5168025,640554637
{app}\xsl\dop_rep\report39.xsl,7785,c2b774144d5246359644fcec46c8a8222184fbe7,640557848
{app}\xsl\dop_rep\report41.xsl,4588,570666e2dd7c9e52503b2a35b2914cc8431f0916,640565633
{app}\xsl\dop_rep\report42.xsl,7262,ef4c568374e59f1ba51e998a8ab795eb35344739,640570221
{app}\xsl\dop_rep\report43.xsl,3607,2c3f1d0ae3371cbe7053a3adbce6ef1450696ce1,640577483
{app}\xsl\dop_rep\report44.xsl,3120,c71814af2cafa49ce7177d746e66e7c6a86e6294,640581090
{app}\xsl\dop_rep\report45.xsl,2909,27ca27df081f442da8bf02bb90bb5eb00fb2c8ad,640584210
{app}\xsl\dop_rep\report47.xsl,2317,86ed3f01e4c4aa6fd83d70c0c6dd6626cd77dbad,640587119
{app}\xsl\dop_rep\report47_dop.xsl,23831,394280d4ad70cb00dc87654e9abfff08954a607c,640589436
{app}\xsl\dop_rep\report48.xsl,2512,c5b11b8a9323202fd8d48d97e927f9185c42745f,640613267
{app}\xsl\dop_rep\report48_dop.xsl,11978,e9ee5e46b2c3061719747550403e73eaf802f8bd,640615779
{app}\xsl\dop_rep\report48_dop2.xsl,13185,5d3a2e078a80574d972b43a27fc5b38908af01dd,640627757
{app}\xsl\dop_rep\report49.xsl,7066,9cfd7b33cad3ab9677cb27baee1a3ff79076af12,640640942
{app}\xsl\dop_rep\report50.xsl,5334,256821830651ed9b7fa4ee7edfaa3b6627fc442b,640648008
{app}\xsl\dop_rep\report51.xsl,9492,01dfb2383c4177de1094af0f8e520f7d041519d3,640653342
{app}\xsl\dop_rep\report52.xsl,6192,1b0a9487084acb12964e55c01167a7509ed7e608,640662834
{app}\xsl\dop_rep\report53.xsl,4357,7b7801642b202db7d3bbd625a6e8128d7dc9cfb0,640669026
{app}\xsl\dop_rep\report54.xsl,4280,564bfae2225c12a630374412af8994151de46e8a,640673383
{app}\xsl\dop_rep\report56.xsl,5802,ba7ce921705fa8132265a9e68114a9a398071c29,640677663
{app}\xsl\dop_rep\report57.xsl,4883,d887f35deae5e8f1335e943448d8f49bc4924f06,640683465
{app}\xsl\dop_rep\report58.xsl,4343,2bf991ccb3f353b586821ab42e29cb69a759baab,640688348
{app}\xsl\dop_rep\report59.xsl,18279,7bf6663275fb9c12a4f005c71023b3855e22bc21,640692691
{app}\xsl\dop_rep\report60.xsl,16605,55e43232ba7145e319edce1aa768bc77d2b78cf6,640710970
{app}\xsl\dop_rep\report61.xsl,4119,d389741114ed6c029ac0347b7d6bafca0bfdf2ee,640727575
{app}\xsl\dop_rep\report64.xsl,10533,d554739a7502b8c5cdc6ef346c2f795b97abfc18,640731694
{app}\xsl\dop_rep\report65.xsl,13625,e564839d92dc7aa168f8e45bf3b85d7dac5f0892,640742227
{app}\xsl\dop_rep\report66.xsl,9865,71815489ef940a0f1ae18c857b353d880451ca9a,640755852
{app}\xsl\dop_rep\report67.xsl,11384,5975e51a6463295c1c9dd2f5729911f01cdaf02f,640765717
{app}\xsl\dop_rep\report68.xsl,6030,cf0f8d3e233c715df8cf7654393c60367711e01f,640777101
{app}\xsl\dop_rep\report69.xsl,1816,3c9c962ab1a83890cd4e4e3bf8c5a2567c6bafd7,640783131
{app}\xsl\dop_rep\report70.xsl,16518,159bec1de0200526abcfef823cf152e99afefd79,640784947
{app}\xsl\dop_rep\report71.xsl,4578,37d193721e16380163ae256909afb0c4f3ce6035,640801465
{app}\xsl\dop_rep\report72.xsl,3650,61da42a7d28d541e1970d294b0cbb46eea94601f,640806043
{app}\xsl\dop_rep\report74.xsl,11030,e592228a01ee80a1b1d7b9b6bf9af0879f742743,640809693
{app}\xsl\dop_rep\report75.xsl,7330,a11ebc7681b685d9690fc9b491cb6f58a0333c3c,640820723
{app}\xsl\dop_rep\report76.xsl,3173,a0dbe633d79cb818dcdb3c7ee14368d5b523a028,640828053
{app}\xsl\dop_rep\rep_count01.xsl,3092,8e508d8be2e9d0fca5e39a074e568a1f293365ca,640831226
{app}\xsl\dop_rep\rep_obuch.xsl,8671,8f71ef201ffdc912b2e380df8f3eeb0c2e7e581e,640834318
{app}\xsl\dop_rep\siz_norms.xsl,6291,4661f8e04321aecbf3be833114ea0369cb33bca9,640842989
{app}\xsl\dop_rep\sv_rep_risk_form1.xsl,7397,7ba914b7967ef62e3785c981e08c2e20e73f3bd0,640849280
{app}\xsl\dop_rep\sv_rep_risk_form1_2.xsl,7435,e99835eff7bca15164fd2e510c6ad8094e9c34f8,640856677
{app}\xsl\dop_rep\sv_rep_risk_form2.xsl,6157,faf58cf43b2edb6ddf84d437f6f6a39088ca8271,640864112
{app}\xsl\dop_rep\sv_rep_risk_form2_2.xsl,6307,46e6a468a1dbf70c9c959e018a970f535bba7130,640870269
{app}\xsl\dop_rep\sv_rep_risk_form3.xsl,7558,fc697a52c41df349288026dcd9c00dd5820990d5,640876576
{app}\xsl\dop_rep\sv_rep_risk_per_rm.xsl,7044,034ae962bd60354d371ce3d4e72baa8813d5eb54,640884134
{app}\xsl\dop_rep\sv_ved_risk1.xsl,5814,a727931cc301ffba059123b9b1eb0d2e3c0fe919,640891178
{app}\xsl\dop_rep\workbook.xsl,19589,4c8a694453ce4fd358ae8b60e8df4b51f45da1fa,640896992
{app}\xsl\dop_rep\workbook_fact.xsl,14846,b5e98d0fcbff1fe21e02b0410f969c27522589de,640916581
{app}\xsl\dop_rep\workbook_fact2.xsl,12407,3a010cf78ebf7109ca045ff9ff7ca3bc94db5c75,640931427
{app}\xsl\dop_rep\workbook_fact3.xsl,15403,3cde517f65c19c407055734cc22754f4c726e972,640943834
{app}\xsl\izm_log\factor01_01.xsl,4317,4f706f12e1392d66d1e982902ff41dd17520b754,640959237
{app}\xsl\izm_log\factor04_01.xsl,4157,9edde633031cf574161348517de74cd5cfc4ab85,640963554
{app}\xsl\izm_log\factor05_01.xsl,3999,63c63904622f73f7892b6f9edef27785b9bb6f5e,640967711
{app}\xsl\izm_log\factor06_01.xsl,3996,48ad35387ab77a300c2ed8cfc11ed4b838c6be7a,640971710
{app}\xsl\izm_log\factor07_01.xsl,4789,cb86577631ddf6f1876189bb7aee0efffee753db,640975706
{app}\xsl\izm_log\factor08_01.xsl,4789,cb86577631ddf6f1876189bb7aee0efffee753db,640980495
{app}\xsl\izm_log\factor09_01.xsl,4202,b74711f1080025706cae1e832113879052294b68,640985284
{app}\xsl\izm_log\factor11_01.xsl,3939,f5a4820d19e9eb094fab94b87effabaa51222c58,640989486
{app}\xsl\izm_log\factor12_01.xsl,3944,b281c6ae667bef62a9db9a52c0107f8b2c7649fd,640993425
{app}\xsl\izm_log\factor13_01.xsl,3806,61e08153c15e78c8a7c699308a556dd66966cd78,640997369
{app}\xsl\izm_log\factor13_01_direct.xsl,3692,6173dc9befbcaabfd6c57b3244e94b6e03f98563,641001175
{app}\xsl\izm_log\factor14_01.xsl,3419,afc696c3d7b6cecb1b97d55e2edfc98d36f10c48,641004867
{app}\xsl\izm_log\factor41_01.xsl,6068,23780a0f08cbd0987f710d6af115ee2e01774a86,641008286
{app}\xsl\izm_log\dop_razd\factor01_01.xsl,17380,fcccb4bacbce65650e2c9f24a321107ce89d2450,641014354
{app}\xsl\izm_log\dop_razd\factor04_01.xsl,18276,0ff698dc730c778f3b5ff4dc9556577832ee7a90,641031734
{app}\xsl\izm_log\dop_razd\factor05_01.xsl,17200,5b686208dbdb99bf85f235ab84996ebf76762351,641050010
{app}\xsl\izm_log\dop_razd\factor06_01.xsl,16938,cef6ed3de5bf265200a5a9f0d1a511929f0a31be,641067210
{app}\xsl\izm_log\dop_razd\factor07_01.xsl,18003,b79148a02e8924210d61be52b56c90e1665c370d,641084148
{app}\xsl\izm_log\dop_razd\factor08_01.xsl,18003,b79148a02e8924210d61be52b56c90e1665c370d,641102151
{app}\xsl\izm_log\dop_razd\factor09_01.xsl,17865,27fc0fcf05d938293fb90de8f9c3986edca86e06,641120154
{app}\xsl\izm_log\dop_razd\factor11_01.xsl,17553,ee5401d6827ec21e1fc9908d0520d802beb78159,641138019
{app}\xsl\izm_log\dop_razd\factor12_01.xsl,20931,cb90fc67b2c04bb780a6abc82dad8c0b67a56731,641155572
{app}\xsl\izm_log\dop_razd\factor13_01.xsl,17729,b1aa48f71a8f45cb2d47ed7c391793ca6dd01290,641176503
{app}\xsl\izm_log\dop_razd\factor13_01_direct.xsl,17794,d71ca5dccfcea7699a38de5139f751b493190965,641194232
{app}\xsl\izm_log\dop_razd\factor14_01.xsl,17026,bc83ef6795a9d347f082e55e37357a3822e2eb08,641212026
{app}\xsl\izm_log\dop_razd\factor41_01.xsl,18021,7995555efc0b75f5f362407d260aa4c8ecc398ba,641229052
{app}\xsl\izm_prot\factor01_01.xsl,13584,78b2618a2a5552bde7228233dd1c590302dbb4ef,641247073
{app}\xsl\izm_prot\factor03_01.xsl,13450,b67c2a062b086a16bdafdda706b01680cd3b0282,641260657
{app}\xsl\izm_prot\factor04_01.xsl,18414,1805b202567d8a2b0be2006b2a697da2bd43d711,641274107
{app}\xsl\izm_prot\factor05_01.xsl,15647,b715e8d9c79c155123350642ff4dc22bedc175b0,641292521
{app}\xsl\izm_prot\factor06_01.xsl,15320,e702a795ccb4b749f5d8c4a92283f0b21fe3bd9c,641308168
{app}\xsl\izm_prot\factor07_01.xsl,19233,6750c9a05e4fd6dd5d22c4bcf012cf574c4b30ca,641323488
{app}\xsl\izm_prot\factor08_01.xsl,19239,c5319d510ff21299a96c2093e34d4d748a056ed6,641342721
{app}\xsl\izm_prot\factor09_1_01.xsl,14620,214f56baf3ef74b9002b6873fc74bbdf386c003a,641361960
{app}\xsl\izm_prot\factor09_2_01.xsl,14179,11d356782d97b497b5c0de42d96de6ad10d0e85e,641376580
{app}\xsl\izm_prot\factor09_3_01.xsl,14555,ff0669c7d750bf7ece9e05d54bad6697963ae655,641390759
{app}\xsl\izm_prot\factor09_4_01.xsl,15142,95bf35799b48ac43c814c9b95bf3f7a5d90adc40,641405314
{app}\xsl\izm_prot\factor10_01.xsl,14317,4bc678f3424b7b833382be501c950e21da0f8f41,641420456
{app}\xsl\izm_prot\factor11_01.xsl,14296,d28c7997d7197e34b9b051db0c77a5bc3fec8656,641434773
{app}\xsl\izm_prot\factor12_01.xsl,16215,564144007be1484a0507d1465dd6264f1c18b37f,641449069
{app}\xsl\izm_prot\factor26_01.xsl,14097,fee0d9b16d65f91d68915176890194be42b80876,641465284
{app}\xsl\izm_prot\factor41_01.xsl,17995,24d607de285db5111a49ea030196ff6a03d414d1,641479381
{app}\xsl\per_rm\form1_01.xsl,8052,c4ca8f3f54123b0acca8842687037edece559654,641497376
{app}\xsl\per_rm\form1_01_by_podr.xsl,9136,a372466cebb5d74d9a06ca35f09c9a604d4d7de2,641505428
{app}\xsl\per_rm\form1_02.xsl,8231,24a78f1f0d6fd2adeafc51966cf15ae46c536795,641514564
{app}\xsl\per_rm\form1_02_by_podr.xsl,9347,b7140149f94609ff53e013d3ad5baa347bf10869,641522795
{app}\xsl\per_rm\form2_01.xsl,6830,2e1079c01e364a9ced62e55483ac7958469d49c9,641532142
{app}\xsl\per_rm\form2_01_by_podr.xsl,8039,cb9b91518f1caaf8562e47015d6e7ae0cd545c0c,641538972
{app}\xsl\per_rm\form2_02.xsl,6992,8c34f1e04bb15c2f8668e1b0bd6116aae43189f1,641547011
{app}\xsl\per_rm\form2_02_by_podr.xsl,8233,44a016cb56484b3c8708ca65ed7f1d782a47245f,641554003
{app}\xsl\per_rm\form2_03.xsl,7047,18e7505840a207d67d7a7d21723f2ca533cce242,641562236
{app}\xsl\per_rm\form2_03_by_podr.xsl,8288,6a804b28ed89ef3a41f20e2e8005b67e7cbe76fa,641569283
{app}\xsl\per_rm\form2_04.xsl,7209,8e66e97493196966b59be92b8ad419b5053d2291,641577571
{app}\xsl\per_rm\form2_04_by_podr.xsl,8482,6e5be234c332e7e8c735bc340e0b2c703acdd633,641584780
{app}\xsl\per_rm\per_mer.xsl,2625,323906ab8530ec1736ce4e8eef8ec6d13ea2bfb4,641593262
{app}\xsl\sv_prot\att_zakl_01var.xsl,5160,bd6a6e5388c913ae74de09a32b0773260134cfcb,641595887
{app}\xsl\sv_prot\att_zakl_02var.xsl,2376,5620c2748fe50f6ffc23da2245feccfd92dcc945,641601047
{app}\xsl\sv_prot\att_zakl_03var.xsl,2218,9e323429dca9839f5b0c5fd597cd3c8b8f1a759b,641603423
{app}\xsl\sv_prot\att_zakl_04var.xsl,2939,04199eea9bbbb781b4e4ffcecbecb59c1fb5a240,641605641
{app}\xsl\sv_prot\factor01.xsl,3480,36b022e1edfda29448ab8a198bdaf441f771c7cf,641608580
{app}\xsl\sv_prot\factor01_2.xsl,3639,c51bccaf7984c8dd9b955884edc303c385bde910,641612060
{app}\xsl\sv_prot\factor01_3.xsl,3792,c986e7cf81e89765955daab81d118f85376bf079,641615699
{app}\xsl\sv_prot\factor01_4.xsl,3916,97bb8adbcab1c9ba530445b7e93777111975477d,641619491
{app}\xsl\sv_prot\factor01_5.xsl,4034,c4c07deb6da43f50efe91783949647e3cf23909d,641623407
{app}\xsl\sv_prot\factor01_6.xsl,4294,35b5ca03c2dd830931eb66168ca5fb42921605db,641627441
{app}\xsl\sv_prot\factor02.xsl,3469,64a928b65ae5002bd7a89f0ad730e97851abaa2f,641631735
{app}\xsl\sv_prot\factor02_2.xsl,3650,88224a9edf9cf1516123e3ca5a6e1ead0596e490,641635204
{app}\xsl\sv_prot\factor03.xsl,3404,870e8581fd8602252151e5377baca913091b758b,641638854
{app}\xsl\sv_prot\factor03_2.xsl,3639,c51bccaf7984c8dd9b955884edc303c385bde910,641642258
{app}\xsl\sv_prot\factor03_3.xsl,3790,03752b9bf4130d0a2de37b6d5355c4582d09dcae,641645897
{app}\xsl\sv_prot\factor03_4.xsl,3935,99fbc1f71d2ae3fb9ee8cf6dea108d5235220ecd,641649687
{app}\xsl\sv_prot\factor03_5.xsl,4034,c4c07deb6da43f50efe91783949647e3cf23909d,641653622
{app}\xsl\sv_prot\factor03_6.xsl,4294,35b5ca03c2dd830931eb66168ca5fb42921605db,641657656
{app}\xsl\sv_prot\factor04.xsl,3488,f216005152ca4ca659cb4d13465364d707fef237,641661950
{app}\xsl\sv_prot\factor04_2.xsl,3723,dfe54a1c67ccda8012a6e061154833b0a69c9505,641665438
{app}\xsl\sv_prot\factor04_3.xsl,4230,d142c79cb5467a233c3016484d112d79932df6a1,641669161
{app}\xsl\sv_prot\factor04_4.xsl,5140,26744b48c8ed49afdc97dbff1a000a84fa6bb6ff,641673391
{app}\xsl\sv_prot\factor04_5.xsl,4370,8e4f231c6f359064ea73cd59ad289a174642a894,641678531
{app}\xsl\sv_prot\factor04_6.xsl,5496,400aafe24a7b20658481f3586032ab859ae372c4,641682901
{app}\xsl\sv_prot\factor04_7.xsl,3713,14a1fda8aba3a1d4cb3888b8a313e955ade8b8bf,641688397
{app}\xsl\sv_prot\factor04_full.xsl,3764,bd10f5d2147b8b36f76d66b06775e6354e384438,641692110
{app}\xsl\sv_prot\factor04_short.xsl,3427,dee8f712d2d93dff99815b3f23051b53c1f66df8,641695874
{app}\xsl\sv_prot\factor05.xsl,3288,c4f548efed29d3f3f244d7b96d1afe9821b7b64c,641699301
{app}\xsl\sv_prot\factor05_1_1.xsl,3503,6845bd1e25669eafc26b8f3a8a60323946d47290,641702589
{app}\xsl\sv_prot\factor05_2.xsl,3525,84bdc24f9cdcd24083ca96638b6370344ff4742c,641706092
{app}\xsl\sv_prot\factor05_3.xsl,4281,96aa4d4346b4a374de27361a0638976f287757fa,641709617
{app}\xsl\sv_prot\factor05_4.xsl,3742,0c1b933918decc8f65b68adf300dff5fa97803a2,641713898
{app}\xsl\sv_prot\factor05_5.xsl,4446,f42bb615ee4c95b220653e4e5e3d523158a1bd0f,641717640
{app}\xsl\sv_prot\factor05_6.xsl,7667,fff5a405880f9b37eb34b9c4d666f05ce6093b0c,641722086
{app}\xsl\sv_prot\factor05_full.xsl,3575,2aeb4fd6af6847a322613623cffd6f10899455eb,641729753
{app}\xsl\sv_prot\factor05_short.xsl,3240,5937a3e01e25109481a5b914630fccce8bc1d479,641733328
{app}\xsl\sv_prot\factor06.xsl,3745,05b871744615870d37f5f0fed6899603f4968476,641736568
{app}\xsl\sv_prot\factor06_2.xsl,3980,3157c0a665ac425875dde240dd2475f60392f83b,641740313
{app}\xsl\sv_prot\factor06_3.xsl,4210,3a009404807027505f3094feca9d9f467a81215b,641744293
{app}\xsl\sv_prot\factor06_4.xsl,4237,855439acf24054a6cd935c2d9c0b2735a1d5464e,641748503
{app}\xsl\sv_prot\factor06_5.xsl,4910,3e451e40766ee514e3e60f761391b0aeff6d2429,641752740
{app}\xsl\sv_prot\factor07.xsl,3926,d5f63a5e1e125d8f1a651a3c3a05029cd188eab6,641757650
{app}\xsl\sv_prot\factor07_2.xsl,4182,3413863607a98508122c2f0aad7262d9cd223dc6,641761576
{app}\xsl\sv_prot\factor07_3.xsl,4285,fa01b2c1e6f26f5c507ee6adadb37be1881c8994,641765758
{app}\xsl\sv_prot\factor07_4.xsl,4267,a5ce452aed5a53627db5e0a7baae565337e25374,641770043
{app}\xsl\sv_prot\factor07_5.xsl,5629,fcc0d1941853c9edeb7648bf0376f37148176f9d,641774310
{app}\xsl\sv_prot\factor07_full.xsl,4094,000ff803924ba01fa7fb131b50498bb2c89b7599,641779939
{app}\xsl\sv_prot\factor07_short.xsl,3508,0a5865106d9766733fb18e6f9cf324240990a122,641784033
{app}\xsl\sv_prot\factor08.xsl,3947,79db11ecbd99f269509b55835828f2dcc1996eb3,641787541
{app}\xsl\sv_prot\factor08_2.xsl,4182,3413863607a98508122c2f0aad7262d9cd223dc6,641791488
{app}\xsl\sv_prot\factor08_3.xsl,4285,fa01b2c1e6f26f5c507ee6adadb37be1881c8994,641795670
{app}\xsl\sv_prot\factor08_4.xsl,4267,a5ce452aed5a53627db5e0a7baae565337e25374,641799955
{app}\xsl\sv_prot\factor08_5.xsl,5629,fcc0d1941853c9edeb7648bf0376f37148176f9d,641804222
{app}\xsl\sv_prot\factor08_full.xsl,4087,4cb8a388a872a05bbfb476c887d2926e8ed00550,641809851
{app}\xsl\sv_prot\factor08_short.xsl,3571,9f065d527ebd80a5f508d4a9dcb0413d8155329e,641813938
{app}\xsl\sv_prot\factor09_1.xsl,3409,d021effa4f0b9f87698619ae8ed5a51e0a11993d,641817509
{app}\xsl\sv_prot\factor09_1_2.xsl,3680,f1ccfb00464777f708c6c56305062899918abcfe,641820918
{app}\xsl\sv_prot\factor09_2.xsl,3474,7e7da8c6d40c47cb7870afaad9729f41f0ab5f56,641824598
{app}\xsl\sv_prot\factor09_2_2.xsl,3649,f6f50f845ab758cdf12230553bf6401e6e11e47a,641828072
{app}\xsl\sv_prot\factor09_3.xsl,3409,d021effa4f0b9f87698619ae8ed5a51e0a11993d,641831721
{app}\xsl\sv_prot\factor09_3_2.xsl,3680,f1ccfb00464777f708c6c56305062899918abcfe,641835130
{app}\xsl\sv_prot\factor09_4.xsl,3922,ae6230ad650c252402261a1b73fe6b5b9a3932c6,641838810
{app}\xsl\sv_prot\factor09_4_2.xsl,4598,863c87562f216f7b3668b6767c486873576b74c5,641842732
{app}\xsl\sv_prot\factor0_01.xsl,4093,49aefb3d82a2d2959c8faf49f1e8f1e2e360803c,641847330
{app}\xsl\sv_prot\factor0_02.xsl,4372,b9f9a656eae5cbdba8f109a9b050cdeab5a54c26,641851423
{app}\xsl\sv_prot\factor10.xsl,3689,c17700c55abee3ac1fc4d9daae1ef6a7bd5705a6,641855795
{app}\xsl\sv_prot\factor10009_01.xsl,4115,dcaa8e5c51582a48563ef6c0c527eb83861d7631,641859484
{app}\xsl\sv_prot\factor10099_01.xsl,3581,3b4789b42d0cbedd93191c0d92c682f408d52684,641863599
{app}\xsl\sv_prot\factor10_2.xsl,3911,c402ab72b5e4ea6b3c02f93b11123d723fd8b930,641867180
{app}\xsl\sv_prot\factor10_3.xsl,3717,109d0bccc0d6aea280fc847ca99dfec802e3b4a2,641871091
{app}\xsl\sv_prot\factor11.xsl,3704,f33cc5944327028bbb4757756ea60cb19ed71c12,641874808
{app}\xsl\sv_prot\factor11_2.xsl,3859,f722a6d911757680c2b80f3b99e049dbc9b252f9,641878512
{app}\xsl\sv_prot\factor11_3.xsl,3976,7df501d1dfbca9f79559c57463ad9e85b5d431c4,641882371
{app}\xsl\sv_prot\factor11_4.xsl,4317,1d303c0e33c9a24e434d80128cddc4e4c899ffc5,641886347
{app}\xsl\sv_prot\factor12.xsl,3489,7c427987915df10660a001e966d5c5600698d107,641890664
{app}\xsl\sv_prot\factor12_2.xsl,4358,86a636ac67536e2a77223aeb8532831b435f3ba3,641894153
{app}\xsl\sv_prot\factor12_3.xsl,4567,0ebd38a0f421416569aa6075f3497438eda4a9b8,641898511
{app}\xsl\sv_prot\factor12_4.xsl,4722,7c83617677d6e57c658a07c3042b2dbd31bc4a06,641903078
{app}\xsl\sv_prot\factor12_5.xsl,4839,6bd97fbbf7e6b9aaabebb2f1f8d22e37b5a934b9,641907800
{app}\xsl\sv_prot\factor13.xsl,3970,07eff63ce6e71a8052929562aaf489ec67b151cd,641912639
{app}\xsl\sv_prot\factor13_2.xsl,4301,dd148ac58f599951a22a418c32ccf4bb5a19c086,641916609
{app}\xsl\sv_prot\factor13_3.xsl,4418,48b4422f9c9ede339ca23bbe417463077f86523f,641920910
{app}\xsl\sv_prot\factor13_4.xsl,4537,533716ceb9ad8baec3316fcc039ac7438a4b5add,641925328
{app}\xsl\sv_prot\factor13_5.xsl,4344,cdab41baefb45c98309273e2a7ac78b9bc3fe46c,641929865
{app}\xsl\sv_prot\factor13_6.xsl,4426,15d2e4c28d7e8987cfae5a1df2e832bf353c04f3,641934209
{app}\xsl\sv_prot\factor14.xsl,3485,615b1273c2f1ef3b1e9dc2827f81d1c9ca47a6aa,641938635
{app}\xsl\sv_prot\factor14_2.xsl,3794,34f4f7b3f10fe4e79f1fabc2a0f309f1c7ccac12,641942120
{app}\xsl\sv_prot\factor14_3.xsl,3910,e97ae8b2146e07445ade3e0fdc3818eb8abe6d6b,641945914
{app}\xsl\sv_prot\factor14_4.xsl,4029,2922fe0bc4d6a0941a738230eac4a33e4c0e3d05,641949824
{app}\xsl\sv_prot\factor14_5.xsl,3837,11a8a4bf85573c7e6d47169ab01120349fbec71c,641953853
{app}\xsl\sv_prot\factor26.xsl,3474,7e7da8c6d40c47cb7870afaad9729f41f0ab5f56,641957690
{app}\xsl\sv_prot\factor26_2.xsl,3676,d4f5861d501cb49aa286a4080ea4efde797dee28,641961164
{app}\xsl\sv_prot\factor26_2_1.xsl,3879,903f78c67d158820051b63a721cb13b082d1c502,641964840
{app}\xsl\sv_prot\factor26_3.xsl,3811,030619b30ed31f55f3b13fd1300a687b6afb7c58,641968719
{app}\xsl\sv_prot\factor41.xsl,6263,605a030bc5a3c28473330eb70633217195620c62,641972530
{app}\xsl\sv_prot\factor41_2.xsl,6360,c00513f35e7e0f7b381a279295eb6cb46ed852ab,641978793
{app}\xsl\sv_prot\nd_data1.xsl,1703,fdecbc6397719a2fe012e83354bb4e1d72385cb1,641985153
{app}\xsl\sv_prot\nd_data2.xsl,1703,8d423cac68937ac689af29540055c4a9620ec632,641986856
{app}\xsl\sv_prot\org_data.xsl,3519,16627d1c53369627ac2d405fe5e30e358414a810,641988559
{app}\xsl\sv_prot\os_params.xsl,3717,8ba8f80e8e4218349d405219dbf6a5a6f392a85f,641992078
{app}\xsl\sv_prot\si_all_data.xsl,3312,3131b29a369335ac74f32c6d5626c89991fa7446,641995795
{app}\xsl\sv_prot\si_data.xsl,2370,a61ffd2c03dfd904708ce7c86ea337c635b4a64c,641999107
{app}\xsl\sv_prot\si_nd_data.xsl,1964,a9965c9b7fe4c44454397e2e875bd38d16c1c057,642001477
{app}\xsl\sv_prot\si_os_data.xsl,2373,9f3fb89c29d85249ba83c26a4145f1c4a43a7967,642003441
{app}\xsl\sv_prot\src_data.xsl,1957,d0ce566758b7eea357684e8370a4861c9c7f82ee,642005814
{app}\xsl\sv_prot\calc\factor01.xsl,4726,25ca0d7fc536fc0f915ea9793320213fa5952614,642007771
{app}\xsl\sv_prot\calc\factor03.xsl,4718,5b6e0a192f2188550f249e7e50d555e693be1826,642012497
{app}\xsl\sv_prot\calc\factor03_01.xsl,3798,0b1cd4ac0461e7537a3e163dcf1c4fb92def2e6f,642017215
{app}\xsl\sv_prot\calc\factor11.xsl,3563,6239c13111c5a195044962df28f3fff6686f06cd,642021013
{app}\xsl\sv_prot\calc\factor26.xsl,3865,74379f3f29d1fa30c8d8f86fabfa11a566bd8b1f,642024576
{app}\xsl\sv_prot\forms2019\factor01_01.xsl,19577,6ba1a974aa05774c35981c1fe733a11f55861916,642028441
{app}\xsl\sv_prot\forms2019\factor01_02.xsl,20553,4191adbe6760982d6666568435f25d735278afd1,642048018
{app}\xsl\sv_prot\forms2019\factor01_03.xsl,24425,c32cd1dae37aee22284f9096d2704b6310d74d38,642068571
{app}\xsl\sv_prot\forms2019\factor01_04.xsl,21358,f4ddee6012180c3ae11a7079d4c347eeab4fbdf7,642092996
{app}\xsl\sv_prot\forms2019\factor01_05.xsl,22241,6fc82e0d188d9771cd5751268b7575956cd73397,642114354
{app}\xsl\sv_prot\forms2019\factor03_01.xsl,23482,819ec2bfbf04f99527b977967a54a9ab18611256,642136595
{app}\xsl\sv_prot\forms2019\factor03_02.xsl,24458,ff36e7de772847a8fe4a0654a9986edee5696c1c,642160077
{app}\xsl\sv_prot\forms2019\factor04_01.xsl,22480,49a2be2dcfbd97b7bae0fb1e6b38350e23e20d1c,642184535
{app}\xsl\sv_prot\forms2019\factor04_02.xsl,22692,33c023a358e3670e213ffd9fcf6efd267f393aed,642207015
{app}\xsl\sv_prot\forms2019\factor05_01.xsl,22753,2a4109f8316bab6aba39a7f8f7423e01f38d40ab,642229707
{app}\xsl\sv_prot\forms2019\factor05_02.xsl,22856,cfed4907efe73a94dcf742dd3f90db5d7cbceb04,642252460
{app}\xsl\sv_prot\forms2019\factor06_01.xsl,24332,b1fe93ad80438d5169659415b38b38686dad6873,642275316
{app}\xsl\sv_prot\forms2019\factor06_02.xsl,24436,0ef3fcf5258e8c1deb1dad7bff798da222746bd9,642299648
{app}\xsl\sv_prot\forms2019\factor07_01.xsl,20363,ab83a70e420eaf66ae5d88f94a6cab060f2958cc,642324084
{app}\xsl\sv_prot\forms2019\factor07_02.xsl,20704,1827f1d07137855e07c53d89f4379a8377c7ff55,642344447
{app}\xsl\sv_prot\forms2019\factor08_01.xsl,20379,dfd6bd9d1da889454482e7d029841e2cfc822d26,642365151
{app}\xsl\sv_prot\forms2019\factor08_02.xsl,20720,bd2fc104503d70739a1045d992fac7f45a24ae55,642385530
{app}\xsl\sv_prot\forms2019\factor091_01.xsl,19691,8ef6e71813a5cdef9e13ca1fec5b13da64693239,642406250
{app}\xsl\sv_prot\forms2019\factor092_01.xsl,19717,f808531b7ca62d58075cc6aeb897f513cf8071c0,642425941
{app}\xsl\sv_prot\forms2019\factor093_01.xsl,19695,fc4bab32a69c1e06883d18999373811bdabd01b0,642445658
{app}\xsl\sv_prot\forms2019\factor094_01.xsl,22376,c41078a51a3a51b0b95f2aa26e0b9ea0862bff1c,642465353
{app}\xsl\sv_prot\forms2019\factor10_01.xsl,21558,c45828930f1502f7731a1abe19fee6d6cb354cdb,642487729
{app}\xsl\sv_prot\forms2019\factor11_01.xsl,17193,7ff1510a05b362810044e959f54189b06f7f7c50,642509287
{app}\xsl\sv_prot\forms2019\factor12_01.xsl,18871,ce9d9bf94f7839607d576d82e9af84b38d5b14aa,642526480
{app}\xsl\sv_prot\forms2019\factor13_01.xsl,16636,e060126195f6f686a929504ea57b1cc6549bb0f5,642545351
{app}\xsl\sv_prot\forms2019\factor13_02.xsl,16845,a4e956e691ed956b23622e727d958771e9b0941f,642561987
{app}\xsl\sv_prot\forms2019\factor13_03.xsl,18409,5d700ac151a6501b9151310863d2ad375a798846,642578832
{app}\xsl\sv_prot\forms2019\factor14_01.xsl,16296,1375d818d5a89e6da7860a40d7833f2018bfb7c3,642597241
{app}\xsl\sv_prot\forms2019\factor14_02.xsl,16515,d38849e8f44d2cd1d5cc4f4134193f71a995a7b4,642613537
{app}\xsl\sv_prot\forms2019\factor14_03.xsl,17872,a8a98559b0e7c98f95d8d99a5a77c1dcb2c4eab6,642630052
{app}\xsl\sv_prot\forms2019\factor26_01.xsl,19701,c2b1a66e1eeba453f09210087e169f7524af07db,642647924
{app}\xsl\sv_prot\forms2019\factor41_01.xsl,26041,77acfc7a89f5c1951f84f45680ddfdb50168104b,642667625
{app}\xsl\sv_prot\forms2019\factor_dop.xsl,10081,d9d5f97ba6ad8983192ae35bf3491afb17363569,642693666
{app}\xsl\sv_prot\forms2019\izm\factor01_01.xsl,19588,d3dc5f0e809c8dae2ca981c4601a508edac49320,642703747
{app}\xsl\sv_prot\forms2019\izm\factor03_01.xsl,23321,f33c358519352f26838e11e58208a8ca0e0786f2,642723335
{app}\xsl\sv_prot\forms2019\izm\factor04_01.xsl,20611,6912d3b4590587c402d10a4433e94ce53ade4a13,642746656
{app}\xsl\sv_prot\forms2019\izm\factor04_02.xsl,20715,4e6d3c856b4d38982a8961948fef4b68543e3696,642767267
{app}\xsl\sv_prot\forms2019\izm\factor05_01.xsl,23128,f8ed9314e59d8abd2b11d1150426151c1a09794e,642787982
{app}\xsl\sv_prot\forms2019\izm\factor05_02.xsl,23231,6755f59cf5038fa0a333f37355a05aed13365949,642811110
{app}\xsl\sv_prot\forms2019\izm\factor06_01.xsl,24699,b6ea44c1db37b9f9e4578284fb97d76626a55507,642834341
{app}\xsl\sv_prot\forms2019\izm\factor06_02.xsl,24803,01b4b914c97b33cbe6252d9413decdebb3183329,642859040
{app}\xsl\sv_prot\forms2019\izm\factor07_01.xsl,20738,d7ff7fb949705059b4dc828375d46480c85c5b7d,642883843
{app}\xsl\sv_prot\forms2019\izm\factor07_02.xsl,21075,c606b1adf47dc55226d7ee0c7562a1729b27a349,642904581
{app}\xsl\sv_prot\forms2019\izm\factor08_01.xsl,20754,496bfde27cc388ac7c7662c15f0da5f071dcec1d,642925656
{app}\xsl\sv_prot\forms2019\izm\factor08_02.xsl,21095,f7897edff372b19d113e0443b7f078511f363f26,642946410
{app}\xsl\sv_prot\forms2019\izm\factor091_01.xsl,20066,099e3bf36e8751a51ef7fc2c1e968a4ada94aa11,642967505
{app}\xsl\sv_prot\forms2019\izm\factor092_01.xsl,20092,696e7a1c10d4defaa6a0d322888376bfcaec80ce,642987571
{app}\xsl\sv_prot\forms2019\izm\factor093_01.xsl,20154,dd0d7255474c9a510d4c46594c261326e690a923,643007663
{app}\xsl\sv_prot\forms2019\izm\factor094_01.xsl,22427,e43302f04a77266485bc30f20950c633d1b8dc77,643027817
{app}\xsl\sv_prot\forms2019\izm\factor10_01.xsl,21968,78dd17613a112b136940cfebe51598fbed91fff6,643050244
{app}\xsl\sv_prot\forms2019\izm\factor11_01.xsl,17569,f89814c2ad5522115f5d1cae54da7fc6d8acef49,643072212
{app}\xsl\sv_prot\forms2019\izm\factor12_01.xsl,19236,a7f6950f4c655b76e8506abf2f8661dddcea2134,643089781
{app}\xsl\sv_prot\forms2019\izm\factor13_01.xsl,16758,f948c719158ef82515f770041998dcde74ad2370,643109017
{app}\xsl\sv_prot\forms2019\izm\factor13_02.xsl,18211,da6f0b21c12ba169436a2e6b31edb9d0cbc9d7f0,643125775
{app}\xsl\sv_prot\forms2019\izm\factor14_01.xsl,16755,91e210e07a55556d14aafe64ff0b5f114165956e,643143986
{app}\xsl\sv_prot\forms2019\izm\factor14_02.xsl,18094,0c0e5608e4fe1c6d92af2cf39266a58f09576421,643160741
{app}\xsl\sv_prot\forms2019\izm\factor26_01.xsl,20161,c0a410be63868b4215ad3d8a339a7db4aeffb6c4,643178835
{app}\xsl\sv_prot\forms2019\izm\factor41_01.xsl,26489,da8b432871e97fac8c0c11060a330f84cc0da5d0,643198996
{app}\xsl\sv_prot\forms2019\izm\factor_dop.xsl,10081,d9d5f97ba6ad8983192ae35bf3491afb17363569,643225485
{app}\xsl\sv_prot\izm\factor01.xsl,3103,1164d9acdc142858b069a1d0fc05b4e63fe2fe1e,643235566
{app}\xsl\sv_prot\izm\factor01_2.xsl,3325,862469fd5e43e72ea27af7c0436e7f3e97900395,643238669
{app}\xsl\sv_prot\izm\factor01_3.xsl,3479,527517f5d8be5fc7cf763fa55893518ad407a782,643241994
{app}\xsl\sv_prot\izm\factor01_4.xsl,3626,012471002f1adaa09c95137cc521d198cf7d29ac,643245473
{app}\xsl\sv_prot\izm\factor01_41.xsl,3798,a8663deb93b0c27909cc47115b7ae5526e340c52,643249099
{app}\xsl\sv_prot\izm\factor01_5.xsl,2974,87f525ef7e0521f4bf12304ef458ebd37764bb2f,643252897
{app}\xsl\sv_prot\izm\factor01_6.xsl,3457,ece8c123a06ce0100a59fbb16ec4bc5b8ee5b840,643255871
{app}\xsl\sv_prot\izm\factor03.xsl,3090,afbc3ebc7742e1b325bee81a414f5814ed667d7b,643259328
{app}\xsl\sv_prot\izm\factor03_2.xsl,3325,862469fd5e43e72ea27af7c0436e7f3e97900395,643262418
{app}\xsl\sv_prot\izm\factor03_3.xsl,3477,209832ca73c17cdba06bfdf987dd10a143f8253d,643265743
{app}\xsl\sv_prot\izm\factor03_4.xsl,3626,012471002f1adaa09c95137cc521d198cf7d29ac,643269220
{app}\xsl\sv_prot\izm\factor03_41.xsl,3781,c6ef1e17686ee9b2b0f04026d9c74c22f5ff9105,643272846
{app}\xsl\sv_prot\izm\factor03_5.xsl,2974,87f525ef7e0521f4bf12304ef458ebd37764bb2f,643276627
{app}\xsl\sv_prot\izm\factor04.xsl,3166,3105b07a32acea6021bb86f5daf445fd5f5177ef,643279601
{app}\xsl\sv_prot\izm\factor04_2.xsl,3401,0f9d1d9bbe7201555955fd57586ec745e0ca45b0,643282767
{app}\xsl\sv_prot\izm\factor04_3.xsl,3517,aa1ad5a96b0a4b08556b2b9a5cb9b782ae4ce0c7,643286168
{app}\xsl\sv_prot\izm\factor04_5.xsl,2990,06753a4ae49e23fac0e4873cc616e0405cf0d4d7,643289685
{app}\xsl\sv_prot\izm\factor05.xsl,2974,588b0ed57a2fc910a5e8c303f4232fe8393e4277,643292675
{app}\xsl\sv_prot\izm\factor05_2.xsl,3209,471413af07d43e8524a82941642f918215fb6c02,643295649
{app}\xsl\sv_prot\izm\factor05_3.xsl,3943,0a8f2eedba028dac28b411d61f6c84c5cb252c92,643298858
{app}\xsl\sv_prot\izm\factor05_5.xsl,2998,cc51d5d70f9d30b18456a21285298b03172ac45f,643302801
{app}\xsl\sv_prot\izm\factor05_6.xsl,7071,4031702d50090af1f0754bbaedc8e54809a55f4d,643305799
{app}\xsl\sv_prot\izm\factor06.xsl,3302,b0c207b46989d45da32b540b4e98724247bd3c75,643312870
{app}\xsl\sv_prot\izm\factor06_2.xsl,3537,5d8a6ad4abe1fd1db71e33099149884442995988,643316172
{app}\xsl\sv_prot\izm\factor06_3.xsl,3715,2fb1b75bbcf4cd7c4d2ca53e1433e12e00290d2e,643319709
{app}\xsl\sv_prot\izm\factor06_5.xsl,3021,2095c6c585f7fb53fcf13d9120dfb56e971ec621,643323424
{app}\xsl\sv_prot\izm\factor06_6.xsl,3882,d6d4eed27ed3b59f306dde362af7a8a51163f997,643326445
{app}\xsl\sv_prot\izm\factor07.xsl,3447,c3d29647a77fbf409ee557dba6ab2185b36150fa,643330327
{app}\xsl\sv_prot\izm\factor07_2.xsl,3682,19f86d2f3f1059867ab04f6ee76074e6771f46f3,643333774
{app}\xsl\sv_prot\izm\factor07_3.xsl,3807,675a9355116f53efcc685ab164f49bbf303452d5,643337456
{app}\xsl\sv_prot\izm\factor07_5.xsl,3021,2095c6c585f7fb53fcf13d9120dfb56e971ec621,643341263
{app}\xsl\sv_prot\izm\factor08.xsl,3447,c3d29647a77fbf409ee557dba6ab2185b36150fa,643344284
{app}\xsl\sv_prot\izm\factor08_2.xsl,3682,6facd727c571827f331292f3734631e50c5fe2dc,643347731
{app}\xsl\sv_prot\izm\factor08_3.xsl,3807,675a9355116f53efcc685ab164f49bbf303452d5,643351413
{app}\xsl\sv_prot\izm\factor08_5.xsl,3022,52ff81bb846e677714b309fb03f26919b706ce9f,643355220
{app}\xsl\sv_prot\izm\factor09_1.xsl,3095,880557580f66fdb610e9e9000ef1329c756049ef,643358242
{app}\xsl\sv_prot\izm\factor09_1_2.xsl,3368,111f09fb1c36fe867f8f9c6278ee61ffaac3acce,643361337
{app}\xsl\sv_prot\izm\factor09_1_3.xsl,3648,286ced9eda3726167d9f983a503f8402863bf0e0,643364705
{app}\xsl\sv_prot\izm\factor09_1_5.xsl,2974,87f525ef7e0521f4bf12304ef458ebd37764bb2f,643368353
{app}\xsl\sv_prot\izm\factor09_2.xsl,3160,82a912c83b2bb547797b2ad864b8acc65d3b416c,643371327
{app}\xsl\sv_prot\izm\factor09_2_2.xsl,3337,8a8d77aac5eaa983541fd238c700524a0b990b79,643374487
{app}\xsl\sv_prot\izm\factor09_2_3.xsl,3627,f3a75d1703649137b75f1f8467bc1f999d72e8c5,643377824
{app}\xsl\sv_prot\izm\factor09_2_5.xsl,2974,87f525ef7e0521f4bf12304ef458ebd37764bb2f,643381451
{app}\xsl\sv_prot\izm\factor09_3.xsl,3095,880557580f66fdb610e9e9000ef1329c756049ef,643384425
{app}\xsl\sv_prot\izm\factor09_3_2.xsl,3368,111f09fb1c36fe867f8f9c6278ee61ffaac3acce,643387520
{app}\xsl\sv_prot\izm\factor09_3_3.xsl,3658,e1d91c59f5d04afe22898f508cb4725aec838641,643390888
{app}\xsl\sv_prot\izm\factor09_3_5.xsl,2974,87f525ef7e0521f4bf12304ef458ebd37764bb2f,643394546
{app}\xsl\sv_prot\izm\factor09_4.xsl,3716,ecd2e077aba49a936e590c648e95d1384379a7ba,643397520
{app}\xsl\sv_prot\izm\factor09_4_2.xsl,3807,ce25450dc369758f1f4475445efb8d8a9aabd743,643401236
{app}\xsl\sv_prot\izm\factor09_4_3.xsl,4097,97791dd1eaec06ab8022fa35eee8a10ac6dfeaef,643405043
{app}\xsl\sv_prot\izm\factor09_4_5.xsl,3689,5988c073945896db18cfab7d0be35c75deccf054,643409140
{app}\xsl\sv_prot\izm\factor10.xsl,3160,82a912c83b2bb547797b2ad864b8acc65d3b416c,643412829
{app}\xsl\sv_prot\izm\factor10009_01.xsl,3889,0ef785621bb8f2f2cb969adfc4e17d13ba5dffc9,643415989
{app}\xsl\sv_prot\izm\factor10_5.xsl,2974,87f525ef7e0521f4bf12304ef458ebd37764bb2f,643419878
{app}\xsl\sv_prot\izm\factor11.xsl,3220,c53d2342c58af0c557aa2e7f11996cb762973e87,643422852
{app}\xsl\sv_prot\izm\factor11_2.xsl,3375,96933c1326e7bf96d004f60361100cf08baa5b20,643426072
{app}\xsl\sv_prot\izm\factor11_3.xsl,3488,916ded5948bd95010b75bec880c3d6de71ceea6d,643429447
{app}\xsl\sv_prot\izm\factor11_4.xsl,3778,ba7e52906241058928d4778032aa05b756185098,643432935
{app}\xsl\sv_prot\izm\factor11_5.xsl,2969,e2c28f111d19e5cec88084af9f24c4db1adb3b83,643436713
{app}\xsl\sv_prot\izm\factor12.xsl,3175,330a28449b3bda377b16ddd987f860a79e607aa3,643439682
{app}\xsl\sv_prot\izm\factor12_2.xsl,3768,ad6bc8242a9f26f20ddac24973954da261171320,643442857
{app}\xsl\sv_prot\izm\factor12_3.xsl,3951,d010028544dcbea7b8b9e09b8085df52dc7c9a15,643446625
{app}\xsl\sv_prot\izm\factor12_4.xsl,4106,408b9683651fbffb06e53824db85206b04984c02,643450576
{app}\xsl\sv_prot\izm\factor12_41.xsl,4513,08e070d8c0d87b369785d668f40c8c735e339d21,643454682
{app}\xsl\sv_prot\izm\factor12_5.xsl,2974,87f525ef7e0521f4bf12304ef458ebd37764bb2f,643459195
{app}\xsl\sv_prot\izm\factor13.xsl,3516,5a4f80c4dc9456f009a28a9335b55a0e90cbad54,643462169
{app}\xsl\sv_prot\izm\factor1301_1.xsl,12972,c9a0a0779994dbeef8cec0379da47f2b684093c1,643465685
{app}\xsl\sv_prot\izm\factor1301_2.xsl,19817,d7c16c1d1cfee085ee417b2bf38c44be42c0d3d1,643478657
{app}\xsl\sv_prot\izm\factor1301_3.xsl,23050,b260491b593aae33f2cf6ba351d54b5cb3cf3d66,643498474
{app}\xsl\sv_prot\izm\factor13_2.xsl,3683,16aa7cbba484c2d0d1b20a0f2c1eecc5041cd3a9,643521524
{app}\xsl\sv_prot\izm\factor13_3.xsl,3207,51bcbfd4a9217692158478b21a4f25a332755a55,643525207
{app}\xsl\sv_prot\izm\factor13_4.xsl,3323,6152fb79dcbe094a626f4f411d2fa9b4cbd4cde0,643528414
{app}\xsl\sv_prot\izm\factor14.xsl,3419,fcfcbd6eac8d55db76cbfa5fdfb3fae6b9a5be30,643531737
{app}\xsl\sv_prot\izm\factor14_1.xsl,3536,cb7f47ad8d3bd14c0f867581533caa940c0121d1,643535156
{app}\xsl\sv_prot\izm\factor14_2.xsl,3586,17a76183c7f2d6640dea73b9d993753e82b23d67,643538692
{app}\xsl\sv_prot\izm\factor14_3.xsl,3110,819fb8bc6f3b29e989419e5208ffc634006862a3,643542278
{app}\xsl\sv_prot\izm\factor14_4.xsl,3761,7821bf4746b891af4498cd055fdccc444457ec3e,643545388
{app}\xsl\sv_prot\izm\factor26.xsl,3160,82a912c83b2bb547797b2ad864b8acc65d3b416c,643549149
{app}\xsl\sv_prot\izm\factor26_2.xsl,3399,ddfdd9d2eb0f41187085f1f476279feee232f2b0,643552309
{app}\xsl\sv_prot\izm\factor26_3.xsl,3689,c0d645e0e4f013895fd4426d87ffc2938c0f553e,643555708
{app}\xsl\sv_prot\izm\factor26_5.xsl,2974,87f525ef7e0521f4bf12304ef458ebd37764bb2f,643559397
{app}\xsl\sv_prot\izm\factor41.xsl,5257,9bfd02d086f37d6b3de58a2da4dfa62e2ff84975,643562371
{app}\xsl\sv_prot\izm\factor41_2.xsl,6938,a72cb20af5376fb75afe2f26cc3dab161c297845,643567628
{app}\xsl\sv_prot\izm\factor41_5.xsl,2974,87f525ef7e0521f4bf12304ef458ebd37764bb2f,643574566
{app}\xsl\sv_zakl\form312t1.xsl,2389,083a4fb91cc369e36ee39d755277bb0174660d5a,643577540
{app}\xsl\sv_zakl\form312t2.xsl,4097,170fbc5f59d90728e1b917efc5b08b3c06e66ae7,643579929
{app}\xsl\sv_zakl\form313t1.xsl,2573,6c743c21b3b1f24a4916edc28865dd5daeaa7ae7,643584026
{app}\xsl\sv_zakl\form313t2.xsl,3595,d7b1b2965f612e4a8be3390595e34100b5662124,643586599
{app}\xsl\sv_zakl\form313t3.xsl,3595,d7b1b2965f612e4a8be3390595e34100b5662124,643590194
{app}\xsl\sv_zakl\form314t1.xsl,2573,6c743c21b3b1f24a4916edc28865dd5daeaa7ae7,643593789
{app}\xsl\sv_zakl\form314t2.xsl,3778,07fd954faf4191b5af560781595096f3203ed197,643596362
{app}\xsl\sv_zakl\form314t3.xsl,3900,e194d3aaf91469dc8e55eb212a5037ae8d7c6a81,643600140
{app}\xsl\sv_zakl\form315t1.xsl,2377,aad97bbe84faecb319ba34b1fa3d778fd46ca734,643604040
{app}\xsl\sv_zakl\form315t2.xsl,3287,b3b81ea227d2b17ac382ef281767a7980dbea2eb,643606417
{app}\xsl\sv_zakl\form315t3.xsl,3287,b3b81ea227d2b17ac382ef281767a7980dbea2eb,643609704
{app}\xsl\sv_zakl\form321t2.xsl,3496,53feab6bc27fbd50fe6f7d19374318e9a5bbfa2e,643612991
{app}\xsl\sv_zakl\form321t3.xsl,3762,6c969ed32eaf852b770fbbf82bcf4d8c43235515,643616487
{app}\xsl\sv_zakl\form32t1.xsl,2008,3106e03da71387ab4d89b515420c488124825706,643620249
{app}\xsl\sv_zakl\form32t2.xsl,3492,0f4008355a476b255b4501dc599b458554dfd612,643622257
{app}\xsl\sv_zakl\form32t2_2.xsl,3781,7b23c0851bf89f9a35ac6a23b1133a5545a9f7e0,643625749
{app}\xsl\sv_zakl\form32t3.xsl,3757,5f340df3d5fbe4686f5156cd320f6956d7a7e77f,643629530
{app}\xsl\sv_zakl\form32t3_2.xsl,3990,bd2657a4e13d2b232a6bbd98e622221f96953ddf,643633287
{app}\xsl\sv_zakl\form32t4.xsl,2009,51bda729e19c6106c94fbae4eae1bd0327c8e4c1,643637277
{app}\xsl\sv_zakl\form3t1.xsl,2897,34b3263d280dbe31f21246dac485bd6be8b6b32a,643639286
{app}\xsl\sv_zakl\form3t2.xsl,4095,c686b394f207d9fa525c9d71c123ddb1e1cd2eee,643642183
{app}\xsl\sv_zakl\form3t3.xsl,4056,2dd119402e27bd9370f79d888cfce6d7eea180ff,643646278
{app}\xsl\sv_zakl\form4t1.xsl,2748,cdf16332b58538d77b0d9060fbb55b6a059904e8,643650334
{app}\xsl\sv_zakl\form4t2.xsl,2542,b76e339b8d8411b06db953c1aa125b14bdc37749,643653082
{app}\xsl\sv_zakl\form4t2_1.xsl,3081,97f26aa2f882ce67b8aaba6f74f86342384ca9d8,643655624
{app}\xsl\sv_zakl\form4t3.xsl,2542,b76e339b8d8411b06db953c1aa125b14bdc37749,643658705
{app}\xsl\sv_zakl\form4t4.xsl,2542,b76e339b8d8411b06db953c1aa125b14bdc37749,643661247
{app}\xsl\sv_zakl\sv_zakl_from1.xsl,12978,6e775f6c8b96f1b331c575413a84149a5ba9fa02,643663789
{sys}\MSCOMCTL.OCX,1062704,ef0b7a7859caa85bbbdc9cfc1fe2b6eb10db44d4,643676767
{sys}\Msflxgrd.ocx,244024,a05b720d0071ec2885ae9f27564f271808f404e4,644739471
{sys}\attflxgrd.ocx,24576,4453efb68798c36c7250dac1758303a119716bb0,644983495
{sys}\att_tree5.ocx,65536,0fb2297dbffc4558320114b0336ce383a070355e,645008071
{sys}\att_npa.dll,102400,60d6f1e949dc389ab821a1ad2975c9f0b7f4e183,645073607
{sys}\att_zlib.dll,53248,697e31d6bb0dba9d3a60efbd22f432230873c430,645176007
{win}\att_reg\att.reg,41,45b0b97ac9bd1819c3c0e07605036be63274946a,645229255
{sys}\MSCAL.OCX,129728,7223284346e3997ccef76d955b7015a91dcfcdda,645229296
